mtllib model_3.mtl
o model_3
v 2.828150510787964 11.290817260742188 -7.007115364074707 
v 3.513345956802368 10.724239349365234 -6.721002101898193 
v 2.7082412242889404 10.97093677520752 -7.077925682067871 
v 3.3420469760894775 10.41331958770752 -6.767560958862305 
v 3.9073333740234375 9.938783645629883 -6.355989456176758 
v 3.9758529663085938 10.217941284179688 -6.148073196411133 
v 3.594712972640991 10.983624458312988 -6.495936870574951 
v 3.9030508995056152 10.398877143859863 -5.852680683135986 
v 4.159999370574951 9.860340118408203 -5.614333629608154 
v 3.286374807357788 8.390091896057129 -5.088840007781982 
v 3.1921603679656982 8.110061645507812 -4.875129699707031 
v 3.2478325366973877 8.712701797485352 -4.833979606628418 
v 3.1450533866882324 8.455021858215332 -4.612776756286621 
v 3.427696466445923 9.040364265441895 -4.636109352111816 
v 3.3463294506073 8.794203758239746 -4.383726596832275 
v 2.909517288208008 7.844736099243164 -4.6392903327941895 
v 2.8538451194763184 8.219067573547363 -4.368102550506592 
v 3.072251319885254 8.573610305786133 -4.097477912902832 
v 2.4555752277374268 7.542543888092041 -4.23823881149292 
v 2.425597906112671 8.040698051452637 -3.9852375984191895 
v 2.7082412242889404 8.468031883239746 -3.694258213043213 
v 1.9930682182312012 7.2301459312438965 -3.829479455947876 
v 1.9930682182312012 7.857864856719971 -3.5967864990234375 
v 2.3399486541748047 8.364373207092285 -3.285841703414917 
v 1.5990808010101318 6.966841697692871 -3.482170343399048 
v 1.6204934120178223 7.705616474151611 -3.2668843269348145 
v 2.0273282527923584 8.271510124206543 -2.936537742614746 
v 4.416947364807129 8.638166427612305 -4.011081695556641 
v 4.237083435058594 8.317652702331543 -3.4122958183288574 
v 4.609658718109131 8.300887107849121 -4.252647399902344 
v 4.429794788360596 7.844441890716553 -3.6154515743255615 
v -0.08821283280849457 17.079118728637695 -8.582663536071777 
v -0.6192393898963928 17.181921005249023 -8.551741600036621 
v -0.08393048495054245 17.074031829833984 -8.561097145080566 
v -0.6106747388839722 17.167268753051758 -8.520734786987305 
v -0.08393048495054245 17.061283111572266 -8.54260540008545 
v -0.6149570345878601 17.13090705871582 -8.495488166809082 
v -0.7905383706092834 17.233020782470703 -8.519433975219727 
v -0.7648434638977051 17.22283172607422 -8.494013786315918 
v -0.7519960403442383 17.183927536010742 -8.45798397064209 
v -0.8333629965782166 17.2663516998291 -8.376221656799316 
v -0.8076680898666382 17.24910545349121 -8.387567520141602 
v -0.7862560153007507 17.205703735351562 -8.381375312805176 
v -0.7905383706092834 17.28174591064453 -8.299222946166992 
v -0.7477136850357056 17.272146224975586 -8.325206756591797 
v -0.7091714143753052 17.232568740844727 -8.326333045959473 
v -0.6449342966079712 17.348257064819336 -8.172205924987793 
v -0.6021096110343933 17.320770263671875 -8.211268424987793 
v -0.5678496956825256 17.270967483520508 -8.22239875793457 
v -0.47363534569740295 17.364879608154297 -8.144879341125488 
v -0.45650556683540344 17.331615447998047 -8.217244148254395 
v -0.43081068992614746 17.265830993652344 -8.253968238830566 
v -0.2595117688179016 17.37895965576172 -8.106769561767578 
v -0.31518423557281494 17.35590171813965 -8.186842918395996 
v -0.3665735423564911 17.28563690185547 -8.235692977905273 
v -0.4093985855579376 17.179668426513672 -8.239851951599121 
v -0.3965511620044708 17.187971115112305 -8.235045433044434 
v -0.7134537696838379 17.285167694091797 -8.060304641723633 
v -0.8462104201316833 17.214160919189453 -8.217159271240234 
v -0.7134537696838379 17.220090866088867 -8.02444839477539 
v -0.8419280648231506 17.159929275512695 -8.187278747558594 
v -0.8761879801750183 17.2095947265625 -8.317846298217773 
v -0.8761879801750183 17.14834213256836 -8.289308547973633 
v -0.1310378611087799 17.040802001953125 -8.598037719726562 
v -0.6663467884063721 17.07721519470215 -8.570148468017578 
v -0.11819043010473251 17.05803108215332 -8.604403495788574 
v -0.6492170095443726 17.12571907043457 -8.580194473266602 
v -0.8676229119300842 17.087522506713867 -8.471583366394043 
v -0.8547754883766174 17.153240203857422 -8.505707740783691 
v 0.35716408491134644 13.292551040649414 -7.136394023895264 
v 2.070152759552002 12.275418281555176 -6.727126598358154 
v 0.3271868824958801 13.19072151184082 -7.482669830322266 
v 2.057305335998535 12.215069770812988 -7.08479118347168 
v 0.17730006575584412 12.970258712768555 -7.726052761077881 
v 2.0144808292388916 11.972880363464355 -7.3516459465026855 
v -0.04967093840241432 12.69890022277832 -7.7891974449157715 
v 1.950243592262268 11.631914138793945 -7.4441962242126465 
v -0.6449342966079712 13.612142562866211 -7.366689682006836 
v -1.6812925338745117 13.916440963745117 -7.567710876464844 
v -0.6663467884063721 13.55816650390625 -7.071127891540527 
v -1.7540948390960693 13.902044296264648 -7.271022319793701 
v -0.7348662614822388 13.364317893981934 -6.853821754455566 
v -1.9253933429718018 13.772665977478027 -7.055880546569824 
v -2.1138224601745605 14.02294921875 -7.668092250823975 
v -2.220884323120117 14.059650421142578 -7.339096546173096 
v -2.477832317352295 14.00178337097168 -7.107064247131348 
v -2.6362838745117188 14.198424339294434 -7.740799903869629 
v -2.769040584564209 14.275984764099121 -7.40721321105957 
v -3.060248613357544 14.302361488342285 -7.194494247436523 
v -2.769040584564209 14.39879322052002 -7.816798686981201 
v -2.9060795307159424 14.489119529724121 -7.4839911460876465 
v -3.205852508544922 14.545491218566895 -7.278417110443115 
v -0.8333629965782166 13.090535163879395 -6.782198429107666 
v -2.1437995433807373 13.569097518920898 -6.9885430335998535 
v -0.931860089302063 12.825526237487793 -6.8811564445495605 
v -2.33651065826416 13.360896110534668 -7.092740535736084 
v -0.9918144941329956 12.647841453552246 -7.114751815795898 
v -2.443572521209717 13.201081275939941 -7.330969333648682 
v -1.0003795623779297 12.62201976776123 -7.414299011230469 
v -2.43072509765625 13.154829978942871 -7.632812023162842 
v -0.9532721638679504 12.751346588134766 -7.682577133178711 
v -2.302251100540161 13.226069450378418 -7.89931583404541 
v -0.8633405566215515 12.989945411682129 -7.831762313842773 
v -2.0966923236846924 13.40019702911377 -8.04633617401123 
v -2.7947354316711426 13.867789268493652 -7.045745372772217 
v -3.0730960369110107 13.708076477050781 -7.177700996398926 
v -3.2272653579711914 13.565455436706543 -7.457719802856445 
v -3.205852508544922 13.491718292236328 -7.7986249923706055 
v -3.017423629760742 13.501652717590332 -8.089727401733398 
v -2.721933126449585 13.601726531982422 -8.242855072021484 
v -3.419975996017456 14.278765678405762 -7.170026779174805 
v -3.7283143997192383 14.203278541564941 -7.339007377624512 
v -3.8910481929779053 14.107226371765137 -7.651980876922607 
v -3.8610706329345703 14.016242980957031 -8.004233360290527 
v -3.6383821964263916 13.957242965698242 -8.28758430480957 
v -3.300067186355591 13.957123756408691 -8.411569595336914 
v -3.5741450786590576 14.54550838470459 -7.26070499420166 
v -3.8953309059143066 14.498096466064453 -7.442027568817139 
v -4.062346458435059 14.412250518798828 -7.762709140777588 
v -4.023804187774658 14.313603401184082 -8.118036270141602 
v -3.7968332767486572 14.241837501525879 -8.40060806274414 
v -3.4456708431243896 14.211723327636719 -8.517448425292969 
v -2.769040584564209 14.39879322052002 -7.816798686981201 
v -2.7476279735565186 14.626596450805664 -7.906871318817139 
v -2.9060795307159424 14.489119529724121 -7.4839911460876465 
v -2.880384683609009 14.726472854614258 -7.6012163162231445 
v 3.706057071685791 7.48894739151001 -4.877954959869385 
v 3.8944859504699707 7.823779582977295 -5.190661430358887 
v 4.189976692199707 7.620551109313965 -4.7690815925598145 
v 4.322732925415039 7.966178894042969 -5.140900611877441 
v 3.9116158485412598 8.153542518615723 -5.464089870452881 
v 4.2970380783081055 8.310577392578125 -5.463047981262207 
v 3.834531307220459 8.540719985961914 -5.776449203491211 
v 4.172846794128418 8.710470199584961 -5.829322814941406 
v 3.688927173614502 8.874322891235352 -6.039483547210693 
v 3.9887003898620605 9.059988021850586 -6.1376118659973145 
v -2.833277702331543 14.307169914245605 -8.170783042907715 
v -2.8075828552246094 14.543293952941895 -8.238336563110352 
v -2.769040584564209 14.39879322052002 -7.816798686981201 
v -2.7476279735565186 14.626596450805664 -7.906871318817139 
v -3.0902254581451416 14.237340927124023 -8.43044662475586 
v -3.0388357639312744 14.507940292358398 -8.493019104003906 
v -2.833277702331543 14.307169914245605 -8.170783042907715 
v -2.8075828552246094 14.543293952941895 -8.238336563110352 
v 3.57330060005188 6.407569885253906 -3.564936876296997 
v 3.881638526916504 7.019163608551025 -4.170863628387451 
v 4.061502456665039 6.784495830535889 -3.2513959407806396 
v 4.2970380783081055 7.355196952819824 -3.8973376750946045 
v 4.241365909576416 7.372687339782715 -2.966693162918091 
v 4.429794788360596 7.844441890716553 -3.6154515743255615 
v 0.4727909564971924 16.628154754638672 -8.884599685668945 
v 0.2672320604324341 16.402050018310547 -9.019588470458984 
v 0.4513784348964691 16.77934455871582 -8.987709045410156 
v 0.24581995606422424 16.534679412841797 -9.172932624816895 
v -0.11390769481658936 16.183574676513672 -9.186925888061523 
v -0.045388199388980865 16.16530418395996 -8.936055183410645 
v 0.21156001091003418 16.358196258544922 -8.820295333862305 
v 0.4727909564971924 16.628154754638672 -8.884599685668945 
v 0.40427106618881226 16.529985427856445 -8.743987083435059 
v 0.5156155824661255 16.90623664855957 -8.467602729797363 
v 0.4342486560344696 16.795854568481445 -8.413039207458496 
v 0.25010228157043457 17.071897506713867 -8.125223159790039 
v 0.1858651489019394 16.976167678833008 -8.101666450500488 
v -0.20812204480171204 17.175493240356445 -7.933159828186035 
v -0.25094708800315857 17.088016510009766 -7.957931995391846 
v -0.46078789234161377 17.2188777923584 -7.957064151763916 
v -0.43937578797340393 17.136520385742188 -7.967978477478027 
v -0.7134537696838379 17.220090866088867 -8.02444839477539 
v -0.6877589225769043 17.156898498535156 -8.018818855285645 
v -0.8419280648231506 17.159929275512695 -8.187278747558594 
v -0.8119508624076843 17.117168426513672 -8.179354667663574 
v -0.8761879801750183 17.14834213256836 -8.289308547973633 
v -0.8633405566215515 17.09473419189453 -8.275407791137695 
v -0.7691262364387512 17.091617584228516 -8.195508003234863 
v -0.6492170095443726 17.11538314819336 -8.042854309082031 
v -0.41368091106414795 17.0892276763916 -8.02531623840332 
v -0.3109014928340912 17.04326629638672 -8.026053428649902 
v 0.08308570832014084 16.923166275024414 -8.121458053588867 
v 0.2972092628479004 16.73587989807129 -8.381036758422852 
v 0.26294973492622375 16.5141544342041 -8.610172271728516 
v 0.09593313932418823 16.418373107910156 -8.639751434326172 
v -0.03682350739836693 16.260665893554688 -8.677949905395508 
v -0.8419280648231506 17.06153678894043 -8.276924133300781 
v -0.8676229119300842 17.037132263183594 -8.431309700012207 
v -0.8462104201316833 17.009714126586914 -8.399523735046387 
v -0.6749118566513062 17.027446746826172 -8.545854568481445 
v -0.6749118566513062 16.999387741088867 -8.515800476074219 
v -0.13532020151615143 17.02677345275879 -8.58301067352295 
v -0.13532020151615143 17.021047592163086 -8.563177108764648 
v -0.6663467884063721 17.07721519470215 -8.570148468017578 
v -0.1310378611087799 17.040802001953125 -8.598037719726562 
v 4.26706075668335 9.64304256439209 -5.884479522705078 
v 4.481184482574463 9.320387840270996 -5.521147727966309 
v 4.202823638916016 9.342833518981934 -6.078711032867432 
v 4.412664890289307 9.000370979309082 -5.733654975891113 
v 4.643918514251709 8.940352439880371 -5.083461284637451 
v 4.5711164474487305 8.604352951049805 -5.321562767028809 
v 4.241365909576416 7.372687339782715 -2.966693162918091 
v 4.429794788360596 7.844441890716553 -3.6154515743255615 
v 4.061502456665039 7.993955135345459 -2.8044590950012207 
v 4.237083435058594 8.317652702331543 -3.4122958183288574 
v -0.10534299910068512 16.892070770263672 -8.59427261352539 
v -0.22096948325634003 16.89266014099121 -8.645676612854004 
v -0.07536579668521881 16.813587188720703 -8.559369087219238 
v -0.19527500867843628 16.814834594726562 -8.591328620910645 
v -0.16529741883277893 16.73700714111328 -8.536981582641602 
v 4.356992721557617 9.56193733215332 -5.256025314331055 
v 4.49403190612793 9.217000961303711 -4.8293375968933105 
v 4.643918514251709 8.940352439880371 -5.083461284637451 
v 4.53257417678833 8.925638198852539 -4.451974391937256 
v 4.703873157501221 8.62409782409668 -4.702807426452637 
v 3.2478325366973877 8.712701797485352 -4.833979606628418 
v 3.2649624347686768 9.01120662689209 -5.086015224456787 
v 3.286374807357788 8.390091896057129 -5.088840007781982 
v 3.2949397563934326 8.723072052001953 -5.33589506149292 
v 0.044543419033288956 13.039674758911133 -6.566535472869873 
v 1.9887858629226685 11.847602844238281 -6.189100742340088 
v 0.25010228157043457 13.230323791503906 -6.7925028800964355 
v 2.0444579124450684 12.137855529785156 -6.3928070068359375 
v 0.35716408491134644 13.292551040649414 -7.136394023895264 
v 2.070152759552002 12.275418281555176 -6.727126598358154 
v 2.6611340045928955 11.31041431427002 -5.876440525054932 
v 2.7938904762268066 11.556608200073242 -6.0933990478515625 
v 2.879539966583252 11.643746376037598 -6.4228692054748535 
v 3.2264201641082764 10.859354972839355 -5.613321304321289 
v 3.4234139919281006 11.063410758972168 -5.8383355140686035 
v 3.560453176498413 11.105866432189941 -6.1650776863098145 
v 3.444826364517212 10.269753456115723 -5.371857166290283 
v 3.7017745971679688 10.414475440979004 -5.563137054443359 
v 3.611842632293701 9.82116985321045 -5.190369129180908 
v 3.915898323059082 9.929529190063477 -5.356402397155762 
v -0.8633405566215515 12.989945411682129 -7.831762313842773 
v -2.0966923236846924 13.40019702911377 -8.04633617401123 
v -0.7648434638977051 13.275299072265625 -7.819068908691406 
v -1.8825687170028687 13.615976333618164 -8.02762508392334 
v -0.6834765672683716 13.503357887268066 -7.643459796905518 
v -1.7283999919891357 13.806376457214355 -7.847945213317871 
v -0.6449342966079712 13.612142562866211 -7.366689682006836 
v -1.6812925338745117 13.916440963745117 -7.567710876464844 
v -2.721933126449585 13.601726531982422 -8.242855072021484 
v -2.4093129634857178 13.7530517578125 -8.204267501831055 
v -2.1823418140411377 13.910289764404297 -7.990679740905762 
v -2.1138224601745605 14.02294921875 -7.668092250823975 
v -3.300067186355591 13.957123756408691 -8.411569595336914 
v -2.953186511993408 14.01081657409668 -8.336909294128418 
v -2.704803466796875 14.097234725952148 -8.085343360900879 
v -2.6362838745117188 14.198424339294434 -7.740799903869629 
v -3.0902254581451416 14.237340927124023 -8.43044662475586 
v -2.833277702331543 14.307169914245605 -8.170783042907715 
v -2.769040584564209 14.39879322052002 -7.816798686981201 
v 0.5113332271575928 17.03384780883789 -8.528532028198242 
v 0.2543846368789673 17.17653465270996 -8.177664756774902 
v 0.5156155824661255 16.90623664855957 -8.467602729797363 
v 0.25010228157043457 17.071897506713867 -8.125223159790039 
v 3.9073333740234375 9.938783645629883 -6.355989456176758 
v 4.202823638916016 9.342833518981934 -6.078711032867432 
v 3.7103395462036133 9.638710021972656 -6.408524513244629 
v 3.9887003898620605 9.059988021850586 -6.1376118659973145 
v 3.4020016193389893 8.857937812805176 -5.818840503692627 
v 3.2135727405548096 9.362656593322754 -6.042723655700684 
v 3.688927173614502 8.874322891235352 -6.039483547210693 
v 3.4533913135528564 9.426889419555664 -6.292857646942139 
v 3.688927173614502 8.874322891235352 -6.039483547210693 
v 3.4533913135528564 9.426889419555664 -6.292857646942139 
v 3.9887003898620605 9.059988021850586 -6.1376118659973145 
v 3.7103395462036133 9.638710021972656 -6.408524513244629 
v 3.136488437652588 10.152371406555176 -6.625868320465088 
v 3.3420469760894775 10.41331958770752 -6.767560958862305 
v 2.5669195652008057 10.672953605651855 -6.9481425285339355 
v 2.7082412242889404 10.97093677520752 -7.077925682067871 
v 4.159999370574951 9.860340118408203 -5.614333629608154 
v 3.9030508995056152 10.398877143859863 -5.852680683135986 
v 3.915898323059082 9.929529190063477 -5.356402397155762 
v 3.7017745971679688 10.414475440979004 -5.563137054443359 
v 3.560453176498413 11.105866432189941 -6.1650776863098145 
v 3.4234139919281006 11.063410758972168 -5.8383355140686035 
v 4.202823638916016 9.342833518981934 -6.078711032867432 
v 3.9073333740234375 9.938783645629883 -6.355989456176758 
v 4.26706075668335 9.64304256439209 -5.884479522705078 
v 3.9758529663085938 10.217941284179688 -6.148073196411133 
v -0.19099226593971252 12.767778396606445 -6.525139331817627 
v 1.9202663898468018 11.486309051513672 -6.177673816680908 
v -0.07536579668521881 12.903726577758789 -6.54583740234375 
v 1.9545261859893799 11.666955947875977 -6.183387279510498 
v 1.9887858629226685 11.847602844238281 -6.189100742340088 
v 2.6611340045928955 11.31041431427002 -5.876440525054932 
v 2.524094820022583 10.988716125488281 -5.846175193786621 
v 2.5926144123077393 11.146373748779297 -5.86111307144165 
v 3.2264201641082764 10.859354972839355 -5.613321304321289 
v 3.0294265747070312 10.563846588134766 -5.565169811248779 
v 3.123641014099121 10.711280822753906 -5.59011173248291 
v 3.444826364517212 10.269753456115723 -5.371857166290283 
v 3.2092902660369873 10.0010404586792 -5.339511871337891 
v 3.3249170780181885 10.132525444030762 -5.354623317718506 
v 3.611842632293701 9.82116985321045 -5.190369129180908 
v 3.3420469760894775 9.58053207397461 -5.170365810394287 
v 3.4748036861419678 9.701170921325684 -5.179501056671143 
v 3.427696466445923 9.32542896270752 -4.9245219230651855 
v 3.2649624347686768 9.01120662689209 -5.086015224456787 
v 2.070152759552002 12.275418281555176 -6.727126598358154 
v 2.879539966583252 11.643746376037598 -6.4228692054748535 
v 2.057305335998535 12.215069770812988 -7.08479118347168 
v 2.8923873901367188 11.54383659362793 -6.763948440551758 
v 2.0144808292388916 11.972880363464355 -7.3516459465026855 
v 2.828150510787964 11.290817260742188 -7.007115364074707 
v 1.950243592262268 11.631914138793945 -7.4441962242126465 
v 2.7082412242889404 10.97093677520752 -7.077925682067871 
v 3.560453176498413 11.105866432189941 -6.1650776863098145 
v 3.594712972640991 10.983624458312988 -6.495936870574951 
v 3.513345956802368 10.724239349365234 -6.721002101898193 
v 4.481184482574463 9.320387840270996 -5.521147727966309 
v 4.26706075668335 9.64304256439209 -5.884479522705078 
v 4.356992721557617 9.56193733215332 -5.256025314331055 
v 4.159999370574951 9.860340118408203 -5.614333629608154 
v 1.886006474494934 11.289231300354004 -7.329398155212402 
v 2.5669195652008057 10.672953605651855 -6.9481425285339355 
v 1.843181848526001 11.06607723236084 -7.050078392028809 
v 2.4512929916381836 10.497681617736816 -6.66288948059082 
v 3.136488437652588 10.152371406555176 -6.625868320465088 
v 2.960906982421875 10.023700714111328 -6.338145732879639 
v 3.4533913135528564 9.426889419555664 -6.292857646942139 
v 3.2135727405548096 9.362656593322754 -6.042723655700684 
v 1.5990808010101318 6.966841697692871 -3.482170343399048 
v 1.9930682182312012 7.2301459312438965 -3.829479455947876 
v 1.9630910158157349 6.288885116577148 -3.5151803493499756 
v 2.344230890274048 6.672154426574707 -3.9087817668914795 
v 2.4555752277374268 7.542543888092041 -4.23823881149292 
v 2.7896080017089844 7.126849174499512 -4.374053001403809 
v 3.2264201641082764 7.571978569030762 -4.829884052276611 
v 3.4705212116241455 7.873666286468506 -5.090970516204834 
v 3.9073333740234375 7.715494632720947 -2.2861783504486084 
v 4.061502456665039 7.993955135345459 -2.8044590950012207 
v 3.3848717212677 8.277813911437988 -2.354159355163574 
v 3.5690181255340576 8.440789222717285 -2.8140225410461426 
v 2.682546377182007 8.488235473632812 -2.597275495529175 
v 2.930929660797119 8.582967758178711 -2.9945192337036133 
v 2.6311566829681396 8.469839096069336 -3.1417179107666016 
v 2.960906982421875 8.57602310180664 -3.578629493713379 
v 2.3399486541748047 8.364373207092285 -3.285841703414917 
v 2.7082412242889404 8.468031883239746 -3.694258213043213 
v 4.237083435058594 8.317652702331543 -3.4122958183288574 
v 3.787424087524414 8.633052825927734 -3.3536109924316406 
v 3.217855215072632 8.691678047180176 -3.459926128387451 
v 3.282092332839966 8.684128761291504 -4.010344505310059 
v 3.072251319885254 8.573610305786133 -4.097477912902832 
v 4.416947364807129 8.638166427612305 -4.011081695556641 
v 4.001547813415527 8.821492195129395 -3.885881185531616 
v 3.5004985332489014 8.802309036254883 -3.9201364517211914 
v 3.7274694442749023 9.027955055236816 -4.263375282287598 
v 3.5304758548736572 8.913631439208984 -4.3254780769348145 
v 3.5989954471588135 9.157854080200195 -4.600769996643066 
v 3.3463294506073 8.794203758239746 -4.383726596832275 
v 3.427696466445923 9.040364265441895 -4.636109352111816 
v 1.886006474494934 11.289231300354004 -7.329398155212402 
v -0.2809242904186249 12.456460952758789 -7.6504058837890625 
v 1.950243592262268 11.631914138793945 -7.4441962242126465 
v -0.04967093840241432 12.69890022277832 -7.7891974449157715 
v -0.27664193511009216 16.824451446533203 -8.547633171081543 
v -0.22096948325634003 16.89266014099121 -8.645676612854004 
v -0.3665735423564911 16.9014835357666 -8.76312255859375 
v -0.20383970439434052 16.98759651184082 -8.830374717712402 
v -0.40511584281921387 16.861650466918945 -9.02993106842041 
v -0.11390769481658936 16.979745864868164 -9.02828311920166 
v -0.38798606395721436 16.717802047729492 -9.260276794433594 
v 0.023131296038627625 16.87874412536621 -9.177993774414062 
v -0.10534299910068512 16.892070770263672 -8.59427261352539 
v -0.08393048495054245 17.02727699279785 -8.722975730895996 
v 0.027413642033934593 17.08012580871582 -8.862592697143555 
v 0.1858651489019394 17.051292419433594 -8.975968360900879 
v -0.028258422389626503 16.961763381958008 -8.476305961608887 
v 0.01028386689722538 17.089374542236328 -8.537235260009766 
v 0.12591072916984558 17.17104148864746 -8.58119010925293 
v 0.28007951378822327 17.19145393371582 -8.596606254577637 
v -0.13532020151615143 17.07236671447754 -8.300612449645996 
v -0.10106026381254196 17.175743103027344 -8.33880615234375 
v -0.01112864725291729 17.252979278564453 -8.341750144958496 
v 0.10021587461233139 17.279827117919922 -8.30441951751709 
v -0.3965511620044708 17.187971115112305 -8.235045433044434 
v -0.3665735423564911 17.28563690185547 -8.235692977905273 
v -0.31518423557281494 17.35590171813965 -8.186842918395996 
v -0.2595117688179016 17.37895965576172 -8.106769561767578 
v 4.061502456665039 7.993955135345459 -2.8044590950012207 
v 3.9073333740234375 7.715494632720947 -2.2861783504486084 
v 4.241365909576416 7.372687339782715 -2.966693162918091 
v 4.087197303771973 6.981268405914307 -2.418489933013916 
v -0.38798606395721436 16.717802047729492 -9.260276794433594 
v 0.023131296038627625 16.87874412536621 -9.177993774414062 
v -0.31518423557281494 16.510862350463867 -9.378722190856934 
v 0.15588794648647308 16.714635848999023 -9.233513832092285 
v -0.2124047875404358 16.311723709106445 -9.352396011352539 
v 0.24581995606422424 16.534679412841797 -9.172932624816895 
v 0.1858651489019394 17.051292419433594 -8.975968360900879 
v 0.34431666135787964 16.936344146728516 -9.022090911865234 
v 0.4513784348964691 16.77934455871582 -8.987709045410156 
v 0.28007951378822327 17.19145393371582 -8.596606254577637 
v 0.4214012324810028 17.140405654907227 -8.575777053833008 
v 0.5113332271575928 17.03384780883789 -8.528532028198242 
v 0.10021587461233139 17.279827117919922 -8.30441951751709 
v 0.1987125724554062 17.249881744384766 -8.244138717651367 
v 0.2543846368789673 17.17653465270996 -8.177664756774902 
v -0.2595117688179016 17.37895965576172 -8.106769561767578 
v -0.2124047875404358 17.345849990844727 -8.019725799560547 
v -0.19527500867843628 17.27186393737793 -7.954984664916992 
v -0.47363534569740295 17.364879608154297 -8.144879341125488 
v -0.48220041394233704 17.350278854370117 -8.060735702514648 
v -0.4779180884361267 17.297361373901367 -7.99196720123291 
v -0.6449342966079712 17.348257064819336 -8.172205924987793 
v -0.6877589225769043 17.3304386138916 -8.114436149597168 
v -0.7134537696838379 17.285167694091797 -8.060304641723633 
v -0.7905383706092834 17.28174591064453 -8.299222946166992 
v -0.8290806412696838 17.2639102935791 -8.25916576385498 
v -0.8462104201316833 17.214160919189453 -8.217159271240234 
v -0.8333629965782166 17.2663516998291 -8.376221656799316 
v -0.8590578436851501 17.25041961669922 -8.348678588867188 
v -0.8761879801750183 17.2095947265625 -8.317846298217773 
v -0.7905383706092834 17.233020782470703 -8.519433975219727 
v -0.8247982859611511 17.204927444458008 -8.524805068969727 
v -0.8547754883766174 17.153240203857422 -8.505707740783691 
v -0.8761879801750183 17.14834213256836 -8.289308547973633 
v -0.8676229119300842 17.087522506713867 -8.471583366394043 
v -0.6192393898963928 17.181921005249023 -8.551741600036621 
v -0.6320868134498596 17.167219161987305 -8.573870658874512 
v -0.6492170095443726 17.12571907043457 -8.580194473266602 
v -0.08821283280849457 17.079118728637695 -8.582663536071777 
v -0.10106026381254196 17.067615509033203 -8.596132278442383 
v -0.11819043010473251 17.05803108215332 -8.604403495788574 
v -0.16529741883277893 16.73700714111328 -8.536981582641602 
v -0.1738625019788742 16.65283203125 -8.446820259094238 
v -0.045388199388980865 16.555721282958984 -8.532999992370605 
v -0.08393048495054245 16.445322036743164 -8.496149063110352 
v 3.2649624347686768 9.01120662689209 -5.086015224456787 
v 3.1964430809020996 9.27144718170166 -5.300288677215576 
v 3.2949397563934326 8.723072052001953 -5.33589506149292 
v 3.217855215072632 9.005661964416504 -5.542675971984863 
v 3.5047810077667236 8.543450355529785 -5.5923991203308105 
v 3.4020016193389893 8.857937812805176 -5.818840503692627 
v 3.0679688453674316 9.702801704406738 -5.475410461425781 
v 3.072251319885254 9.462532043457031 -5.737069129943848 
v 3.2135727405548096 9.362656593322754 -6.042723655700684 
v 2.896669864654541 10.269431114196777 -5.70838737487793 
v 2.8752574920654297 10.07126522064209 -5.9974141120910645 
v 2.960906982421875 10.023700714111328 -6.338145732879639 
v 2.425597906112671 10.687260627746582 -6.008447170257568 
v 2.3999030590057373 10.503124237060547 -6.312500953674316 
v 2.4512929916381836 10.497681617736816 -6.66288948059082 
v 1.8645941019058228 11.182276725769043 -6.36458683013916 
v 1.8346168994903564 11.023015975952148 -6.689643859863281 
v 1.843181848526001 11.06607723236084 -7.050078392028809 
v -0.39226841926574707 12.507181167602539 -6.682820796966553 
v -0.48220041394233704 12.346656799316406 -6.9936299324035645 
v -0.44365814328193665 12.324607849121094 -7.35363245010376 
v 1.886006474494934 11.289231300354004 -7.329398155212402 
v -0.2809242904186249 12.456460952758789 -7.6504058837890625 
v -0.19099226593971252 12.767778396606445 -6.525139331817627 
v 1.9202663898468018 11.486309051513672 -6.177673816680908 
v 2.524094820022583 10.988716125488281 -5.846175193786621 
v 3.0294265747070312 10.563846588134766 -5.565169811248779 
v 3.2092902660369873 10.0010404586792 -5.339511871337891 
v 3.3420469760894775 9.58053207397461 -5.170365810394287 
v 3.5347583293914795 8.184954643249512 -5.326073169708252 
v 3.286374807357788 8.390091896057129 -5.088840007781982 
v 3.1964430809020996 9.27144718170166 -5.300288677215576 
v 3.2649624347686768 9.01120662689209 -5.086015224456787 
v 3.3420469760894775 9.58053207397461 -5.170365810394287 
v 3.427696466445923 9.32542896270752 -4.9245219230651855 
v 0.5156155824661255 16.90623664855957 -8.467602729797363 
v 0.4727909564971924 16.628154754638672 -8.884599685668945 
v 0.5113332271575928 17.03384780883789 -8.528532028198242 
v 0.4513784348964691 16.77934455871582 -8.987709045410156 
v -3.4456708431243896 14.211723327636719 -8.517448425292969 
v -3.0902254581451416 14.237340927124023 -8.43044662475586 
v -0.7348662614822388 13.364317893981934 -6.853821754455566 
v -0.7862560153007507 13.22774600982666 -6.81714391708374 
v 0.044543419033288956 13.039674758911133 -6.566535472869873 
v -0.07536579668521881 12.903726577758789 -6.54583740234375 
v -0.19099226593971252 12.767778396606445 -6.525139331817627 
v -0.8333629965782166 13.090535163879395 -6.782198429107666 
v -3.205852508544922 14.545491218566895 -7.278417110443115 
v -3.3942811489105225 14.542948722839355 -7.26763391494751 
v -3.060248613357544 14.302361488342285 -7.194494247436523 
v -3.240112781524658 14.293435096740723 -7.183321475982666 
v -2.477832317352295 14.00178337097168 -7.107064247131348 
v -2.6362838745117188 13.934786796569824 -7.076405048370361 
v -1.9253933429718018 13.772665977478027 -7.055880546569824 
v -2.0367379188537598 13.67375373840332 -7.02327299118042 
v -0.7348662614822388 13.364317893981934 -6.853821754455566 
v -0.7862560153007507 13.22774600982666 -6.81714391708374 
v -3.419975996017456 14.278765678405762 -7.170026779174805 
v -2.7947354316711426 13.867789268493652 -7.045745372772217 
v -2.1437995433807373 13.569097518920898 -6.9885430335998535 
v -0.8333629965782166 13.090535163879395 -6.782198429107666 
v -3.1630282402038574 14.812822341918945 -7.420499324798584 
v -3.338609457015991 14.832612037658691 -7.419936180114746 
v -3.205852508544922 14.545491218566895 -7.278417110443115 
v -3.3942811489105225 14.542948722839355 -7.26763391494751 
v -3.5741450786590576 14.54550838470459 -7.26070499420166 
v -3.5056259632110596 14.852401733398438 -7.419373035430908 
v -3.8953309059143066 14.498096466064453 -7.442027568817139 
v -3.7968332767486572 14.84328842163086 -7.603033542633057 
v -4.062346458435059 14.412250518798828 -7.762709140777588 
v -3.951002597808838 14.78235149383545 -7.909294128417969 
v -4.023804187774658 14.313603401184082 -8.118036270141602 
v -3.9124603271484375 14.68628215789795 -8.23997974395752 
v -3.7968332767486572 14.241837501525879 -8.40060806274414 
v -3.698336601257324 14.59220027923584 -8.494620323181152 
v -3.4456708431243896 14.211723327636719 -8.517448425292969 
v -3.3728690147399902 14.525084495544434 -8.587944984436035 
v -3.338609457015991 15.166991233825684 -7.539541721343994 
v -3.6340994834899902 15.124699592590332 -7.707006454467773 
v -3.788268804550171 15.049093246459961 -7.999972343444824 
v -3.754009246826172 14.960046768188477 -8.329315185546875 
v -3.5441675186157227 14.890857696533203 -8.587246894836426 
v -3.2743723392486572 14.890132904052734 -8.677538871765137 
v -3.2101352214813232 15.501354217529297 -7.676859378814697 
v -3.4927785396575928 15.506926536560059 -7.856102466583252 
v -3.642664909362793 15.454933166503906 -8.155823707580566 
v -3.6084046363830566 15.36142349243164 -8.47957992553711 
v -3.398563861846924 15.257136344909668 -8.72651195526123 
v -3.0859436988830566 15.166407585144043 -8.813082695007324 
v -2.7476279735565186 15.950492858886719 -7.945175647735596 
v -2.918926954269409 16.058801651000977 -8.164344787597656 
v -3.0088589191436768 16.050209045410156 -8.470257759094238 
v -2.978881359100342 15.934385299682617 -8.766082763671875 
v -2.8418424129486084 15.740144729614258 -8.956155776977539 
v -2.644848585128784 15.529468536376953 -8.978721618652344 
v -1.6941399574279785 16.45829200744629 -8.284382820129395 
v -1.7883543968200684 16.558937072753906 -8.506627082824707 
v -1.8354617357254028 16.538877487182617 -8.790584564208984 
v -1.8268966674804688 16.4039363861084 -9.04981517791748 
v -1.7626594305038452 16.198244094848633 -9.200220108032227 
v -1.6598800420761108 15.985681533813477 -9.192558288574219 
v -0.27664193511009216 16.824451446533203 -8.547633171081543 
v -0.3665735423564911 16.9014835357666 -8.76312255859375 
v -0.40511584281921387 16.861650466918945 -9.02993106842041 
v -0.38798606395721436 16.717802047729492 -9.260276794433594 
v -0.31518423557281494 16.510862350463867 -9.378722190856934 
v -0.2124047875404358 16.311723709106445 -9.352396011352539 
v 4.643918514251709 8.940352439880371 -5.083461284637451 
v 4.703873157501221 8.62409782409668 -4.702807426452637 
v 4.5711164474487305 8.604352951049805 -5.321562767028809 
v 4.62678861618042 8.262548446655273 -4.957062244415283 
v 3.915898323059082 9.929529190063477 -5.356402397155762 
v 4.074349880218506 9.6534423828125 -5.026025772094727 
v 4.159999370574951 9.860340118408203 -5.614333629608154 
v 4.356992721557617 9.56193733215332 -5.256025314331055 
v 4.172846794128418 9.34102725982666 -4.634978771209717 
v 4.49403190612793 9.217000961303711 -4.8293375968933105 
v 4.168564319610596 9.077082633972168 -4.289401531219482 
v 4.53257417678833 8.925638198852539 -4.451974391937256 
v 4.001547813415527 8.821492195129395 -3.885881185531616 
v 4.416947364807129 8.638166427612305 -4.011081695556641 
v 2.0273282527923584 8.271510124206543 -2.936537742614746 
v 2.348513603210449 8.378912925720215 -2.769505023956299 
v -3.4456708431243896 14.211723327636719 -8.517448425292969 
v -3.3728690147399902 14.525084495544434 -8.587944984436035 
v -3.0902254581451416 14.237340927124023 -8.43044662475586 
v -3.0388357639312744 14.507940292358398 -8.493019104003906 
v -3.2743723392486572 14.890132904052734 -8.677538871765137 
v -2.897514820098877 14.88255500793457 -8.592053413391113 
v 0.35716408491134644 13.292551040649414 -7.136394023895264 
v -0.6449342966079712 13.612142562866211 -7.366689682006836 
v 0.25010228157043457 13.230323791503906 -6.7925028800964355 
v -0.6663467884063721 13.55816650390625 -7.071127891540527 
v 0.044543419033288956 13.039674758911133 -6.566535472869873 
v -0.7348662614822388 13.364317893981934 -6.853821754455566 
v 1.9630910158157349 6.288885116577148 -3.5151803493499756 
v 2.344230890274048 6.672154426574707 -3.9087817668914795 
v 2.601179361343384 5.891348361968994 -3.3545217514038086 
v 2.930929660797119 6.369033336639404 -3.8105688095092773 
v 3.3077871799468994 5.892277717590332 -3.0516836643218994 
v 3.57330060005188 6.407569885253906 -3.564936876296997 
v 3.864508628845215 6.29604959487915 -2.700812339782715 
v 4.061502456665039 6.784495830535889 -3.2513959407806396 
v 4.087197303771973 6.981268405914307 -2.418489933013916 
v 4.241365909576416 7.372687339782715 -2.966693162918091 
v 2.7896080017089844 7.126849174499512 -4.374053001403809 
v 3.320634603500366 6.93345308303833 -4.34984827041626 
v 3.881638526916504 7.019163608551025 -4.170863628387451 
v 3.2264201641082764 7.571978569030762 -4.829884052276611 
v 3.706057071685791 7.48894739151001 -4.877954959869385 
v 3.688927173614502 8.874322891235352 -6.039483547210693 
v 3.834531307220459 8.540719985961914 -5.776449203491211 
v 3.4020016193389893 8.857937812805176 -5.818840503692627 
v 3.5047810077667236 8.543450355529785 -5.5923991203308105 
v 3.9116158485412598 8.153542518615723 -5.464089870452881 
v 3.5347583293914795 8.184954643249512 -5.326073169708252 
v 3.8944859504699707 7.823779582977295 -5.190661430358887 
v 3.4705212116241455 7.873666286468506 -5.090970516204834 
v 3.706057071685791 7.48894739151001 -4.877954959869385 
v 3.2264201641082764 7.571978569030762 -4.829884052276611 
v 4.53257417678833 8.925638198852539 -4.451974391937256 
v 4.416947364807129 8.638166427612305 -4.011081695556641 
v 4.703873157501221 8.62409782409668 -4.702807426452637 
v 4.609658718109131 8.300887107849121 -4.252647399902344 
v 4.322732925415039 7.966178894042969 -5.140900611877441 
v 4.2970380783081055 8.310577392578125 -5.463047981262207 
v 4.62678861618042 8.262548446655273 -4.957062244415283 
v 4.5711164474487305 8.604352951049805 -5.321562767028809 
v 4.172846794128418 8.710470199584961 -5.829322814941406 
v 4.412664890289307 9.000370979309082 -5.733654975891113 
v 3.9887003898620605 9.059988021850586 -6.1376118659973145 
v 4.202823638916016 9.342833518981934 -6.078711032867432 
v -0.6449342966079712 13.612142562866211 -7.366689682006836 
v 0.35716408491134644 13.292551040649414 -7.136394023895264 
v -0.6834765672683716 13.503357887268066 -7.643459796905518 
v 0.3271868824958801 13.19072151184082 -7.482669830322266 
v -0.7648434638977051 13.275299072265625 -7.819068908691406 
v 0.17730006575584412 12.970258712768555 -7.726052761077881 
v -0.8633405566215515 12.989945411682129 -7.831762313842773 
v -0.04967093840241432 12.69890022277832 -7.7891974449157715 
v -0.3965511620044708 17.143945693969727 -8.212873458862305 
v -0.3965511620044708 17.100561141967773 -8.188969612121582 
v -0.40511584281921387 17.149688720703125 -8.214995384216309 
v -0.40083348751068115 17.113967895507812 -8.188015937805176 
v -0.5592849850654602 17.171432495117188 -8.173810958862305 
v -0.5678496956825256 17.146556854248047 -8.15280818939209 
v -0.6963239908218384 17.15472412109375 -8.289697647094727 
v -0.7006063461303711 17.129209518432617 -8.270426750183105 
v -0.7862560153007507 17.121477127075195 -8.344350814819336 
v -0.7905383706092834 17.094682693481445 -8.328543663024902 
v -0.40083348751068115 17.078937530517578 -8.106168746948242 
v -0.6021096110343933 17.1102294921875 -8.092137336730957 
v -0.7263011932373047 17.092864990234375 -8.227468490600586 
v -0.8119508624076843 17.060880661010742 -8.296368598937988 
v -0.816233217716217 17.0218563079834 -8.384323120117188 
v -0.781973659992218 17.064619064331055 -8.392247200012207 
v -0.6663467884063721 17.002605438232422 -8.48942756652832 
v -0.6492170095443726 17.028156280517578 -8.473273277282715 
v -0.12675511837005615 17.021703720092773 -8.543732643127441 
v -0.10962534695863724 17.032567977905273 -8.531996726989746 
v -0.6492170095443726 17.11538314819336 -8.042854309082031 
v -0.7691262364387512 17.091617584228516 -8.195508003234863 
v -0.8419280648231506 17.06153678894043 -8.276924133300781 
v -0.8462104201316833 17.009714126586914 -8.399523735046387 
v -0.6749118566513062 16.999387741088867 -8.515800476074219 
v -0.13532020151615143 17.021047592163086 -8.563177108764648 
v -0.41368091106414795 17.0892276763916 -8.02531623840332 
v -0.36229121685028076 17.044462203979492 -8.111148834228516 
v -0.3109014928340912 17.04326629638672 -8.026053428649902 
v -0.10106026381254196 17.038949966430664 -8.53238582611084 
v -0.6406519412994385 17.053688049316406 -8.474832534790039 
v -0.7691262364387512 17.098438262939453 -8.40671157836914 
v -0.7862560153007507 17.121477127075195 -8.344350814819336 
v -0.6320868134498596 17.079219818115234 -8.476390838623047 
v -0.7605611085891724 17.125873565673828 -8.420784950256348 
v -0.781973659992218 17.148273468017578 -8.360157012939453 
v -0.1738625019788742 16.65283203125 -8.446820259094238 
v -0.2252522110939026 16.744064331054688 -8.500214576721191 
v -1.5870782136917114 16.269426345825195 -8.194915771484375 
v -1.6427502632141113 16.363859176635742 -8.239648818969727 
v -2.644848585128784 15.857963562011719 -7.912957668304443 
v -2.7476279735565186 15.950492858886719 -7.945175647735596 
v -3.2101352214813232 15.501354217529297 -7.676859378814697 
v -1.6941399574279785 16.45829200744629 -8.284382820129395 
v -0.46078789234161377 17.2188777923584 -7.957064151763916 
v -0.20812204480171204 17.175493240356445 -7.933159828186035 
v -0.4779180884361267 17.297361373901367 -7.99196720123291 
v -0.19527500867843628 17.27186393737793 -7.954984664916992 
v 0.25010228157043457 17.071897506713867 -8.125223159790039 
v 0.2543846368789673 17.17653465270996 -8.177664756774902 
v -2.542069673538208 15.765434265136719 -7.880739212036133 
v -3.047401189804077 15.469438552856445 -7.674911022186279 
v -2.880384683609009 15.437522888183594 -7.672962665557861 
v -3.0002942085266113 15.16123104095459 -7.555131912231445 
v -3.338609457015991 15.166991233825684 -7.539541721343994 
v -3.171592950820923 15.16443157196045 -7.546470642089844 
v -3.5056259632110596 14.852401733398438 -7.419373035430908 
v -3.338609457015991 14.832612037658691 -7.419936180114746 
v -3.1630282402038574 14.812822341918945 -7.420499324798584 
v -0.7605611085891724 17.125873565673828 -8.420784950256348 
v -0.6320868134498596 17.079219818115234 -8.476390838623047 
v -0.7519960403442383 17.183927536010742 -8.45798397064209 
v -0.6149570345878601 17.13090705871582 -8.495488166809082 
v -0.09677791595458984 17.04597282409668 -8.53104305267334 
v -0.08393048495054245 17.061283111572266 -8.54260540008545 
v -0.19099226593971252 12.767778396606445 -6.525139331817627 
v -0.8333629965782166 13.090535163879395 -6.782198429107666 
v -0.39226841926574707 12.507181167602539 -6.682820796966553 
v -0.931860089302063 12.825526237487793 -6.8811564445495605 
v -0.48220041394233704 12.346656799316406 -6.9936299324035645 
v -0.9918144941329956 12.647841453552246 -7.114751815795898 
v -0.44365814328193665 12.324607849121094 -7.35363245010376 
v -1.0003795623779297 12.62201976776123 -7.414299011230469 
v -0.3965511620044708 17.187971115112305 -8.235045433044434 
v -0.13532020151615143 17.07236671447754 -8.300612449645996 
v -0.3965511620044708 17.143945693969727 -8.212873458862305 
v -0.12247277796268463 17.02515983581543 -8.269389152526855 
v -0.10962534695863724 16.978591918945312 -8.236434936523438 
v 0.018848950043320656 16.83861541748047 -8.420963287353516 
v -0.028258422389626503 16.924394607543945 -8.171130180358887 
v 0.13875816762447357 16.754390716552734 -8.38393783569336 
v 0.08308570832014084 16.923166275024414 -8.121458053588867 
v 0.2972092628479004 16.73587989807129 -8.381036758422852 
v -0.028258422389626503 16.961763381958008 -8.476305961608887 
v -0.006845908705145121 16.900510787963867 -8.447768211364746 
v -0.04110585153102875 16.73574447631836 -8.522733688354492 
v 0.10021587461233139 16.59019660949707 -8.528019905090332 
v 0.26294973492622375 16.5141544342041 -8.610172271728516 
v -0.16529741883277893 16.73700714111328 -8.536981582641602 
v -0.045388199388980865 16.555721282958984 -8.532999992370605 
v 0.09593313932418823 16.418373107910156 -8.639751434326172 
v -0.08393048495054245 16.445322036743164 -8.496149063110352 
v -0.03682350739836693 16.260665893554688 -8.677949905395508 
v -0.3965511620044708 17.100561141967773 -8.188969612121582 
v -0.36229121685028076 17.044462203979492 -8.111148834228516 
v -0.3109014928340912 17.04326629638672 -8.026053428649902 
v -3.0388357639312744 14.507940292358398 -8.493019104003906 
v -2.897514820098877 14.88255500793457 -8.592053413391113 
v -2.8075828552246094 14.543293952941895 -8.238336563110352 
v -2.6619787216186523 14.937024116516113 -8.373964309692383 
v -2.7476279735565186 14.626596450805664 -7.906871318817139 
v -2.5977416038513184 15.024149894714355 -8.04981803894043 
v -2.769040584564209 15.13011360168457 -8.716986656188965 
v -2.542069673538208 15.157164573669434 -8.467111587524414 
v -2.4863975048065186 15.231524467468262 -8.142186164855957 
v -2.447855234146118 15.37576961517334 -8.829404830932617 
v -2.3108158111572266 15.326879501342773 -8.55540943145752 
v -2.28083872795105 15.390377044677734 -8.242219924926758 
v -1.5528182983398438 15.830719947814941 -9.0289945602417 
v -1.4800164699554443 15.790756225585938 -8.7661714553833 
v -1.458603858947754 15.869545936584473 -8.482256889343262 
v -0.11390769481658936 16.183574676513672 -9.186925888061523 
v -0.045388199388980865 16.16530418395996 -8.936055183410645 
v -0.03682350739836693 16.260665893554688 -8.677949905395508 
v -0.2124047875404358 16.311723709106445 -9.352396011352539 
v -1.6598800420761108 15.985681533813477 -9.192558288574219 
v -2.644848585128784 15.529468536376953 -8.978721618652344 
v -3.0859436988830566 15.166407585144043 -8.813082695007324 
v -3.2743723392486572 14.890132904052734 -8.677538871765137 
v -0.7519960403442383 17.183927536010742 -8.45798397064209 
v -0.7862560153007507 17.205703735351562 -8.381375312805176 
v -0.7605611085891724 17.125873565673828 -8.420784950256348 
v -0.781973659992218 17.148273468017578 -8.360157012939453 
v -0.8761879801750183 17.14834213256836 -8.289308547973633 
v -0.8676229119300842 17.087522506713867 -8.471583366394043 
v -0.8633405566215515 17.09473419189453 -8.275407791137695 
v -0.8676229119300842 17.037132263183594 -8.431309700012207 
v 3.320634603500366 6.93345308303833 -4.34984827041626 
v 3.706057071685791 7.48894739151001 -4.877954959869385 
v 3.881638526916504 7.019163608551025 -4.170863628387451 
v 4.189976692199707 7.620551109313965 -4.7690815925598145 
v 4.2970380783081055 7.355196952819824 -3.8973376750946045 
v 4.5240092277526855 7.922075271606445 -4.535961151123047 
v 4.429794788360596 7.844441890716553 -3.6154515743255615 
v 4.609658718109131 8.300887107849121 -4.252647399902344 
v -0.10534299910068512 16.892070770263672 -8.59427261352539 
v -0.07536579668521881 16.813587188720703 -8.559369087219238 
v 3.5347583293914795 8.184954643249512 -5.326073169708252 
v 3.4705212116241455 7.873666286468506 -5.090970516204834 
v 3.286374807357788 8.390091896057129 -5.088840007781982 
v 3.1921603679656982 8.110061645507812 -4.875129699707031 
v -0.781973659992218 17.148273468017578 -8.360157012939453 
v -0.6920416355133057 17.180879592895508 -8.307236671447754 
v -0.5550026297569275 17.201412200927734 -8.198668479919434 
v -0.4093985855579376 17.179668426513672 -8.239851951599121 
v -0.3965511620044708 17.187971115112305 -8.235045433044434 
v -0.3965511620044708 17.143945693969727 -8.212873458862305 
v -0.2809242904186249 12.456460952758789 -7.6504058837890625 
v -0.9532721638679504 12.751346588134766 -7.682577133178711 
v -0.04967093840241432 12.69890022277832 -7.7891974449157715 
v -0.8633405566215515 12.989945411682129 -7.831762313842773 
v -0.1738625019788742 16.65283203125 -8.446820259094238 
v -1.5870782136917114 16.269426345825195 -8.194915771484375 
v -0.08393048495054245 16.445322036743164 -8.496149063110352 
v -1.5014289617538452 16.052316665649414 -8.270228385925293 
v -0.03682350739836693 16.260665893554688 -8.677949905395508 
v -1.458603858947754 15.869545936584473 -8.482256889343262 
v -2.542069673538208 15.765434265136719 -7.880739212036133 
v -2.366488218307495 15.555313110351562 -7.990133285522461 
v -2.28083872795105 15.390377044677734 -8.242219924926758 
v -2.880384683609009 15.437522888183594 -7.672962665557861 
v -2.610589027404785 15.334583282470703 -7.845582008361816 
v -2.4863975048065186 15.231524467468262 -8.142186164855957 
v -3.0002942085266113 15.16123104095459 -7.555131912231445 
v -2.7262158393859863 15.104876518249512 -7.7429938316345215 
v -2.5977416038513184 15.024149894714355 -8.04981803894043 
v -3.1630282402038574 14.812822341918945 -7.420499324798584 
v -2.880384683609009 14.726472854614258 -7.6012163162231445 
v -2.7476279735565186 14.626596450805664 -7.906871318817139 
v 4.5240092277526855 7.922075271606445 -4.535961151123047 
v 4.609658718109131 8.300887107849121 -4.252647399902344 
v 4.703873157501221 8.62409782409668 -4.702807426452637 
v -0.2809242904186249 12.456460952758789 -7.6504058837890625 
v -1.0003795623779297 12.62201976776123 -7.414299011230469 
v -0.44365814328193665 12.324607849121094 -7.35363245010376 
v 4.189976692199707 7.620551109313965 -4.7690815925598145 
v 4.322732925415039 7.966178894042969 -5.140900611877441 
v 4.5240092277526855 7.922075271606445 -4.535961151123047 
v 4.62678861618042 8.262548446655273 -4.957062244415283 
v -0.16529741883277893 16.73700714111328 -8.536981582641602 
v -0.19527500867843628 16.814834594726562 -8.591328620910645 
v -0.1738625019788742 16.65283203125 -8.446820259094238 
v -0.2252522110939026 16.744064331054688 -8.500214576721191 
v -0.27664193511009216 16.824451446533203 -8.547633171081543 
v -0.22096948325634003 16.89266014099121 -8.645676612854004 
v -0.7134537696838379 17.220090866088867 -8.02444839477539 
v -0.46078789234161377 17.2188777923584 -7.957064151763916 
v -0.7134537696838379 17.285167694091797 -8.060304641723633 
v -0.4779180884361267 17.297361373901367 -7.99196720123291 
v 1.950243592262268 11.631914138793945 -7.4441962242126465 
v 2.7082412242889404 10.97093677520752 -7.077925682067871 
v 1.886006474494934 11.289231300354004 -7.329398155212402 
v 2.5669195652008057 10.672953605651855 -6.9481425285339355 
v -0.5550026297569275 17.201412200927734 -8.198668479919434 
v -0.6920416355133057 17.180879592895508 -8.307236671447754 
v -0.5678496956825256 17.270967483520508 -8.22239875793457 
v -0.7091714143753052 17.232568740844727 -8.326333045959473 
v -0.781973659992218 17.148273468017578 -8.360157012939453 
v -0.7862560153007507 17.205703735351562 -8.381375312805176 
v 4.168564319610596 9.077082633972168 -4.289401531219482 
v 4.172846794128418 9.34102725982666 -4.634978771209717 
v 3.7745766639709473 9.275983810424805 -4.563697814941406 
v 3.7274694442749023 9.568020820617676 -4.903904438018799 
v 3.57330060005188 9.446724891662598 -4.914213180541992 
v 3.4748036861419678 9.701170921325684 -5.179501056671143 
v 3.427696466445923 9.32542896270752 -4.9245219230651855 
v 3.3420469760894775 9.58053207397461 -5.170365810394287 
v 4.074349880218506 9.6534423828125 -5.026025772094727 
v 3.611842632293701 9.82116985321045 -5.190369129180908 
v -0.5678496956825256 17.270967483520508 -8.22239875793457 
v -0.43081068992614746 17.265830993652344 -8.253968238830566 
v -0.5550026297569275 17.201412200927734 -8.198668479919434 
v -0.4093985855579376 17.179668426513672 -8.239851951599121 
v -2.9060795307159424 14.489119529724121 -7.4839911460876465 
v -2.880384683609009 14.726472854614258 -7.6012163162231445 
v -3.205852508544922 14.545491218566895 -7.278417110443115 
v -3.1630282402038574 14.812822341918945 -7.420499324798584 
v 3.7103395462036133 9.638710021972656 -6.408524513244629 
v 3.560453176498413 11.105866432189941 -6.1650776863098145 
v -3.5741450786590576 14.54550838470459 -7.26070499420166 
v -0.09677791595458984 17.04597282409668 -8.53104305267334 
v -0.2124047875404358 16.311723709106445 -9.352396011352539 
v -0.8676229119300842 17.087522506713867 -8.471583366394043 
v 4.26706075668335 9.64304256439209 -5.884479522705078 
v 0.044543419033288956 13.039674758911133 -6.566535472869873 
v -0.04110585153102875 16.73574447631836 -8.522733688354492 
vn 6.208025932312012 3.009942054748535 -8.938122749328613 
vn 9.22234058380127 1.8448182344436646 -11.5048246383667 
vn 7.14299201965332 0.8936203122138977 -13.920025825500488 
vn 8.351829528808594 -0.9419968724250793 -17.915735244750977 
vn 14.077896118164062 0.3248845934867859 -14.391703605651855 
vn 13.151705741882324 4.589540958404541 -4.137730598449707 
vn 8.653924942016602 4.844474792480469 -4.051215648651123 
vn 12.449944496154785 7.220524787902832 3.0156643390655518 
vn 10.145423889160156 6.882559776306152 1.7030702829360962 
vn -22.82002067565918 2.5995585918426514 -7.002221584320068 
vn -16.232332229614258 0.9556406140327454 -12.567081451416016 
vn -20.72305679321289 5.744864463806152 0.6807631850242615 
vn -9.575366973876953 4.991660118103027 -3.5632362365722656 
vn -12.031744956970215 7.938851833343506 5.070553779602051 
vn -7.070436954498291 6.477584362030029 0.22943834960460663 
vn -13.461166381835938 0.29743990302085876 -14.551342010498047 
vn -6.855981826782227 4.5966997146606445 -4.862694263458252 
vn -4.683536529541016 5.7787041664123535 -1.8635538816452026 
vn -8.583447456359863 3.4396865367889404 -7.670509338378906 
vn -6.645018577575684 4.541550636291504 -5.0227556228637695 
vn -4.100512504577637 5.670919418334961 -2.185722589492798 
vn -9.007397651672363 3.1759450435638428 -8.287346839904785 
vn -6.6400604248046875 4.4200968742370605 -5.33856201171875 
vn -4.100512504577637 5.729759693145752 -2.02646541595459 
vn -9.434571266174316 2.972791910171509 -8.74658489227295 
vn -6.27789831161499 4.611367702484131 -4.8681135177612305 
vn -4.100512504577637 5.670919418334961 -2.185722589492798 
vn 32.34836959838867 7.651877403259277 14.126116752624512 
vn 34.0495719909668 6.951018333435059 14.219755172729492 
vn 30.98743438720703 7.813980579376221 12.902463912963867 
vn 32.8104133605957 7.492920875549316 14.184846878051758 
vn 1.3931407928466797 6.455265522003174 -0.12367843091487885 
vn 1.173447608947754 5.93501091003418 -1.559333086013794 
vn 1.9051318168640137 8.429534912109375 5.598348617553711 
vn 2.4181032180786133 8.477385520935059 5.757533550262451 
vn 2.5641746520996094 10.23822021484375 11.335077285766602 
vn 4.241120338439941 10.260319709777832 11.495279312133789 
vn -0.8797746300697327 5.286587715148926 -3.310459613800049 
vn 4.460220813751221 7.487530708312988 2.9170141220092773 
vn 10.270750999450684 9.136998176574707 8.49181079864502 
vn -2.345958948135376 5.868660926818848 -1.7158000469207764 
vn 3.808596611022949 5.734165668487549 -2.028093099594116 
vn 9.867133140563965 5.397006034851074 -2.446505069732666 
vn -1.466264009475708 6.1083784103393555 -1.0805295705795288 
vn 1.6862648725509644 4.98326301574707 -4.102493762969971 
vn 4.173823833465576 3.920365571975708 -6.773085594177246 
vn -1.1727755069732666 6.225825786590576 -0.7621245384216309 
vn 0.8066705465316772 4.987433910369873 -4.104034900665283 
vn 0.87985759973526 3.3330209255218506 -8.345381736755371 
vn -0.36677348613739014 6.401253700256348 -0.2844708263874054 
vn -0.14673644304275513 4.807846546173096 -4.579653739929199 
vn 0.44034478068351746 3.209477186203003 -8.656075477600098 
vn 0.8070250749588013 6.342702388763428 -0.44362568855285645 
vn -0.36668938398361206 4.988415718078613 -4.104397296905518 
vn -2.493072509765625 2.507958173751831 -10.345829010009766 
vn 6.493890762329102 -1.39418625831604 -19.036882400512695 
vn -4.096990585327148 -1.4025928974151611 -19.19315528869629 
vn -28.950414657592773 9.641932487487793 19.85430908203125 
vn -34.02455520629883 7.063483238220215 15.491412162780762 
vn -28.950414657592773 9.641932487487793 19.85430908203125 
vn -30.042285919189453 9.192620277404785 19.116558074951172 
vn -36.66168975830078 4.803325176239014 11.472711563110352 
vn -36.66168975830078 4.803325176239014 11.472711563110352 
vn -1.8342599868774414 -5.403663158416748 -27.134164810180664 
vn -9.384403228759766 -7.005147933959961 -29.35017967224121 
vn -1.8342599868774414 -5.403663158416748 -27.134164810180664 
vn -3.9517500400543213 -5.910312652587891 -27.95842170715332 
vn -13.399149894714355 -7.73548698425293 -29.872112274169922 
vn -13.399149894714355 -7.73548698425293 -29.872112274169922 
vn 3.37068510055542 6.6088948249816895 0.3615315556526184 
vn 4.245527744293213 6.653090953826904 0.5257570147514343 
vn 3.221360683441162 5.148848056793213 -3.621312141418457 
vn 4.3898468017578125 5.251338481903076 -3.297435998916626 
vn 3.0766448974609375 3.129114866256714 -8.804341316223145 
vn 4.393296718597412 3.3594610691070557 -8.176774978637695 
vn 2.05232310295105 1.3074760437011719 -13.214859962463379 
vn 4.100203514099121 1.5369772911071777 -12.60880184173584 
vn 2.051360845565796 6.2782487869262695 -0.6006363034248352 
vn 2.051713466644287 6.220437049865723 -0.7601335048675537 
vn 1.6123530864715576 7.793205261230469 3.699075698852539 
vn 1.9052855968475342 7.791222095489502 3.6998085975646973 
vn 1.4653180837631226 9.247151374816895 8.10384464263916 
vn 2.0521974563598633 8.790135383605957 6.699486255645752 
vn 2.0525364875793457 6.04629373550415 -1.2385258674621582 
vn 2.2724156379699707 7.1842780113220215 1.9515151977539062 
vn 2.8561441898345947 8.051138877868652 4.495635986328125 
vn 3.515054225921631 6.088949680328369 -1.0733513832092285 
vn 4.171420097351074 7.437439441680908 2.7561821937561035 
vn 6.849056243896484 9.256402015686035 8.447694778442383 
vn 9.859222412109375 6.098484992980957 -0.5342193245887756 
vn 9.707727432250977 8.962916374206543 7.860711097717285 
vn 9.625223159790039 10.149470329284668 11.704310417175293 
vn -3.8774633407592773 -2.490701675415039 10.33945369720459 
vn -2.5644378662109375 -2.6960530281066895 9.885763168334961 
vn -3.1513402462005615 -3.934769630432129 6.778407573699951 
vn -2.636484146118164 -4.2474164962768555 5.99524450302124 
vn -2.9314451217651367 -5.5685834884643555 2.509897470474243 
vn -2.638777494430542 -5.571686744689941 2.5110440254211426 
vn -2.5636565685272217 -6.957754135131836 -1.3150434494018555 
vn -2.491231918334961 -6.732491493225098 -0.676918625831604 
vn -2.2722702026367188 -9.535209655761719 -9.036477088928223 
vn -1.9069045782089233 -8.377191543579102 -5.440657138824463 
vn -2.8567399978637695 -13.61817455291748 -24.609416961669922 
vn -1.0265586376190186 -11.834732055664062 -16.911413192749023 
vn -2.709182024002075 -2.8201773166656494 9.577728271484375 
vn -3.6624903678894043 -4.051095485687256 6.4621968269348145 
vn -4.100042819976807 -5.4937520027160645 2.6632308959960938 
vn -3.952505350112915 -6.714498519897461 -0.6835664510726929 
vn -3.0783045291900635 -8.365837097167969 -5.444852352142334 
vn -1.099890112876892 -9.877890586853027 -10.11114501953125 
vn -4.5338592529296875 -2.4168105125427246 10.48831844329834 
vn -6.057204246520996 -3.7597622871398926 7.072530746459961 
vn -6.713955879211426 -5.380250453948975 2.80226469039917 
vn -6.642602920532227 -6.772875785827637 -1.02280855178833 
vn -5.627987861633301 -8.530598640441895 -6.091089248657227 
vn -3.7355222702026367 -10.403902053833008 -11.94556999206543 
vn -9.341302871704102 0.33725202083587646 16.497705459594727 
vn -10.78258991241455 -3.0433614253997803 8.416600227355957 
vn -10.993895530700684 -5.113307952880859 3.065526247024536 
vn -10.991785049438477 -6.847064018249512 -1.7161847352981567 
vn -10.426029205322266 -8.98284912109375 -8.0275297164917 
vn -7.767503261566162 -12.527444839477539 -20.25840187072754 
vn 34.13209915161133 2.9824140071868896 13.678268432617188 
vn 34.13209915161133 2.9824140071868896 13.678268432617188 
vn 34.13209915161133 2.9824140071868896 13.678268432617188 
vn 34.13209915161133 2.9824140071868896 13.678268432617188 
vn 1.7593740224838257 -9.587711334228516 -9.189435005187988 
vn 1.6140321493148804 -9.969042778015137 -10.418374061584473 
vn 6.716564655303955 -8.138313293457031 -4.996859073638916 
vn 9.009089469909668 -9.039153099060059 -8.00672721862793 
vn 0.2934863269329071 -10.827945709228516 -13.28229808807373 
vn 11.935290336608887 -10.974371910095215 -15.016942977905273 
vn -1.0264049768447876 -10.782800674438477 -13.134323120117188 
vn 3.733036756515503 -11.052963256835938 -14.180054664611816 
vn -5.261463165283203 -10.420127868652344 -12.106757164001465 
vn 2.7111263275146484 -11.31352424621582 -15.05212688446045 
vn 33.68983459472656 -4.8954339027404785 -4.9483466148376465 
vn 33.68983459472656 -4.8954339027404785 -4.9483466148376465 
vn 33.68983459472656 -4.8954339027404785 -4.9483466148376465 
vn 33.68983459472656 -4.8954339027404785 -4.9483466148376465 
vn 27.74664306640625 -10.194982528686523 -23.91533660888672 
vn 27.74664306640625 -10.194982528686523 -23.91533660888672 
vn 27.74664306640625 -10.194982528686523 -23.91533660888672 
vn 27.74664306640625 -10.194982528686523 -23.91533660888672 
vn 5.77228307723999 -8.26679801940918 -5.304250717163086 
vn 6.132521152496338 -8.205793380737305 -5.149436950683594 
vn 11.491067886352539 -6.880444526672363 -1.8838539123535156 
vn 11.832450866699219 -6.808735370635986 -1.7303460836410522 
vn 16.473909378051758 -5.571530342102051 0.8821814060211182 
vn 17.006845474243164 -5.417667865753174 1.1872222423553467 
vn 23.02972984313965 -9.801247596740723 -14.642523765563965 
vn 9.150056838989258 -7.956079959869385 -4.708714962005615 
vn 23.02972984313965 -9.801247596740723 -14.642523765563965 
vn 11.942726135253906 -10.349954605102539 -12.798330307006836 
vn 2.783346652984619 -7.783290863037109 -3.7027387619018555 
vn 2.2732057571411133 -6.33411169052124 0.4404516816139221 
vn 4.681748390197754 -6.070684432983398 1.0666029453277588 
vn 7.861339092254639 -6.167600154876709 0.5597552061080933 
vn 6.715109825134277 -5.55772590637207 2.3248960971832275 
vn 10.35488224029541 -4.660513877868652 4.344611167907715 
vn 6.498013973236084 -4.484539985656738 5.182065010070801 
vn 7.644260406494141 -2.9081830978393555 9.078187942504883 
vn 3.512549877166748 -3.6832070350646973 7.402595043182373 
vn 2.6376888751983643 -2.317270278930664 10.803318977355957 
vn 0.5132346749305725 -3.644526243209839 7.567306995391846 
vn -2.1972596645355225 -1.878410816192627 11.866236686706543 
vn -1.6134709119796753 -3.5780584812164307 7.721633434295654 
vn -6.712142467498779 -2.5576303005218506 10.01131534576416 
vn -3.3702707290649414 -3.5611958503723145 7.715403079986572 
vn -10.496411323547363 -3.429380416870117 7.487817287445068 
vn -5.773711204528809 -4.501691818237305 5.18840217590332 
vn -12.810184478759766 -3.753857135772705 6.352376461029053 
vn -7.648232460021973 -4.816163063049316 4.221460342407227 
vn -0.8802451491355896 -5.7602972984313965 2.037748098373413 
vn -1.1733580827713013 -5.463872909545898 2.833160638809204 
vn -1.4665720462799072 -5.46240234375 2.8326172828674316 
vn -1.172954797744751 -5.285444259643555 3.310037136077881 
vn 0.21996106207370758 -4.928411960601807 4.262932777404785 
vn 1.6853948831558228 -4.8628363609313965 4.419363021850586 
vn 2.5649914741516113 -4.976149559020996 4.099865436553955 
vn 3.1484789848327637 -4.8493547439575195 4.414381980895996 
vn 2.0523014068603516 -5.339632987976074 3.14914608001709 
vn -2.9315571784973145 -5.627640247344971 2.3507273197174072 
vn -7.5767340660095215 -9.284154891967773 -8.610737800598145 
vn -3.9537906646728516 -6.657669544219971 -0.5240654349327087 
vn -3.8786818981170654 -10.220879554748535 -11.341484069824219 
vn -0.8065344095230103 -7.4696197509765625 -2.744292736053467 
vn -0.8799996376037598 -10.475790977478027 -12.086191177368164 
vn -0.0733095034956932 -7.249762535095215 -2.1071507930755615 
vn -3.2232117652893066 -12.77397632598877 -20.74224853515625 
vn -1.760403037071228 -12.791584968566895 -20.735742568969727 
vn 14.123503684997559 4.2328200340271 -4.908689498901367 
vn 17.201274871826172 4.395395755767822 -3.8852953910827637 
vn 14.381404876708984 2.669811725616455 -8.812455177307129 
vn 20.374441146850586 1.897404670715332 -9.413824081420898 
vn 27.7708683013916 0.663730263710022 -9.84061050415039 
vn 27.7708683013916 0.663730263710022 -9.84061050415039 
vn 34.28984451293945 6.826150894165039 14.265890121459961 
vn 32.8104133605957 7.492920875549316 14.184846878051758 
vn 35.0227165222168 6.33897066116333 14.114317893981934 
vn 34.0495719909668 6.951018333435059 14.219755172729492 
vn -11.466156959533691 13.932979583740234 32.460540771484375 
vn -11.466156959533691 13.932979583740234 32.460540771484375 
vn -5.782355308532715 14.26330280303955 29.15394401550293 
vn -10.232451438903809 14.115039825439453 31.925153732299805 
vn -5.006139755249023 14.232608795166016 28.653711318969727 
vn 9.220283508300781 7.0849127769470215 2.168057441711426 
vn 11.06256103515625 7.611656188964844 3.944788932800293 
vn 14.118370056152344 6.46425724029541 1.1368333101272583 
vn 8.644298553466797 8.49669361114502 6.279961109161377 
vn 17.775800704956055 6.938275337219238 3.2991769313812256 
vn -38.66890335083008 -1.3217827081680298 -3.577516555786133 
vn -38.66890335083008 -1.3217827081680298 -3.577516555786133 
vn -38.66890335083008 -1.3217827081680298 -3.577516555786133 
vn -38.66890335083008 -1.3217827081680298 -3.577516555786133 
vn 1.759512186050415 10.061247825622559 10.724136352539062 
vn 3.511310577392578 11.343123435974121 15.201313972473145 
vn 3.077228546142578 8.881659507751465 7.016688346862793 
vn 3.8789353370666504 8.717719078063965 6.550446033477783 
vn 3.37068510055542 6.6088948249816895 0.3615315556526184 
vn 4.245527744293213 6.653090953826904 0.5257570147514343 
vn 2.5637643337249756 11.274633407592773 14.906005859375 
vn 4.098315715789795 8.765433311462402 6.70861291885376 
vn 5.119212627410889 6.637402534484863 0.5315533876419067 
vn 4.0197343826293945 11.172359466552734 14.621723175048828 
vn 6.993747234344482 9.1538667678833 8.138310432434082 
vn 7.9363226890563965 6.792663097381592 1.1958039999008179 
vn 9.363445281982422 12.73090648651123 21.465869903564453 
vn 11.171902656555176 10.258126258850098 12.333488464355469 
vn 8.729914665222168 13.09061336517334 22.979877471923828 
vn 6.496029376983643 8.867505073547363 7.1971330642700195 
vn 2.492457628250122 -0.16606788337230682 -16.56095314025879 
vn 6.052474498748779 -4.401035785675049 -25.10068130493164 
vn 2.0539019107818604 3.014234781265259 -9.11737060546875 
vn 2.8586254119873047 1.9985991716384888 -11.561641693115234 
vn 2.272728204727173 5.038917541503906 -3.942308187484741 
vn 2.2710347175598145 4.858422756195068 -4.417732238769531 
vn 2.051360845565796 6.2782487869262695 -0.6006363034248352 
vn 2.051713466644287 6.220437049865723 -0.7601335048675537 
vn 4.390807628631592 -2.613802671432495 -21.698938369750977 
vn 4.245201110839844 2.169104814529419 -11.099593162536621 
vn 2.565579891204834 5.036219120025635 -3.9413111209869385 
vn 2.0525364875793457 6.04629373550415 -1.2385258674621582 
vn 7.638286113739014 -7.312297344207764 -30.02846908569336 
vn 5.840266704559326 0.8003054857254028 -14.226984024047852 
vn 4.025380611419678 4.897606372833252 -4.251551151275635 
vn 3.515054225921631 6.088949680328369 -1.0733513832092285 
vn 10.634442329406738 2.0417439937591553 -10.87712574005127 
vn 10.289916038513184 3.3758270740509033 -7.646914958953857 
vn 9.859222412109375 6.098484992980957 -0.5342193245887756 
vn 30.26337432861328 9.054243087768555 18.556543350219727 
vn 30.26337432861328 9.054243087768555 18.556543350219727 
vn 30.26337432861328 9.054243087768555 18.556543350219727 
vn 30.26337432861328 9.054243087768555 18.556543350219727 
vn 14.077896118164062 0.3248845934867859 -14.391703605651855 
vn 13.748763084411621 -4.93331241607666 -25.1795654296875 
vn 14.04239559173584 -4.512872695922852 -24.361618041992188 
vn 13.748763084411621 -4.93331241607666 -25.1795654296875 
vn -11.265027046203613 -9.477442741394043 -9.745774269104004 
vn -13.61135482788086 -9.115036964416504 -9.019121170043945 
vn -5.261463165283203 -10.420127868652344 -12.106757164001465 
vn -11.02970027923584 -10.609856605529785 -13.527200698852539 
vn -1.0999735593795776 -14.489489555358887 -30.13767433166504 
vn -1.5411866903305054 -14.427277565002441 -29.588504791259766 
vn -1.0999735593795776 -14.489489555358887 -30.13767433166504 
vn -1.2470886707305908 -14.469977378845215 -29.95685577392578 
vn 1.0266590118408203 -14.150639533996582 -27.50191879272461 
vn -1.101866364479065 -14.363356590270996 -29.01597023010254 
vn 4.207644939422607 -14.545694351196289 -32.887786865234375 
vn 2.2004406452178955 -14.259687423706055 -28.3289794921875 
vn 10.145423889160156 6.882559776306152 1.7030702829360962 
vn 12.449944496154785 7.220524787902832 3.0156643390655518 
vn 6.496029376983643 8.867505073547363 7.1971330642700195 
vn 11.171902656555176 10.258126258850098 12.333488464355469 
vn 7.9363226890563965 6.792663097381592 1.1958039999008179 
vn 6.993747234344482 9.1538667678833 8.138310432434082 
vn 14.381404876708984 2.669811725616455 -8.812455177307129 
vn 14.077896118164062 0.3248845934867859 -14.391703605651855 
vn 14.123503684997559 4.2328200340271 -4.908689498901367 
vn 13.151705741882324 4.589540958404541 -4.137730598449707 
vn -3.294532537460327 -3.1888644695281982 8.648459434509277 
vn -4.171796798706055 -2.233560562133789 10.947996139526367 
vn -1.9776241779327393 2.830280065536499 22.221473693847656 
vn -3.726410150527954 3.22935152053833 22.964418411254883 
vn -4.674798965454102 3.373157262802124 23.204421997070312 
vn -8.653093338012695 7.595124244689941 30.362712860107422 
vn -8.501851081848145 -1.1058152914047241 13.312466621398926 
vn -9.11192798614502 6.163475513458252 27.988750457763672 
vn -8.276975631713867 10.864082336425781 34.58564376831055 
vn -9.490998268127441 9.74389362335205 33.21387481689453 
vn -8.519509315490723 9.868313789367676 33.49418258666992 
vn -7.918951988220215 11.421112060546875 35.11467742919922 
vn -8.138738632202148 11.449519157409668 35.10417938232422 
vn -8.138738632202148 11.449519157409668 35.10417938232422 
vn -7.833544731140137 11.459988594055176 35.15669631958008 
vn -7.95810604095459 11.576253890991211 35.224246978759766 
vn -7.827967166900635 11.508928298950195 35.194244384765625 
vn -16.461484909057617 9.257960319519043 10.169339179992676 
vn -23.12225914001465 7.875240802764893 7.913572311401367 
vn 4.245527744293213 6.653090953826904 0.5257570147514343 
vn 5.119212627410889 6.637402534484863 0.5315533876419067 
vn 4.3898468017578125 5.251338481903076 -3.297435998916626 
vn 5.552432537078857 5.169510364532471 -3.448089361190796 
vn 4.393296718597412 3.3594610691070557 -8.176774978637695 
vn 6.208025932312012 3.009942054748535 -8.938122749328613 
vn 4.100203514099121 1.5369772911071777 -12.60880184173584 
vn 7.14299201965332 0.8936203122138977 -13.920025825500488 
vn 7.9363226890563965 6.792663097381592 1.1958039999008179 
vn 8.653924942016602 4.844474792480469 -4.051215648651123 
vn 9.22234058380127 1.8448182344436646 -11.5048246383667 
vn 17.201274871826172 4.395395755767822 -3.8852953910827637 
vn 14.123503684997559 4.2328200340271 -4.908689498901367 
vn 9.220283508300781 7.0849127769470215 2.168057441711426 
vn 10.145423889160156 6.882559776306152 1.7030702829360962 
vn -3.9535505771636963 -8.869529724121094 -7.021169662475586 
vn -3.9535505771636963 -8.869529724121094 -7.021169662475586 
vn -3.879410982131958 -7.66070556640625 -3.390383720397949 
vn -4.829012393951416 -7.69903039932251 -3.555107831954956 
vn -7.864907264709473 -9.612563133239746 -9.69585132598877 
vn -7.7944512367248535 -8.05461597442627 -4.850121021270752 
vn -11.02970027923584 -10.609856605529785 -13.527200698852539 
vn -13.61135482788086 -9.115036964416504 -9.019121170043945 
vn -20.83055305480957 -9.331302642822266 -29.82935905456543 
vn -20.786048889160156 -9.237497329711914 -29.755908966064453 
vn -20.83055305480957 -9.331302642822266 -29.82935905456543 
vn -20.66254425048828 -8.302029609680176 -28.755456924438477 
vn -20.542259216308594 -8.061741828918457 -28.493898391723633 
vn -20.079639434814453 -6.603691577911377 -26.56183433532715 
vn -17.01902961730957 -3.279207706451416 -21.453092575073242 
vn -16.535306930541992 -2.8449342250823975 -20.696847915649414 
vn 8.148106575012207 8.666993141174316 6.744983196258545 
vn 7.428268909454346 8.587096214294434 6.422725200653076 
vn 2.783346652984619 7.783290863037109 3.7027387619018555 
vn 3.514782667160034 7.9360246658325195 4.181828022003174 
vn -0.2933025658130646 7.082331657409668 1.6292608976364136 
vn -0.2933025658130646 7.082331657409668 1.6292608976364136 
vn -2.418616533279419 6.447824001312256 -0.12092908471822739 
vn -2.71252179145813 6.329940319061279 -0.438910573720932 
vn -4.100512504577637 5.729759693145752 -2.02646541595459 
vn -4.100512504577637 5.670919418334961 -2.185722589492798 
vn 6.416843414306641 8.51185417175293 6.0980143547058105 
vn 3.001960277557373 7.888760566711426 4.0209150314331055 
vn -0.5868467688560486 7.025807857513428 1.4700608253479004 
vn -3.294574499130249 6.55279541015625 0.20165030658245087 
vn -4.683536529541016 5.7787041664123535 -1.8635538816452026 
vn 6.777031898498535 8.91047477722168 7.356273651123047 
vn 2.71209454536438 8.159076690673828 4.811525821685791 
vn -1.2466671466827393 7.191181182861328 1.9489645957946777 
vn -1.9781936407089233 8.218708038330078 4.967155933380127 
vn -5.477565288543701 7.467989921569824 2.924233913421631 
vn -7.496392250061035 8.88992977142334 7.363864421844482 
vn -7.070436954498291 6.477584362030029 0.22943834960460663 
vn -12.031744956970215 7.938851833343506 5.070553779602051 
vn -1.0983966588974 -14.353865623474121 -35.21280288696289 
vn -3.795046329498291 -14.472122192382812 -30.511999130249023 
vn 1.5345120429992676 -14.445758819580078 -34.808467864990234 
vn -2.041707754135132 -14.339195251464844 -35.180152893066406 
vn -0.8791466355323792 9.446651458740234 8.723766326904297 
vn -2.7841789722442627 8.105194091796875 4.653622150421143 
vn -1.685390591621399 6.96488094329834 1.3124102354049683 
vn -3.0031421184539795 6.499103546142578 0.04082963615655899 
vn -1.7600383758544922 5.755884647369385 -2.0361177921295166 
vn -1.759534478187561 5.4012322425842285 -2.9909703731536865 
vn -1.3935123682022095 4.561861515045166 -5.210633277893066 
vn -3.998811698435745e-12 4.382899284362793 -5.685214996337891 
vn -10.215513229370117 8.125707626342773 5.356379508972168 
vn -4.533985137939453 6.761723518371582 0.846555769443512 
vn -1.4668240547180176 5.816412925720215 -1.877485990524292 
vn 1.1725739240646362 5.165985584259033 -3.6276438236236572 
vn -17.602319717407227 4.486060619354248 -3.5572574138641357 
vn -6.715238094329834 5.6755146980285645 -2.0064234733581543 
vn -1.7600383758544922 5.755884647369385 -2.0361177921295166 
vn 1.4668240547180176 5.816412925720215 -1.877485990524292 
vn -10.127886772155762 -0.6277834177017212 -17.050933837890625 
vn -5.410653591156006 3.5265307426452637 -7.702595233917236 
vn -1.4658440351486206 5.224295139312744 -3.4683306217193604 
vn 1.172954797744751 6.167895793914795 -0.9216074347496033 
vn -4.096990585327148 -1.4025928974151611 -19.19315528869629 
vn -2.493072509765625 2.507958173751831 -10.345829010009766 
vn -0.36668938398361206 4.988415718078613 -4.104397296905518 
vn 0.8070250749588013 6.342702388763428 -0.44362568855285645 
vn 35.0227165222168 6.33897066116333 14.114317893981934 
vn 35.07667541503906 6.296445846557617 14.13002872467041 
vn 34.28984451293945 6.826150894165039 14.265890121459961 
vn 35.07667541503906 6.296445846557617 14.13002872467041 
vn -1.3935123682022095 4.561861515045166 -5.210633277893066 
vn -3.998811698435745e-12 4.382899284362793 -5.685214996337891 
vn -1.0268231630325317 1.4411165714263916 -12.919282913208008 
vn 3.8066155910491943 2.302483320236206 -10.797855377197266 
vn 3.369204521179199 -1.4545094966888428 -19.332977294921875 
vn 8.077972412109375 1.3756300210952759 -12.722254753112793 
vn 1.1725739240646362 5.165985584259033 -3.6276438236236572 
vn 5.333930015563965 4.3893632888793945 -5.507441997528076 
vn 8.367888450622559 4.064120292663574 -6.107439994812012 
vn 1.4668240547180176 5.816412925720215 -1.877485990524292 
vn 5.265369415283203 5.826241493225098 -1.7001274824142456 
vn 8.154765129089355 5.751448631286621 -1.6724939346313477 
vn 1.172954797744751 6.167895793914795 -0.9216074347496033 
vn 4.246275424957275 7.270673751831055 2.279163360595703 
vn 6.780402183532715 7.816911220550537 4.047461032867432 
vn 0.8070250749588013 6.342702388763428 -0.44362568855285645 
vn 2.3450241088867188 7.949273586273193 4.1769328117370605 
vn 4.022726058959961 9.069990158081055 7.646755695343018 
vn -0.36677348613739014 6.401253700256348 -0.2844708263874054 
vn -1.2459269762039185 8.063908576965332 4.490918159484863 
vn -1.3187589645385742 9.346701622009277 8.414331436157227 
vn -1.1727755069732666 6.225825786590576 -0.7621245384216309 
vn -3.5147790908813477 7.556821346282959 3.070643663406372 
vn -5.041652202606201 8.334720611572266 5.456348896026611 
vn -1.466264009475708 6.1083784103393555 -1.0805295705795288 
vn -5.846189975738525 6.9608917236328125 1.494045376777649 
vn -8.583447456359863 7.600639343261719 3.5914602279663086 
vn -2.345958948135376 5.868660926818848 -1.7158000469207764 
vn -9.582501411437988 5.760555744171143 -1.4948774576187134 
vn -20.59947395324707 5.065664291381836 -1.2381373643875122 
vn -0.8797746300697327 5.286587715148926 -3.310459613800049 
vn -6.422338485717773 3.254464626312256 -8.316357612609863 
vn -16.46778106689453 3.7784130573272705 -5.641960144042969 
vn -29.877988815307617 2.916354179382324 -3.338836431503296 
vn -29.877988815307617 2.916354179382324 -3.338836431503296 
vn 1.173447608947754 5.93501091003418 -1.559333086013794 
vn -0.2200409322977066 3.458826780319214 -8.034979820251465 
vn -2.346189022064209 1.5595018863677979 -12.6171236038208 
vn 1.3931407928466797 6.455265522003174 -0.12367843091487885 
vn 0.6604354977607727 4.625446319580078 -5.053752422332764 
vn -0.14675725996494293 2.520045757293701 -10.350295066833496 
vn 25.85808753967285 10.78438663482666 26.03316307067871 
vn 25.85808753967285 10.78438663482666 26.03316307067871 
vn 25.85808753967285 10.78438663482666 26.03316307067871 
vn 25.85808753967285 10.78438663482666 26.03316307067871 
vn -23.727294921875 -4.273345947265625 2.393298864364624 
vn -20.684734344482422 -2.627889394760132 7.549338340759277 
vn -19.9355525970459 -7.551426410675049 -5.74575138092041 
vn -16.605344772338867 -6.751021385192871 -2.471158266067505 
vn -9.644399642944336 -9.595627784729004 -9.873475074768066 
vn -11.265027046203613 -9.477442741394043 -9.745774269104004 
vn -18.841835021972656 -2.097275733947754 9.310639381408691 
vn -17.135677337646484 -6.098272323608398 -0.7307449579238892 
vn -13.61135482788086 -9.115036964416504 -9.019121170043945 
vn -10.846587181091309 -3.2901058197021484 7.79400634765625 
vn -9.579757690429688 -5.93544340133667 1.0166356563568115 
vn -7.7944512367248535 -8.05461597442627 -4.850121021270752 
vn -7.362602233886719 -4.094976902008057 6.11884069442749 
vn -6.424797534942627 -5.91710090637207 1.3717468976974487 
vn -4.829012393951416 -7.69903039932251 -3.555107831954956 
vn -4.025882244110107 -4.473784446716309 5.358397960662842 
vn -4.099729537963867 -5.964017391204834 1.3890808820724487 
vn -3.879410982131958 -7.66070556640625 -3.390383720397949 
vn -3.734038829803467 -4.478122711181641 5.3600006103515625 
vn -3.5162625312805176 -5.855597496032715 1.7109736204147339 
vn -3.586984157562256 -7.2251296043396 -2.1162517070770264 
vn -3.9535505771636963 -8.869529724121094 -7.021169662475586 
vn -3.733048677444458 -8.71989917755127 -6.54964017868042 
vn -3.294532537460327 -3.1888644695281982 8.648459434509277 
vn -4.171796798706055 -2.233560562133789 10.947996139526367 
vn -8.501851081848145 -1.1058152914047241 13.312466621398926 
vn -13.664552688598633 -0.7367436289787292 13.519591331481934 
vn -18.399202346801758 1.0405399799346924 16.568796157836914 
vn -18.329017639160156 1.1656337976455688 16.852214813232422 
vn -10.055627822875977 -10.697165489196777 -13.658934593200684 
vn -20.375558853149414 -9.368227005004883 -11.82487964630127 
vn -32.997596740722656 7.394118785858154 19.016069412231445 
vn -32.997596740722656 7.394118785858154 19.016069412231445 
vn -32.997596740722656 7.394118785858154 19.016069412231445 
vn -32.997596740722656 7.394118785858154 19.016069412231445 
vn 35.87986755371094 0.6745902895927429 -4.675198554992676 
vn 35.87986755371094 0.6745902895927429 -4.675198554992676 
vn 35.87986755371094 0.6745902895927429 -4.675198554992676 
vn 35.87986755371094 0.6745902895927429 -4.675198554992676 
vn 8.38455581665039 -8.906930923461914 -32.293251037597656 
vn 8.46875 -8.750493049621582 -32.07002258300781 
vn -6.724135875701904 12.19254207611084 35.7713508605957 
vn -4.203961372375488 11.946764945983887 35.90407943725586 
vn -8.01391315460205 12.277284622192383 35.609649658203125 
vn -8.01391315460205 12.277284622192383 35.609649658203125 
vn -8.01391315460205 12.277284622192383 35.609649658203125 
vn -2.3180487155914307 11.52044677734375 35.70470428466797 
vn 1.6741055250167847 13.412485122680664 36.428794860839844 
vn 1.6052919626235962 13.372397422790527 36.443607330322266 
vn 1.4244638681411743 13.37472915649414 36.45025634765625 
vn 1.4926902055740356 13.334526062011719 36.45759963989258 
vn 1.5300438404083252 11.254799842834473 35.503116607666016 
vn 1.7296222448349 12.116671562194824 36.14894104003906 
vn -1.8827259540557861 11.62629508972168 35.80517578125 
vn -0.7303346395492554 11.32443904876709 35.58033752441406 
vn -6.724135875701904 12.19254207611084 35.7713508605957 
vn -4.203961372375488 11.946764945983887 35.90407943725586 
vn 1.6052919626235962 13.372397422790527 36.443607330322266 
vn 1.584639549255371 13.218433380126953 36.47322082519531 
vn 1.0955442190170288 10.782770156860352 35.057369232177734 
vn -2.3180487155914307 11.52044677734375 35.70470428466797 
vn 1.4636294841766357 14.044973373413086 26.864145278930664 
vn 1.6108256578445435 14.078776359558105 27.07973289489746 
vn 1.4636294841766357 14.044973373413086 26.864145278930664 
vn 1.3902366161346436 14.147913932800293 27.502925872802734 
vn -10.292163848876953 12.124195098876953 19.08626937866211 
vn -8.476408958435059 12.035441398620605 18.369230270385742 
vn -16.140893936157227 9.373866081237793 10.467951774597168 
vn -12.712636947631836 9.309053421020508 9.46450424194336 
vn -18.49754524230957 6.219625473022461 1.4075231552124023 
vn -14.719561576843262 6.372271537780762 0.9904459118843079 
vn -17.5889949798584 3.078463315963745 -7.179161548614502 
vn -14.048624992370605 3.4387614727020264 -6.9539313316345215 
vn -14.136645317077637 -0.3906365931034088 -15.979211807250977 
vn -10.905255317687988 -0.08353114873170853 -15.758618354797363 
vn -7.84443473815918 -3.781618356704712 -23.778133392333984 
vn -7.767503261566162 -3.6536147594451904 -23.53700065612793 
vn -11.546788215637207 11.748883247375488 17.86737823486328 
vn -12.568840980529785 9.411626815795898 9.77009105682373 
vn -12.805885314941406 6.423068523406982 0.7912406921386719 
vn -12.810184478759766 3.753857135772705 -6.352376461029053 
vn -12.003832817077637 -0.5253989100456238 -16.59381675720215 
vn -9.737462043762207 -6.3776702880859375 -28.27773666381836 
vn -5.257641315460205 9.39299201965332 8.74359130859375 
vn -7.6492838859558105 8.21717643737793 5.32258415222168 
vn -8.796846389770508 6.3098931312561035 -0.06996812671422958 
vn -8.94489574432373 4.471802234649658 -4.996985912322998 
vn -8.008750915527344 1.8235644102096558 -11.671577453613281 
vn -6.415668487548828 -2.9167003631591797 -22.189542770385742 
vn -2.5644378662109375 8.47596549987793 5.758058071136475 
vn -3.73378586769104 7.444100856781006 2.753720998764038 
vn -4.098320960998535 6.138518333435059 -0.9107533097267151 
vn -4.461467266082764 4.830254077911377 -4.40732479095459 
vn -4.390804290771484 2.608344554901123 -10.030052185058594 
vn -4.027775764465332 -1.9105006456375122 -20.266735076904297 
vn -1.4661996364593506 7.95573616027832 4.1745452880859375 
vn -2.0521724224090576 7.074452877044678 1.6321717500686646 
vn -2.3458244800567627 5.927168369293213 -1.5564355850219727 
vn -2.4928042888641357 4.796051502227783 -4.575295925140381 
vn -2.493072509765625 2.507958173751831 -10.345829010009766 
vn -2.200453281402588 -2.6438355445861816 -21.839128494262695 
vn -0.8791466355323792 9.446651458740234 8.723766326904297 
vn -1.685390591621399 6.96488094329834 1.3124102354049683 
vn -1.7600383758544922 5.755884647369385 -2.0361177921295166 
vn -1.3935123682022095 4.561861515045166 -5.210633277893066 
vn -1.0268231630325317 1.4411165714263916 -12.919282913208008 
vn 3.369204521179199 -1.4545094966888428 -19.332977294921875 
vn 37.858829498291016 -2.6445791721343994 -8.089264869689941 
vn 37.858829498291016 -2.6445791721343994 -8.089264869689941 
vn 37.858829498291016 -2.6445791721343994 -8.089264869689941 
vn 37.858829498291016 -2.6445791721343994 -8.089264869689941 
vn 6.496029376983643 8.867505073547363 7.1971330642700195 
vn 3.6595683097839355 8.410521507263184 5.605373382568359 
vn 10.145423889160156 6.882559776306152 1.7030702829360962 
vn 9.220283508300781 7.0849127769470215 2.168057441711426 
vn 3.659421920776367 8.669639587402344 6.392227649688721 
vn 11.06256103515625 7.611656188964844 3.944788932800293 
vn 3.6616599559783936 8.873908996582031 7.019551753997803 
vn 8.644298553466797 8.49669361114502 6.279961109161377 
vn 2.71209454536438 8.159076690673828 4.811525821685791 
vn 6.777031898498535 8.91047477722168 7.356273651123047 
vn -4.100512504577637 5.670919418334961 -2.185722589492798 
vn -2.125765085220337 6.4503583908081055 -0.12186551839113235 
vn 8.38455581665039 -8.906930923461914 -32.293251037597656 
vn 8.688678741455078 -9.882722854614258 -33.488861083984375 
vn 8.46875 -8.750493049621582 -32.07002258300781 
vn 8.519649505615234 -11.450559616088867 -35.04666519165039 
vn 8.5072603225708 -11.869945526123047 -35.327693939208984 
vn 8.5072603225708 -11.869945526123047 -35.327693939208984 
vn 3.37068510055542 6.6088948249816895 0.3615315556526184 
vn 2.051360845565796 6.2782487869262695 -0.6006363034248352 
vn 3.077228546142578 8.881659507751465 7.016688346862793 
vn 1.6123530864715576 7.793205261230469 3.699075698852539 
vn 1.759512186050415 10.061247825622559 10.724136352539062 
vn 1.4653180837631226 9.247151374816895 8.10384464263916 
vn -3.5170328617095947 -11.014474868774414 -14.031646728515625 
vn -3.5170328617095947 -11.014474868774414 -14.031646728515625 
vn -0.5868051052093506 -10.20520305633545 -11.178618431091309 
vn 0.8070380687713623 -9.784284591674805 -9.80377197265625 
vn 5.340105056762695 -8.380937576293945 -5.61630392074585 
vn 5.77228307723999 -8.26679801940918 -5.304250717163086 
vn 12.116667747497559 -6.739175319671631 -1.5759624242782593 
vn 11.491067886352539 -6.880444526672363 -1.8838539123535156 
vn 16.473909378051758 -5.571530342102051 0.8821814060211182 
vn 16.473909378051758 -5.571530342102051 0.8821814060211182 
vn -3.2248196601867676 -11.018651962280273 -14.030102729797363 
vn 1.2476160526275635 -9.686996459960938 -9.496733665466309 
vn 6.132521152496338 -8.205793380737305 -5.149436950683594 
vn -3.295255422592163 -11.059504508972168 -14.177638053894043 
vn 1.7593740224838257 -9.587711334228516 -9.189435005187988 
vn -5.261463165283203 -10.420127868652344 -12.106757164001465 
vn -1.0264049768447876 -10.782800674438477 -13.134323120117188 
vn -11.265027046203613 -9.477442741394043 -9.745774269104004 
vn -9.644399642944336 -9.595627784729004 -9.873475074768066 
vn 0.2934863269329071 -10.827945709228516 -13.28229808807373 
vn -10.055627822875977 -10.697165489196777 -13.658934593200684 
vn 1.6140321493148804 -9.969042778015137 -10.418374061584473 
vn -4.605682849884033 -11.560916900634766 -16.07370376586914 
vn 1.7593740224838257 -9.587711334228516 -9.189435005187988 
vn -3.295255422592163 -11.059504508972168 -14.177638053894043 
vn 30.75499153137207 7.8354997634887695 12.727030754089355 
vn 32.34836959838867 7.651877403259277 14.126116752624512 
vn 30.75499153137207 7.8354997634887695 12.727030754089355 
vn 30.98743438720703 7.813980579376221 12.902463912963867 
vn 9.009089469909668 -9.039153099060059 -8.00672721862793 
vn 11.935290336608887 -10.974371910095215 -15.016942977905273 
vn 12.394753456115723 -7.602145195007324 -4.126810550689697 
vn 17.22391128540039 -9.913317680358887 -12.627452850341797 
vn 23.238065719604492 -11.691097259521484 -25.067405700683594 
vn 21.70510482788086 -11.206565856933594 -19.869829177856445 
vn 23.424419403076172 -11.672894477844238 -26.44285774230957 
vn 23.424419403076172 -11.672894477844238 -26.44285774230957 
vn 2.051360845565796 6.2782487869262695 -0.6006363034248352 
vn 3.37068510055542 6.6088948249816895 0.3615315556526184 
vn 2.272728204727173 5.038917541503906 -3.942308187484741 
vn 3.221360683441162 5.148848056793213 -3.621312141418457 
vn 2.0539019107818604 3.014234781265259 -9.11737060546875 
vn 3.0766448974609375 3.129114866256714 -8.804341316223145 
vn 2.492457628250122 -0.16606788337230682 -16.56095314025879 
vn 2.05232310295105 1.3074760437011719 -13.214859962463379 
vn -8.842899322509766 -11.807538986206055 -17.539287567138672 
vn -4.608109474182129 -8.44733715057373 -5.7686357498168945 
vn -4.7520952224731445 -11.034536361694336 -14.18686294555664 
vn -3.80749249458313 -8.512499809265137 -5.921254634857178 
vn 2.1260929107666016 -10.55694580078125 -12.389652252197266 
vn 0.3668029308319092 -8.173053741455078 -4.806361675262451 
vn 10.694701194763184 -9.967785835266113 -11.266337394714355 
vn 5.408391952514648 -8.063401222229004 -4.669063091278076 
vn 12.010769844055176 -10.432379722595215 -13.098810195922852 
vn 7.863955497741699 -6.963229656219482 -1.6732653379440308 
vn -2.271026134490967 -6.9604573249816895 -1.314044713973999 
vn 0.14664387702941895 -6.744279384613037 -0.6725635528564453 
vn 2.1271023750305176 -6.792387008666992 -0.8352266550064087 
vn 2.9290945529937744 -6.269925117492676 0.5975610017776489 
vn 2.052889108657837 -5.517750263214111 2.6720974445343018 
vn 6.787708759307861 -3.864922285079956 6.752601146697998 
vn 0.8801442384719849 -5.524286270141602 2.6745123863220215 
vn 2.1996304988861084 -3.573758602142334 7.7200446128845215 
vn 0.5135834217071533 -5.108218669891357 3.7871248722076416 
vn 1.026119351387024 -2.4550139904022217 10.502432823181152 
vn -1.1733580827713013 -5.463872909545898 2.833160638809204 
vn -0.8802451491355896 -5.7602972984313965 2.037748098373413 
vn -2.9315571784973145 -5.627640247344971 2.3507273197174072 
vn -3.9537906646728516 -6.657669544219971 -0.5240654349327087 
vn -0.8065344095230103 -7.4696197509765625 -2.744292736053467 
vn -0.0733095034956932 -7.249762535095215 -2.1071507930755615 
vn -1.4665720462799072 -5.46240234375 2.8326172828674316 
vn -2.7855966091156006 -6.615769863128662 -0.3589913845062256 
vn -1.172954797744751 -5.285444259643555 3.310037136077881 
vn 1.537986159324646 -0.4814111888408661 15.126982688903809 
vn 3.8065288066864014 -0.07272735238075256 15.983532905578613 
vn 13.733318328857422 -0.2812810242176056 14.545372009277344 
vn 21.017202377319336 -3.2817935943603516 5.818395137786865 
vn 2.781961679458618 -0.15065008401870728 15.84514045715332 
vn 11.446657180786133 0.7547327876091003 17.168354034423828 
vn 21.66277503967285 -2.532374620437622 7.5140485763549805 
vn 1.9761388301849365 13.30716323852539 23.033720016479492 
vn 1.391776204109192 13.588310241699219 24.36644744873047 
vn 0.9512190818786621 13.936607360839844 26.205339431762695 
vn 1.8292667865753174 14.17541790008545 27.71339225769043 
vn 2.9162111282348633 14.395042419433594 29.50271224975586 
vn 2.8456265926361084 14.339900970458984 29.02463722229004 
vn 2.0763607025146484 14.255502700805664 35.42787551879883 
vn 2.3356781005859375 14.405813217163086 29.49873161315918 
vn -2.584437608718872 11.808804512023926 35.91312789916992 
vn 8.576798439025879 11.667527198791504 35.19052505493164 
vn -2.584437608718872 11.808804512023926 35.91312789916992 
vn 13.864497184753418 11.245718002319336 33.751136779785156 
vn 17.08931541442871 10.846059799194336 32.46913146972656 
vn 17.08931541442871 10.846059799194336 32.46913146972656 
vn 2.6971511840820312 14.491842269897461 30.413759231567383 
vn 2.7692551612854004 14.582693099975586 31.832172393798828 
vn 3.1361324787139893 14.283848762512207 28.634780883789062 
vn 1.8426308631896973 14.049229621887207 35.87770462036133 
vn 1.7994935512542725 13.172165870666504 36.46818542480469 
vn 1.8603616952896118 13.57023811340332 36.353118896484375 
vn 1.7750476598739624 13.02346134185791 36.469398498535156 
vn 1.5675748586654663 13.038450241088867 36.478477478027344 
vn 1.7873698472976685 13.132308959960938 36.47066116333008 
vn 16.379928588867188 13.029298782348633 31.916690826416016 
vn 12.34179401397705 13.426848411560059 33.89562225341797 
vn 16.379928588867188 13.029298782348633 31.916690826416016 
vn 6.180853366851807 13.608469009399414 35.79594039916992 
vn 4.700301647186279 13.5682373046875 36.07868194580078 
vn 4.700301647186279 13.5682373046875 36.07868194580078 
vn -3.294532537460327 -3.1888644695281982 8.648459434509277 
vn -3.8774633407592773 -2.490701675415039 10.33945369720459 
vn -3.734038829803467 -4.478122711181641 5.3600006103515625 
vn -3.1513402462005615 -3.934769630432129 6.778407573699951 
vn -3.5162625312805176 -5.855597496032715 1.7109736204147339 
vn -2.9314451217651367 -5.5685834884643555 2.509897470474243 
vn -3.586984157562256 -7.2251296043396 -2.1162517070770264 
vn -2.5636565685272217 -6.957754135131836 -1.3150434494018555 
vn -9.124306678771973 -11.722990989685059 -17.26243782043457 
vn -12.6380033493042 -9.595233917236328 -10.386162757873535 
vn -8.842899322509766 -11.807538986206055 -17.539287567138672 
vn -12.57328987121582 -9.552194595336914 -10.231478691101074 
vn -5.043890476226807 -7.200942039489746 -2.1251883506774902 
vn -5.554023742675781 -5.288752555847168 3.13034725189209 
vn -2.345958948135376 -5.868660926818848 1.7158000469207764 
vn -1.5400669574737549 -5.044233798980713 3.94427227973938 
vn 0.21996106207370758 -4.928411960601807 4.262932777404785 
vn 1.6853948831558228 -4.8628363609313965 4.419363021850586 
vn -15.938655853271484 -4.7833075523376465 3.124513626098633 
vn -15.678839683532715 -5.156584739685059 2.176687240600586 
vn -4.390804290771484 -2.608344554901123 10.030052185058594 
vn -0.5863185524940491 -4.260047435760498 5.999910831451416 
vn 2.5649914741516113 -4.976149559020996 4.099865436553955 
vn -0.6596214175224304 -0.804780125617981 14.398958206176758 
vn 2.637599468231201 -2.946314573287964 9.26978588104248 
vn 3.1484789848327637 -4.8493547439575195 4.414381980895996 
vn 2.2724156379699707 -4.189610481262207 6.153804779052734 
vn 2.0523014068603516 -5.339632987976074 3.14914608001709 
vn -4.608109474182129 -8.44733715057373 -5.7686357498168945 
vn -2.7855966091156006 -6.615769863128662 -0.3589913845062256 
vn -1.172954797744751 -5.285444259643555 3.310037136077881 
vn 16.04501724243164 -10.383530616760254 -13.938468933105469 
vn 11.03146743774414 -11.140628814697266 -15.435882568359375 
vn 16.176652908325195 -8.658464431762695 -8.147379875183105 
vn 13.087152481079102 -7.726045608520508 -4.615747928619385 
vn 15.401968002319336 -4.818224906921387 3.1374144554138184 
vn 13.77315902709961 -4.975276947021484 3.0145280361175537 
vn 5.627747058868408 -10.232099533081055 -11.505705833435059 
vn 6.348943710327148 -7.172207832336426 -2.1358046531677246 
vn 7.579067707061768 -5.356363296508789 2.7934393882751465 
vn 3.151158094406128 -9.03221607208252 -7.4861063957214355 
vn 3.882885456085205 -6.772223472595215 -0.8426763415336609 
vn 4.391355991363525 -5.429755210876465 2.8205552101135254 
vn 2.1987709999084473 -8.110840797424316 -4.651535511016846 
vn 2.272207021713257 -6.449132442474365 0.12141245603561401 
vn 2.6381726264953613 -5.393882751464844 2.988255023956299 
vn 2.783346652984619 -7.783290863037109 -3.7027387619018555 
vn 2.2732057571411133 -6.33411169052124 0.4404516816139221 
vn 2.0523014068603516 -5.339632987976074 3.14914608001709 
vn 1.4663141965866089 -9.589599609375 -9.188737869262695 
vn 1.833878755569458 -10.290312767028809 -11.484197616577148 
vn 3.0035111904144287 -11.309930801391602 -15.053455352783203 
vn 4.386517524719238 -12.464886665344238 -19.552181243896484 
vn 4.460231304168701 -12.625544548034668 -20.222156524658203 
vn 35.31316375732422 6.073613166809082 12.873766899108887 
vn 35.31316375732422 6.073613166809082 12.873766899108887 
vn 35.31316375732422 6.073613166809082 12.873766899108887 
vn 35.31316375732422 6.073613166809082 12.873766899108887 
vn -30.032991409301758 -3.84208083152771 0.7860621213912964 
vn -30.032991409301758 -3.84208083152771 0.7860621213912964 
vn -30.032991409301758 -3.84208083152771 0.7860621213912964 
vn -30.032991409301758 -3.84208083152771 0.7860621213912964 
vn 1.2476160526275635 -9.686996459960938 -9.496733665466309 
vn 1.7593740224838257 -9.587711334228516 -9.189435005187988 
vn 6.132521152496338 -8.205793380737305 -5.149436950683594 
vn 6.716564655303955 -8.138313293457031 -4.996859073638916 
vn 11.832450866699219 -6.808735370635986 -1.7303460836410522 
vn 12.60655403137207 -6.82642126083374 -1.9038138389587402 
vn 17.006845474243164 -5.417667865753174 1.1872222423553467 
vn 17.795106887817383 -5.301065444946289 1.3251105546951294 
vn -16.4243221282959 -1.4559601545333862 11.361153602600098 
vn -16.358654022216797 -1.5247100591659546 11.211742401123047 
vn -28.165027618408203 -10.072885513305664 -23.005111694335938 
vn -28.165027618408203 -10.072885513305664 -23.005111694335938 
vn -28.165027618408203 -10.072885513305664 -23.005111694335938 
vn -28.165027618408203 -10.072885513305664 -23.005111694335938 
vn 11.933290481567383 -10.47917366027832 -13.246502876281738 
vn 10.768311500549316 -10.054832458496094 -11.571200370788574 
vn 1.3203142881393433 -10.65076732635498 -12.687189102172852 
vn -4.973966121673584 -10.988164901733398 -14.041366577148438 
vn 11.509662628173828 -12.61385726928711 -21.50911521911621 
vn 11.509662628173828 -12.61385726928711 -21.50911521911621 
vn -3.795046329498291 -14.472122192382812 -30.511999130249023 
vn -2.2722702026367188 -9.535209655761719 -9.036477088928223 
vn -2.041707754135132 -14.339195251464844 -35.180152893066406 
vn -2.8567399978637695 -13.61817455291748 -24.609416961669922 
vn 2.492048978805542 -2.1923537254333496 11.108182907104492 
vn 3.876540422439575 -2.04841685295105 11.405235290527344 
vn 2.2724156379699707 -4.189610481262207 6.153804779052734 
vn 3.0015530586242676 -3.813225269317627 7.092283725738525 
vn 2.0523014068603516 -5.339632987976074 3.14914608001709 
vn 2.6381726264953613 -5.393882751464844 2.988255023956299 
vn 7.426490783691406 -1.0769720077514648 13.473676681518555 
vn 5.046281337738037 -3.409708023071289 8.01683235168457 
vn 4.391355991363525 -5.429755210876465 2.8205552101135254 
vn 12.868416786193848 1.6080456972122192 18.798114776611328 
vn 10.139781951904297 -2.126060962677002 10.732673645019531 
vn 7.579067707061768 -5.356363296508789 2.7934393882751465 
vn 12.868416786193848 1.6080456972122192 18.798114776611328 
vn 14.283127784729004 -1.3418995141983032 12.01616096496582 
vn 13.77315902709961 -4.975276947021484 3.0145280361175537 
vn 12.80956745147705 1.475258469581604 18.526561737060547 
vn 13.732210159301758 -0.4749673008918762 14.106781959533691 
vn 15.401968002319336 -4.818224906921387 3.1374144554138184 
vn 12.60655403137207 -6.82642126083374 -1.9038138389587402 
vn 17.795106887817383 -5.301065444946289 1.3251105546951294 
vn 21.088605880737305 -5.19431209564209 0.7428112030029297 
vn -3.733048677444458 -8.71989917755127 -6.54964017868042 
vn -2.5636565685272217 -6.957754135131836 -1.3150434494018555 
vn -3.586984157562256 -7.2251296043396 -2.1162517070770264 
vn 6.716564655303955 -8.138313293457031 -4.996859073638916 
vn 9.009089469909668 -9.039153099060059 -8.00672721862793 
vn 12.60655403137207 -6.82642126083374 -1.9038138389587402 
vn 12.394753456115723 -7.602145195007324 -4.126810550689697 
vn 6.99200963973999 9.686592102050781 9.839865684509277 
vn 6.781044960021973 9.786972999572754 10.144736289978027 
vn 1.9761388301849365 13.30716323852539 23.033720016479492 
vn 1.391776204109192 13.588310241699219 24.36644744873047 
vn -0.8791466355323792 9.446651458740234 8.723766326904297 
vn -2.7841789722442627 8.105194091796875 4.653622150421143 
vn -9.037879943847656 14.225191116333008 31.22064971923828 
vn -9.037879943847656 14.225191116333008 31.22064971923828 
vn -9.037879943847656 14.225191116333008 31.22064971923828 
vn -9.037879943847656 14.225191116333008 31.22064971923828 
vn 1.5345120429992676 -14.445758819580078 -34.808467864990234 
vn 2.2004406452178955 -14.259687423706055 -28.3289794921875 
vn -1.0983966588974 -14.353865623474121 -35.21280288696289 
vn 4.207644939422607 -14.545694351196289 -32.887786865234375 
vn 17.01902961730957 -3.279207706451416 -21.453092575073242 
vn 17.362449645996094 -3.6378591060638428 -22.07262420654297 
vn 17.01902961730957 -3.279207706451416 -21.453092575073242 
vn 18.015676498413086 -4.881042003631592 -24.2255916595459 
vn 18.775619506835938 -5.954178810119629 -25.88373374938965 
vn 18.775619506835938 -5.954178810119629 -25.88373374938965 
vn 3.6616599559783936 8.873908996582031 7.019551753997803 
vn 3.659421920776367 8.669639587402344 6.392227649688721 
vn -1.979730248451233 8.94323444366455 7.169153690338135 
vn -1.4653180837631226 9.247151374816895 8.10384464263916 
vn -8.566438674926758 10.008710861206055 11.082275390625 
vn -9.27259349822998 10.772293090820312 13.794833183288574 
vn -16.461484909057617 9.257960319519043 10.169339179992676 
vn -9.199145317077637 10.858841896057129 14.089147567749023 
vn 3.6595683097839355 8.410521507263184 5.605373382568359 
vn -2.417938232421875 9.630400657653809 9.345776557922363 
vn -9.562217712402344 -9.643664360046387 -33.08353805541992 
vn -9.562217712402344 -9.643664360046387 -33.08353805541992 
vn -9.562217712402344 -9.643664360046387 -33.08353805541992 
vn -9.562217712402344 -9.643664360046387 -33.08353805541992 
vn 21.944326400756836 11.928007125854492 28.761850357055664 
vn 21.944326400756836 11.928007125854492 28.761850357055664 
vn 21.944326400756836 11.928007125854492 28.761850357055664 
vn 21.944326400756836 11.928007125854492 28.761850357055664 
vn 14.04239559173584 -4.512872695922852 -24.361618041992188 
vn 7.9363226890563965 6.792663097381592 1.1958039999008179 
vn 1.6052919626235962 13.372397422790527 36.443607330322266 
vn 1.537986159324646 -0.4814111888408661 15.126982688903809 
vn 1.4663141965866089 -9.589599609375 -9.188737869262695 
vn -11.999743461608887 -12.43809700012207 -20.866344451904297 
vn 14.123503684997559 4.2328200340271 -4.908689498901367 
vn -2.415627956390381 3.0228304862976074 22.597562789916992 
vn -5.006139755249023 14.232608795166016 28.653711318969727 
vt 0.24190634489059448 0.8568128943443298 
vt 0.16641470789909363 0.8343756794929504 
vt 0.2617913782596588 0.8418147563934326 
vt 0.1904672533273697 0.8240569829940796 
vt 0.1217627003788948 0.8174577951431274 
vt 0.09925809502601624 0.843254566192627 
vt 0.1424812376499176 0.8602924346923828 
vt 0.08735089749097824 0.8806899189949036 
vt 0.058416400104761124 0.868571400642395 
vt 0.27608001232147217 0.3081214725971222 
vt 0.2932263910770416 0.3012823462486267 
vt 0.32085108757019043 0.32083988189697266 
vt 0.3374021053314209 0.3111211061477661 
vt 0.353953093290329 0.34603673219680786 
vt 0.3715757727622986 0.34111735224723816 
vt 0.3220418095588684 0.2752455770969391 
vt 0.3656221628189087 0.28484439849853516 
vt 0.3976525366306305 0.3204799294471741 
vt 0.3725283443927765 0.23745031654834747 
vt 0.41634681820869446 0.2526884078979492 
vt 0.4479009211063385 0.3004424273967743 
vt 0.42289578914642334 0.2004949301481247 
vt 0.4680240750312805 0.22161228954792023 
vt 0.5004116892814636 0.2792050838470459 
vt 0.46564263105392456 0.16965879499912262 
vt 0.5118425488471985 0.1952155977487564 
vt 0.5454208850860596 0.26060742139816284 
vt 0.5582806468009949 0.1611398607492447 
vt 0.5050554871559143 0.14554180204868317 
vt 0.6031708121299744 0.16089989244937897 
vt 0.5510172843933105 0.14350205659866333 
vt 0.902041494846344 0.5779677629470825 
vt 0.8501261472702026 0.5558905005455017 
vt 0.9033513069152832 0.5762879252433777 
vt 0.8510786890983582 0.5536108016967773 
vt 0.9034703969955444 0.5748481154441833 
vt 0.8508405685424805 0.5519310235977173 
vt 0.8346467614173889 0.5537307858467102 
vt 0.8358374834060669 0.5508511066436768 
vt 0.835480272769928 0.5483314394950867 
vt 0.8226205110549927 0.552170991897583 
vt 0.8245256543159485 0.5494112968444824 
vt 0.8255972862243652 0.5472515821456909 
vt 0.8166669011116028 0.554810643196106 
vt 0.8153570890426636 0.5498912334442139 
vt 0.8134519457817078 0.5467716455459595 
vt 0.7985679507255554 0.5575702786445618 
vt 0.7954720854759216 0.5518110394477844 
vt 0.7922571301460266 0.5479714870452881 
vt 0.7843983769416809 0.5620097517967224 
vt 0.780826210975647 0.5545706748962402 
vt 0.7768968343734741 0.5502511858940125 
vt 0.7632035613059998 0.572568416595459 
vt 0.7671329379081726 0.562369704246521 
vt 0.7708241939544678 0.5538507699966431 
vt 0.7746344804763794 0.5492913126945496 
vt 0.7732056379318237 0.5496512651443481 
vt 0.11080808192491531 0.2961229681968689 
vt 0.11366581171751022 0.31748029589653015 
vt 0.10914107412099838 0.2957630157470703 
vt 0.11235601454973221 0.3166404068470001 
vt 0.11569003015756607 0.32731908559799194 
vt 0.11438024044036865 0.32695913314819336 
vt 0.15141163766384125 0.4179077446460724 
vt 0.1261683702468872 0.36475440859794617 
vt 0.15224513411521912 0.4189876317977905 
vt 0.12819258868694305 0.3655942976474762 
vt 0.11819054186344147 0.3445969223976135 
vt 0.11997662484645844 0.3455567955970764 
vt 0.008406160399317741 0.637600302696228 
vt 0.02233758382499218 0.44298461079597473 
vt 0.04877156764268875 0.6444394588470459 
vt 0.06246484816074371 0.4480240046977997 
vt 0.08199265599250793 0.6643569469451904 
vt 0.09985345602035522 0.4563029408454895 
vt 0.0981864482164383 0.6912335753440857 
vt 0.12319156527519226 0.4651818573474884 
vt 0.9444311261177063 0.5990850925445557 
vt 0.943597674369812 0.7155905365943909 
vt 0.9149013161659241 0.5987251400947571 
vt 0.9119244813919067 0.7219497561454773 
vt 0.8981121182441711 0.6050843596458435 
vt 0.8919203877449036 0.7405474185943604 
vt 0.9489558935165405 0.762744665145874 
vt 0.9126389026641846 0.7746231555938721 
vt 0.8916822671890259 0.8036595582962036 
vt 0.9515754580497742 0.8203374743461609 
vt 0.9144250154495239 0.8362954258918762 
vt 0.8928729891777039 0.8704911470413208 
vt 0.9527661800384521 0.8354555368423462 
vt 0.9156157374382019 0.8520134687423706 
vt 0.8959688544273376 0.8874090313911438 
vt 0.891325056552887 0.6156430244445801 
vt 0.8856095671653748 0.7649043798446655 
vt 0.8700111508369446 0.6258417367935181 
vt 0.8647719621658325 0.7859017252922058 
vt 0.8378617167472839 0.6318410038948059 
vt 0.832265317440033 0.7967004179954529 
vt 0.8048787713050842 0.6319609880447388 
vt 0.7979726195335388 0.7947806119918823 
vt 0.7815406322479248 0.6260817050933838 
vt 0.7718958258628845 0.7803824543952942 
vt 0.7738009691238403 0.6161229610443115 
vt 0.7615365386009216 0.756865382194519 
vt 0.8870384693145752 0.8396550416946411 
vt 0.866200864315033 0.8702511787414551 
vt 0.8314318060874939 0.8868091106414795 
vt 0.7935669422149658 0.8833295702934265 
vt 0.7643942832946777 0.8613722920417786 
vt 0.752487063407898 0.8284963965415955 
vt 0.8893008232116699 0.9104461669921875 
vt 0.8673915863037109 0.9448818564414978 
vt 0.829883873462677 0.9626396298408508 
vt 0.7886849641799927 0.9577202796936035 
vt 0.7573690414428711 0.9313235878944397 
vt 0.7451046109199524 0.8931683301925659 
vt 0.8908487558364868 0.9288038611412048 
vt 0.8681060075759888 0.9645594358444214 
vt 0.8295266628265381 0.982677161693573 
vt 0.787256121635437 0.9772778153419495 
vt 0.754511296749115 0.949681282043457 
vt 0.7415324449539185 0.9098462462425232 
vt 0.9772950410842896 0.16029995679855347 
vt 0.9751517176628113 0.16437944769859314 
vt 0.9464553594589233 0.13330332934856415 
vt 0.9450265169143677 0.13942256569862366 
vt 0.2601243555545807 0.016917884349822998 
vt 0.25000324845314026 0.04535432904958725 
vt 0.2036842405796051 0.026516685262322426 
vt 0.20166002213954926 0.05747281387448311 
vt 0.25559961795806885 0.062152229249477386 
vt 0.21356721222400665 0.07619047164916992 
vt 0.27167436480522156 0.0765504315495491 
vt 0.23678626120090485 0.0928683876991272 
vt 0.2932263910770416 0.08494938164949417 
vt 0.2642918825149536 0.10294713079929352 
vt 0.7366505265235901 0.1709786206483841 
vt 0.7378412485122681 0.17661792039871216 
vt 0.6989046931266785 0.1906561702489853 
vt 0.7016433477401733 0.1946156769990921 
vt 0.7583216428756714 0.1337832808494568 
vt 0.7608221173286438 0.14230221509933472 
vt 0.7366505265235901 0.1709786206483841 
vt 0.7378412485122681 0.17661792039871216 
vt 0.4312308430671692 0.035035621374845505 
vt 0.48005035519599915 0.060952380299568176 
vt 0.3976525366306305 0.10030745714902878 
vt 0.4501632750034332 0.11650543659925461 
vt 0.35228610038757324 0.13570304214954376 
vt 0.40729737281799316 0.14530183374881744 
vt 0.07853956520557404 0.11098612844944 
vt 0.07187153398990631 0.08626921474933624 
vt 0.08139729499816895 0.10630670934915543 
vt 0.07794421166181564 0.07763029634952545 
vt 0.06294113397598267 0.04127483814954758 
vt 0.047342702746391296 0.06491188704967499 
vt 0.056511249393224716 0.09886763989925385 
vt 0.07853956520557404 0.11098612844944 
vt 0.07020452618598938 0.11902511864900589 
vt 0.08568388968706131 0.1540607362985611 
vt 0.07889678329229355 0.15874014794826508 
vt 0.09449521452188492 0.19569553434848785 
vt 0.08997047692537308 0.2010948657989502 
vt 0.10330654680728912 0.24608923494815826 
vt 0.09711480140686035 0.250288724899292 
vt 0.10640241950750351 0.2705661654472351 
vt 0.10116324573755264 0.26924633979797363 
vt 0.10914107412099838 0.2957630157470703 
vt 0.10628334432840347 0.2948031425476074 
vt 0.11235601454973221 0.3166404068470001 
vt 0.10902199894189835 0.3164004385471344 
vt 0.11438024044036865 0.32695913314819336 
vt 0.11271323263645172 0.3276790380477905 
vt 0.10366375744342804 0.31712034344673157 
vt 0.10068695992231369 0.29384326934814453 
vt 0.09282820671796799 0.26852643489837646 
vt 0.08830346912145615 0.25628796219825745 
vt 0.08223079890012741 0.209733784198761 
vt 0.06758494675159454 0.16701911389827728 
vt 0.05401073768734932 0.13030371069908142 
vt 0.03734065592288971 0.11290588229894638 
vt 0.029124688357114792 0.09454818069934845 
vt 0.11009364575147629 0.3293588161468506 
vt 0.1164044663310051 0.3433970808982849 
vt 0.11366581171751022 0.34327709674835205 
vt 0.12473950535058975 0.36415448784828186 
vt 0.12259620428085327 0.36451444029808044 
vt 0.15010184049606323 0.41766777634620667 
vt 0.1484348326921463 0.4185076653957367 
vt 0.1261683702468872 0.36475440859794617 
vt 0.15141163766384125 0.4179077446460724 
vt 0.3339489996433258 0.9507611393928528 
vt 0.2957268953323364 0.9490813612937927 
vt 0.36050206422805786 0.9284439086914062 
vt 0.327042818069458 0.9301237463951111 
vt 0.25810015201568604 0.9436820149421692 
vt 0.29417896270751953 0.9314435720443726 
vt 0.35228610038757324 0.13570304214954376 
vt 0.40729737281799316 0.14530183374881744 
vt 0.306324303150177 0.14710161089897156 
vt 0.3621690571308136 0.15442068874835968 
vt 0.6031708121299744 0.2204124480485916 
vt 0.5969790816307068 0.23301087319850922 
vt 0.6041233539581299 0.2164529412984848 
vt 0.5965027809143066 0.22857142984867096 
vt 0.5957883596420288 0.22365203499794006 
vt 0.2656016945838928 0.977637767791748 
vt 0.22833214700222015 0.9721184968948364 
vt 0.25810015201568604 0.9436820149421692 
vt 0.19880229234695435 0.9754780530929565 
vt 0.2284512221813202 0.9441619515419006 
vt 0.32085108757019043 0.32083988189697266 
vt 0.30370470881462097 0.3253993093967438 
vt 0.27608001232147217 0.3081214725971222 
vt 0.2611960172653198 0.3152005970478058 
vt 0.3992004692554474 0.7869816422462463 
vt 0.5542321801185608 0.6284814476966858 
vt 0.427539587020874 0.7825421690940857 
vt 0.5668538212776184 0.6334007978439331 
vt 0.46052253246307373 0.7971803545951843 
vt 0.5893584489822388 0.6539182662963867 
vt 0.608171820640564 0.5701687335968018 
vt 0.6286522150039673 0.5731683373451233 
vt 0.6558006405830383 0.5924859046936035 
vt 0.6529428958892822 0.5228946208953857 
vt 0.6804485321044922 0.5222947001457214 
vt 0.7129551768302917 0.5394525527954102 
vt 0.6678268909454346 0.5003374218940735 
vt 0.6995000243186951 0.4943382143974304 
vt 0.679138720035553 0.4820997416973114 
vt 0.7166464328765869 0.47670039534568787 
vt 0.7738009691238403 0.6161229610443115 
vt 0.7615365386009216 0.756865382194519 
vt 0.7618937492370605 0.6032845973968506 
vt 0.7535587549209595 0.7303487062454224 
vt 0.735817015171051 0.5904461741447449 
vt 0.729387104511261 0.708751380443573 
vt 0.7029531598091125 0.5815672874450684 
vt 0.6962851285934448 0.6980727314949036 
vt 0.752487063407898 0.8284963965415955 
vt 0.7515345215797424 0.792500913143158 
vt 0.7299824953079224 0.7609448432922363 
vt 0.69354647397995 0.7460667490959167 
vt 0.7451046109199524 0.8931683301925659 
vt 0.740222692489624 0.8532133102416992 
vt 0.7181943655014038 0.8194975256919861 
vt 0.6808057427406311 0.8035395741462708 
vt 0.7367695569992065 0.8688113689422607 
vt 0.7149794101715088 0.8344956636428833 
vt 0.6775907874107361 0.8185376524925232 
vt 0.0881844013929367 0.15274091064929962 
vt 0.09651944041252136 0.1940157413482666 
vt 0.08568388968706131 0.1540607362985611 
vt 0.09449521452188492 0.19569553434848785 
vt 0.39598551392555237 0.9351630806922913 
vt 0.36050206422805786 0.9284439086914062 
vt 0.42099064588546753 0.9214848279953003 
vt 0.3876504898071289 0.9151256084442139 
vt 0.18558529019355774 0.7716235518455505 
vt 0.20749454200267792 0.7811023592948914 
vt 0.15069720149040222 0.7905811667442322 
vt 0.17784561216831207 0.8017397522926331 
vt 0.15069720149040222 0.7905811667442322 
vt 0.17784561216831207 0.8017397522926331 
vt 0.11699982732534409 0.7961004972457886 
vt 0.14867298305034637 0.8083389401435852 
vt 0.2136862874031067 0.8175777792930603 
vt 0.1904672533273697 0.8240569829940796 
vt 0.27786609530448914 0.8366553783416748 
vt 0.2617913782596588 0.8418147563934326 
vt 0.029720047488808632 0.3480764925479889 
vt 0.0586545430123806 0.3600749969482422 
vt 0.036507152020931244 0.3883914351463318 
vt 0.06032155081629753 0.398710161447525 
vt 0.09687665849924088 0.3760329782962799 
vt 0.09187563508749008 0.4122684597969055 
vt 0.5000544190406799 0.5008174180984497 
vt 0.5333946347236633 0.5147356390953064 
vt 0.47778797149658203 0.5256542563438416 
vt 0.5100564956665039 0.5396925210952759 
vt 0.3734809160232544 0.7987401485443115 
vt 0.5386337637901306 0.6238020062446594 
vt 0.386102557182312 0.7929808497428894 
vt 0.5463734269142151 0.6260817050933838 
vt 0.5542321801185608 0.6284814476966858 
vt 0.608171820640564 0.5701687335968018 
vt 0.5898347496986389 0.5746081471443176 
vt 0.5988842248916626 0.5724484324455261 
vt 0.6529428958892822 0.5228946208953857 
vt 0.6316289901733398 0.5323734283447266 
vt 0.642107367515564 0.527694046497345 
vt 0.6678268909454346 0.5003374218940735 
vt 0.6416310667991638 0.5114960670471191 
vt 0.6543717384338379 0.505736768245697 
vt 0.679138720035553 0.4820997416973114 
vt 0.6499661207199097 0.49637794494628906 
vt 0.6642547249794006 0.48965877294540405 
vt 0.33561602234840393 0.3445969223976135 
vt 0.30370470881462097 0.3253993093967438 
vt 0.4156323969364166 0.7063516974449158 
vt 0.33728301525115967 0.6565579175949097 
vt 0.4409947395324707 0.6751555800437927 
vt 0.3602639138698578 0.6236820220947266 
vt 0.46754780411720276 0.6476790308952332 
vt 0.3872932493686676 0.5992050766944885 
vt 0.48719465732574463 0.6323209404945374 
vt 0.41039323806762695 0.5899662375450134 
vt 0.2715552747249603 0.6146831512451172 
vt 0.2925119400024414 0.5806074142456055 
vt 0.32001757621765137 0.5585301518440247 
vt 0.6462748646736145 0.8971278667449951 
vt 0.6812820434570312 0.9070866107940674 
vt 0.6201980710029602 0.9277240037918091 
vt 0.6544908285140991 0.9355230331420898 
vt 0.4962441325187683 0.6289613842964172 
vt 0.42730146646499634 0.5888863801956177 
vt 0.5068415403366089 0.6095237731933594 
vt 0.44647204875946045 0.5696887969970703 
vt 0.3694324493408203 0.5552905797958374 
vt 0.3957473635673523 0.5363329648971558 
vt 0.33656859397888184 0.5345332026481628 
vt 0.3691943287849426 0.519175112247467 
vt 0.46564263105392456 0.16965879499912262 
vt 0.42289578914642334 0.2004949301481247 
vt 0.4152751863002777 0.18429696559906006 
vt 0.3746716380119324 0.2168128937482834 
vt 0.3725283443927765 0.23745031654834747 
vt 0.32597118616104126 0.25532808899879456 
vt 0.2764372229576111 0.2886839210987091 
vt 0.2460738718509674 0.2933633327484131 
vt 0.6154352426528931 0.25412821769714355 
vt 0.6488944292068481 0.2883239686489105 
vt 0.5550656914710999 0.2666066586971283 
vt 0.5912635922431946 0.2973228394985199 
vt 0.4896951913833618 0.31496062874794006 
vt 0.5305368900299072 0.3391976058483124 
vt 0.5075559616088867 0.37099361419677734 
vt 0.5586378574371338 0.3948706388473511 
vt 0.48517045378685 0.40194976329803467 
vt 0.539229154586792 0.42138731479644775 
vt 0.6881881952285767 0.32851892709732056 
vt 0.6340104341506958 0.33343830704689026 
vt 0.578641951084137 0.3677540123462677 
vt 0.6091244220733643 0.4185076653957367 
vt 0.5924543142318726 0.44046494364738464 
vt 0.7271247506141663 0.3679939806461334 
vt 0.6760428547859192 0.3689538836479187 
vt 0.6262707710266113 0.3959504961967468 
vt 0.6609207391738892 0.4114285707473755 
vt 0.6450841426849365 0.4301462173461914 
vt 0.6605635285377502 0.4458642601966858 
vt 0.6296047568321228 0.44814398884773254 
vt 0.6459176540374756 0.46050241589546204 
vt 0.12950238585472107 0.47238093614578247 
vt 0.10366375744342804 0.7178702354431152 
vt 0.12319156527519226 0.4651818573474884 
vt 0.0981864482164383 0.6912335753440857 
vt 0.11473745852708817 0.9159654974937439 
vt 0.106045201420784 0.9211248159408569 
vt 0.09616222232580185 0.9034870266914368 
vt 0.08985140919685364 0.9210048317909241 
vt 0.0674658715724945 0.8944881558418274 
vt 0.067108653485775 0.9279639720916748 
vt 0.03745972737669945 0.8919684886932373 
vt 0.045080337673425674 0.9397225379943848 
vt 0.10973643511533737 0.9348031282424927 
vt 0.10056788474321365 0.9366028904914856 
vt 0.08592203259468079 0.9468016624450684 
vt 0.07008545845746994 0.9623996615409851 
vt 0.12319156527519226 0.9457217454910278 
vt 0.1208101287484169 0.9506411552429199 
vt 0.11711889505386353 0.9632395505905151 
vt 0.11318951845169067 0.9801574945449829 
vt 0.14831575751304626 0.9388826489448547 
vt 0.1478394716978073 0.9434420466423035 
vt 0.14831575751304626 0.9538807272911072 
vt 0.15010184049606323 0.9671990871429443 
vt 0.16772449016571045 0.9136857986450195 
vt 0.1707012951374054 0.9181252121925354 
vt 0.1766548901796341 0.9259242415428162 
vt 0.18403735756874084 0.934563159942627 
vt 0.156888946890831 0.044994376599788666 
vt 0.17367810010910034 0 
vt 0.15748430788516998 0.09238845109939575 
vt 0.17617860436439514 0.048593923449516296 
vt 0.0985436663031578 0.014518184587359428 
vt 0.10044881701469421 0.06347206234931946 
vt 0.07627719640731812 0.01583801954984665 
vt 0.08354058861732483 0.06971128284931183 
vt 0.06698958575725555 0.025076864287257195 
vt 0.07794421166181564 0.07763029634952545 
vt 0.11211787164211273 0.10186726599931717 
vt 0.09259006381034851 0.10294713079929352 
vt 0.08139729499816895 0.10630670934915543 
vt 0.11223694682121277 0.15394075214862823 
vt 0.09771016240119934 0.15274091064929962 
vt 0.0881844013929367 0.15274091064929962 
vt 0.11509466916322708 0.19785526394844055 
vt 0.10378283262252808 0.1946156769990921 
vt 0.09651944041252136 0.1940157413482666 
vt 0.11807147413492203 0.24728909134864807 
vt 0.10973643511533737 0.24500936269760132 
vt 0.10533076524734497 0.24464941024780273 
vt 0.12200085073709488 0.27284589409828186 
vt 0.11366581171751022 0.2729658782482147 
vt 0.10818849503993988 0.2721259891986847 
vt 0.12188177555799484 0.29384326934814453 
vt 0.11521374434232712 0.2955230474472046 
vt 0.11080808192491531 0.2961229681968689 
vt 0.12223899364471436 0.31844019889831543 
vt 0.11699982732534409 0.31832021474838257 
vt 0.11366581171751022 0.31748029589653015 
vt 0.12116734683513641 0.32983875274658203 
vt 0.11807147413492203 0.32827895879745483 
vt 0.11569003015756607 0.32731908559799194 
vt 0.12604929506778717 0.34759655594825745 
vt 0.12271527945995331 0.3468766212463379 
vt 0.11997662484645844 0.3455567955970764 
vt 0.11438024044036865 0.32695913314819336 
vt 0.11819054186344147 0.3445969223976135 
vt 0.13438433408737183 0.3655942976474762 
vt 0.131169393658638 0.3659542500972748 
vt 0.12819258868694305 0.3655942976474762 
vt 0.15653172135353088 0.420307457447052 
vt 0.15415029227733612 0.4199475049972534 
vt 0.15224513411521912 0.4189876317977905 
vt 0.5957883596420288 0.22365203499794006 
vt 0.5897156596183777 0.2250918596982956 
vt 0.5979316234588623 0.20841394364833832 
vt 0.5944785475730896 0.21105360984802246 
vt 0.30370470881462097 0.3253993093967438 
vt 0.2884635031223297 0.3329583704471588 
vt 0.2611960172653198 0.3152005970478058 
vt 0.2507176697254181 0.32695913314819336 
vt 0.21952082216739655 0.3028421401977539 
vt 0.21082855761051178 0.31556054949760437 
vt 0.28358155488967896 0.3508361279964447 
vt 0.2470264434814453 0.34675663709640503 
vt 0.20987598598003387 0.33523809909820557 
vt 0.27822330594062805 0.3744731843471527 
vt 0.2403584122657776 0.37219345569610596 
vt 0.20356516540050507 0.3618747591972351 
vt 0.254885196685791 0.4267866313457489 
vt 0.21618680655956268 0.4246269166469574 
vt 0.17975077033042908 0.41466817259788513 
vt 0.2274986356496811 0.48869889974594116 
vt 0.18677601218223572 0.4858192503452301 
vt 0.15045905113220215 0.4799399971961975 
vt 0.20606568455696106 0.7455868124961853 
vt 0.16558119654655457 0.7499062418937683 
vt 0.12759722769260406 0.7395875453948975 
vt 0.12950238585472107 0.47238093614578247 
vt 0.10366375744342804 0.7178702354431152 
vt 0.2366671860218048 0.728069007396698 
vt 0.2601243555545807 0.48785901069641113 
vt 0.28477227687835693 0.4218672513961792 
vt 0.3059670925140381 0.36967378854751587 
vt 0.3116825520992279 0.35095611214637756 
vt 0.3189459443092346 0.34015747904777527 
vt 0.23166616261005402 0.295163094997406 
vt 0.27608001232147217 0.3081214725971222 
vt 0.2884635031223297 0.3329583704471588 
vt 0.30370470881462097 0.3253993093967438 
vt 0.3189459443092346 0.34015747904777527 
vt 0.33561602234840393 0.3445969223976135 
vt 0.08568388968706131 0.1540607362985611 
vt 0.07853956520557404 0.11098612844944 
vt 0.0881844013929367 0.15274091064929962 
vt 0.08139729499816895 0.10630670934915543 
vt 0.7415324449539185 0.9098462462425232 
vt 0.7367695569992065 0.8688113689422607 
vt 0.34478455781936646 0.8491338491439819 
vt 0.33847373723983765 0.8498537540435791 
vt 0.4193236231803894 0.7976602911949158 
vt 0.4058685004711151 0.8025796413421631 
vt 0.3928896486759186 0.8073790669441223 
vt 0.33228200674057007 0.8505736589431763 
vt 0.8959688544273376 0.8874090313911438 
vt 0.8946590423583984 0.9085264205932617 
vt 0.8928729891777039 0.8704911470413208 
vt 0.8910868763923645 0.8908886313438416 
vt 0.8916822671890259 0.8036595582962036 
vt 0.8893008232116699 0.8218972682952881 
vt 0.8919203877449036 0.7405474185943604 
vt 0.8887054324150085 0.7529058456420898 
vt 0.8981121182441711 0.6050843596458435 
vt 0.8946590423583984 0.610483705997467 
vt 0.8893008232116699 0.9104461669921875 
vt 0.8870384693145752 0.8396550416946411 
vt 0.8856095671653748 0.7649043798446655 
vt 0.891325056552887 0.6156430244445801 
vt 0.9270466566085815 0.10354705154895782 
vt 0.9183543920516968 0.08506936579942703 
vt 0.9297853112220764 0.0950281172990799 
vt 0.9222837686538696 0.07583051919937134 
vt 0.9149013161659241 0.057232845574617386 
vt 0.9106147289276123 0.06767153739929199 
vt 0.8866812586784363 0.02723659574985504 
vt 0.8841807246208191 0.04031496122479439 
vt 0.8469111919403076 0.015118109993636608 
vt 0.8476256132125854 0.02963629551231861 
vt 0.8065457940101624 0.024956880137324333 
vt 0.8104751706123352 0.03923509642481804 
vt 0.7767778038978577 0.053513310849666595 
vt 0.7827313542366028 0.06599175184965134 
vt 0.7642751932144165 0.09238845109939575 
vt 0.7697525024414062 0.10282714664936066 
vt 0.9126389026641846 0.08710911124944687 
vt 0.8871574997901917 0.059392575174570084 
vt 0.8508405685424805 0.048593923449516296 
vt 0.8138091564178467 0.05771278589963913 
vt 0.7858272194862366 0.08434945344924927 
vt 0.7751107811927795 0.11626546829938889 
vt 0.9126389026641846 0.10258717834949493 
vt 0.887752890586853 0.0765504315495491 
vt 0.8522694110870361 0.06647168844938278 
vt 0.815595269203186 0.0759505033493042 
vt 0.7876133322715759 0.10198725014925003 
vt 0.7780875563621521 0.13966253399848938 
vt 0.9114481806755066 0.15610048174858093 
vt 0.8879910111427307 0.14158229529857635 
vt 0.8533410429954529 0.13846269249916077 
vt 0.8178576231002808 0.147581547498703 
vt 0.792852520942688 0.16713909804821014 
vt 0.7855890989303589 0.19137607514858246 
vt 0.9182353019714355 0.27692538499832153 
vt 0.8966832756996155 0.27044618129730225 
vt 0.865010142326355 0.2709261178970337 
vt 0.8332179188728333 0.278245210647583 
vt 0.811189591884613 0.29012373089790344 
vt 0.8049978613853455 0.3028421401977539 
vt 0.9351435303688049 0.4375852942466736 
vt 0.9135915040969849 0.43182602524757385 
vt 0.8835853338241577 0.43302586674690247 
vt 0.8546508550643921 0.44070491194725037 
vt 0.835480272769928 0.45246344804763794 
vt 0.8313127756118774 0.4648219048976898 
vt 0.25810015201568604 0.9436820149421692 
vt 0.2284512221813202 0.9441619515419006 
vt 0.29417896270751953 0.9314435720443726 
vt 0.2677449882030487 0.9285638928413391 
vt 0.5714976191520691 0.10402699559926987 
vt 0.5556610822677612 0.07751031219959259 
vt 0.6099579334259033 0.08986876159906387 
vt 0.5936450362205505 0.05879265069961548 
vt 0.5320848226547241 0.05555305629968643 
vt 0.5697115659713745 0.031196100637316704 
vt 0.507317841053009 0.044754404574632645 
vt 0.5444682836532593 0.015478065237402916 
vt 0.46909573674201965 0.048593923449516296 
vt 0.5058889985084534 0.013078364543616772 
vt 0.43920865654945374 0.38539183139801025 
vt 0.46409469842910767 0.35071614384651184 
vt 0.7642751932144165 0.09238845109939575 
vt 0.7697525024414062 0.10282714664936066 
vt 0.7583216428756714 0.1337832808494568 
vt 0.7608221173286438 0.14230221509933472 
vt 0.7751107811927795 0.11626546829938889 
vt 0.7630844712257385 0.16161979734897614 
vt 0.4714771807193756 0.8313760757446289 
vt 0.3719329833984375 0.8871690630912781 
vt 0.4471864700317383 0.8046194314956665 
vt 0.358358770608902 0.86101233959198 
vt 0.4193236231803894 0.7976602911949158 
vt 0.34478455781936646 0.8491338491439819 
vt 0.4152751863002777 0.18429696559906006 
vt 0.3746716380119324 0.2168128937482834 
vt 0.3452608585357666 0.18741656839847565 
vt 0.30930110812187195 0.22089238464832306 
vt 0.2683403491973877 0.15706036984920502 
vt 0.23809604346752167 0.19257593154907227 
vt 0.20547032356262207 0.10450693219900131 
vt 0.18177498877048492 0.144821897149086 
vt 0.17617860436439514 0.048593923449516296 
vt 0.15748430788516998 0.09238845109939575 
vt 0.32597118616104126 0.25532808899879456 
vt 0.2661970257759094 0.2579677402973175 
vt 0.2017790824174881 0.23385076224803925 
vt 0.2764372229576111 0.2886839210987091 
vt 0.22118782997131348 0.2914435565471649 
vt 0.41444167494773865 0.48509934544563293 
vt 0.4051540493965149 0.4639819860458374 
vt 0.4531400799751282 0.476580411195755 
vt 0.44682925939559937 0.45990249514579773 
vt 0.4039633572101593 0.4423846900463104 
vt 0.4494488537311554 0.4437045156955719 
vt 0.41194117069244385 0.4265466630458832 
vt 0.46087977290153503 0.432545930147171 
vt 0.4393277168273926 0.4139482378959656 
vt 0.49255290627479553 0.42570677399635315 
vt 0.3719329833984375 0.060592424124479294 
vt 0.35109537839889526 0.04511436074972153 
vt 0.3819350302219391 0.04319459944963455 
vt 0.3600257635116577 0.02567679062485695 
vt 0.307515025138855 0.9038469791412354 
vt 0.3293052017688751 0.9114060401916504 
vt 0.2677449882030487 0.9285638928413391 
vt 0.29417896270751953 0.9314435720443726 
vt 0.35823971033096313 0.9157255291938782 
vt 0.327042818069458 0.9301237463951111 
vt 0.3876504898071289 0.9151256084442139 
vt 0.36050206422805786 0.9284439086914062 
vt 0.4561168849468231 0.869411289691925 
vt 0.5556610822677612 0.8136183023452759 
vt 0.46564263105392456 0.9020472168922424 
vt 0.5688780546188354 0.8523734211921692 
vt 0.4682622253894806 0.9309636354446411 
vt 0.5668538212776184 0.8908886313438416 
vt 0.46338027715682983 0.9478815197944641 
vt 0.5506600737571716 0.917645275592804 
vt 0.7729674577713013 0.5484514236450195 
vt 0.7724911570549011 0.5476115345954895 
vt 0.7738009691238403 0.5482114553451538 
vt 0.7729674577713013 0.5470116138458252 
vt 0.7909473180770874 0.5447319149971008 
vt 0.7911854982376099 0.5430521368980408 
vt 0.811546802520752 0.5449718832969666 
vt 0.8113086819648743 0.5440120100975037 
vt 0.8248828649520874 0.5449718832969666 
vt 0.8245256543159485 0.5440120100975037 
vt 0.7730865478515625 0.5408923625946045 
vt 0.7934478521347046 0.5372928380966187 
vt 0.8117849230766296 0.5405324101448059 
vt 0.8234540224075317 0.5407723784446716 
vt 0.8314318060874939 0.5410123467445374 
vt 0.8321462273597717 0.5443719625473022 
vt 0.8492926359176636 0.5448518991470337 
vt 0.8491735458374023 0.5478515028953552 
vt 0.9010889530181885 0.5705286860466003 
vt 0.9016842842102051 0.572568416595459 
vt 0.7960674166679382 0.5309336185455322 
vt 0.8129756450653076 0.5356130599975586 
vt 0.8225014209747314 0.5375328063964844 
vt 0.831908106803894 0.5375328063964844 
vt 0.8500070571899414 0.5420922040939331 
vt 0.9012080430984497 0.568248987197876 
vt 0.7741581797599792 0.5326133966445923 
vt 0.7687999606132507 0.5423321723937988 
vt 0.7628463506698608 0.5339332222938538 
vt 0.9021605849266052 0.5732883214950562 
vt 0.8495307564735413 0.5491713285446167 
vt 0.8329797387123108 0.545451819896698 
vt 0.8248828649520874 0.5449718832969666 
vt 0.8498879671096802 0.5503711700439453 
vt 0.8339323401451111 0.5466516613960266 
vt 0.8252400755882263 0.5458117723464966 
vt 0.9425259828567505 0.4482639729976654 
vt 0.9388347864151001 0.44286462664604187 
vt 0.9246652126312256 0.28820398449897766 
vt 0.9214502573013306 0.28244468569755554 
vt 0.915258526802063 0.16713909804821014 
vt 0.9114481806755066 0.15610048174858093 
vt 0.9126389026641846 0.10258717834949493 
vt 0.9182353019714355 0.27692538499832153 
vt 0.10640241950750351 0.2705661654472351 
vt 0.10330654680728912 0.24608923494815826 
vt 0.10818849503993988 0.2721259891986847 
vt 0.10533076524734497 0.24464941024780273 
vt 0.09449521452188492 0.19569553434848785 
vt 0.09651944041252136 0.1940157413482666 
vt 0.9190688133239746 0.17877764999866486 
vt 0.9168064594268799 0.11974503099918365 
vt 0.9209739565849304 0.13798275589942932 
vt 0.9237126111984253 0.1235845535993576 
vt 0.9126389026641846 0.08710911124944687 
vt 0.9200214147567749 0.10462691634893417 
vt 0.9106147289276123 0.06767153739929199 
vt 0.9183543920516968 0.08506936579942703 
vt 0.9270466566085815 0.10354705154895782 
vt 0.8339323401451111 0.5466516613960266 
vt 0.8498879671096802 0.5503711700439453 
vt 0.835480272769928 0.5483314394950867 
vt 0.8508405685424805 0.5519310235977173 
vt 0.9026368856430054 0.5740082263946533 
vt 0.9034703969955444 0.5748481154441833 
vt 0.3928896486759186 0.8073790669441223 
vt 0.33228200674057007 0.8505736589431763 
vt 0.357763409614563 0.8042594790458679 
vt 0.30965831875801086 0.843254566192627 
vt 0.3220418095588684 0.7850618362426758 
vt 0.281795471906662 0.826336681842804 
vt 0.2965604066848755 0.7550656199455261 
vt 0.25714758038520813 0.8046194314956665 
vt 0.6428217887878418 0.2669666111469269 
vt 0.6396068334579468 0.23517060279846191 
vt 0.6440125107765198 0.266846626996994 
vt 0.6415119767189026 0.2339707463979721 
vt 0.6436553001403809 0.2327709048986435 
vt 0.6232939958572388 0.21129357814788818 
vt 0.650799572467804 0.22521184384822845 
vt 0.6286522150039673 0.19845518469810486 
vt 0.659253716468811 0.2146531641483307 
vt 0.6343676447868347 0.1820172518491745 
vt 0.6205553412437439 0.21669290959835052 
vt 0.6218650937080383 0.21405324339866638 
vt 0.605790376663208 0.21237345039844513 
vt 0.6071001887321472 0.19497562944889069 
vt 0.6047187447547913 0.1727783977985382 
vt 0.5957883596420288 0.22365203499794006 
vt 0.5979316234588623 0.20841394364833832 
vt 0.5909063816070557 0.18597674369812012 
vt 0.5944785475730896 0.21105360984802246 
vt 0.5742363333702087 0.19197599589824677 
vt 0.6450841426849365 0.266846626996994 
vt 0.6521093845367432 0.2646869122982025 
vt 0.6623495817184448 0.26084738969802856 
vt 0.7608221173286438 0.14230221509933472 
vt 0.7630844712257385 0.16161979734897614 
vt 0.7378412485122681 0.17661792039871216 
vt 0.7418896555900574 0.19449567794799805 
vt 0.7016433477401733 0.1946156769990921 
vt 0.7065253257751465 0.21177352964878082 
vt 0.7695143818855286 0.17733782529830933 
vt 0.7462953329086304 0.20805399119853973 
vt 0.7110500335693359 0.22377201914787292 
vt 0.7777303457260132 0.21501311659812927 
vt 0.7534396648406982 0.2343306988477707 
vt 0.7193850874900818 0.24428945779800415 
vt 0.7948766946792603 0.31592050194740295 
vt 0.7698715925216675 0.3277990221977234 
vt 0.7372458577156067 0.33463817834854126 
vt 0.8200008869171143 0.47766029834747314 
vt 0.795233964920044 0.4885789155960083 
vt 0.764513373374939 0.4940982162952423 
vt 0.8313127756118774 0.4648219048976898 
vt 0.8049978613853455 0.3028421401977539 
vt 0.7855890989303589 0.19137607514858246 
vt 0.7780875563621521 0.13966253399848938 
vt 0.7751107811927795 0.11626546829938889 
vt 0.835480272769928 0.5483314394950867 
vt 0.8255972862243652 0.5472515821456909 
vt 0.8339323401451111 0.5466516613960266 
vt 0.8252400755882263 0.5458117723464966 
vt 0.11438024044036865 0.32695913314819336 
vt 0.11819054186344147 0.3445969223976135 
vt 0.11271323263645172 0.3276790380477905 
vt 0.1164044663310051 0.3433970808982849 
vt 0.6536573171615601 0.006119234953075647 
vt 0.6922366619110107 0.04763404652476311 
vt 0.6355583667755127 0.07091113179922104 
vt 0.6792578101158142 0.10342706739902496 
vt 0.5976935029029846 0.12142481654882431 
vt 0.6463939547538757 0.14494188129901886 
vt 0.5510172843933105 0.14350205659866333 
vt 0.6031708121299744 0.16089989244937897 
vt 0.6031708121299744 0.2204124480485916 
vt 0.6041233539581299 0.2164529412984848 
vt 0.23166616261005402 0.295163094997406 
vt 0.2460738718509674 0.2933633327484131 
vt 0.27608001232147217 0.3081214725971222 
vt 0.2932263910770416 0.3012823462486267 
vt 0.8252400755882263 0.5458117723464966 
vt 0.8119040131568909 0.5456917881965637 
vt 0.7907091975212097 0.5464116930961609 
vt 0.7746344804763794 0.5492913126945496 
vt 0.7732056379318237 0.5496512651443481 
vt 0.7729674577713013 0.5484514236450195 
vt 0.5282745361328125 0.9330033659934998 
vt 0.4563550353050232 0.9585601687431335 
vt 0.5506600737571716 0.917645275592804 
vt 0.46338027715682983 0.9478815197944641 
vt 0.9425259828567505 0.4482639729976654 
vt 0.9246652126312256 0.28820398449897766 
vt 0.9569337368011475 0.45762279629707336 
vt 0.941573441028595 0.2979227602481842 
vt 0.9837248921394348 0.4615823030471802 
vt 0.9713414311408997 0.30212223529815674 
vt 0.9190688133239746 0.17877764999866486 
vt 0.9376440644264221 0.20073489844799042 
vt 0.9695553183555603 0.2136932909488678 
vt 0.9209739565849304 0.13798275589942932 
vt 0.935977041721344 0.17193850874900818 
vt 0.967888355255127 0.19269591569900513 
vt 0.9237126111984253 0.1235845535993576 
vt 0.9388347864151001 0.15814022719860077 
vt 0.9691981077194214 0.18069741129875183 
vt 0.9270466566085815 0.10354705154895782 
vt 0.9450265169143677 0.13942256569862366 
vt 0.9751517176628113 0.16437944769859314 
vt 0.23500017821788788 0.9192050695419312 
vt 0.19201518595218658 0.9356430172920227 
vt 0.2284512221813202 0.9441619515419006 
vt 0.5282745361328125 0.9330033659934998 
vt 0.4569503962993622 0.9827971458435059 
vt 0.5172008275985718 0.9633595943450928 
vt 0.3047763705253601 0.01979752443730831 
vt 0.33156755566596985 0.049673788249492645 
vt 0.27536559104919434 0.04571428522467613 
vt 0.30739596486091614 0.07523059844970703 
vt 0.5957883596420288 0.22365203499794006 
vt 0.5965027809143066 0.22857142984867096 
vt 0.5897156596183777 0.2250918596982956 
vt 0.5895965695381165 0.22917135059833527 
vt 0.5881677269935608 0.23517060279846191 
vt 0.5969790816307068 0.23301087319850922 
vt 0.10914107412099838 0.2957630157470703 
vt 0.10640241950750351 0.2705661654472351 
vt 0.11080808192491531 0.2961229681968689 
vt 0.10818849503993988 0.2721259891986847 
vt 0.48719465732574463 0.6323209404945374 
vt 0.41039323806762695 0.5899662375450134 
vt 0.4962441325187683 0.6289613842964172 
vt 0.42730146646499634 0.5888863801956177 
vt 0.7907091975212097 0.5464116930961609 
vt 0.8119040131568909 0.5456917881965637 
vt 0.7922571301460266 0.5479714870452881 
vt 0.8134519457817078 0.5467716455459595 
vt 0.8252400755882263 0.5458117723464966 
vt 0.8255972862243652 0.5472515821456909 
vt 0.7067634463310242 0.39115110039711 
vt 0.7181943655014038 0.41526809334754944 
vt 0.6753284335136414 0.43026620149612427 
vt 0.6817583441734314 0.4560629725456238 
vt 0.6679459810256958 0.4680614769458771 
vt 0.6642547249794006 0.48965877294540405 
vt 0.6536573171615601 0.4785001873970032 
vt 0.6499661207199097 0.49637794494628906 
vt 0.7214093208312988 0.44694411754608154 
vt 0.679138720035553 0.4820997416973114 
vt 0.7922571301460266 0.5479714870452881 
vt 0.7768968343734741 0.5502511858940125 
vt 0.7907091975212097 0.5464116930961609 
vt 0.7746344804763794 0.5492913126945496 
vt 0.9464553594589233 0.13330332934856415 
vt 0.9450265169143677 0.13942256569862366 
vt 0.9297853112220764 0.0950281172990799 
vt 0.9270466566085815 0.10354705154895782 
vt 0.14867298305034637 0.8083389401435852 
vt 0.12557300925254822 0.8965279459953308 
vt 0.8908487558364868 0.9288038611412048 
vt 0.9026368856430054 0.5740082263946533 
vt 0.06698958575725555 0.025076864287257195 
vt 0.11819054186344147 0.3445969223976135 
vt 0.06663236767053604 0.830416202545166 
vt 0.3992004692554474 0.7869816422462463 
vt 0.605790376663208 0.21237345039844513 
s on 
f 1/1/1 2/2/2 3/3/3 
f 2/2/2 4/4/4 3/3/3 
f 3/3/3 4/4/4 4/4/4 
f 4/4/4 2/2/2 4/4/4 
f 4/4/4 2/2/2 5/5/5 
f 2/2/2 6/6/6 5/5/5 
f 5/5/5 6/6/6 6/6/6 
f 6/6/6 2/2/2 6/6/6 
f 6/6/6 2/2/2 2/2/2 
f 2/2/2 7/7/7 2/2/2 
f 2/2/2 7/7/7 6/6/6 
f 7/7/7 8/8/8 6/6/6 
f 6/6/6 8/8/8 9/9/9 
f 8/8/8 9/9/9 9/9/9 
f 9/9/9 9/9/9 10/10/10 
f 9/9/9 10/10/10 10/10/10 
f 10/10/10 10/10/10 10/10/10 
f 10/10/10 11/11/11 10/10/10 
f 10/10/10 11/11/11 12/12/12 
f 11/11/11 13/13/13 12/12/12 
f 12/12/12 13/13/13 14/14/14 
f 13/13/13 15/15/15 14/14/14 
f 14/14/14 15/15/15 15/15/15 
f 15/15/15 11/11/11 15/15/15 
f 15/15/15 11/11/11 11/11/11 
f 11/11/11 16/16/16 11/11/11 
f 11/11/11 16/16/16 13/13/13 
f 16/16/16 17/17/17 13/13/13 
f 13/13/13 17/17/17 15/15/15 
f 17/17/17 18/18/18 15/15/15 
f 15/15/15 18/18/18 18/18/18 
f 18/18/18 16/16/16 18/18/18 
f 18/18/18 16/16/16 16/16/16 
f 16/16/16 19/19/19 16/16/16 
f 16/16/16 19/19/19 17/17/17 
f 19/19/19 20/20/20 17/17/17 
f 17/17/17 20/20/20 18/18/18 
f 20/20/20 21/21/21 18/18/18 
f 18/18/18 21/21/21 21/21/21 
f 21/21/21 19/19/19 21/21/21 
f 21/21/21 19/19/19 19/19/19 
f 19/19/19 22/22/22 19/19/19 
f 19/19/19 22/22/22 20/20/20 
f 22/22/22 23/23/23 20/20/20 
f 20/20/20 23/23/23 21/21/21 
f 23/23/23 24/24/24 21/21/21 
f 21/21/21 24/24/24 24/24/24 
f 24/24/24 22/22/22 24/24/24 
f 24/24/24 22/22/22 22/22/22 
f 22/22/22 25/25/25 22/22/22 
f 22/22/22 25/25/25 23/23/23 
f 25/25/25 26/26/26 23/23/23 
f 23/23/23 26/26/26 24/24/24 
f 26/26/26 27/27/27 24/24/24 
f 24/24/24 27/27/27 27/27/27 
f 27/27/27 28/28/28 27/27/27 
f 27/27/27 28/28/28 28/28/28 
f 28/28/28 29/29/29 28/28/28 
f 28/28/28 29/29/29 30/30/30 
f 29/29/29 31/31/31 30/30/30 
f 30/30/30 31/31/31 31/31/31 
f 31/31/31 32/32/32 31/31/31 
f 31/31/31 32/32/32 32/32/32 
f 32/32/32 33/33/33 32/32/32 
f 32/32/32 33/33/33 34/34/34 
f 33/33/33 35/35/35 34/34/34 
f 34/34/34 35/35/35 36/36/36 
f 35/35/35 37/37/37 36/36/36 
f 36/36/36 37/37/37 37/37/37 
f 37/37/37 33/33/33 37/37/37 
f 37/37/37 33/33/33 33/33/33 
f 33/33/33 38/38/38 33/33/33 
f 33/33/33 38/38/38 35/35/35 
f 38/38/38 39/39/39 35/35/35 
f 35/35/35 39/39/39 37/37/37 
f 39/39/39 40/40/40 37/37/37 
f 37/37/37 40/40/40 40/40/40 
f 40/40/40 38/38/38 40/40/40 
f 40/40/40 38/38/38 38/38/38 
f 38/38/38 41/41/41 38/38/38 
f 38/38/38 41/41/41 39/39/39 
f 41/41/41 42/42/42 39/39/39 
f 39/39/39 42/42/42 40/40/40 
f 42/42/42 43/43/43 40/40/40 
f 40/40/40 43/43/43 43/43/43 
f 43/43/43 41/41/41 43/43/43 
f 43/43/43 41/41/41 41/41/41 
f 41/41/41 44/44/44 41/41/41 
f 41/41/41 44/44/44 42/42/42 
f 44/44/44 45/45/45 42/42/42 
f 42/42/42 45/45/45 43/43/43 
f 45/45/45 46/46/46 43/43/43 
f 43/43/43 46/46/46 46/46/46 
f 46/46/46 44/44/44 46/46/46 
f 46/46/46 44/44/44 44/44/44 
f 44/44/44 47/47/47 44/44/44 
f 44/44/44 47/47/47 45/45/45 
f 47/47/47 48/48/48 45/45/45 
f 45/45/45 48/48/48 46/46/46 
f 48/48/48 49/49/49 46/46/46 
f 46/46/46 49/49/49 49/49/49 
f 49/49/49 47/47/47 49/49/49 
f 49/49/49 47/47/47 47/47/47 
f 47/47/47 50/50/50 47/47/47 
f 47/47/47 50/50/50 48/48/48 
f 50/50/50 51/51/51 48/48/48 
f 48/48/48 51/51/51 49/49/49 
f 51/51/51 52/52/52 49/49/49 
f 49/49/49 52/52/52 52/52/52 
f 52/52/52 50/50/50 52/52/52 
f 52/52/52 50/50/50 50/50/50 
f 50/50/50 53/53/53 50/50/50 
f 50/50/50 53/53/53 51/51/51 
f 53/53/53 54/54/54 51/51/51 
f 51/51/51 54/54/54 52/52/52 
f 54/54/54 55/55/55 52/52/52 
f 52/52/52 55/55/55 56/56/56 
f 55/55/55 57/57/57 56/56/56 
f 56/56/56 57/57/57 57/57/57 
f 57/57/57 58/58/58 57/57/57 
f 57/57/57 58/58/58 58/58/58 
f 58/58/58 59/59/59 58/58/58 
f 58/58/58 59/59/59 60/60/60 
f 59/59/59 61/61/61 60/60/60 
f 60/60/60 61/61/61 61/61/61 
f 61/61/61 59/59/59 61/61/61 
f 61/61/61 59/59/59 59/59/59 
f 59/59/59 62/62/62 59/59/59 
f 59/59/59 62/62/62 61/61/61 
f 62/62/62 63/63/63 61/61/61 
f 61/61/61 63/63/63 63/63/63 
f 63/63/63 64/64/64 63/63/63 
f 63/63/63 64/64/64 64/64/64 
f 64/64/64 65/65/65 64/64/64 
f 64/64/64 65/65/65 66/66/66 
f 65/65/65 67/67/67 66/66/66 
f 66/66/66 67/67/67 67/67/67 
f 67/67/67 65/65/65 67/67/67 
f 67/67/67 65/65/65 65/65/65 
f 65/65/65 68/68/68 65/65/65 
f 65/65/65 68/68/68 67/67/67 
f 68/68/68 69/69/69 67/67/67 
f 67/67/67 69/69/69 69/69/69 
f 69/69/69 70/70/70 69/69/69 
f 69/69/69 70/70/70 70/70/70 
f 70/70/70 71/71/71 70/70/70 
f 70/70/70 71/71/71 72/72/72 
f 71/71/71 73/73/73 72/72/72 
f 72/72/72 73/73/73 74/74/74 
f 73/73/73 75/75/75 74/74/74 
f 74/74/74 75/75/75 76/76/76 
f 75/75/75 77/77/77 76/76/76 
f 76/76/76 77/77/77 77/77/77 
f 77/77/77 78/78/78 77/77/77 
f 77/77/77 78/78/78 78/78/78 
f 78/78/78 79/79/79 78/78/78 
f 78/78/78 79/79/79 80/80/80 
f 79/79/79 81/81/81 80/80/80 
f 80/80/80 81/81/81 82/82/82 
f 81/81/81 83/83/83 82/82/82 
f 82/82/82 83/83/83 83/83/83 
f 83/83/83 79/79/79 83/83/83 
f 83/83/83 79/79/79 79/79/79 
f 79/79/79 84/84/84 79/79/79 
f 79/79/79 84/84/84 81/81/81 
f 84/84/84 85/85/85 81/81/81 
f 81/81/81 85/85/85 83/83/83 
f 85/85/85 86/86/86 83/83/83 
f 83/83/83 86/86/86 86/86/86 
f 86/86/86 84/84/84 86/86/86 
f 86/86/86 84/84/84 84/84/84 
f 84/84/84 87/87/87 84/84/84 
f 84/84/84 87/87/87 85/85/85 
f 87/87/87 88/88/88 85/85/85 
f 85/85/85 88/88/88 86/86/86 
f 88/88/88 89/89/89 86/86/86 
f 86/86/86 89/89/89 89/89/89 
f 89/89/89 87/87/87 89/89/89 
f 89/89/89 87/87/87 87/87/87 
f 87/87/87 90/90/90 87/87/87 
f 87/87/87 90/90/90 88/88/88 
f 90/90/90 91/91/91 88/88/88 
f 88/88/88 91/91/91 89/89/89 
f 91/91/91 92/92/92 89/89/89 
f 89/89/89 92/92/92 92/92/92 
f 92/92/92 93/93/93 92/92/92 
f 92/92/92 93/93/93 93/93/93 
f 93/93/93 94/94/94 93/93/93 
f 93/93/93 94/94/94 95/95/95 
f 94/94/94 96/96/96 95/95/95 
f 95/95/95 96/96/96 97/97/97 
f 96/96/96 98/98/98 97/97/97 
f 97/97/97 98/98/98 99/99/99 
f 98/98/98 100/100/100 99/99/99 
f 99/99/99 100/100/100 101/101/101 
f 100/100/100 102/102/102 101/101/101 
f 101/101/101 102/102/102 103/103/103 
f 102/102/102 104/104/104 103/103/103 
f 103/103/103 104/104/104 104/104/104 
f 104/104/104 94/94/94 104/104/104 
f 104/104/104 94/94/94 94/94/94 
f 94/94/94 105/105/105 94/94/94 
f 94/94/94 105/105/105 96/96/96 
f 105/105/105 106/106/106 96/96/96 
f 96/96/96 106/106/106 98/98/98 
f 106/106/106 107/107/107 98/98/98 
f 98/98/98 107/107/107 100/100/100 
f 107/107/107 108/108/108 100/100/100 
f 100/100/100 108/108/108 102/102/102 
f 108/108/108 109/109/109 102/102/102 
f 102/102/102 109/109/109 104/104/104 
f 109/109/109 110/110/110 104/104/104 
f 104/104/104 110/110/110 110/110/110 
f 110/110/110 105/105/105 110/110/110 
f 110/110/110 105/105/105 105/105/105 
f 105/105/105 111/111/111 105/105/105 
f 105/105/105 111/111/111 106/106/106 
f 111/111/111 112/112/112 106/106/106 
f 106/106/106 112/112/112 107/107/107 
f 112/112/112 113/113/113 107/107/107 
f 107/107/107 113/113/113 108/108/108 
f 113/113/113 114/114/114 108/108/108 
f 108/108/108 114/114/114 109/109/109 
f 114/114/114 115/115/115 109/109/109 
f 109/109/109 115/115/115 110/110/110 
f 115/115/115 116/116/116 110/110/110 
f 110/110/110 116/116/116 116/116/116 
f 116/116/116 111/111/111 116/116/116 
f 116/116/116 111/111/111 111/111/111 
f 111/111/111 117/117/117 111/111/111 
f 111/111/111 117/117/117 112/112/112 
f 117/117/117 118/118/118 112/112/112 
f 112/112/112 118/118/118 113/113/113 
f 118/118/118 119/119/119 113/113/113 
f 113/113/113 119/119/119 114/114/114 
f 119/119/119 120/120/120 114/114/114 
f 114/114/114 120/120/120 115/115/115 
f 120/120/120 121/121/121 115/115/115 
f 115/115/115 121/121/121 116/116/116 
f 121/121/121 122/122/122 116/116/116 
f 116/116/116 122/122/122 122/122/122 
f 122/122/122 123/123/123 122/122/122 
f 122/122/122 123/123/123 123/123/123 
f 123/123/123 124/124/124 123/123/123 
f 123/123/123 124/124/124 125/125/125 
f 124/124/124 126/126/126 125/125/125 
f 125/125/125 126/126/126 126/126/126 
f 126/126/126 127/127/127 126/126/126 
f 126/126/126 127/127/127 127/127/127 
f 127/127/127 128/128/128 127/127/127 
f 127/127/127 128/128/128 129/129/129 
f 128/128/128 130/130/130 129/129/129 
f 129/129/129 130/130/130 130/130/130 
f 130/130/130 128/128/128 130/130/130 
f 130/130/130 128/128/128 128/128/128 
f 128/128/128 131/131/131 128/128/128 
f 128/128/128 131/131/131 130/130/130 
f 131/131/131 132/132/132 130/130/130 
f 130/130/130 132/132/132 132/132/132 
f 132/132/132 131/131/131 132/132/132 
f 132/132/132 131/131/131 131/131/131 
f 131/131/131 133/133/133 131/131/131 
f 131/131/131 133/133/133 132/132/132 
f 133/133/133 134/134/134 132/132/132 
f 132/132/132 134/134/134 134/134/134 
f 134/134/134 133/133/133 134/134/134 
f 134/134/134 133/133/133 133/133/133 
f 133/133/133 135/135/135 133/133/133 
f 133/133/133 135/135/135 134/134/134 
f 135/135/135 136/136/136 134/134/134 
f 134/134/134 136/136/136 136/136/136 
f 136/136/136 137/137/137 136/136/136 
f 136/136/136 137/137/137 137/137/137 
f 137/137/137 138/138/138 137/137/137 
f 137/137/137 138/138/138 139/139/139 
f 138/138/138 140/140/140 139/139/139 
f 139/139/139 140/140/140 140/140/140 
f 140/140/140 141/141/141 140/140/140 
f 140/140/140 141/141/141 141/141/141 
f 141/141/141 142/142/142 141/141/141 
f 141/141/141 142/142/142 143/143/143 
f 142/142/142 144/144/144 143/143/143 
f 143/143/143 144/144/144 144/144/144 
f 144/144/144 145/145/145 144/144/144 
f 144/144/144 145/145/145 145/145/145 
f 145/145/145 146/146/146 145/145/145 
f 145/145/145 146/146/146 147/147/147 
f 146/146/146 148/148/148 147/147/147 
f 147/147/147 148/148/148 149/149/149 
f 148/148/148 150/150/150 149/149/149 
f 149/149/149 150/150/150 150/150/150 
f 150/150/150 151/151/151 150/150/150 
f 150/150/150 151/151/151 151/151/151 
f 151/151/151 152/152/152 151/151/151 
f 151/151/151 152/152/152 153/153/153 
f 152/152/152 154/154/154 153/153/153 
f 153/153/153 154/154/154 154/154/154 
f 154/154/154 152/152/152 154/154/154 
f 154/154/154 152/152/152 155/155/155 
f 152/152/152 156/156/156 155/155/155 
f 155/155/155 156/156/156 156/156/156 
f 156/156/156 152/152/152 156/156/156 
f 156/156/156 152/152/152 157/157/157 
f 152/152/152 158/158/158 157/157/157 
f 157/157/157 158/158/158 159/159/159 
f 158/158/158 160/160/160 159/159/159 
f 159/159/159 160/160/160 161/161/161 
f 160/160/160 162/162/162 161/161/161 
f 161/161/161 162/162/162 163/163/163 
f 162/162/162 164/164/164 163/163/163 
f 163/163/163 164/164/164 165/165/165 
f 164/164/164 166/166/166 165/165/165 
f 165/165/165 166/166/166 167/167/167 
f 166/166/166 168/168/168 167/167/167 
f 167/167/167 168/168/168 169/169/169 
f 168/168/168 170/170/170 169/169/169 
f 169/169/169 170/170/170 171/171/171 
f 170/170/170 172/172/172 171/171/171 
f 171/171/171 172/172/172 173/173/173 
f 172/172/172 173/173/173 173/173/173 
f 173/173/173 173/173/173 173/173/173 
f 173/173/173 174/174/174 173/173/173 
f 173/173/173 174/174/174 171/171/171 
f 174/174/174 175/175/175 171/171/171 
f 171/171/171 175/175/175 169/169/169 
f 175/175/175 176/176/176 169/169/169 
f 169/169/169 176/176/176 167/167/167 
f 176/176/176 177/177/177 167/167/167 
f 167/167/167 177/177/177 165/165/165 
f 177/177/177 178/178/178 165/165/165 
f 165/165/165 178/178/178 163/163/163 
f 178/178/178 179/179/179 163/163/163 
f 163/163/163 179/179/179 161/161/161 
f 179/179/179 180/180/180 161/161/161 
f 161/161/161 180/180/180 159/159/159 
f 180/180/180 181/181/181 159/159/159 
f 159/159/159 181/181/181 157/157/157 
f 181/181/181 182/182/182 157/157/157 
f 157/157/157 182/182/182 156/156/156 
f 182/182/182 156/156/156 156/156/156 
f 156/156/156 156/156/156 174/174/174 
f 156/156/156 174/174/174 174/174/174 
f 174/174/174 174/174/174 174/174/174 
f 174/174/174 173/173/173 174/174/174 
f 174/174/174 173/173/173 183/183/183 
f 173/173/173 184/184/184 183/183/183 
f 183/183/183 184/184/184 185/185/185 
f 184/184/184 186/186/186 185/185/185 
f 185/185/185 186/186/186 187/187/187 
f 186/186/186 188/188/188 187/187/187 
f 187/187/187 188/188/188 189/189/189 
f 188/188/188 189/189/189 189/189/189 
f 189/189/189 189/189/189 184/184/184 
f 189/189/189 184/184/184 184/184/184 
f 184/184/184 184/184/184 184/184/184 
f 184/184/184 190/190/190 184/184/184 
f 184/184/184 190/190/190 186/186/186 
f 190/190/190 191/191/191 186/186/186 
f 186/186/186 191/191/191 188/188/188 
f 191/191/191 188/188/188 188/188/188 
f 188/188/188 188/188/188 192/192/192 
f 188/188/188 192/192/192 192/192/192 
f 192/192/192 192/192/192 192/192/192 
f 192/192/192 193/193/193 192/192/192 
f 192/192/192 193/193/193 194/194/194 
f 193/193/193 195/195/195 194/194/194 
f 194/194/194 195/195/195 195/195/195 
f 195/195/195 193/193/193 195/195/195 
f 195/195/195 193/193/193 193/193/193 
f 193/193/193 196/196/196 193/193/193 
f 193/193/193 196/196/196 195/195/195 
f 196/196/196 197/197/197 195/195/195 
f 195/195/195 197/197/197 197/197/197 
f 197/197/197 198/198/198 197/197/197 
f 197/197/197 198/198/198 198/198/198 
f 198/198/198 199/199/199 198/198/198 
f 198/198/198 199/199/199 200/200/200 
f 199/199/199 201/201/201 200/200/200 
f 200/200/200 201/201/201 201/201/201 
f 201/201/201 202/202/202 201/201/201 
f 201/201/201 202/202/202 202/202/202 
f 202/202/202 203/203/203 202/202/202 
f 202/202/202 203/203/203 204/204/204 
f 203/203/203 205/205/205 204/204/204 
f 204/204/204 205/205/205 206/206/206 
f 205/205/205 206/206/206 206/206/206 
f 206/206/206 206/206/206 207/207/207 
f 206/206/206 207/207/207 207/207/207 
f 207/207/207 207/207/207 207/207/207 
f 207/207/207 208/208/208 207/207/207 
f 207/207/207 208/208/208 193/193/193 
f 208/208/208 209/209/209 193/193/193 
f 193/193/193 209/209/209 209/209/209 
f 209/209/209 208/208/208 209/209/209 
f 209/209/209 208/208/208 208/208/208 
f 208/208/208 210/210/210 208/208/208 
f 208/208/208 210/210/210 209/209/209 
f 210/210/210 211/211/211 209/209/209 
f 209/209/209 211/211/211 211/211/211 
f 211/211/211 212/212/212 211/211/211 
f 211/211/211 212/212/212 212/212/212 
f 212/212/212 213/213/213 212/212/212 
f 212/212/212 213/213/213 214/214/214 
f 213/213/213 215/215/215 214/214/214 
f 214/214/214 215/215/215 215/215/215 
f 215/215/215 216/216/216 215/215/215 
f 215/215/215 216/216/216 216/216/216 
f 216/216/216 217/217/217 216/216/216 
f 216/216/216 217/217/217 218/218/218 
f 217/217/217 219/219/219 218/218/218 
f 218/218/218 219/219/219 220/220/220 
f 219/219/219 221/221/221 220/220/220 
f 220/220/220 221/221/221 221/221/221 
f 221/221/221 217/217/217 221/221/221 
f 221/221/221 217/217/217 217/217/217 
f 217/217/217 222/222/222 217/217/217 
f 217/217/217 222/222/222 219/219/219 
f 222/222/222 223/223/223 219/219/219 
f 219/219/219 223/223/223 221/221/221 
f 223/223/223 224/224/224 221/221/221 
f 221/221/221 224/224/224 224/224/224 
f 224/224/224 222/222/222 224/224/224 
f 224/224/224 222/222/222 222/222/222 
f 222/222/222 225/225/225 222/222/222 
f 222/222/222 225/225/225 223/223/223 
f 225/225/225 226/226/226 223/223/223 
f 223/223/223 226/226/226 224/224/224 
f 226/226/226 227/227/227 224/224/224 
f 224/224/224 227/227/227 227/227/227 
f 227/227/227 225/225/225 227/227/227 
f 227/227/227 225/225/225 225/225/225 
f 225/225/225 228/228/228 225/225/225 
f 225/225/225 228/228/228 226/226/226 
f 228/228/228 229/229/229 226/226/226 
f 226/226/226 229/229/229 229/229/229 
f 229/229/229 228/228/228 229/229/229 
f 229/229/229 228/228/228 228/228/228 
f 228/228/228 230/230/230 228/228/228 
f 228/228/228 230/230/230 229/229/229 
f 230/230/230 231/231/231 229/229/229 
f 229/229/229 231/231/231 231/231/231 
f 231/231/231 232/232/232 231/231/231 
f 231/231/231 232/232/232 232/232/232 
f 232/232/232 233/233/233 232/232/232 
f 232/232/232 233/233/233 234/234/234 
f 233/233/233 235/235/235 234/234/234 
f 234/234/234 235/235/235 236/236/236 
f 235/235/235 237/237/237 236/236/236 
f 236/236/236 237/237/237 238/238/238 
f 237/237/237 239/239/239 238/238/238 
f 238/238/238 239/239/239 239/239/239 
f 239/239/239 233/233/233 239/239/239 
f 239/239/239 233/233/233 233/233/233 
f 233/233/233 240/240/240 233/233/233 
f 233/233/233 240/240/240 235/235/235 
f 240/240/240 241/241/241 235/235/235 
f 235/235/235 241/241/241 237/237/237 
f 241/241/241 242/242/242 237/237/237 
f 237/237/237 242/242/242 239/239/239 
f 242/242/242 243/243/243 239/239/239 
f 239/239/239 243/243/243 243/243/243 
f 243/243/243 240/240/240 243/243/243 
f 243/243/243 240/240/240 240/240/240 
f 240/240/240 244/244/244 240/240/240 
f 240/240/240 244/244/244 241/241/241 
f 244/244/244 245/245/245 241/241/241 
f 241/241/241 245/245/245 242/242/242 
f 245/245/245 246/246/246 242/242/242 
f 242/242/242 246/246/246 243/243/243 
f 246/246/246 247/247/247 243/243/243 
f 243/243/243 247/247/247 247/247/247 
f 247/247/247 245/245/245 247/247/247 
f 247/247/247 245/245/245 245/245/245 
f 245/245/245 248/248/248 245/245/245 
f 245/245/245 248/248/248 246/246/246 
f 248/248/248 249/249/249 246/246/246 
f 246/246/246 249/249/249 247/247/247 
f 249/249/249 250/250/250 247/247/247 
f 247/247/247 250/250/250 250/250/250 
f 250/250/250 251/251/251 250/250/250 
f 250/250/250 251/251/251 251/251/251 
f 251/251/251 252/252/252 251/251/251 
f 251/251/251 252/252/252 253/253/253 
f 252/252/252 254/254/254 253/253/253 
f 253/253/253 254/254/254 254/254/254 
f 254/254/254 255/255/255 254/254/254 
f 254/254/254 255/255/255 255/255/255 
f 255/255/255 256/256/256 255/255/255 
f 255/255/255 256/256/256 257/257/257 
f 256/256/256 258/258/258 257/257/257 
f 257/257/257 258/258/258 258/258/258 
f 258/258/258 259/259/259 258/258/258 
f 258/258/258 259/259/259 259/259/259 
f 259/259/259 260/260/260 259/259/259 
f 259/259/259 260/260/260 261/261/261 
f 260/260/260 262/262/262 261/261/261 
f 261/261/261 262/262/262 262/262/262 
f 262/262/262 263/263/263 262/262/262 
f 262/262/262 263/263/263 263/263/263 
f 263/263/263 264/264/264 263/263/263 
f 263/263/263 264/264/264 265/265/265 
f 264/264/264 266/266/266 265/265/265 
f 265/265/265 266/266/266 266/266/266 
f 266/266/266 264/264/264 266/266/266 
f 266/266/266 264/264/264 264/264/264 
f 264/264/264 267/267/267 264/264/264 
f 264/264/264 267/267/267 266/266/266 
f 267/267/267 268/268/268 266/266/266 
f 266/266/266 268/268/268 268/268/268 
f 268/268/268 267/267/267 268/268/268 
f 268/268/268 267/267/267 267/267/267 
f 267/267/267 269/269/269 267/267/267 
f 267/267/267 269/269/269 268/268/268 
f 269/269/269 270/270/270 268/268/268 
f 268/268/268 270/270/270 270/270/270 
f 270/270/270 271/271/271 270/270/270 
f 270/270/270 271/271/271 271/271/271 
f 271/271/271 272/272/272 271/271/271 
f 271/271/271 272/272/272 273/273/273 
f 272/272/272 274/274/274 273/273/273 
f 273/273/273 274/274/274 274/274/274 
f 274/274/274 272/272/272 274/274/274 
f 274/274/274 272/272/272 272/272/272 
f 272/272/272 275/275/275 272/272/272 
f 272/272/272 275/275/275 274/274/274 
f 275/275/275 276/276/276 274/274/274 
f 274/274/274 276/276/276 276/276/276 
f 276/276/276 277/277/277 276/276/276 
f 276/276/276 277/277/277 277/277/277 
f 277/277/277 278/278/278 277/277/277 
f 277/277/277 278/278/278 279/279/279 
f 278/278/278 280/280/280 279/279/279 
f 279/279/279 280/280/280 280/280/280 
f 280/280/280 281/281/281 280/280/280 
f 280/280/280 281/281/281 281/281/281 
f 281/281/281 282/282/282 281/281/281 
f 281/281/281 282/282/282 283/283/283 
f 282/282/282 284/284/284 283/283/283 
f 283/283/283 284/284/284 285/285/285 
f 284/284/284 286/286/286 285/285/285 
f 285/285/285 286/286/286 286/286/286 
f 286/286/286 282/282/282 286/286/286 
f 286/286/286 282/282/282 282/282/282 
f 282/282/282 287/287/287 282/282/282 
f 282/282/282 287/287/287 284/284/284 
f 287/287/287 288/288/288 284/284/284 
f 284/284/284 288/288/288 286/286/286 
f 288/288/288 289/289/289 286/286/286 
f 286/286/286 289/289/289 289/289/289 
f 289/289/289 287/287/287 289/289/289 
f 289/289/289 287/287/287 287/287/287 
f 287/287/287 290/290/290 287/287/287 
f 287/287/287 290/290/290 288/288/288 
f 290/290/290 291/291/291 288/288/288 
f 288/288/288 291/291/291 289/289/289 
f 291/291/291 292/292/292 289/289/289 
f 289/289/289 292/292/292 292/292/292 
f 292/292/292 290/290/290 292/292/292 
f 292/292/292 290/290/290 290/290/290 
f 290/290/290 293/293/293 290/290/290 
f 290/290/290 293/293/293 291/291/291 
f 293/293/293 294/294/294 291/291/291 
f 291/291/291 294/294/294 292/292/292 
f 294/294/294 295/295/295 292/292/292 
f 292/292/292 295/295/295 295/295/295 
f 295/295/295 293/293/293 295/295/295 
f 295/295/295 293/293/293 293/293/293 
f 293/293/293 296/296/296 293/293/293 
f 293/293/293 296/296/296 294/294/294 
f 296/296/296 297/297/297 294/294/294 
f 294/294/294 297/297/297 295/295/295 
f 297/297/297 295/295/295 295/295/295 
f 295/295/295 295/295/295 14/14/14 
f 295/295/295 14/14/14 14/14/14 
f 14/14/14 14/14/14 14/14/14 
f 14/14/14 298/298/298 14/14/14 
f 14/14/14 298/298/298 12/12/12 
f 298/298/298 299/299/299 12/12/12 
f 12/12/12 299/299/299 299/299/299 
f 299/299/299 300/300/300 299/299/299 
f 299/299/299 300/300/300 300/300/300 
f 300/300/300 301/301/301 300/300/300 
f 300/300/300 301/301/301 302/302/302 
f 301/301/301 303/303/303 302/302/302 
f 302/302/302 303/303/303 304/304/304 
f 303/303/303 305/305/305 304/304/304 
f 304/304/304 305/305/305 306/306/306 
f 305/305/305 307/307/307 306/306/306 
f 306/306/306 307/307/307 307/307/307 
f 307/307/307 301/301/301 307/307/307 
f 307/307/307 301/301/301 301/301/301 
f 301/301/301 308/308/308 301/301/301 
f 301/301/301 308/308/308 303/303/303 
f 308/308/308 309/309/309 303/303/303 
f 303/303/303 309/309/309 305/305/305 
f 309/309/309 310/310/310 305/305/305 
f 305/305/305 310/310/310 310/310/310 
f 310/310/310 311/311/311 310/310/310 
f 310/310/310 311/311/311 311/311/311 
f 311/311/311 312/312/312 311/311/311 
f 311/311/311 312/312/312 313/313/313 
f 312/312/312 314/314/314 313/313/313 
f 313/313/313 314/314/314 314/314/314 
f 314/314/314 315/315/315 314/314/314 
f 314/314/314 315/315/315 315/315/315 
f 315/315/315 316/316/316 315/315/315 
f 315/315/315 316/316/316 317/317/317 
f 316/316/316 318/318/318 317/317/317 
f 317/317/317 318/318/318 318/318/318 
f 318/318/318 316/316/316 318/318/318 
f 318/318/318 316/316/316 316/316/316 
f 316/316/316 319/319/319 316/316/316 
f 316/316/316 319/319/319 318/318/318 
f 319/319/319 320/320/320 318/318/318 
f 318/318/318 320/320/320 320/320/320 
f 320/320/320 319/319/319 320/320/320 
f 320/320/320 319/319/319 319/319/319 
f 319/319/319 321/321/321 319/319/319 
f 319/319/319 321/321/321 320/320/320 
f 321/321/321 322/322/322 320/320/320 
f 320/320/320 322/322/322 322/322/322 
f 322/322/322 323/323/323 322/322/322 
f 322/322/322 323/323/323 323/323/323 
f 323/323/323 324/324/324 323/323/323 
f 323/323/323 324/324/324 325/325/325 
f 324/324/324 326/326/326 325/325/325 
f 325/325/325 326/326/326 326/326/326 
f 326/326/326 324/324/324 326/326/326 
f 326/326/326 324/324/324 324/324/324 
f 324/324/324 327/327/327 324/324/324 
f 324/324/324 327/327/327 326/326/326 
f 327/327/327 328/328/328 326/326/326 
f 326/326/326 328/328/328 328/328/328 
f 328/328/328 327/327/327 328/328/328 
f 328/328/328 327/327/327 327/327/327 
f 327/327/327 16/16/16 327/327/327 
f 327/327/327 16/16/16 328/328/328 
f 16/16/16 329/329/329 328/328/328 
f 328/328/328 329/329/329 329/329/329 
f 329/329/329 16/16/16 329/329/329 
f 329/329/329 16/16/16 16/16/16 
f 16/16/16 11/11/11 16/16/16 
f 16/16/16 11/11/11 329/329/329 
f 11/11/11 330/330/330 329/329/329 
f 329/329/329 330/330/330 330/330/330 
f 330/330/330 331/331/331 330/330/330 
f 330/330/330 331/331/331 331/331/331 
f 331/331/331 332/332/332 331/331/331 
f 331/331/331 332/332/332 333/333/333 
f 332/332/332 334/334/334 333/333/333 
f 333/333/333 334/334/334 335/335/335 
f 334/334/334 336/336/336 335/335/335 
f 335/335/335 336/336/336 337/337/337 
f 336/336/336 338/338/338 337/337/337 
f 337/337/337 338/338/338 339/339/339 
f 338/338/338 340/340/340 339/339/339 
f 339/339/339 340/340/340 340/340/340 
f 340/340/340 332/332/332 340/340/340 
f 340/340/340 332/332/332 332/332/332 
f 332/332/332 341/341/341 332/332/332 
f 332/332/332 341/341/341 334/334/334 
f 341/341/341 342/342/342 334/334/334 
f 334/334/334 342/342/342 336/336/336 
f 342/342/342 343/343/343 336/336/336 
f 336/336/336 343/343/343 338/338/338 
f 343/343/343 344/344/344 338/338/338 
f 338/338/338 344/344/344 340/340/340 
f 344/344/344 345/345/345 340/340/340 
f 340/340/340 345/345/345 345/345/345 
f 345/345/345 341/341/341 345/345/345 
f 345/345/345 341/341/341 341/341/341 
f 341/341/341 346/346/346 341/341/341 
f 341/341/341 346/346/346 342/342/342 
f 346/346/346 347/347/347 342/342/342 
f 342/342/342 347/347/347 343/343/343 
f 347/347/347 348/348/348 343/343/343 
f 343/343/343 348/348/348 344/344/344 
f 348/348/348 349/349/349 344/344/344 
f 344/344/344 349/349/349 350/350/350 
f 349/349/349 351/351/351 350/350/350 
f 350/350/350 351/351/351 352/352/352 
f 351/351/351 353/353/353 352/352/352 
f 352/352/352 353/353/353 353/353/353 
f 353/353/353 352/352/352 353/353/353 
f 353/353/353 352/352/352 352/352/352 
f 352/352/352 345/345/345 352/352/352 
f 352/352/352 345/345/345 350/350/350 
f 345/345/345 344/344/344 350/350/350 
f 350/350/350 344/344/344 344/344/344 
f 344/344/344 354/354/354 344/344/344 
f 344/344/344 354/354/354 354/354/354 
f 354/354/354 355/355/355 354/354/354 
f 354/354/354 355/355/355 356/356/356 
f 355/355/355 357/357/357 356/356/356 
f 356/356/356 357/357/357 357/357/357 
f 357/357/357 358/358/358 357/357/357 
f 357/357/357 358/358/358 358/358/358 
f 358/358/358 359/359/359 358/358/358 
f 358/358/358 359/359/359 360/360/360 
f 359/359/359 361/361/361 360/360/360 
f 360/360/360 361/361/361 362/362/362 
f 361/361/361 363/363/363 362/362/362 
f 362/362/362 363/363/363 364/364/364 
f 363/363/363 365/365/365 364/364/364 
f 364/364/364 365/365/365 365/365/365 
f 365/365/365 359/359/359 365/365/365 
f 365/365/365 359/359/359 359/359/359 
f 359/359/359 366/366/366 359/359/359 
f 359/359/359 366/366/366 361/361/361 
f 366/366/366 367/367/367 361/361/361 
f 361/361/361 367/367/367 363/363/363 
f 367/367/367 368/368/368 363/363/363 
f 363/363/363 368/368/368 365/365/365 
f 368/368/368 369/369/369 365/365/365 
f 365/365/365 369/369/369 369/369/369 
f 369/369/369 366/366/366 369/369/369 
f 369/369/369 366/366/366 366/366/366 
f 366/366/366 370/370/370 366/366/366 
f 366/366/366 370/370/370 367/367/367 
f 370/370/370 371/371/371 367/367/367 
f 367/367/367 371/371/371 368/368/368 
f 371/371/371 372/372/372 368/368/368 
f 368/368/368 372/372/372 369/369/369 
f 372/372/372 373/373/373 369/369/369 
f 369/369/369 373/373/373 373/373/373 
f 373/373/373 370/370/370 373/373/373 
f 373/373/373 370/370/370 370/370/370 
f 370/370/370 374/374/374 370/370/370 
f 370/370/370 374/374/374 371/371/371 
f 374/374/374 375/375/375 371/371/371 
f 371/371/371 375/375/375 372/372/372 
f 375/375/375 376/376/376 372/372/372 
f 372/372/372 376/376/376 373/373/373 
f 376/376/376 377/377/377 373/373/373 
f 373/373/373 377/377/377 377/377/377 
f 377/377/377 374/374/374 377/377/377 
f 377/377/377 374/374/374 374/374/374 
f 374/374/374 378/378/378 374/374/374 
f 374/374/374 378/378/378 375/375/375 
f 378/378/378 379/379/379 375/375/375 
f 375/375/375 379/379/379 376/376/376 
f 379/379/379 380/380/380 376/376/376 
f 376/376/376 380/380/380 377/377/377 
f 380/380/380 381/381/381 377/377/377 
f 377/377/377 381/381/381 381/381/381 
f 381/381/381 382/382/382 381/381/381 
f 381/381/381 382/382/382 382/382/382 
f 382/382/382 383/383/383 382/382/382 
f 382/382/382 383/383/383 384/384/384 
f 383/383/383 385/385/385 384/384/384 
f 384/384/384 385/385/385 385/385/385 
f 385/385/385 386/386/386 385/385/385 
f 385/385/385 386/386/386 386/386/386 
f 386/386/386 387/387/387 386/386/386 
f 386/386/386 387/387/387 388/388/388 
f 387/387/387 389/389/389 388/388/388 
f 388/388/388 389/389/389 390/390/390 
f 389/389/389 391/391/391 390/390/390 
f 390/390/390 391/391/391 391/391/391 
f 391/391/391 387/387/387 391/391/391 
f 391/391/391 387/387/387 387/387/387 
f 387/387/387 392/392/392 387/387/387 
f 387/387/387 392/392/392 389/389/389 
f 392/392/392 393/393/393 389/389/389 
f 389/389/389 393/393/393 391/391/391 
f 393/393/393 394/394/394 391/391/391 
f 391/391/391 394/394/394 394/394/394 
f 394/394/394 392/392/392 394/394/394 
f 394/394/394 392/392/392 392/392/392 
f 392/392/392 395/395/395 392/392/392 
f 392/392/392 395/395/395 393/393/393 
f 395/395/395 396/396/396 393/393/393 
f 393/393/393 396/396/396 394/394/394 
f 396/396/396 397/397/397 394/394/394 
f 394/394/394 397/397/397 397/397/397 
f 397/397/397 395/395/395 397/397/397 
f 397/397/397 395/395/395 395/395/395 
f 395/395/395 398/398/398 395/395/395 
f 395/395/395 398/398/398 396/396/396 
f 398/398/398 399/399/399 396/396/396 
f 396/396/396 399/399/399 397/397/397 
f 399/399/399 400/400/400 397/397/397 
f 397/397/397 400/400/400 400/400/400 
f 400/400/400 398/398/398 400/400/400 
f 400/400/400 398/398/398 398/398/398 
f 398/398/398 401/401/401 398/398/398 
f 398/398/398 401/401/401 399/399/399 
f 401/401/401 402/402/402 399/399/399 
f 399/399/399 402/402/402 400/400/400 
f 402/402/402 403/403/403 400/400/400 
f 400/400/400 403/403/403 403/403/403 
f 403/403/403 401/401/401 403/403/403 
f 403/403/403 401/401/401 401/401/401 
f 401/401/401 404/404/404 401/401/401 
f 401/401/401 404/404/404 402/402/402 
f 404/404/404 405/405/405 402/402/402 
f 402/402/402 405/405/405 403/403/403 
f 405/405/405 406/406/406 403/403/403 
f 403/403/403 406/406/406 406/406/406 
f 406/406/406 404/404/404 406/406/406 
f 406/406/406 404/404/404 404/404/404 
f 404/404/404 407/407/407 404/404/404 
f 404/404/404 407/407/407 405/405/405 
f 407/407/407 408/408/408 405/405/405 
f 405/405/405 408/408/408 406/406/406 
f 408/408/408 409/409/409 406/406/406 
f 406/406/406 409/409/409 409/409/409 
f 409/409/409 407/407/407 409/409/409 
f 409/409/409 407/407/407 407/407/407 
f 407/407/407 410/410/410 407/407/407 
f 407/407/407 410/410/410 408/408/408 
f 410/410/410 411/411/411 408/408/408 
f 408/408/408 411/411/411 409/409/409 
f 411/411/411 412/412/412 409/409/409 
f 409/409/409 412/412/412 412/412/412 
f 412/412/412 410/410/410 412/412/412 
f 412/412/412 410/410/410 410/410/410 
f 410/410/410 413/413/413 410/410/410 
f 410/410/410 413/413/413 411/411/411 
f 413/413/413 414/414/414 411/411/411 
f 411/411/411 414/414/414 412/412/412 
f 414/414/414 415/415/415 412/412/412 
f 412/412/412 415/415/415 415/415/415 
f 415/415/415 413/413/413 415/415/415 
f 415/415/415 413/413/413 413/413/413 
f 413/413/413 416/416/416 413/413/413 
f 413/413/413 416/416/416 414/414/414 
f 416/416/416 417/417/417 414/414/414 
f 414/414/414 417/417/417 415/415/415 
f 417/417/417 418/418/418 415/415/415 
f 415/415/415 418/418/418 419/419/419 
f 418/418/418 420/420/420 419/419/419 
f 419/419/419 420/420/420 420/420/420 
f 420/420/420 416/416/416 420/420/420 
f 420/420/420 416/416/416 416/416/416 
f 416/416/416 421/421/421 416/416/416 
f 416/416/416 421/421/421 417/417/417 
f 421/421/421 422/422/422 417/417/417 
f 417/417/417 422/422/422 418/418/418 
f 422/422/422 423/423/423 418/418/418 
f 418/418/418 423/423/423 423/423/423 
f 423/423/423 421/421/421 423/423/423 
f 423/423/423 421/421/421 421/421/421 
f 421/421/421 424/424/424 421/421/421 
f 421/421/421 424/424/424 422/422/422 
f 424/424/424 425/425/425 422/422/422 
f 422/422/422 425/425/425 423/423/423 
f 425/425/425 426/426/426 423/423/423 
f 423/423/423 426/426/426 426/426/426 
f 426/426/426 427/427/427 426/426/426 
f 426/426/426 427/427/427 427/427/427 
f 427/427/427 428/428/428 427/427/427 
f 427/427/427 428/428/428 429/429/429 
f 428/428/428 430/430/430 429/429/429 
f 429/429/429 430/430/430 430/430/430 
f 430/430/430 431/431/431 430/430/430 
f 430/430/430 431/431/431 431/431/431 
f 431/431/431 432/432/432 431/431/431 
f 431/431/431 432/432/432 433/433/433 
f 432/432/432 434/434/434 433/433/433 
f 433/433/433 434/434/434 435/435/435 
f 434/434/434 436/436/436 435/435/435 
f 435/435/435 436/436/436 436/436/436 
f 436/436/436 432/432/432 436/436/436 
f 436/436/436 432/432/432 432/432/432 
f 432/432/432 437/437/437 432/432/432 
f 432/432/432 437/437/437 434/434/434 
f 437/437/437 438/438/438 434/434/434 
f 434/434/434 438/438/438 436/436/436 
f 438/438/438 439/439/439 436/436/436 
f 436/436/436 439/439/439 439/439/439 
f 439/439/439 437/437/437 439/439/439 
f 439/439/439 437/437/437 437/437/437 
f 437/437/437 440/440/440 437/437/437 
f 437/437/437 440/440/440 438/438/438 
f 440/440/440 441/441/441 438/438/438 
f 438/438/438 441/441/441 439/439/439 
f 441/441/441 442/442/442 439/439/439 
f 439/439/439 442/442/442 442/442/442 
f 442/442/442 440/440/440 442/442/442 
f 442/442/442 440/440/440 440/440/440 
f 440/440/440 443/443/443 440/440/440 
f 440/440/440 443/443/443 441/441/441 
f 443/443/443 444/444/444 441/441/441 
f 441/441/441 444/444/444 442/442/442 
f 444/444/444 445/445/445 442/442/442 
f 442/442/442 445/445/445 445/445/445 
f 445/445/445 443/443/443 445/445/445 
f 445/445/445 443/443/443 443/443/443 
f 443/443/443 446/446/446 443/443/443 
f 443/443/443 446/446/446 444/444/444 
f 446/446/446 447/447/447 444/444/444 
f 444/444/444 447/447/447 445/445/445 
f 447/447/447 448/448/448 445/445/445 
f 445/445/445 448/448/448 448/448/448 
f 448/448/448 446/446/446 448/448/448 
f 448/448/448 446/446/446 446/446/446 
f 446/446/446 449/449/449 446/446/446 
f 446/446/446 449/449/449 447/447/447 
f 449/449/449 450/450/450 447/447/447 
f 447/447/447 450/450/450 448/448/448 
f 450/450/450 451/451/451 448/448/448 
f 448/448/448 451/451/451 452/452/452 
f 451/451/451 453/453/453 452/452/452 
f 452/452/452 453/453/453 453/453/453 
f 453/453/453 449/449/449 453/453/453 
f 453/453/453 449/449/449 449/449/449 
f 449/449/449 446/446/446 449/449/449 
f 449/449/449 446/446/446 454/454/454 
f 446/446/446 455/455/455 454/454/454 
f 454/454/454 455/455/455 455/455/455 
f 455/455/455 446/446/446 455/455/455 
f 455/455/455 446/446/446 446/446/446 
f 446/446/446 443/443/443 446/446/446 
f 446/446/446 443/443/443 455/455/455 
f 443/443/443 456/456/456 455/455/455 
f 455/455/455 456/456/456 456/456/456 
f 456/456/456 443/443/443 456/456/456 
f 456/456/456 443/443/443 443/443/443 
f 443/443/443 440/440/440 443/443/443 
f 443/443/443 440/440/440 456/456/456 
f 440/440/440 457/457/457 456/456/456 
f 456/456/456 457/457/457 457/457/457 
f 457/457/457 440/440/440 457/457/457 
f 457/457/457 440/440/440 440/440/440 
f 440/440/440 437/437/437 440/440/440 
f 440/440/440 437/437/437 457/457/457 
f 437/437/437 458/458/458 457/457/457 
f 457/457/457 458/458/458 458/458/458 
f 458/458/458 437/437/437 458/458/458 
f 458/458/458 437/437/437 437/437/437 
f 437/437/437 432/432/432 437/437/437 
f 437/437/437 432/432/432 458/458/458 
f 432/432/432 459/459/459 458/458/458 
f 458/458/458 459/459/459 459/459/459 
f 459/459/459 435/435/435 459/459/459 
f 459/459/459 435/435/435 435/435/435 
f 435/435/435 460/460/460 435/435/435 
f 435/435/435 460/460/460 433/433/433 
f 460/460/460 461/461/461 433/433/433 
f 433/433/433 461/461/461 461/461/461 
f 461/461/461 462/462/462 461/461/461 
f 461/461/461 462/462/462 462/462/462 
f 462/462/462 463/463/463 462/462/462 
f 462/462/462 463/463/463 464/464/464 
f 463/463/463 465/465/465 464/464/464 
f 464/464/464 465/465/465 465/465/465 
f 465/465/465 466/466/466 465/465/465 
f 465/465/465 466/466/466 466/466/466 
f 466/466/466 467/467/467 466/466/466 
f 466/466/466 467/467/467 468/468/468 
f 467/467/467 469/469/469 468/468/468 
f 468/468/468 469/469/469 469/469/469 
f 469/469/469 244/244/244 469/469/469 
f 469/469/469 244/244/244 244/244/244 
f 244/244/244 470/470/470 244/244/244 
f 244/244/244 470/470/470 245/245/245 
f 470/470/470 471/471/471 245/245/245 
f 245/245/245 471/471/471 471/471/471 
f 471/471/471 472/472/472 471/471/471 
f 471/471/471 472/472/472 472/472/472 
f 472/472/472 473/473/473 472/472/472 
f 472/472/472 473/473/473 474/474/474 
f 473/473/473 475/475/475 474/474/474 
f 474/474/474 475/475/475 475/475/475 
f 475/475/475 473/473/473 475/475/475 
f 475/475/475 473/473/473 476/476/476 
f 473/473/473 477/477/477 476/476/476 
f 476/476/476 477/477/477 477/477/477 
f 477/477/477 478/478/478 477/477/477 
f 477/477/477 478/478/478 478/478/478 
f 478/478/478 479/479/479 478/478/478 
f 478/478/478 479/479/479 480/480/480 
f 479/479/479 481/481/481 480/480/480 
f 480/480/480 481/481/481 482/482/482 
f 481/481/481 483/483/483 482/482/482 
f 482/482/482 483/483/483 484/484/484 
f 483/483/483 485/485/485 484/484/484 
f 484/484/484 485/485/485 486/486/486 
f 485/485/485 487/487/487 486/486/486 
f 486/486/486 487/487/487 487/487/487 
f 487/487/487 479/479/479 487/487/487 
f 487/487/487 479/479/479 479/479/479 
f 479/479/479 488/488/488 479/479/479 
f 479/479/479 488/488/488 481/481/481 
f 488/488/488 489/489/489 481/481/481 
f 481/481/481 489/489/489 483/483/483 
f 489/489/489 490/490/490 483/483/483 
f 483/483/483 490/490/490 485/485/485 
f 490/490/490 491/491/491 485/485/485 
f 485/485/485 491/491/491 487/487/487 
f 491/491/491 487/487/487 487/487/487 
f 487/487/487 487/487/487 492/492/492 
f 487/487/487 492/492/492 492/492/492 
f 492/492/492 492/492/492 492/492/492 
f 492/492/492 493/493/493 492/492/492 
f 492/492/492 493/493/493 494/494/494 
f 493/493/493 495/495/495 494/494/494 
f 494/494/494 495/495/495 495/495/495 
f 495/495/495 493/493/493 495/495/495 
f 495/495/495 493/493/493 496/496/496 
f 493/493/493 497/497/497 496/496/496 
f 496/496/496 497/497/497 498/498/498 
f 497/497/497 499/499/499 498/498/498 
f 498/498/498 499/499/499 500/500/500 
f 499/499/499 501/501/501 500/500/500 
f 500/500/500 501/501/501 502/502/502 
f 501/501/501 503/503/503 502/502/502 
f 502/502/502 503/503/503 504/504/504 
f 503/503/503 505/505/505 504/504/504 
f 504/504/504 505/505/505 506/506/506 
f 505/505/505 507/507/507 506/506/506 
f 506/506/506 507/507/507 507/507/507 
f 507/507/507 497/497/497 507/507/507 
f 507/507/507 497/497/497 497/497/497 
f 497/497/497 508/508/508 497/497/497 
f 497/497/497 508/508/508 499/499/499 
f 508/508/508 509/509/509 499/499/499 
f 499/499/499 509/509/509 501/501/501 
f 509/509/509 510/510/510 501/501/501 
f 501/501/501 510/510/510 503/503/503 
f 510/510/510 511/511/511 503/503/503 
f 503/503/503 511/511/511 505/505/505 
f 511/511/511 512/512/512 505/505/505 
f 505/505/505 512/512/512 507/507/507 
f 512/512/512 513/513/513 507/507/507 
f 507/507/507 513/513/513 513/513/513 
f 513/513/513 508/508/508 513/513/513 
f 513/513/513 508/508/508 508/508/508 
f 508/508/508 514/514/514 508/508/508 
f 508/508/508 514/514/514 509/509/509 
f 514/514/514 515/515/515 509/509/509 
f 509/509/509 515/515/515 510/510/510 
f 515/515/515 516/516/516 510/510/510 
f 510/510/510 516/516/516 511/511/511 
f 516/516/516 517/517/517 511/511/511 
f 511/511/511 517/517/517 512/512/512 
f 517/517/517 518/518/518 512/512/512 
f 512/512/512 518/518/518 513/513/513 
f 518/518/518 519/519/519 513/513/513 
f 513/513/513 519/519/519 519/519/519 
f 519/519/519 514/514/514 519/519/519 
f 519/519/519 514/514/514 514/514/514 
f 514/514/514 520/520/520 514/514/514 
f 514/514/514 520/520/520 515/515/515 
f 520/520/520 521/521/521 515/515/515 
f 515/515/515 521/521/521 516/516/516 
f 521/521/521 522/522/522 516/516/516 
f 516/516/516 522/522/522 517/517/517 
f 522/522/522 523/523/523 517/517/517 
f 517/517/517 523/523/523 518/518/518 
f 523/523/523 524/524/524 518/518/518 
f 518/518/518 524/524/524 519/519/519 
f 524/524/524 525/525/525 519/519/519 
f 519/519/519 525/525/525 525/525/525 
f 525/525/525 520/520/520 525/525/525 
f 525/525/525 520/520/520 520/520/520 
f 520/520/520 526/526/526 520/520/520 
f 520/520/520 526/526/526 521/521/521 
f 526/526/526 527/527/527 521/521/521 
f 521/521/521 527/527/527 522/522/522 
f 527/527/527 528/528/528 522/522/522 
f 522/522/522 528/528/528 523/523/523 
f 528/528/528 529/529/529 523/523/523 
f 523/523/523 529/529/529 524/524/524 
f 529/529/529 530/530/530 524/524/524 
f 524/524/524 530/530/530 525/525/525 
f 530/530/530 531/531/531 525/525/525 
f 525/525/525 531/531/531 531/531/531 
f 531/531/531 526/526/526 531/531/531 
f 531/531/531 526/526/526 526/526/526 
f 526/526/526 532/532/532 526/526/526 
f 526/526/526 532/532/532 527/527/527 
f 532/532/532 533/533/533 527/527/527 
f 527/527/527 533/533/533 528/528/528 
f 533/533/533 534/534/534 528/528/528 
f 528/528/528 534/534/534 529/529/529 
f 534/534/534 535/535/535 529/529/529 
f 529/529/529 535/535/535 530/530/530 
f 535/535/535 536/536/536 530/530/530 
f 530/530/530 536/536/536 531/531/531 
f 536/536/536 537/537/537 531/531/531 
f 531/531/531 537/537/537 537/537/537 
f 537/537/537 538/538/538 537/537/537 
f 537/537/537 538/538/538 538/538/538 
f 538/538/538 539/539/539 538/538/538 
f 538/538/538 539/539/539 540/540/540 
f 539/539/539 541/541/541 540/540/540 
f 540/540/540 541/541/541 541/541/541 
f 541/541/541 542/542/542 541/541/541 
f 541/541/541 542/542/542 542/542/542 
f 542/542/542 543/543/543 542/542/542 
f 542/542/542 543/543/543 544/544/544 
f 543/543/543 545/545/545 544/544/544 
f 544/544/544 545/545/545 545/545/545 
f 545/545/545 543/543/543 545/545/545 
f 545/545/545 543/543/543 543/543/543 
f 543/543/543 546/546/546 543/543/543 
f 543/543/543 546/546/546 545/545/545 
f 546/546/546 547/547/547 545/545/545 
f 545/545/545 547/547/547 547/547/547 
f 547/547/547 546/546/546 547/547/547 
f 547/547/547 546/546/546 546/546/546 
f 546/546/546 548/548/548 546/546/546 
f 546/546/546 548/548/548 547/547/547 
f 548/548/548 549/549/549 547/547/547 
f 547/547/547 549/549/549 549/549/549 
f 549/549/549 548/548/548 549/549/549 
f 549/549/549 548/548/548 548/548/548 
f 548/548/548 550/550/550 548/548/548 
f 548/548/548 550/550/550 549/549/549 
f 550/550/550 551/551/551 549/549/549 
f 549/549/549 551/551/551 551/551/551 
f 551/551/551 339/339/339 551/551/551 
f 551/551/551 339/339/339 339/339/339 
f 339/339/339 552/552/552 339/339/339 
f 339/339/339 552/552/552 337/337/337 
f 552/552/552 553/553/553 337/337/337 
f 337/337/337 553/553/553 335/335/335 
f 553/553/553 335/335/335 335/335/335 
f 335/335/335 335/335/335 554/554/554 
f 335/335/335 554/554/554 554/554/554 
f 554/554/554 554/554/554 554/554/554 
f 554/554/554 555/555/555 554/554/554 
f 554/554/554 555/555/555 556/556/556 
f 555/555/555 557/557/557 556/556/556 
f 556/556/556 557/557/557 557/557/557 
f 557/557/557 555/555/555 557/557/557 
f 557/557/557 555/555/555 555/555/555 
f 555/555/555 558/558/558 555/555/555 
f 555/555/555 558/558/558 557/557/557 
f 558/558/558 559/559/559 557/557/557 
f 557/557/557 559/559/559 559/559/559 
f 559/559/559 560/560/560 559/559/559 
f 559/559/559 560/560/560 560/560/560 
f 560/560/560 561/561/561 560/560/560 
f 560/560/560 561/561/561 562/562/562 
f 561/561/561 563/563/563 562/562/562 
f 562/562/562 563/563/563 564/564/564 
f 563/563/563 565/565/565 564/564/564 
f 564/564/564 565/565/565 565/565/565 
f 565/565/565 566/566/566 565/565/565 
f 565/565/565 566/566/566 566/566/566 
f 566/566/566 567/567/567 566/566/566 
f 566/566/566 567/567/567 568/568/568 
f 567/567/567 569/569/569 568/568/568 
f 568/568/568 569/569/569 570/570/570 
f 569/569/569 571/571/571 570/570/570 
f 570/570/570 571/571/571 572/572/572 
f 571/571/571 573/573/573 572/572/572 
f 572/572/572 573/573/573 574/574/574 
f 573/573/573 575/575/575 574/574/574 
f 574/574/574 575/575/575 575/575/575 
f 575/575/575 567/567/567 575/575/575 
f 575/575/575 567/567/567 567/567/567 
f 567/567/567 576/576/576 567/567/567 
f 567/567/567 576/576/576 569/569/569 
f 576/576/576 577/577/577 569/569/569 
f 569/569/569 577/577/577 571/571/571 
f 577/577/577 578/578/578 571/571/571 
f 571/571/571 578/578/578 578/578/578 
f 578/578/578 576/576/576 578/578/578 
f 578/578/578 576/576/576 576/576/576 
f 576/576/576 579/579/579 576/576/576 
f 576/576/576 579/579/579 577/577/577 
f 579/579/579 580/580/580 577/577/577 
f 577/577/577 580/580/580 580/580/580 
f 580/580/580 581/581/581 580/580/580 
f 580/580/580 581/581/581 581/581/581 
f 581/581/581 582/582/582 581/581/581 
f 581/581/581 582/582/582 583/583/583 
f 582/582/582 584/584/584 583/583/583 
f 583/583/583 584/584/584 584/584/584 
f 584/584/584 582/582/582 584/584/584 
f 584/584/584 582/582/582 582/582/582 
f 582/582/582 585/585/585 582/582/582 
f 582/582/582 585/585/585 584/584/584 
f 585/585/585 586/586/586 584/584/584 
f 584/584/584 586/586/586 586/586/586 
f 586/586/586 585/585/585 586/586/586 
f 586/586/586 585/585/585 585/585/585 
f 585/585/585 587/587/587 585/585/585 
f 585/585/585 587/587/587 586/586/586 
f 587/587/587 588/588/588 586/586/586 
f 586/586/586 588/588/588 588/588/588 
f 588/588/588 587/587/587 588/588/588 
f 588/588/588 587/587/587 587/587/587 
f 587/587/587 589/589/589 587/587/587 
f 587/587/587 589/589/589 588/588/588 
f 589/589/589 590/590/590 588/588/588 
f 588/588/588 590/590/590 590/590/590 
f 590/590/590 591/591/591 590/590/590 
f 590/590/590 591/591/591 591/591/591 
f 591/591/591 592/592/592 591/591/591 
f 591/591/591 592/592/592 593/593/593 
f 592/592/592 594/594/594 593/593/593 
f 593/593/593 594/594/594 594/594/594 
f 594/594/594 595/595/595 594/594/594 
f 594/594/594 595/595/595 595/595/595 
f 595/595/595 596/596/596 595/595/595 
f 595/595/595 596/596/596 597/597/597 
f 596/596/596 598/598/598 597/597/597 
f 597/597/597 598/598/598 598/598/598 
f 598/598/598 596/596/596 598/598/598 
f 598/598/598 596/596/596 596/596/596 
f 596/596/596 599/599/599 596/596/596 
f 596/596/596 599/599/599 598/598/598 
f 599/599/599 600/600/600 598/598/598 
f 598/598/598 600/600/600 600/600/600 
f 600/600/600 599/599/599 600/600/600 
f 600/600/600 599/599/599 599/599/599 
f 599/599/599 601/601/601 599/599/599 
f 599/599/599 601/601/601 600/600/600 
f 601/601/601 602/602/602 600/600/600 
f 600/600/600 602/602/602 602/602/602 
f 602/602/602 603/603/603 602/602/602 
f 602/602/602 603/603/603 603/603/603 
f 603/603/603 604/604/604 603/603/603 
f 603/603/603 604/604/604 605/605/605 
f 604/604/604 606/606/606 605/605/605 
f 605/605/605 606/606/606 607/607/607 
f 606/606/606 608/608/608 607/607/607 
f 607/607/607 608/608/608 609/609/609 
f 608/608/608 610/610/610 609/609/609 
f 609/609/609 610/610/610 610/610/610 
f 610/610/610 611/611/611 610/610/610 
f 610/610/610 611/611/611 611/611/611 
f 611/611/611 612/612/612 611/611/611 
f 611/611/611 612/612/612 613/613/613 
f 612/612/612 614/614/614 613/613/613 
f 613/613/613 614/614/614 615/615/615 
f 614/614/614 616/616/616 615/615/615 
f 615/615/615 616/616/616 617/617/617 
f 616/616/616 618/618/618 617/617/617 
f 617/617/617 618/618/618 619/619/619 
f 618/618/618 620/620/620 619/619/619 
f 619/619/619 620/620/620 620/620/620 
f 620/620/620 612/612/612 620/620/620 
f 620/620/620 612/612/612 612/612/612 
f 612/612/612 621/621/621 612/612/612 
f 612/612/612 621/621/621 614/614/614 
f 621/621/621 622/622/622 614/614/614 
f 614/614/614 622/622/622 616/616/616 
f 622/622/622 623/623/623 616/616/616 
f 616/616/616 623/623/623 618/618/618 
f 623/623/623 624/624/624 618/618/618 
f 618/618/618 624/624/624 620/620/620 
f 624/624/624 625/625/625 620/620/620 
f 620/620/620 625/625/625 626/626/626 
f 625/625/625 627/627/627 626/626/626 
f 626/626/626 627/627/627 628/628/628 
f 627/627/627 629/629/629 628/628/628 
f 628/628/628 629/629/629 630/630/630 
f 629/629/629 630/630/630 630/630/630 
f 630/630/630 630/630/630 621/621/621 
f 630/630/630 621/621/621 621/621/621 
f 621/621/621 621/621/621 621/621/621 
f 621/621/621 631/631/631 621/621/621 
f 621/621/621 631/631/631 622/622/622 
f 631/631/631 632/632/632 622/622/622 
f 622/622/622 632/632/632 623/623/623 
f 632/632/632 633/633/633 623/623/623 
f 623/623/623 633/633/633 624/624/624 
f 633/633/633 634/634/634 624/624/624 
f 624/624/624 634/634/634 625/625/625 
f 634/634/634 635/635/635 625/625/625 
f 625/625/625 635/635/635 627/627/627 
f 635/635/635 636/636/636 627/627/627 
f 627/627/627 636/636/636 629/629/629 
f 636/636/636 629/629/629 629/629/629 
f 629/629/629 629/629/629 631/631/631 
f 629/629/629 631/631/631 631/631/631 
f 631/631/631 631/631/631 631/631/631 
f 631/631/631 621/621/621 631/631/631 
f 631/631/631 621/621/621 637/637/637 
f 621/621/621 638/638/638 637/637/637 
f 637/637/637 638/638/638 639/639/639 
f 638/638/638 639/639/639 639/639/639 
f 639/639/639 639/639/639 630/630/630 
f 639/639/639 630/630/630 630/630/630 
f 630/630/630 630/630/630 630/630/630 
f 630/630/630 640/640/640 630/630/630 
f 630/630/630 640/640/640 628/628/628 
f 640/640/640 641/641/641 628/628/628 
f 628/628/628 641/641/641 626/626/626 
f 641/641/641 642/642/642 626/626/626 
f 626/626/626 642/642/642 620/620/620 
f 642/642/642 643/643/643 620/620/620 
f 620/620/620 643/643/643 643/643/643 
f 643/643/643 640/640/640 643/643/643 
f 643/643/643 640/640/640 640/640/640 
f 640/640/640 644/644/644 640/640/640 
f 640/640/640 644/644/644 641/641/641 
f 644/644/644 645/645/645 641/641/641 
f 641/641/641 645/645/645 642/642/642 
f 645/645/645 646/646/646 642/642/642 
f 642/642/642 646/646/646 643/643/643 
f 646/646/646 643/643/643 643/643/643 
f 643/643/643 643/643/643 647/647/647 
f 643/643/643 647/647/647 647/647/647 
f 647/647/647 647/647/647 647/647/647 
f 647/647/647 648/648/648 647/647/647 
f 647/647/647 648/648/648 649/649/649 
f 648/648/648 650/650/650 649/649/649 
f 649/649/649 650/650/650 651/651/651 
f 650/650/650 652/652/652 651/651/651 
f 651/651/651 652/652/652 653/653/653 
f 652/652/652 653/653/653 653/653/653 
f 653/653/653 653/653/653 652/652/652 
f 653/653/653 652/652/652 652/652/652 
f 652/652/652 652/652/652 652/652/652 
f 652/652/652 650/650/650 652/652/652 
f 652/652/652 650/650/650 654/654/654 
f 650/650/650 648/648/648 654/654/654 
f 654/654/654 648/648/648 532/532/532 
f 648/648/648 532/532/532 532/532/532 
f 532/532/532 532/532/532 655/655/655 
f 532/532/532 655/655/655 655/655/655 
f 655/655/655 655/655/655 655/655/655 
f 655/655/655 656/656/656 655/655/655 
f 655/655/655 656/656/656 657/657/657 
f 656/656/656 658/658/658 657/657/657 
f 657/657/657 658/658/658 658/658/658 
f 658/658/658 656/656/656 658/658/658 
f 658/658/658 656/656/656 656/656/656 
f 656/656/656 659/659/659 656/656/656 
f 656/656/656 659/659/659 658/658/658 
f 659/659/659 660/660/660 658/658/658 
f 658/658/658 660/660/660 660/660/660 
f 660/660/660 649/649/649 660/660/660 
f 660/660/660 649/649/649 649/649/649 
f 649/649/649 651/651/651 649/649/649 
f 649/649/649 651/651/651 661/661/661 
f 651/651/651 662/662/662 661/661/661 
f 661/661/661 662/662/662 663/663/663 
f 662/662/662 664/664/664 663/663/663 
f 663/663/663 664/664/664 664/664/664 
f 664/664/664 651/651/651 664/664/664 
f 664/664/664 651/651/651 651/651/651 
f 651/651/651 653/653/653 651/651/651 
f 651/651/651 653/653/653 662/662/662 
f 653/653/653 665/665/665 662/662/662 
f 662/662/662 665/665/665 666/666/666 
f 665/665/665 667/667/667 666/666/666 
f 666/666/666 667/667/667 668/668/668 
f 667/667/667 668/668/668 668/668/668 
f 668/668/668 668/668/668 668/668/668 
f 668/668/668 669/669/669 668/668/668 
f 668/668/668 669/669/669 666/666/666 
f 669/669/669 664/664/664 666/666/666 
f 666/666/666 664/664/664 662/662/662 
f 664/664/664 662/662/662 662/662/662 
f 662/662/662 662/662/662 670/670/670 
f 662/662/662 670/670/670 670/670/670 
f 670/670/670 670/670/670 670/670/670 
f 670/670/670 671/671/671 670/670/670 
f 670/670/670 671/671/671 672/672/672 
f 671/671/671 673/673/673 672/672/672 
f 672/672/672 673/673/673 673/673/673 
f 673/673/673 671/671/671 673/673/673 
f 673/673/673 671/671/671 671/671/671 
f 671/671/671 674/674/674 671/671/671 
f 671/671/671 674/674/674 673/673/673 
f 674/674/674 675/675/675 673/673/673 
f 673/673/673 675/675/675 675/675/675 
f 675/675/675 676/676/676 675/675/675 
f 675/675/675 676/676/676 676/676/676 
f 676/676/676 677/677/677 676/676/676 
f 676/676/676 677/677/677 678/678/678 
f 677/677/677 679/679/679 678/678/678 
f 678/678/678 679/679/679 680/680/680 
f 679/679/679 681/681/681 680/680/680 
f 680/680/680 681/681/681 682/682/682 
f 681/681/681 683/683/683 682/682/682 
f 682/682/682 683/683/683 683/683/683 
f 683/683/683 684/684/684 683/683/683 
f 683/683/683 684/684/684 684/684/684 
f 684/684/684 685/685/685 684/684/684 
f 684/684/684 685/685/685 686/686/686 
f 685/685/685 687/687/687 686/686/686 
f 686/686/686 687/687/687 688/688/688 
f 687/687/687 689/689/689 688/688/688 
f 688/688/688 689/689/689 690/690/690 
f 689/689/689 691/691/691 690/690/690 
f 690/690/690 691/691/691 692/692/692 
f 691/691/691 693/693/693 692/692/692 
f 692/692/692 693/693/693 693/693/693 
f 693/693/693 685/685/685 693/693/693 
f 693/693/693 685/685/685 685/685/685 
f 685/685/685 694/694/694 685/685/685 
f 685/685/685 694/694/694 687/687/687 
f 694/694/694 695/695/695 687/687/687 
f 687/687/687 695/695/695 689/689/689 
f 695/695/695 696/696/696 689/689/689 
f 689/689/689 696/696/696 691/691/691 
f 696/696/696 697/697/697 691/691/691 
f 691/691/691 697/697/697 693/693/693 
f 697/697/697 698/698/698 693/693/693 
f 693/693/693 698/698/698 698/698/698 
f 698/698/698 696/696/696 698/698/698 
f 698/698/698 696/696/696 696/696/696 
f 696/696/696 699/699/699 696/696/696 
f 696/696/696 699/699/699 697/697/697 
f 699/699/699 700/700/700 697/697/697 
f 697/697/697 700/700/700 698/698/698 
f 700/700/700 701/701/701 698/698/698 
f 698/698/698 701/701/701 701/701/701 
f 701/701/701 700/700/700 701/701/701 
f 701/701/701 700/700/700 700/700/700 
f 700/700/700 702/702/702 700/700/700 
f 700/700/700 702/702/702 701/701/701 
f 702/702/702 703/703/703 701/701/701 
f 701/701/701 703/703/703 703/703/703 
f 703/703/703 686/686/686 703/703/703 
f 703/703/703 686/686/686 686/686/686 
f 686/686/686 688/688/688 686/686/686 
f 686/686/686 688/688/688 704/704/704 
f 688/688/688 705/705/705 704/704/704 
f 704/704/704 705/705/705 705/705/705 
f 705/705/705 688/688/688 705/705/705 
f 705/705/705 688/688/688 688/688/688 
f 688/688/688 690/690/690 688/688/688 
f 688/688/688 690/690/690 705/705/705 
f 690/690/690 706/706/706 705/705/705 
f 705/705/705 706/706/706 706/706/706 
f 706/706/706 707/707/707 706/706/706 
f 706/706/706 707/707/707 707/707/707 
f 707/707/707 708/708/708 707/707/707 
f 707/707/707 708/708/708 709/709/709 
f 708/708/708 710/710/710 709/709/709 
f 709/709/709 710/710/710 711/711/711 
f 710/710/710 712/712/712 711/711/711 
f 711/711/711 712/712/712 712/712/712 
f 712/712/712 708/708/708 712/712/712 
f 712/712/712 708/708/708 708/708/708 
f 708/708/708 713/713/713 708/708/708 
f 708/708/708 713/713/713 710/710/710 
f 713/713/713 714/714/714 710/710/710 
f 710/710/710 714/714/714 712/712/712 
f 714/714/714 715/715/715 712/712/712 
f 712/712/712 715/715/715 715/715/715 
f 715/715/715 713/713/713 715/715/715 
f 715/715/715 713/713/713 713/713/713 
f 713/713/713 716/716/716 713/713/713 
f 713/713/713 716/716/716 714/714/714 
f 716/716/716 717/717/717 714/714/714 
f 714/714/714 717/717/717 715/715/715 
f 717/717/717 718/718/718 715/715/715 
f 715/715/715 718/718/718 718/718/718 
f 718/718/718 716/716/716 718/718/718 
f 718/718/718 716/716/716 716/716/716 
f 716/716/716 719/719/719 716/716/716 
f 716/716/716 719/719/719 717/717/717 
f 719/719/719 720/720/720 717/717/717 
f 717/717/717 720/720/720 718/718/718 
f 720/720/720 721/721/721 718/718/718 
f 718/718/718 721/721/721 721/721/721 
f 721/721/721 719/719/719 721/721/721 
f 721/721/721 719/719/719 719/719/719 
f 719/719/719 722/722/722 719/719/719 
f 719/719/719 722/722/722 720/720/720 
f 722/722/722 723/723/723 720/720/720 
f 720/720/720 723/723/723 721/721/721 
f 723/723/723 724/724/724 721/721/721 
f 721/721/721 724/724/724 724/724/724 
f 724/724/724 722/722/722 724/724/724 
f 724/724/724 722/722/722 722/722/722 
f 722/722/722 719/719/719 722/722/722 
f 722/722/722 719/719/719 725/725/725 
f 719/719/719 726/726/726 725/725/725 
f 725/725/725 726/726/726 726/726/726 
f 726/726/726 719/719/719 726/726/726 
f 726/726/726 719/719/719 719/719/719 
f 719/719/719 716/716/716 719/719/719 
f 719/719/719 716/716/716 726/726/726 
f 716/716/716 727/727/727 726/726/726 
f 726/726/726 727/727/727 727/727/727 
f 727/727/727 716/716/716 727/727/727 
f 727/727/727 716/716/716 716/716/716 
f 716/716/716 713/713/713 716/716/716 
f 716/716/716 713/713/713 727/727/727 
f 713/713/713 728/728/728 727/727/727 
f 727/727/727 728/728/728 728/728/728 
f 728/728/728 713/713/713 728/728/728 
f 728/728/728 713/713/713 713/713/713 
f 713/713/713 708/708/708 713/713/713 
f 713/713/713 708/708/708 728/728/728 
f 708/708/708 729/729/729 728/728/728 
f 728/728/728 729/729/729 729/729/729 
f 729/729/729 730/730/730 729/729/729 
f 729/729/729 730/730/730 730/730/730 
f 730/730/730 731/731/731 730/730/730 
f 730/730/730 731/731/731 732/732/732 
f 731/731/731 733/733/733 732/732/732 
f 732/732/732 733/733/733 733/733/733 
f 733/733/733 734/734/734 733/733/733 
f 733/733/733 734/734/734 734/734/734 
f 734/734/734 735/735/735 734/734/734 
f 734/734/734 735/735/735 736/736/736 
f 735/735/735 737/737/737 736/736/736 
f 736/736/736 737/737/737 737/737/737 
f 737/737/737 738/738/738 737/737/737 
f 737/737/737 738/738/738 738/738/738 
f 738/738/738 739/739/739 738/738/738 
f 738/738/738 739/739/739 740/740/740 
f 739/739/739 741/741/741 740/740/740 
f 740/740/740 741/741/741 742/742/742 
f 741/741/741 743/743/743 742/742/742 
f 742/742/742 743/743/743 744/744/744 
f 743/743/743 745/745/745 744/744/744 
f 744/744/744 745/745/745 745/745/745 
f 745/745/745 694/694/694 745/745/745 
f 745/745/745 694/694/694 694/694/694 
f 694/694/694 746/746/746 694/694/694 
f 694/694/694 746/746/746 695/695/695 
f 746/746/746 747/747/747 695/695/695 
f 695/695/695 747/747/747 696/696/696 
f 747/747/747 696/696/696 696/696/696 
f 696/696/696 696/696/696 748/748/748 
f 696/696/696 748/748/748 748/748/748 
f 748/748/748 748/748/748 748/748/748 
f 748/748/748 749/749/749 748/748/748 
f 748/748/748 749/749/749 750/750/750 
f 749/749/749 751/751/751 750/750/750 
f 750/750/750 751/751/751 751/751/751 
f 751/751/751 752/752/752 751/751/751 
f 751/751/751 752/752/752 752/752/752 
f 752/752/752 753/753/753 752/752/752 
f 752/752/752 753/753/753 619/619/619 
f 753/753/753 617/617/617 619/619/619 
f 619/619/619 617/617/617 617/617/617 
f 617/617/617 753/753/753 617/617/617 
f 617/617/617 753/753/753 753/753/753 
f 753/753/753 754/754/754 753/753/753 
f 753/753/753 754/754/754 617/617/617 
f 754/754/754 615/615/615 617/617/617 
f 617/617/617 615/615/615 615/615/615 
f 615/615/615 754/754/754 615/615/615 
f 615/615/615 754/754/754 754/754/754 
f 754/754/754 755/755/755 754/754/754 
f 754/754/754 755/755/755 615/615/615 
f 755/755/755 613/613/613 615/615/615 
f 615/615/615 613/613/613 613/613/613 
f 613/613/613 755/755/755 613/613/613 
f 613/613/613 755/755/755 755/755/755 
f 755/755/755 756/756/756 755/755/755 
f 755/755/755 756/756/756 613/613/613 
f 756/756/756 757/757/757 613/613/613 
f 613/613/613 757/757/757 757/757/757 
f 757/757/757 758/758/758 757/757/757 
f 757/757/757 758/758/758 758/758/758 
f 758/758/758 759/759/759 758/758/758 
f 758/758/758 759/759/759 760/760/760 
f 759/759/759 761/761/761 760/760/760 
f 760/760/760 761/761/761 761/761/761 
f 761/761/761 762/762/762 761/761/761 
f 761/761/761 762/762/762 762/762/762 
f 762/762/762 763/763/763 762/762/762 
f 762/762/762 763/763/763 764/764/764 
f 763/763/763 765/765/765 764/764/764 
f 764/764/764 765/765/765 766/766/766 
f 765/765/765 767/767/767 766/766/766 
f 766/766/766 767/767/767 767/767/767 
f 767/767/767 763/763/763 767/767/767 
f 767/767/767 763/763/763 763/763/763 
f 763/763/763 768/768/768 763/763/763 
f 763/763/763 768/768/768 765/765/765 
f 768/768/768 769/769/769 765/765/765 
f 765/765/765 769/769/769 767/767/767 
f 769/769/769 770/770/770 767/767/767 
f 767/767/767 770/770/770 770/770/770 
f 770/770/770 768/768/768 770/770/770 
f 770/770/770 768/768/768 768/768/768 
f 768/768/768 771/771/771 768/768/768 
f 768/768/768 771/771/771 769/769/769 
f 771/771/771 772/772/772 769/769/769 
f 769/769/769 772/772/772 770/770/770 
f 772/772/772 773/773/773 770/770/770 
f 770/770/770 773/773/773 773/773/773 
f 773/773/773 771/771/771 773/773/773 
f 773/773/773 771/771/771 771/771/771 
f 771/771/771 774/774/774 771/771/771 
f 771/771/771 774/774/774 772/772/772 
f 774/774/774 775/775/775 772/772/772 
f 772/772/772 775/775/775 773/773/773 
f 775/775/775 776/776/776 773/773/773 
f 773/773/773 776/776/776 776/776/776 
f 776/776/776 774/774/774 776/776/776 
f 776/776/776 774/774/774 774/774/774 
f 774/774/774 777/777/777 774/774/774 
f 774/774/774 777/777/777 775/775/775 
f 777/777/777 778/778/778 775/775/775 
f 775/775/775 778/778/778 776/776/776 
f 778/778/778 779/779/779 776/776/776 
f 776/776/776 779/779/779 779/779/779 
f 779/779/779 780/780/780 779/779/779 
f 779/779/779 780/780/780 780/780/780 
f 780/780/780 597/597/597 780/780/780 
f 780/780/780 597/597/597 781/781/781 
f 597/597/597 782/782/782 781/781/781 
f 781/781/781 782/782/782 782/782/782 
f 782/782/782 759/759/759 782/782/782 
f 782/782/782 759/759/759 759/759/759 
f 759/759/759 783/783/783 759/759/759 
f 759/759/759 783/783/783 784/784/784 
f 783/783/783 785/785/785 784/784/784 
f 784/784/784 785/785/785 785/785/785 
f 785/785/785 786/786/786 785/785/785 
f 785/785/785 786/786/786 786/786/786 
f 786/786/786 787/787/787 786/786/786 
f 786/786/786 787/787/787 788/788/788 
f 787/787/787 789/789/789 788/788/788 
f 788/788/788 789/789/789 789/789/789 
f 789/789/789 790/790/790 789/789/789 
f 789/789/789 790/790/790 790/790/790 
f 790/790/790 791/791/791 790/790/790 
f 790/790/790 791/791/791 792/792/792 
f 791/791/791 793/793/793 792/792/792 
f 792/792/792 793/793/793 793/793/793 
f 793/793/793 791/791/791 793/793/793 
f 793/793/793 791/791/791 794/794/794 
f 791/791/791 795/795/795 794/794/794 
f 794/794/794 795/795/795 795/795/795 
f 795/795/795 796/796/796 795/795/795 
f 795/795/795 796/796/796 796/796/796 
f 796/796/796 797/797/797 796/796/796 
f 796/796/796 797/797/797 798/798/798 
f 797/797/797 799/799/799 798/798/798 
f 798/798/798 799/799/799 799/799/799 
f 799/799/799 800/800/800 799/799/799 
f 799/799/799 800/800/800 800/800/800 
f 800/800/800 801/801/801 800/800/800 
f 800/800/800 801/801/801 802/802/802 
f 801/801/801 803/803/803 802/802/802 
f 802/802/802 803/803/803 803/803/803 
f 803/803/803 804/804/804 803/803/803 
f 803/803/803 804/804/804 804/804/804 
f 804/804/804 805/805/805 804/804/804 
f 804/804/804 805/805/805 806/806/806 
f 805/805/805 807/807/807 806/806/806 
f 806/806/806 807/807/807 807/807/807 
f 807/807/807 805/805/805 807/807/807 
f 807/807/807 805/805/805 805/805/805 
f 805/805/805 808/808/808 805/805/805 
f 805/805/805 808/808/808 807/807/807 
f 808/808/808 809/809/809 807/807/807 
f 807/807/807 809/809/809 809/809/809 
f 809/809/809 347/347/347 809/809/809 
f 809/809/809 347/347/347 347/347/347 
f 347/347/347 810/810/810 347/347/347 
f 347/347/347 810/810/810 348/348/348 
f 810/810/810 349/349/349 348/348/348 
f 348/348/348 349/349/349 349/349/349 
f 349/349/349 810/810/810 349/349/349 
f 349/349/349 810/810/810 810/810/810 
f 810/810/810 811/811/811 810/810/810 
f 810/810/810 811/811/811 349/349/349 
f 811/811/811 812/812/812 349/349/349 
f 349/349/349 812/812/812 351/351/351 
f 812/812/812 813/813/813 351/351/351 
f 351/351/351 813/813/813 814/814/814 
f 813/813/813 815/815/815 814/814/814 
f 814/814/814 815/815/815 816/816/816 
f 815/815/815 817/817/817 816/816/816 
f 816/816/816 817/817/817 817/817/817 
f 817/817/817 816/816/816 817/817/817 
f 817/817/817 816/816/816 816/816/816 
f 816/816/816 353/353/353 816/816/816 
f 816/816/816 353/353/353 814/814/814 
f 353/353/353 351/351/351 814/814/814 
f 814/814/814 351/351/351 351/351/351 
f 351/351/351 811/811/811 351/351/351 
f 351/351/351 811/811/811 811/811/811 
f 811/811/811 818/818/818 811/811/811 
f 811/811/811 818/818/818 812/812/812 
f 818/818/818 813/813/813 812/812/812 
f 812/812/812 813/813/813 813/813/813 
f 813/813/813 818/818/818 813/813/813 
f 813/813/813 818/818/818 818/818/818 
f 818/818/818 231/231/231 818/818/818 
f 818/818/818 231/231/231 813/813/813 
f 231/231/231 819/819/819 813/813/813 
f 813/813/813 819/819/819 815/815/815 
f 819/819/819 815/815/815 815/815/815 
f 815/815/815 815/815/815 820/820/820 
f 815/815/815 820/820/820 820/820/820 
f 820/820/820 820/820/820 820/820/820 
f 820/820/820 821/821/821 820/820/820 
f 820/820/820 821/821/821 822/822/822 
f 821/821/821 823/823/823 822/822/822 
f 822/822/822 823/823/823 823/823/823 
f 823/823/823 824/824/824 823/823/823 
f 823/823/823 824/824/824 824/824/824 
f 824/824/824 825/825/825 824/824/824 
f 824/824/824 825/825/825 826/826/826 
f 825/825/825 827/827/827 826/826/826 
f 5/5/5 828/828/828 4/4/4 
f 8/8/8 7/7/7 829/829/829 
f 488/488/488 479/479/479 830/830/830 
f 644/644/644 640/640/640 831/831/831 
f 155/155/155 832/832/832 154/154/154 
f 690/690/690 692/692/692 706/706/706 
f 184/184/184 833/833/833 190/190/190 
f 612/612/612 638/638/638 621/621/621 
f 9/9/9 834/834/834 6/6/6 
f 283/283/283 285/285/285 835/835/835 
f 204/204/204 206/206/206 836/836/836 

