mtllib model_6.mtl
o model_6
v 5.96881103515625 29.768037796020508 -24.503042221069336 
v 6.0285210609436035 29.798555374145508 -24.572967529296875 
v 5.058234691619873 30.07733917236328 -24.878103256225586 
v 5.117944240570068 30.10580825805664 -24.94961929321289 
v 6.058375835418701 29.794458389282227 -24.616273880004883 
v 5.162726879119873 30.111600875854492 -25.011995315551758 
v -6.406074523925781 25.737653732299805 -18.858844757080078 
v -6.510566711425781 25.75180435180664 -18.901357650756836 
v -6.435929775238037 23.376920700073242 -16.5592041015625 
v -6.547885417938232 23.365154266357422 -16.568342208862305 
v -6.577740669250488 25.745832443237305 -18.9327449798584 
v -6.615058898925781 23.34673500061035 -16.582645416259766 
v -2.0920310020446777 17.725069046020508 -8.362287521362305 
v -1.4426853656768799 17.624650955200195 -8.13264274597168 
v -2.0696396827697754 17.750133514404297 -8.382948875427246 
v -1.4352216720581055 17.648693084716797 -8.154097557067871 
v 0.40832287073135376 30.329193115234375 -25.030275344848633 
v -1.3232654333114624 30.077194213867188 -24.610713958740234 
v 0.4008590579032898 30.299175262451172 -25.080333709716797 
v -1.315801739692688 30.0371150970459 -24.65521240234375 
v 0.4008590579032898 30.28944969177246 -25.12801170349121 
v -1.3307292461395264 30.027219772338867 -24.716398239135742 
v -2.69659423828125 29.795373916625977 -23.9869384765625 
v -2.711521625518799 29.74949836730957 -24.009187698364258 
v -2.7413766384124756 29.724258422851562 -24.042163848876953 
v -3.8086917400360107 29.39947509765625 -23.29124641418457 
v -3.8236193656921387 29.380714416503906 -23.33256721496582 
v -3.8086917400360107 29.438358306884766 -23.261051177978516 
v -4.853615760803223 28.437131881713867 -22.125934600830078 
v -4.876007080078125 28.383237838745117 -22.18115997314453 
v -5.473106384277344 27.405393600463867 -20.840633392333984 
v -5.495497703552246 27.365825653076172 -20.884735107421875 
v -6.2941179275512695 25.591678619384766 -18.90532875061035 
v -6.338900566101074 25.577009201049805 -18.943470001220703 
v -6.31650972366333 23.2653865814209 -16.645816802978516 
v -6.368755340576172 23.238271713256836 -16.666873931884766 
v -5.861220836639404 20.25503158569336 -13.446268081665039 
v -5.5552077293396 27.348087310791016 -20.92525863647461 
v -4.913325786590576 28.355777740478516 -22.229232788085938 
v 6.319607257843018 19.267805099487305 -12.1264009475708 
v 5.446349620819092 18.729732513427734 -10.97936725616455 
v 6.349462032318115 19.288785934448242 -12.06998348236084 
v 5.4762043952941895 18.74184226989746 -10.943212509155273 
v 6.424099445343018 19.29731559753418 -12.036609649658203 
v 5.535913944244385 18.72598648071289 -10.915400505065918 
v 5.513523101806641 18.6841983795166 -11.014727592468262 
v 6.416635990142822 19.236936569213867 -12.163747787475586 
v 5.558305263519287 18.668508529663086 -11.013535499572754 
v 6.476345539093018 19.230968475341797 -12.155007362365723 
v 6.961488723754883 20.083017349243164 -12.951220512390137 
v 7.588443279266357 22.06073760986328 -15.3342924118042 
v 7.0211992263793945 20.074832916259766 -12.957576751708984 
v 7.640689849853516 22.029870986938477 -15.331510543823242 
v 8.424382209777832 24.343456268310547 -18.470266342163086 
v 8.364672660827637 24.354372024536133 -18.448413848876953 
v 8.409455299377441 25.309045791625977 -19.579559326171875 
v 8.469164848327637 25.297107696533203 -19.602205276489258 
v 8.334817886352539 26.793991088867188 -21.435794830322266 
v 8.267643928527832 26.808488845825195 -21.411163330078125 
v 7.864602088928223 27.518646240234375 -22.330936431884766 
v 7.9317755699157715 27.5165958404541 -22.372655868530273 
v 7.304821014404297 28.211931228637695 -23.183568954467773 
v 7.371995449066162 28.208343505859375 -23.226476669311523 
v 6.670403003692627 29.09585189819336 -24.14228057861328 
v 6.603229522705078 29.099437713623047 -24.0993709564209 
v 5.931492328643799 29.56612205505371 -24.606340408325195 
v 5.96881103515625 29.56696891784668 -24.659181594848633 
v 7.0211992263793945 20.074832916259766 -12.957576751708984 
v 7.640689849853516 22.029870986938477 -15.331510543823242 
v 7.065981388092041 20.08370018005371 -12.9373140335083 
v 7.722790241241455 22.014698028564453 -15.289793014526367 
v 7.7750372886657715 22.025102615356445 -15.268339157104492 
v 8.513947486877441 24.36016845703125 -18.47066307067871 
v 8.558730125427246 24.383529663085938 -18.465896606445312 
v 8.618440628051758 25.345195770263672 -19.6049861907959 
v 8.633367538452148 25.367706298828125 -19.587505340576172 
v 8.491557121276855 26.845149993896484 -21.436193466186523 
v 8.506484031677246 26.869707107543945 -21.417123794555664 
v 8.081049919128418 27.588727951049805 -22.39689064025879 
v 8.095977783203125 27.61379623413086 -22.377424240112305 
v 7.551124572753906 28.30963706970215 -23.22806739807129 
v 7.55858850479126 28.346302032470703 -23.212968826293945 
v 6.8346052169799805 29.203624725341797 -24.15221405029297 
v 6.842068672180176 29.234323501586914 -24.128376007080078 
v 6.058375835418701 29.69980812072754 -24.689775466918945 
v 6.065840244293213 29.739030838012695 -24.672691345214844 
v 5.162726879119873 30.040996551513672 -25.066823959350586 
v 5.170190811157227 30.084312438964844 -25.04656219482422 
v 4.319324016571045 30.24953842163086 -25.199129104614258 
v 4.319324016571045 30.28978729248047 -25.181251525878906 
v 3.035560369491577 30.489286422729492 -25.347328186035156 
v 3.035560369491577 30.5179386138916 -25.3250789642334 
v 1.6920866966247559 30.520153045654297 -25.350109100341797 
v 1.6920866966247559 30.538230895996094 -25.322694778442383 
v 0.39339539408683777 30.491689682006836 -25.19833755493164 
v 0.39339539408683777 30.51028060913086 -25.1705265045166 
v -1.4725403785705566 30.204387664794922 -24.806190490722656 
v -1.480004072189331 30.231504440307617 -24.785133361816406 
v 3.035560369491577 30.538063049316406 -25.29607582092285 
v 4.31186056137085 30.314002990722656 -25.14906883239746 
v 5.162726879119873 30.111600875854492 -25.011995315551758 
v 6.065840244293213 29.771263122558594 -24.647661209106445 
v 6.849533557891846 29.264509201049805 -24.104934692382812 
v 7.566051959991455 28.376487731933594 -23.18952751159668 
v 8.103442192077637 27.64892578125 -22.36351776123047 
v 8.521411895751953 26.903303146362305 -21.404409408569336 
v 8.640830993652344 25.392776489257812 -19.568037033081055 
v 8.573657035827637 24.403995513916016 -18.45000457763672 
v 7.782500743865967 22.039600372314453 -15.243705749511719 
v 7.088372230529785 20.100072860717773 -12.924600601196289 
v 6.058375835418701 29.794458389282227 -24.616273880004883 
v 6.842068672180176 29.291624069213867 -24.083877563476562 
v 7.551124572753906 28.397125244140625 -23.160127639770508 
v 8.110905647277832 27.677064895629883 -22.341665267944336 
v 8.521411895751953 26.930418014526367 -21.383352279663086 
v 8.648295402526855 25.417333602905273 -19.548967361450195 
v 8.581121444702148 24.42753028869629 -18.43172836303711 
v 7.78996467590332 22.063135147094727 -15.22542953491211 
v 7.08090877532959 20.11098861694336 -12.902749061584473 
v 8.095977783203125 27.696168899536133 -22.313457489013672 
v 8.513947486877441 26.947986602783203 -21.35633659362793 
v 8.633367538452148 25.43984603881836 -19.531484603881836 
v 8.588584899902344 24.450551986694336 -18.413848876953125 
v 7.797428131103516 22.086669921875 -15.207154273986816 
v 7.065981388092041 20.128896713256836 -12.888843536376953 
v 8.581121444702148 24.471529006958008 -18.397560119628906 
v 7.782500743865967 22.107646942138672 -15.190864562988281 
v 7.051054000854492 20.147314071655273 -12.874540328979492 
v 6.961488723754883 20.083017349243164 -12.951220512390137 
v 6.476345539093018 19.230968475341797 -12.155007362365723 
v 6.916706562042236 20.09836769104004 -12.939301490783691 
v 6.416635990142822 19.236936569213867 -12.163747787475586 
v 6.87192440032959 20.123947143554688 -12.91943645477295 
v 6.356925964355469 19.248191833496094 -12.155007362365723 
v 7.528733730316162 22.134578704833984 -15.303699493408203 
v 7.543661117553711 22.091773986816406 -15.323564529418945 
v 6.961488723754883 20.083017349243164 -12.951220512390137 
v 7.588443279266357 22.06073760986328 -15.3342924118042 
v 8.319890022277832 24.37244987487793 -18.421001434326172 
v 8.364672660827637 24.354372024536133 -18.448413848876953 
v 8.29749870300293 24.407752990722656 -18.393587112426758 
v 8.334817886352539 25.36703109741211 -19.521156311035156 
v 8.357209205627441 25.32866096496582 -19.550952911376953 
v 8.215397834777832 26.830148696899414 -21.38096809387207 
v 8.267643928527832 26.808488845825195 -21.411163330078125 
v 7.8123555183410645 27.541841506958008 -22.299551010131836 
v 7.864602088928223 27.518646240234375 -22.330936431884766 
v 7.252575397491455 28.23069190979004 -23.142248153686523 
v 7.304821014404297 28.211931228637695 -23.183568954467773 
v 6.603229522705078 29.099437713623047 -24.0993709564209 
v 8.19300651550293 26.865623474121094 -21.340045928955078 
v 7.78996467590332 27.57884979248047 -22.257436752319336 
v 7.230184078216553 28.270771026611328 -23.097749710083008 
v 6.55098295211792 29.11819839477539 -24.05805015563965 
v 5.901637554168701 29.580963134765625 -24.554691314697266 
v 5.931492328643799 29.56612205505371 -24.606340408325195 
v 4.991060733795166 29.864343643188477 -24.936504364013672 
v 5.020915985107422 29.844385147094727 -24.992128372192383 
v 4.192440509796143 30.066570281982422 -25.127214431762695 
v 6.528592109680176 29.15827751159668 -24.013551712036133 
v 5.886710166931152 29.625133514404297 -24.50701332092285 
v 4.976133346557617 29.908687591552734 -24.875320434570312 
v 4.162585258483887 30.08294677734375 -25.074373245239258 
v 3.0280964374542236 30.316387176513672 -25.200719833374023 
v 3.0280964374542236 30.31160545349121 -25.257932662963867 
v 1.6920866966247559 30.328149795532227 -25.23171043395996 
v 1.6920866966247559 30.318424224853516 -25.279386520385742 
v 0.4008590579032898 30.28944969177246 -25.12801170349121 
v 4.155121803283691 30.129676818847656 -25.02471160888672 
v 3.0280964374542236 30.354930877685547 -25.157413482666016 
v 1.6920866966247559 30.357656478881836 -25.182044982910156 
v 0.4008590579032898 30.299175262451172 -25.080333709716797 
v 5.155263423919678 30.00364875793457 -25.095827102661133 
v 4.31186056137085 30.215261459350586 -25.22574806213379 
v 3.035560369491577 30.453645706176758 -25.361631393432617 
v 1.6920866966247559 30.492525100708008 -25.371564865112305 
v 0.39339539408683777 30.457582473754883 -25.211448669433594 
v -1.4576128721237183 30.17624855041504 -24.82804298400879 
v 1.6920866966247559 30.458417892456055 -25.384674072265625 
v 0.39339539408683777 30.429954528808594 -25.23290252685547 
v -1.4426853656768799 30.142654418945312 -24.840757369995117 
v -1.4277578592300415 30.111618041992188 -24.851484298706055 
v 0.39339539408683777 30.398406982421875 -25.244028091430664 
v -1.3979028463363647 30.071374893188477 -24.829235076904297 
v 0.4008590579032898 30.352535247802734 -25.226146697998047 
v -1.3531204462051392 30.02397346496582 -24.772418975830078 
v 0.4008590579032898 30.300870895385742 -25.186019897460938 
v 8.409455299377441 25.309045791625977 -19.579559326171875 
v 0.39339539408683777 30.429954528808594 -25.23290252685547 
v 1.6920866966247559 30.458417892456055 -25.384674072265625 
v 0.39339539408683777 30.398406982421875 -25.244028091430664 
v 1.6920866966247559 30.42738151550293 -25.395401000976562 
v 0.4008590579032898 30.352535247802734 -25.226146697998047 
v 1.6920866966247559 30.38150978088379 -25.377521514892578 
v 3.035560369491577 30.42107391357422 -25.373550415039062 
v 3.035560369491577 30.37417984008789 -25.356464385986328 
v 3.0280964374542236 30.322002410888672 -25.316734313964844 
v 1.6920866966247559 30.329845428466797 -25.337392807006836 
v 5.513523101806641 18.6841983795166 -11.014727592468262 
v 5.468740463256836 18.709606170654297 -11.008370399475098 
v 3.893890857696533 18.057981491088867 -9.668641090393066 
v 3.923745632171631 18.05030632019043 -9.674600601196289 
v 2.483243465423584 17.70269012451172 -8.767542839050293 
v 2.520561933517456 17.693992614746094 -8.774296760559082 
v 2.445924758911133 17.719572067260742 -8.75443172454834 
v 3.856571912765503 18.07332992553711 -9.656722068786621 
v 1.9085352420806885 17.641658782958984 -8.58756160736084 
v 1.9383902549743652 17.627504348754883 -8.585177421569824 
v -0.4500075876712799 17.474748611450195 -8.208925247192383 
v -0.4500075876712799 17.4914608001709 -8.209322929382324 
v 1.8786802291870117 17.655471801757812 -8.576834678649902 
v 0.4008590579032898 30.352535247802734 -25.226146697998047 
v 1.6920866966247559 30.38150978088379 -25.377521514892578 
v 0.4008590579032898 30.300870895385742 -25.186019897460938 
v 1.6920866966247559 30.329845428466797 -25.337392807006836 
v 5.96881103515625 29.768037796020508 -24.503042221069336 
v 6.670403003692627 29.282081604003906 -23.997661590576172 
v 6.0285210609436035 29.798555374145508 -24.572967529296875 
v 6.774895668029785 29.294185638427734 -24.041763305664062 
v 6.058375835418701 29.794458389282227 -24.616273880004883 
v 6.842068672180176 29.291624069213867 -24.083877563476562 
v 4.192440509796143 30.066570281982422 -25.127214431762695 
v 4.229759216308594 30.07338523864746 -25.188796997070312 
v 5.020915985107422 29.844385147094727 -24.992128372192383 
v 5.058234691619873 29.848642349243164 -25.05569839477539 
v 1.6920866966247559 30.329845428466797 -25.337392807006836 
v 1.6920866966247559 30.318424224853516 -25.279386520385742 
v 0.4008590579032898 30.300870895385742 -25.186019897460938 
v 0.4008590579032898 30.28944969177246 -25.12801170349121 
v 1.6920866966247559 30.4187068939209 -25.161386489868164 
v 1.6920866966247559 30.49970245361328 -25.205488204956055 
v 0.4008590579032898 30.390243530273438 -25.009614944458008 
v 0.4008590579032898 30.471240997314453 -25.0537166595459 
v 7.551124572753906 22.16851806640625 -15.263969421386719 
v 6.856997013092041 20.149700164794922 -12.886061668395996 
v 7.640689849853516 22.174148559570312 -15.219470977783203 
v 6.9017791748046875 20.170337677001953 -12.856661796569824 
v 4.31186056137085 30.314002990722656 -25.14906883239746 
v 3.035560369491577 30.538063049316406 -25.29607582092285 
v 4.282005310058594 30.312644958496094 -25.09662628173828 
v 3.035560369491577 30.532611846923828 -25.246809005737305 
v 4.229759216308594 30.28314971923828 -25.025903701782227 
v 3.0280964374542236 30.500558853149414 -25.17807388305664 
v 8.424382209777832 24.485687255859375 -18.35981559753418 
v 8.319890022277832 24.448171615600586 -18.362199783325195 
v 7.640689849853516 22.174148559570312 -15.219470977783203 
v 7.551124572753906 22.16851806640625 -15.263969421386719 
v 4.229759216308594 30.07338523864746 -25.188796997070312 
v 3.0280964374542236 30.322002410888672 -25.316734313964844 
v 4.274541854858398 30.127609252929688 -25.226940155029297 
v 3.035560369491577 30.37417984008789 -25.356464385986328 
v 4.304396629333496 30.178083419799805 -25.241243362426758 
v 3.035560369491577 30.42107391357422 -25.373550415039062 
v 4.192440509796143 30.066570281982422 -25.127214431762695 
v 3.0280964374542236 30.31160545349121 -25.257932662963867 
v 4.229759216308594 30.07338523864746 -25.188796997070312 
v 3.0280964374542236 30.322002410888672 -25.316734313964844 
v 1.6920866966247559 30.318424224853516 -25.279386520385742 
v 1.6920866966247559 30.329845428466797 -25.337392807006836 
v -5.861220836639404 20.25503158569336 -13.446268081665039 
v -5.391005516052246 19.147249221801758 -12.046143531799316 
v -5.9134674072265625 20.233375549316406 -13.436334609985352 
v -5.443251609802246 19.123374938964844 -12.051308631896973 
v 4.229759216308594 30.28314971923828 -25.025903701782227 
v 3.0280964374542236 30.500558853149414 -25.17807388305664 
v 4.17004919052124 30.194992065429688 -24.987363815307617 
v 3.0280964374542236 30.418027877807617 -25.135164260864258 
v -1.3979028463363647 30.071374893188477 -24.829235076904297 
v -1.3531204462051392 30.02397346496582 -24.772418975830078 
v -2.8458690643310547 29.731412887573242 -24.116857528686523 
v -2.786159038543701 29.70259666442871 -24.072359085083008 
v -2.8906514644622803 29.878408432006836 -24.109708786010742 
v -3.96543025970459 29.526338577270508 -23.393356323242188 
v -2.853332757949829 29.891542434692383 -24.072757720947266 
v -3.9430394172668457 29.53299331665039 -23.348064422607422 
v -2.786159038543701 29.898197174072266 -24.0274658203125 
v -3.898256778717041 29.526689529418945 -23.28608512878418 
v -3.96543025970459 29.526338577270508 -23.393356323242188 
v -2.8906514644622803 29.878408432006836 -24.109708786010742 
v -3.96543025970459 29.510305404663086 -23.41918182373047 
v -2.8981151580810547 29.849416732788086 -24.118844985961914 
v -3.950502872467041 29.481826782226562 -23.427921295166016 
v -2.8906514644622803 29.82042694091797 -24.12798309326172 
v -3.9430394172668457 29.453859329223633 -23.43626594543457 
v -2.8906514644622803 29.784955978393555 -24.1287784576416 
v -3.9281117916107178 29.42896270751953 -23.442224502563477 
v -2.8757240772247314 29.75954818725586 -24.135133743286133 
v -3.898256778717041 29.40082550048828 -23.423948287963867 
v -2.8458690643310547 29.731412887573242 -24.116857528686523 
v -1.4725403785705566 30.204387664794922 -24.806190490722656 
v -1.4576128721237183 30.17624855041504 -24.82804298400879 
v -1.4426853656768799 30.142654418945312 -24.840757369995117 
v -1.4277578592300415 30.111618041992188 -24.851484298706055 
v -1.3979028463363647 30.071374893188477 -24.829235076904297 
v -3.8236193656921387 29.380714416503906 -23.33256721496582 
v -4.913325786590576 28.355777740478516 -22.229232788085938 
v -3.846010684967041 29.372522354125977 -23.379051208496094 
v -4.97303581237793 28.352022171020508 -22.28565216064453 
v -5.5552077293396 27.348087310791016 -20.92525863647461 
v -5.629845142364502 27.345012664794922 -20.967771530151367 
v -1.3531204462051392 30.02397346496582 -24.772418975830078 
v 0.4008590579032898 30.300870895385742 -25.186019897460938 
v -1.3307292461395264 30.027219772338867 -24.716398239135742 
v 0.4008590579032898 30.28944969177246 -25.12801170349121 
v -3.8236193656921387 29.380714416503906 -23.33256721496582 
v -3.846010684967041 29.372522354125977 -23.379051208496094 
v -2.7413766384124756 29.724258422851562 -24.042163848876953 
v -2.786159038543701 29.70259666442871 -24.072359085083008 
v -0.4500075876712799 17.49146842956543 -8.129066467285156 
v 1.901071310043335 17.667926788330078 -8.513662338256836 
v -0.4574713110923767 17.514999389648438 -8.150918006896973 
v 1.8712165355682373 17.679349899291992 -8.531540870666504 
v 5.931492328643799 29.56612205505371 -24.606340408325195 
v 5.020915985107422 29.844385147094727 -24.992128372192383 
v 5.96881103515625 29.56696891784668 -24.659181594848633 
v 5.058234691619873 29.848642349243164 -25.05569839477539 
v -3.898256778717041 29.526689529418945 -23.28608512878418 
v -3.831083059310913 29.48065185546875 -23.24158477783203 
v -2.786159038543701 29.898197174072266 -24.0274658203125 
v -2.7189855575561523 29.85113525390625 -23.9837589263916 
v -3.898256778717041 29.40082550048828 -23.423948287963867 
v -2.8458690643310547 29.731412887573242 -24.116857528686523 
v -3.846010684967041 29.372522354125977 -23.379051208496094 
v -2.786159038543701 29.70259666442871 -24.072359085083008 
v 5.535913944244385 18.72598648071289 -10.915400505065918 
v 3.893890857696533 18.090389251708984 -9.589974403381348 
v 5.5806965827941895 18.715925216674805 -10.90983772277832 
v 3.923745632171631 18.087318420410156 -9.592358589172363 
v -5.099919319152832 28.442909240722656 -22.30869483947754 
v -5.047672748565674 28.402324676513672 -22.31346321105957 
v -5.801510810852051 27.42515754699707 -20.99915885925293 
v -5.734337329864502 27.390710830688477 -20.99915885925293 
v -6.503103256225586 25.60820960998535 -18.99949073791504 
v -4.97303581237793 28.352022171020508 -22.28565216064453 
v -5.629845142364502 27.345012664794922 -20.967771530151367 
v -1.3307292461395264 30.027219772338867 -24.716398239135742 
v -2.7413766384124756 29.724258422851562 -24.042163848876953 
v -1.3531204462051392 30.02397346496582 -24.772418975830078 
v -2.786159038543701 29.70259666442871 -24.072359085083008 
v 5.5806965827941895 18.715925216674805 -10.90983772277832 
v 3.923745632171631 18.087318420410156 -9.592358589172363 
v 5.603087902069092 18.704669952392578 -10.9185791015625 
v 3.946136951446533 18.07862091064453 -9.599112510681152 
v 5.618015289306641 18.69085693359375 -10.929306030273438 
v 3.961064338684082 18.073333740234375 -9.616593360900879 
v 5.632943153381348 18.6760196685791 -10.940828323364258 
v 3.975991725921631 18.062076568603516 -9.625334739685059 
v 5.6478705406188965 18.662717819213867 -10.951157569885254 
v 3.990919589996338 18.051334381103516 -9.63367748260498 
v 5.640406608581543 18.65384864807129 -10.971420288085938 
v 3.9834554195404053 18.046045303344727 -9.651159286499023 
v 5.603087902069092 18.651456832885742 -11.00002670288086 
v 3.961064338684082 18.040245056152344 -9.669037818908691 
v 2.520561933517456 17.737655639648438 -8.6868896484375 
v 2.5429532527923584 17.7274227142334 -8.694835662841797 
v 2.5578806400299072 17.715145111083984 -8.704370498657227 
v 2.572808265686035 17.708833694458008 -8.722646713256836 
v 2.587735652923584 17.69655418395996 -8.732182502746582 
v 2.5802719593048096 17.690242767333984 -8.750457763671875 
v 2.5578806400299072 17.683420181274414 -8.769131660461426 
v 1.9458539485931396 17.650192260742188 -8.514059066772461 
v 1.9607813358306885 17.639448165893555 -8.5224027633667 
v 1.9682451486587524 17.629215240478516 -8.530348777770996 
v 1.9831725358963013 17.618982315063477 -8.538294792175293 
v 1.9831725358963013 17.615230560302734 -8.554584503173828 
v 1.9607813358306885 17.617443084716797 -8.579614639282227 
v -0.4500075876712799 17.469640731811523 -8.132641792297363 
v -0.4500075876712799 17.459918975830078 -8.140190124511719 
v -0.4425438344478607 17.450199127197266 -8.14773941040039 
v -0.4425438344478607 17.440988540649414 -8.154891014099121 
v -0.4425438344478607 17.44678497314453 -8.177140235900879 
v -0.4500075876712799 17.454627990722656 -8.197800636291504 
v -0.5918186902999878 17.47458839416504 -8.102048873901367 
v -0.5918186902999878 17.464866638183594 -8.109598159790039 
v -0.5918186902999878 17.455657958984375 -8.116748809814453 
v -0.5918186902999878 17.453439712524414 -8.131847381591797 
v -0.5918186902999878 17.45326805114746 -8.145355224609375 
v -0.4500075876712799 17.454627990722656 -8.197800636291504 
v -0.5918186902999878 17.46162223815918 -8.165617942810059 
v -1.4426853656768799 17.593101501464844 -8.143767356872559 
v -1.4426853656768799 17.5833797454834 -8.15131664276123 
v -1.4426853656768799 17.574682235717773 -8.15807056427002 
v -1.4426853656768799 17.573999404907227 -8.171976089477539 
v -1.4352216720581055 17.589344024658203 -8.20018482208252 
v -2.1069583892822266 17.68482208251953 -8.380167007446289 
v -2.1069583892822266 17.67203140258789 -8.39009952545166 
v -2.1069583892822266 17.660776138305664 -8.398839950561523 
v -2.0920310020446777 17.66452407836914 -8.422677993774414 
v -1.4352216720581055 17.589344024658203 -8.20018482208252 
v -2.0696396827697754 17.671344757080078 -8.444133758544922 
v -3.0324625968933105 17.823936462402344 -8.753637313842773 
v -3.0324625968933105 17.810632705688477 -8.763967514038086 
v -3.024998664855957 17.798866271972656 -8.77310562133789 
v -3.010071277618408 17.802104949951172 -8.797341346740723 
v -2.9802165031433105 17.81540298461914 -8.827139854431152 
v -3.763909339904785 17.95707130432129 -9.238752365112305 
v -3.778836727142334 17.960311889648438 -9.222860336303711 
v -3.7863006591796875 17.966623306274414 -9.204584121704102 
v -3.7863006591796875 17.980438232421875 -9.193857192993164 
v -3.0324625968933105 17.837238311767578 -8.743308067321777 
v -3.7863006591796875 17.994762420654297 -9.182732582092285 
v -3.0324625968933105 17.849517822265625 -8.733772277832031 
v -3.7863006591796875 18.007041931152344 -9.173196792602539 
v -3.010071277618408 17.871685028076172 -8.743308067321777 
v -3.763909339904785 18.03023338317871 -9.181938171386719 
v -4.67448616027832 18.4528751373291 -10.164484977722168 
v -4.7118048667907715 18.434627532958984 -10.165279388427734 
v -4.7118048667907715 18.420814514160156 -10.176007270812988 
v -4.7118048667907715 18.4064884185791 -10.18713092803955 
v -4.704340934753418 18.398130416870117 -10.20699691772461 
v -4.696877479553223 18.385339736938477 -10.21692943572998 
v -4.667022228240967 18.382099151611328 -10.232821464538574 
v -5.525352478027344 19.20182991027832 -11.936883926391602 
v -5.570135116577148 19.178977966308594 -11.941254615783691 
v -5.577599048614502 19.161582946777344 -11.95476245880127 
v -5.577599048614502 19.14265251159668 -11.969463348388672 
v -5.570135116577148 19.13020133972168 -11.992506980895996 
v -5.5552077293396 19.120309829711914 -12.013564109802246 
v -5.517889022827148 19.115020751953125 -12.031045913696289 
v -1.4352216720581055 17.589344024658203 -8.20018482208252 
v -2.0696396827697754 17.671344757080078 -8.444133758544922 
v -1.4352216720581055 17.602985382080078 -8.202966690063477 
v -2.047248601913452 17.69402313232422 -8.45327091217041 
v -2.9652891159057617 17.83211326599121 -8.827537536621094 
v -2.9802165031433105 17.81540298461914 -8.827139854431152 
v -3.726590633392334 17.963376998901367 -9.260604858398438 
v -3.7041995525360107 17.98708152770996 -9.268948554992676 
v -4.614776134490967 18.38994026184082 -10.2534818649292 
v -4.577457427978516 18.415178298950195 -10.26063346862793 
v -5.391005516052246 19.147249221801758 -12.046143531799316 
v 3.893890857696533 18.090389251708984 -9.589974403381348 
v 2.483243465423584 17.74123764038086 -8.684107780456543 
v 3.923745632171631 18.087318420410156 -9.592358589172363 
v 2.520561933517456 17.737655639648438 -8.6868896484375 
v -1.4128303527832031 30.20594024658203 -24.644487380981445 
v -2.786159038543701 29.898197174072266 -24.0274658203125 
v -1.3531204462051392 30.136709213256836 -24.591245651245117 
v -2.7189855575561523 29.85113525390625 -23.9837589263916 
v 4.229759216308594 30.28314971923828 -25.025903701782227 
v 5.058234691619873 30.07733917236328 -24.878103256225586 
v 4.282005310058594 30.312644958496094 -25.09662628173828 
v 5.117944240570068 30.10580825805664 -24.94961929321289 
v 4.31186056137085 30.314002990722656 -25.14906883239746 
v 5.162726879119873 30.111600875854492 -25.011995315551758 
v -4.614776134490967 18.474531173706055 -10.174418449401855 
v -5.443251609802246 19.22757911682129 -11.943638801574707 
v -4.67448616027832 18.4528751373291 -10.164484977722168 
v -5.525352478027344 19.20182991027832 -11.936883926391602 
v 7.9317755699157715 27.690547943115234 -22.237571716308594 
v 7.371995449066162 28.393550872802734 -23.082653045654297 
v 7.819819450378418 27.634445190429688 -22.227638244628906 
v 7.26003885269165 28.329435348510742 -23.065567016601562 
v 7.551124572753906 28.397125244140625 -23.160127639770508 
v 7.483951568603516 28.405654907226562 -23.126754760742188 
v 8.095977783203125 27.696168899536133 -22.313457489013672 
v 8.03626823425293 27.703163146972656 -22.28127670288086 
v 7.371995449066162 28.393550872802734 -23.082653045654297 
v 7.9317755699157715 27.690547943115234 -22.237571716308594 
v 4.304396629333496 30.178083419799805 -25.241243362426758 
v 5.147799491882324 29.963401794433594 -25.113706588745117 
v 4.274541854858398 30.127609252929688 -25.226940155029297 
v 5.117944240570068 29.91088104248047 -25.10099220275879 
v -6.040350914001465 20.35820770263672 -13.379520416259766 
v -6.615058898925781 23.34673500061035 -16.582645416259766 
v -6.04781436920166 20.33586883544922 -13.383493423461914 
v -6.629986763000488 23.323711395263672 -16.600522994995117 
v -6.04781436920166 20.31045913696289 -13.389849662780762 
v -6.622523307800293 23.29813003540039 -16.620389938354492 
v -6.040350914001465 20.285049438476562 -13.396206855773926 
v -6.615058898925781 23.272037506103516 -16.64065170288086 
v -6.032886981964111 20.26714324951172 -13.410112380981445 
v -6.600131511688232 23.24901580810547 -16.65852928161621 
v -5.995568752288818 20.24974822998047 -13.42362117767334 
v -6.540421485900879 23.2305965423584 -16.672832489013672 
v -5.9134674072265625 20.233375549316406 -13.436334609985352 
v -6.435929775238037 23.218830108642578 -16.681970596313477 
v -6.585204124450684 25.72229766845703 -18.951021194458008 
v -6.585204124450684 25.696205139160156 -18.971282958984375 
v -6.570276737213135 25.67011260986328 -18.991544723510742 
v -6.5628132820129395 25.63958740234375 -19.001874923706055 
v -6.503103256225586 25.60820960998535 -18.99949073791504 
v -6.406074523925781 25.576492309570312 -18.98399543762207 
v -5.734337329864502 27.390710830688477 -20.99915885925293 
v -5.629845142364502 27.345012664794922 -20.967771530151367 
v -0.4574713110923767 17.514999389648438 -8.150918006896973 
v -0.5918186902999878 17.519947052001953 -8.120326042175293 
v -0.4500075876712799 17.49146842956543 -8.129066467285156 
v -0.5918186902999878 17.50289535522461 -8.106817245483398 
v -1.4352216720581055 17.648693084716797 -8.154097557067871 
v -1.4426853656768799 17.624650955200195 -8.13264274597168 
v -0.5918186902999878 17.519947052001953 -8.120326042175293 
v -0.5918186902999878 17.50289535522461 -8.106817245483398 
v -5.5029616355896 27.46303367614746 -20.809246063232422 
v -4.876007080078125 28.510631561279297 -22.082231521606445 
v -5.629845142364502 27.526639938354492 -20.82672882080078 
v -4.97303581237793 28.590436935424805 -22.100507736206055 
v -4.614776134490967 18.474531173706055 -10.174418449401855 
v -4.54760217666626 18.480154037475586 -10.210176467895508 
v -5.443251609802246 19.22757911682129 -11.943638801574707 
v -5.36115026473999 19.231666564941406 -11.980588912963867 
v 8.364672660827637 25.41000747680664 -19.487781524658203 
v 8.469164848327637 25.449569702148438 -19.483808517456055 
v 8.215397834777832 26.918659210205078 -21.31223487854004 
v 8.334817886352539 26.960268020629883 -21.306671142578125 
v 3.8491082191467285 18.094310760498047 -9.600303649902344 
v 5.4762043952941895 18.74184226989746 -10.943212509155273 
v 3.8341808319091797 18.08731460571289 -9.632486343383789 
v 5.446349620819092 18.729732513427734 -10.97936725616455 
v 4.229759216308594 30.28314971923828 -25.025903701782227 
v 4.17004919052124 30.194992065429688 -24.987363815307617 
v 5.058234691619873 30.07733917236328 -24.878103256225586 
v 4.991060733795166 29.986108779907227 -24.841947555541992 
v -2.0696396827697754 17.750133514404297 -8.382948875427246 
v -2.9802165031433105 17.897262573242188 -8.763570785522461 
v -2.0920310020446777 17.725069046020508 -8.362287521362305 
v -3.010071277618408 17.871685028076172 -8.743308067321777 
v -5.801510810852051 27.42515754699707 -20.99915885925293 
v -5.816438674926758 27.458240509033203 -20.98684310913086 
v -5.099919319152832 28.442909240722656 -22.30869483947754 
v -5.107382774353027 28.484180450439453 -22.290023803710938 
v -3.9430394172668457 29.453859329223633 -23.43626594543457 
v -3.950502872467041 29.481826782226562 -23.427921295166016 
v -5.823902606964111 27.487403869628906 -20.964195251464844 
v -5.114847183227539 28.52306365966797 -22.259828567504883 
v -3.96543025970459 29.510305404663086 -23.41918182373047 
v -5.831366062164307 27.517078399658203 -20.941152572631836 
v -5.122310638427734 28.56842613220215 -22.23797607421875 
v -3.96543025970459 29.526338577270508 -23.393356323242188 
v -5.816438674926758 27.543682098388672 -20.92049217224121 
v -5.107382774353027 28.596736907958984 -22.202617645263672 
v -0.4574713110923767 17.514999389648438 -8.150918006896973 
v 1.8712165355682373 17.679349899291992 -8.531540870666504 
v -0.4574713110923767 17.52318000793457 -8.18468952178955 
v 1.8562889099121094 17.674402236938477 -8.5621337890625 
v -0.4574713110923767 17.506298065185547 -8.197800636291504 
v 1.8786802291870117 17.655471801757812 -8.576834678649902 
v 5.058234691619873 29.848642349243164 -25.05569839477539 
v 5.117944240570068 29.91088104248047 -25.10099220275879 
v 5.96881103515625 29.56696891784668 -24.659181594848633 
v 6.021057605743408 29.621192932128906 -24.697324752807617 
v 5.147799491882324 29.963401794433594 -25.113706588745117 
v 6.050912380218506 29.663654327392578 -24.704477310180664 
v 5.155263423919678 30.00364875793457 -25.095827102661133 
v 4.304396629333496 30.178083419799805 -25.241243362426758 
v 4.31186056137085 30.215261459350586 -25.22574806213379 
v -6.615058898925781 23.34673500061035 -16.582645416259766 
v -6.040350914001465 20.35820770263672 -13.379520416259766 
v -6.547885417938232 23.365154266357422 -16.568342208862305 
v -5.988104820251465 20.372873306274414 -13.38150691986084 
v -6.435929775238037 23.376920700073242 -16.5592041015625 
v -5.906003475189209 20.379352569580078 -13.389851570129395 
v -5.338758945465088 19.205915451049805 -12.013962745666504 
v -5.36115026473999 19.231666564941406 -11.980588912963867 
v -4.532674789428711 18.45508575439453 -10.229643821716309 
v -5.443251609802246 19.123374938964844 -12.051308631896973 
v -4.614776134490967 18.38994026184082 -10.2534818649292 
v -5.517889022827148 19.115020751953125 -12.031045913696289 
v -4.667022228240967 18.382099151611328 -10.232821464538574 
v -3.726590633392334 17.963376998901367 -9.260604858398438 
v -6.577740669250488 25.745832443237305 -18.9327449798584 
v -5.816438674926758 27.543682098388672 -20.92049217224121 
v -6.585204124450684 25.72229766845703 -18.951021194458008 
v -5.831366062164307 27.517078399658203 -20.941152572631836 
v -6.585204124450684 25.696205139160156 -18.971282958984375 
v -5.823902606964111 27.487403869628906 -20.964195251464844 
v -6.570276737213135 25.67011260986328 -18.991544723510742 
v -5.816438674926758 27.458240509033203 -20.98684310913086 
v -6.5628132820129395 25.63958740234375 -19.001874923706055 
v -5.801510810852051 27.42515754699707 -20.99915885925293 
v 6.424099445343018 19.29731559753418 -12.036609649658203 
v 6.976417064666748 20.170337677001953 -12.856661796569824 
v 6.349462032318115 19.288785934448242 -12.06998348236084 
v 6.9017791748046875 20.170337677001953 -12.856661796569824 
v 6.319607257843018 19.267805099487305 -12.1264009475708 
v 6.856997013092041 20.149700164794922 -12.886061668395996 
v 5.901637554168701 29.68789291381836 -24.471654891967773 
v 6.558446884155273 29.217453002929688 -23.980972290039062 
v 5.96881103515625 29.768037796020508 -24.503042221069336 
v 6.670403003692627 29.282081604003906 -23.997661590576172 
v -5.047672748565674 28.402324676513672 -22.31346321105957 
v -3.898256778717041 29.40082550048828 -23.423948287963867 
v -4.97303581237793 28.352022171020508 -22.28565216064453 
v -3.846010684967041 29.372522354125977 -23.379051208496094 
v 7.26003885269165 28.329435348510742 -23.065567016601562 
v 7.371995449066162 28.393550872802734 -23.082653045654297 
v 6.558446884155273 29.217453002929688 -23.980972290039062 
v 6.670403003692627 29.282081604003906 -23.997661590576172 
v 7.782500743865967 22.107646942138672 -15.190864562988281 
v 7.730255126953125 22.137487411499023 -15.194439888000488 
v 7.02866268157959 20.155672073364258 -12.854674339294434 
v 6.976417064666748 20.170337677001953 -12.856661796569824 
v 7.640689849853516 22.174148559570312 -15.219470977783203 
v 6.9017791748046875 20.170337677001953 -12.856661796569824 
v 6.483809471130371 19.299022674560547 -12.0219087600708 
v 7.02866268157959 20.155672073364258 -12.854674339294434 
v 6.424099445343018 19.29731559753418 -12.036609649658203 
v 6.976417064666748 20.170337677001953 -12.856661796569824 
v -3.9281117916107178 29.42896270751953 -23.442224502563477 
v -5.047672748565674 28.402324676513672 -22.31346321105957 
v 1.901071310043335 17.667926788330078 -8.513662338256836 
v -0.4500075876712799 17.49146842956543 -8.129066467285156 
v 1.9309263229370117 17.65837860107422 -8.507702827453613 
v -0.4500075876712799 17.47833824157715 -8.125887870788574 
v -0.5918186902999878 17.50289535522461 -8.106817245483398 
v -0.5918186902999878 17.48277473449707 -8.095691680908203 
v -1.4426853656768799 17.61151885986328 -8.129464149475098 
v -1.4426853656768799 17.596342086791992 -8.127875328063965 
v -2.11442232131958 17.691133499145508 -8.36189079284668 
v -2.1069583892822266 17.709379196166992 -8.361096382141113 
v -2.9428977966308594 17.879863739013672 -8.817208290100098 
v -2.950361490249634 17.90288543701172 -8.799328804016113 
v -2.0323212146759033 17.740238189697266 -8.444133758544922 
v -2.0397849082946777 17.756269454956055 -8.418309211730957 
v -2.9802165031433105 17.897262573242188 -8.763570785522461 
v -2.0696396827697754 17.750133514404297 -8.382948875427246 
v -2.0920310020446777 17.725069046020508 -8.362287521362305 
v 6.476345539093018 19.230968475341797 -12.155007362365723 
v 6.961488723754883 20.083017349243164 -12.951220512390137 
v 6.536055564880371 19.233186721801758 -12.139908790588379 
v 7.0211992263793945 20.074832916259766 -12.957576751708984 
v -4.67448616027832 18.4528751373291 -10.164484977722168 
v -3.763909339904785 18.03023338317871 -9.181938171386719 
v -4.614776134490967 18.474531173706055 -10.174418449401855 
v -3.726590633392334 18.04932975769043 -9.193857192993164 
v 7.9317755699157715 27.690547943115234 -22.237571716308594 
v 8.334817886352539 26.960268020629883 -21.306671142578125 
v 8.03626823425293 27.703163146972656 -22.28127670288086 
v 8.446773529052734 26.960948944091797 -21.332895278930664 
v 8.095977783203125 27.696168899536133 -22.313457489013672 
v 8.513947486877441 26.947986602783203 -21.35633659362793 
v -5.861220836639404 20.25503158569336 -13.446268081665039 
v -5.9134674072265625 20.233375549316406 -13.436334609985352 
v -6.368755340576172 23.238271713256836 -16.666873931884766 
v -6.435929775238037 23.218830108642578 -16.681970596313477 
v -6.406074523925781 25.576492309570312 -18.98399543762207 
v -6.338900566101074 25.577009201049805 -18.943470001220703 
v -5.5552077293396 27.348087310791016 -20.92525863647461 
v -5.816438674926758 20.351213455200195 -13.411703109741211 
v -5.801510810852051 20.310455322265625 -13.429978370666504 
v -6.31650972366333 23.34980583190918 -16.58026123046875 
v -6.2941179275512695 23.305294036865234 -16.614826202392578 
v -6.264263153076172 25.632095336914062 -18.87394142150879 
v -6.2941179275512695 25.677629470825195 -18.838581085205078 
v -5.5029616355896 27.46303367614746 -20.809246063232422 
v -5.473106384277344 27.405393600463867 -20.840633392333984 
v -4.853615760803223 28.437131881713867 -22.125934600830078 
v -4.876007080078125 28.510631561279297 -22.082231521606445 
v -3.8086917400360107 29.438358306884766 -23.261051177978516 
v -3.831083059310913 29.48065185546875 -23.24158477783203 
v -2.7189855575561523 29.85113525390625 -23.9837589263916 
v -2.69659423828125 29.795373916625977 -23.9869384765625 
v -1.3232654333114624 30.077194213867188 -24.610713958740234 
v -1.3531204462051392 30.136709213256836 -24.591245651245117 
v 0.40832287073135376 30.329193115234375 -25.030275344848633 
v 0.4008590579032898 30.390243530273438 -25.009614944458008 
v 1.6920866966247559 30.4187068939209 -25.161386489868164 
v 1.6920866966247559 30.357656478881836 -25.182044982910156 
v 3.0280964374542236 30.354930877685547 -25.157413482666016 
v 3.0280964374542236 30.418027877807617 -25.135164260864258 
v 4.155121803283691 30.129676818847656 -25.02471160888672 
v 4.17004919052124 30.194992065429688 -24.987363815307617 
v 4.991060733795166 29.986108779907227 -24.841947555541992 
v 4.976133346557617 29.908687591552734 -24.875320434570312 
v 5.886710166931152 29.625133514404297 -24.50701332092285 
v 5.901637554168701 29.68789291381836 -24.471654891967773 
v 6.528592109680176 29.15827751159668 -24.013551712036133 
v 6.558446884155273 29.217453002929688 -23.980972290039062 
v 7.26003885269165 28.329435348510742 -23.065567016601562 
v 7.230184078216553 28.270771026611328 -23.097749710083008 
v 7.78996467590332 27.57884979248047 -22.257436752319336 
v 7.819819450378418 27.634445190429688 -22.227638244628906 
v 8.19300651550293 26.865623474121094 -21.340045928955078 
v 8.215397834777832 26.918659210205078 -21.31223487854004 
v 8.364672660827637 25.41000747680664 -19.487781524658203 
v 8.334817886352539 25.36703109741211 -19.521156311035156 
v 8.29749870300293 24.407752990722656 -18.393587112426758 
v 8.319890022277832 24.448171615600586 -18.362199783325195 
v 7.551124572753906 22.16851806640625 -15.263969421386719 
v 7.528733730316162 22.134578704833984 -15.303699493408203 
v 6.87192440032959 20.123947143554688 -12.91943645477295 
v 6.856997013092041 20.149700164794922 -12.886061668395996 
v 6.356925964355469 19.248191833496094 -12.155007362365723 
v 6.319607257843018 19.267805099487305 -12.1264009475708 
v 5.468740463256836 18.709606170654297 -11.008370399475098 
v 5.446349620819092 18.729732513427734 -10.97936725616455 
v 3.856571912765503 18.07332992553711 -9.656722068786621 
v 3.8341808319091797 18.08731460571289 -9.632486343383789 
v 2.416069746017456 17.73662757873535 -8.727811813354492 
v 2.445924758911133 17.719572067260742 -8.75443172454834 
v 1.8786802291870117 17.655471801757812 -8.576834678649902 
v 1.8562889099121094 17.674402236938477 -8.5621337890625 
v -5.906003475189209 20.379352569580078 -13.389851570129395 
v -5.816438674926758 20.351213455200195 -13.411703109741211 
v -6.435929775238037 23.376920700073242 -16.5592041015625 
v -6.31650972366333 23.34980583190918 -16.58026123046875 
v 2.416069746017456 17.73662757873535 -8.727811813354492 
v 2.4384610652923584 17.74515724182129 -8.694438934326172 
v 3.8341808319091797 18.08731460571289 -9.632486343383789 
v 3.8491082191467285 18.094310760498047 -9.600303649902344 
v -2.9428977966308594 17.879863739013672 -8.817208290100098 
v -3.6818082332611084 18.03636360168457 -9.257426261901855 
v -2.950361490249634 17.90288543701172 -8.799328804016113 
v -3.689272165298462 18.053930282592773 -9.230409622192383 
v -2.9802165031433105 17.897262573242188 -8.763570785522461 
v -3.726590633392334 18.04932975769043 -9.193857192993164 
v -5.338758945465088 19.205915451049805 -12.013962745666504 
v -5.801510810852051 20.310455322265625 -13.429978370666504 
v -5.36115026473999 19.231666564941406 -11.980588912963867 
v -5.816438674926758 20.351213455200195 -13.411703109741211 
v -5.443251609802246 19.22757911682129 -11.943638801574707 
v -5.906003475189209 20.379352569580078 -13.389851570129395 
v 7.551124572753906 28.397125244140625 -23.160127639770508 
v 6.842068672180176 29.291624069213867 -24.083877563476562 
v 7.483951568603516 28.405654907226562 -23.126754760742188 
v 6.774895668029785 29.294185638427734 -24.041763305664062 
v 7.371995449066162 28.393550872802734 -23.082653045654297 
v 6.670403003692627 29.282081604003906 -23.997661590576172 
v 5.5806965827941895 18.715925216674805 -10.90983772277832 
v 6.483809471130371 19.299022674560547 -12.0219087600708 
v 5.535913944244385 18.72598648071289 -10.915400505065918 
v 6.424099445343018 19.29731559753418 -12.036609649658203 
v -0.5918186902999878 17.51926040649414 -8.174359321594238 
v -0.5918186902999878 17.529151916503906 -8.153302192687988 
v -0.4574713110923767 17.506298065185547 -8.197800636291504 
v -0.4574713110923767 17.52318000793457 -8.18468952178955 
v -0.5918186902999878 17.519947052001953 -8.120326042175293 
v -0.4574713110923767 17.514999389648438 -8.150918006896973 
v 3.0280964374542236 30.500558853149414 -25.17807388305664 
v 1.6920866966247559 30.49970245361328 -25.205488204956055 
v 3.0280964374542236 30.418027877807617 -25.135164260864258 
v 1.6920866966247559 30.4187068939209 -25.161386489868164 
v -6.31650972366333 23.34980583190918 -16.58026123046875 
v -6.2941179275512695 25.677629470825195 -18.838581085205078 
v -6.435929775238037 23.376920700073242 -16.5592041015625 
v -6.406074523925781 25.737653732299805 -18.858844757080078 
v -3.96543025970459 29.526338577270508 -23.393356323242188 
v -5.107382774353027 28.596736907958984 -22.202617645263672 
v -3.9430394172668457 29.53299331665039 -23.348064422607422 
v -5.0551371574401855 28.60492706298828 -22.156131744384766 
v -3.898256778717041 29.526689529418945 -23.28608512878418 
v -4.97303581237793 28.590436935424805 -22.100507736206055 
v -5.816438674926758 27.543682098388672 -20.92049217224121 
v -5.749265193939209 27.545734405517578 -20.87877655029297 
v -5.107382774353027 28.596736907958984 -22.202617645263672 
v -5.0551371574401855 28.60492706298828 -22.156131744384766 
v -5.629845142364502 27.526639938354492 -20.82672882080078 
v -4.97303581237793 28.590436935424805 -22.100507736206055 
v -1.4352216720581055 17.602985382080078 -8.202966690063477 
v -0.5918186902999878 17.48174285888672 -8.176743507385254 
v -1.4352216720581055 17.589344024658203 -8.20018482208252 
v -0.5918186902999878 17.46162223815918 -8.165617942810059 
v -0.4500075876712799 17.454627990722656 -8.197800636291504 
v -0.4500075876712799 17.474748611450195 -8.208925247192383 
v 1.9383902549743652 17.627504348754883 -8.585177421569824 
v -0.5918186902999878 17.51926040649414 -8.174359321594238 
v -1.4352216720581055 17.641014099121094 -8.200185775756836 
v -0.5918186902999878 17.529151916503906 -8.153302192687988 
v -1.4352216720581055 17.65789794921875 -8.187074661254883 
v -0.5918186902999878 17.519947052001953 -8.120326042175293 
v -1.4352216720581055 17.648693084716797 -8.154097557067871 
v 8.334817886352539 26.960268020629883 -21.306671142578125 
v 7.9317755699157715 27.690547943115234 -22.237571716308594 
v 8.215397834777832 26.918659210205078 -21.31223487854004 
v 7.819819450378418 27.634445190429688 -22.227638244628906 
v 0.4008590579032898 30.471240997314453 -25.0537166595459 
v -1.4128303527832031 30.20594024658203 -24.644487380981445 
v 0.4008590579032898 30.390243530273438 -25.009614944458008 
v -1.3531204462051392 30.136709213256836 -24.591245651245117 
v -5.816438674926758 27.543682098388672 -20.92049217224121 
v -6.577740669250488 25.745832443237305 -18.9327449798584 
v -5.749265193939209 27.545734405517578 -20.87877655029297 
v -6.510566711425781 25.75180435180664 -18.901357650756836 
v -5.629845142364502 27.526639938354492 -20.82672882080078 
v -6.406074523925781 25.737653732299805 -18.858844757080078 
v 7.065981388092041 20.128896713256836 -12.888843536376953 
v 6.543519496917725 19.285547256469727 -12.045747756958008 
v 7.08090877532959 20.11098861694336 -12.902749061584473 
v 6.565910816192627 19.272245407104492 -12.056077003479004 
v 7.088372230529785 20.100072860717773 -12.924600601196289 
v 6.588302135467529 19.258432388305664 -12.066804885864258 
v 7.065981388092041 20.08370018005371 -12.9373140335083 
v 6.580838203430176 19.249902725219727 -12.100178718566895 
v 7.0211992263793945 20.074832916259766 -12.957576751708984 
v 6.536055564880371 19.233186721801758 -12.139908790588379 
v 5.618015289306641 18.69085693359375 -10.929306030273438 
v 5.632943153381348 18.6760196685791 -10.940828323364258 
v 5.6478705406188965 18.662717819213867 -10.951157569885254 
v 5.640406608581543 18.65384864807129 -10.971420288085938 
v 6.536055564880371 19.233186721801758 -12.139908790588379 
v 5.603087902069092 18.651456832885742 -11.00002670288086 
v 8.633367538452148 25.43984603881836 -19.531484603881836 
v 8.573657035827637 25.45127296447754 -19.50923728942871 
v 8.581121444702148 24.471529006958008 -18.397560119628906 
v 8.521411895751953 24.481422424316406 -18.376502990722656 
v 8.469164848327637 25.449569702148438 -19.483808517456055 
v 8.424382209777832 24.485687255859375 -18.35981559753418 
v -4.876007080078125 28.510631561279297 -22.082231521606445 
v -3.831083059310913 29.48065185546875 -23.24158477783203 
v -4.97303581237793 28.590436935424805 -22.100507736206055 
v -3.898256778717041 29.526689529418945 -23.28608512878418 
v -5.443251609802246 19.123374938964844 -12.051308631896973 
v -5.517889022827148 19.115020751953125 -12.031045913696289 
v -5.9134674072265625 20.233375549316406 -13.436334609985352 
v -5.995568752288818 20.24974822998047 -13.42362117767334 
v -5.5552077293396 19.120309829711914 -12.013564109802246 
v -6.032886981964111 20.26714324951172 -13.410112380981445 
v -5.570135116577148 19.13020133972168 -11.992506980895996 
v -6.040350914001465 20.285049438476562 -13.396206855773926 
v -5.577599048614502 19.14265251159668 -11.969463348388672 
v -6.04781436920166 20.31045913696289 -13.389849662780762 
v -5.577599048614502 19.161582946777344 -11.95476245880127 
v -6.04781436920166 20.33586883544922 -13.383493423461914 
v -5.570135116577148 19.178977966308594 -11.941254615783691 
v -6.040350914001465 20.35820770263672 -13.379520416259766 
v -5.525352478027344 19.20182991027832 -11.936883926391602 
v -5.988104820251465 20.372873306274414 -13.38150691986084 
v -5.443251609802246 19.22757911682129 -11.943638801574707 
v -5.906003475189209 20.379352569580078 -13.389851570129395 
v -5.5029616355896 27.46303367614746 -20.809246063232422 
v -5.629845142364502 27.526639938354492 -20.82672882080078 
v -6.2941179275512695 25.677629470825195 -18.838581085205078 
v -6.406074523925781 25.737653732299805 -18.858844757080078 
v -4.614776134490967 18.474531173706055 -10.174418449401855 
v -3.726590633392334 18.04932975769043 -9.193857192993164 
v -4.54760217666626 18.480154037475586 -10.210176467895508 
v -3.689272165298462 18.053930282592773 -9.230409622192383 
v -4.532674789428711 18.45508575439453 -10.229643821716309 
v -3.6818082332611084 18.03636360168457 -9.257426261901855 
v -2.0696396827697754 17.750133514404297 -8.382948875427246 
v -1.4352216720581055 17.648693084716797 -8.154097557067871 
v -2.0397849082946777 17.756269454956055 -8.418309211730957 
v -1.4352216720581055 17.65789794921875 -8.187074661254883 
v -2.0323212146759033 17.740238189697266 -8.444133758544922 
v -1.4352216720581055 17.641014099121094 -8.200185775756836 
v 5.058234691619873 29.848642349243164 -25.05569839477539 
v 4.229759216308594 30.07338523864746 -25.188796997070312 
v 5.117944240570068 29.91088104248047 -25.10099220275879 
v 4.274541854858398 30.127609252929688 -25.226940155029297 
v 1.6920866966247559 30.538230895996094 -25.322694778442383 
v 0.39339539408683777 30.51028060913086 -25.1705265045166 
v 1.6920866966247559 30.532268524169922 -25.273826599121094 
v 0.4008590579032898 30.50380516052246 -25.122053146362305 
v 1.6920866966247559 30.49970245361328 -25.205488204956055 
v 0.4008590579032898 30.471240997314453 -25.0537166595459 
v 8.334817886352539 26.960268020629883 -21.306671142578125 
v 8.469164848327637 25.449569702148438 -19.483808517456055 
v 8.446773529052734 26.960948944091797 -21.332895278930664 
v 8.573657035827637 25.45127296447754 -19.50923728942871 
v 8.513947486877441 26.947986602783203 -21.35633659362793 
v 8.633367538452148 25.43984603881836 -19.531484603881836 
v 8.424382209777832 24.485687255859375 -18.35981559753418 
v 8.469164848327637 25.449569702148438 -19.483808517456055 
v 8.319890022277832 24.448171615600586 -18.362199783325195 
v 8.364672660827637 25.41000747680664 -19.487781524658203 
v 5.96881103515625 29.768037796020508 -24.503042221069336 
v 5.058234691619873 30.07733917236328 -24.878103256225586 
v 5.901637554168701 29.68789291381836 -24.471654891967773 
v 4.991060733795166 29.986108779907227 -24.841947555541992 
v -1.4128303527832031 30.20594024658203 -24.644487380981445 
v -1.4576128721237183 30.226736068725586 -24.721961975097656 
v -2.786159038543701 29.898197174072266 -24.0274658203125 
v -2.853332757949829 29.891542434692383 -24.072757720947266 
v -1.480004072189331 30.231504440307617 -24.785133361816406 
v -2.8906514644622803 29.878408432006836 -24.109708786010742 
v 6.050912380218506 29.663654327392578 -24.704477310180664 
v 6.819677829742432 29.170028686523438 -24.164926528930664 
v 6.021057605743408 29.621192932128906 -24.697324752807617 
v 6.767431735992432 29.135581970214844 -24.164926528930664 
v 5.96881103515625 29.56696891784668 -24.659181594848633 
v 6.670403003692627 29.09585189819336 -24.14228057861328 
v 7.536197185516357 28.282522201538086 -23.249122619628906 
v 7.476487636566162 28.241596221923828 -23.240781784057617 
v 7.371995449066162 28.208343505859375 -23.226476669311523 
v 8.028804779052734 27.5553035736084 -22.39609718322754 
v 7.9317755699157715 27.5165958404541 -22.372655868530273 
v 8.439310073852539 26.819740295410156 -21.442550659179688 
v 8.334817886352539 26.793991088867188 -21.435794830322266 
v 8.566193580627441 25.321321487426758 -19.610151290893555 
v 8.469164848327637 25.297107696533203 -19.602205276489258 
v 8.424382209777832 24.343456268310547 -18.470266342163086 
v -3.726590633392334 18.04932975769043 -9.193857192993164 
v -3.763909339904785 18.03023338317871 -9.181938171386719 
v -2.9802165031433105 17.897262573242188 -8.763570785522461 
v -3.010071277618408 17.871685028076172 -8.743308067321777 
v 5.603087902069092 18.651456832885742 -11.00002670288086 
v 3.961064338684082 18.040245056152344 -9.669037818908691 
v 5.558305263519287 18.668508529663086 -11.013535499572754 
v 3.923745632171631 18.05030632019043 -9.674600601196289 
v 2.520561933517456 17.693992614746094 -8.774296760559082 
v 2.5578806400299072 17.683420181274414 -8.769131660461426 
v 3.0280964374542236 30.500558853149414 -25.17807388305664 
v 3.035560369491577 30.532611846923828 -25.246809005737305 
v 1.6920866966247559 30.49970245361328 -25.205488204956055 
v 1.6920866966247559 30.532268524169922 -25.273826599121094 
v 3.035560369491577 30.538063049316406 -25.29607582092285 
v 1.6920866966247559 30.538230895996094 -25.322694778442383 
v 2.416069746017456 17.73662757873535 -8.727811813354492 
v 1.8562889099121094 17.674402236938477 -8.5621337890625 
v 2.4384610652923584 17.74515724182129 -8.694438934326172 
v 1.8712165355682373 17.679349899291992 -8.531540870666504 
v 1.901071310043335 17.667926788330078 -8.513662338256836 
v -1.4128303527832031 30.20594024658203 -24.644487380981445 
v 0.4008590579032898 30.471240997314453 -25.0537166595459 
v -1.4576128721237183 30.226736068725586 -24.721961975097656 
v 0.4008590579032898 30.50380516052246 -25.122053146362305 
v -1.480004072189331 30.231504440307617 -24.785133361816406 
v 0.39339539408683777 30.51028060913086 -25.1705265045166 
v 6.536055564880371 19.233186721801758 -12.139908790588379 
v 5.603087902069092 18.651456832885742 -11.00002670288086 
v 6.476345539093018 19.230968475341797 -12.155007362365723 
v 5.558305263519287 18.668508529663086 -11.013535499572754 
v -1.4352216720581055 17.602985382080078 -8.202966690063477 
v -2.047248601913452 17.69402313232422 -8.45327091217041 
v -1.4352216720581055 17.626176834106445 -8.21170711517334 
v -2.0397849082946777 17.714317321777344 -8.450887680053711 
v -1.4352216720581055 17.641014099121094 -8.200185775756836 
v -2.0323212146759033 17.740238189697266 -8.444133758544922 
v -2.950361490249634 17.85888671875 -8.833497047424316 
v -2.9428977966308594 17.879863739013672 -8.817208290100098 
v -2.9652891159057617 17.83211326599121 -8.827537536621094 
v -3.7041995525360107 17.98708152770996 -9.268948554992676 
v -3.689272165298462 18.00839614868164 -9.265769958496094 
v -4.577457427978516 18.415178298950195 -10.26063346862793 
v -4.54760217666626 18.431550979614258 -10.247920036315918 
v -5.353686332702637 19.175729751586914 -12.037403106689453 
v -5.338758945465088 19.205915451049805 -12.013962745666504 
v -5.823902606964111 20.27737045288086 -13.44229507446289 
v -5.801510810852051 20.310455322265625 -13.429978370666504 
v -6.2941179275512695 23.305294036865234 -16.614826202392578 
v -4.532674789428711 18.45508575439453 -10.229643821716309 
v -3.6818082332611084 18.03636360168457 -9.257426261901855 
v 2.520561933517456 17.737655639648438 -8.6868896484375 
v 2.483243465423584 17.74123764038086 -8.684107780456543 
v 1.9309263229370117 17.65837860107422 -8.507702827453613 
v 1.901071310043335 17.667926788330078 -8.513662338256836 
v 2.5578806400299072 17.683420181274414 -8.769131660461426 
v 1.9607813358306885 17.617443084716797 -8.579614639282227 
v 2.520561933517456 17.693992614746094 -8.774296760559082 
v 1.9383902549743652 17.627504348754883 -8.585177421569824 
v -5.391005516052246 19.147249221801758 -12.046143531799316 
v -6.264263153076172 25.632095336914062 -18.87394142150879 
v 3.8491082191467285 18.094310760498047 -9.600303649902344 
v 3.893890857696533 18.090389251708984 -9.589974403381348 
v 2.483243465423584 17.74123764038086 -8.684107780456543 
v 3.893890857696533 18.090389251708984 -9.589974403381348 
v 5.535913944244385 18.72598648071289 -10.915400505065918 
v 3.8491082191467285 18.094310760498047 -9.600303649902344 
v 5.4762043952941895 18.74184226989746 -10.943212509155273 
v 5.618015289306641 18.69085693359375 -10.929306030273438 
v 6.543519496917725 19.285547256469727 -12.045747756958008 
v 5.603087902069092 18.704669952392578 -10.9185791015625 
v 6.513664722442627 19.291858673095703 -12.027471542358398 
v 5.5806965827941895 18.715925216674805 -10.90983772277832 
v 6.483809471130371 19.299022674560547 -12.0219087600708 
v 6.543519496917725 19.285547256469727 -12.045747756958008 
v 7.065981388092041 20.128896713256836 -12.888843536376953 
v 6.513664722442627 19.291858673095703 -12.027471542358398 
v 7.051054000854492 20.147314071655273 -12.874540328979492 
v 6.483809471130371 19.299022674560547 -12.0219087600708 
v 7.02866268157959 20.155672073364258 -12.854674339294434 
v 7.782500743865967 22.107646942138672 -15.190864562988281 
v 8.581121444702148 24.471529006958008 -18.397560119628906 
v 7.730255126953125 22.137487411499023 -15.194439888000488 
v 8.521411895751953 24.481422424316406 -18.376502990722656 
v 7.640689849853516 22.174148559570312 -15.219470977783203 
v 8.424382209777832 24.485687255859375 -18.35981559753418 
v -0.5918186902999878 17.51926040649414 -8.174359321594238 
v -0.5918186902999878 17.498455047607422 -8.177140235900879 
v -1.4352216720581055 17.602985382080078 -8.202966690063477 
v -0.5918186902999878 17.48174285888672 -8.176743507385254 
v -0.4500075876712799 17.4914608001709 -8.209322929382324 
v -0.4500075876712799 17.474748611450195 -8.208925247192383 
v -1.4426853656768799 17.624650955200195 -8.13264274597168 
v -6.577740669250488 25.745832443237305 -18.9327449798584 
v 6.058375835418701 29.69980812072754 -24.689775466918945 
v 3.035560369491577 30.453645706176758 -25.361631393432617 
v -3.898256778717041 29.40082550048828 -23.423948287963867 
v -0.4574713110923767 17.506298065185547 -8.197800636291504 
v 1.9607813358306885 17.617443084716797 -8.579614639282227 
v 5.558305263519287 18.668508529663086 -11.013535499572754 
v -1.4426853656768799 17.624650955200195 -8.13264274597168 
v -0.4574713110923767 17.506298065185547 -8.197800636291504 
v 2.520561933517456 17.693992614746094 -8.774296760559082 
v 2.483243465423584 17.74123764038086 -8.684107780456543 
v 7.02866268157959 20.155672073364258 -12.854674339294434 
v 0.40832287073135376 30.329193115234375 -25.030275344848633 
v -1.480004072189331 30.231504440307617 -24.785133361816406 
v -5.443251609802246 19.123374938964844 -12.051308631896973 
v -6.5628132820129395 25.63958740234375 -19.001874923706055 
v -5.629845142364502 27.345012664794922 -20.967771530151367 
vn 0.04482465609908104 0.3536091446876526 0.1830776035785675 
vn 0.05515027046203613 0.264763742685318 0.13358566164970398 
vn 0.04888421297073364 0.3372340798377991 0.17724692821502686 
vn 0.041225455701351166 0.22350874543190002 0.07506176829338074 
vn 0.051874689757823944 0.12065085023641586 0.01269914023578167 
vn 0.03630009666085243 0.10535866767168045 -0.023502271622419357 
vn -0.06592414528131485 0.318508505821228 0.2724120616912842 
vn -0.06628824025392532 0.21694765985012054 0.19566710293293 
vn -0.05764451250433922 0.27208471298217773 0.2751309871673584 
vn -0.06203901395201683 0.2462696135044098 0.24060367047786713 
vn -0.06842947006225586 0.07970136404037476 0.06542115658521652 
vn -0.06766688823699951 0.07913870364427567 0.08011504262685776 
vn -0.05554076284170151 0.1884579360485077 0.21747998893260956 
vn -0.053720928728580475 0.2198151797056198 0.24578091502189636 
vn -0.05678204447031021 0.25759753584861755 0.2666531503200531 
vn -0.05536426231265068 0.24217616021633148 0.25874951481819153 
vn 0.019776025786995888 -0.05762958154082298 0.07421165704727173 
vn 0.032208651304244995 -0.03957900032401085 0.07893183082342148 
vn 0.01740257441997528 -0.09871526807546616 0.04348667338490486 
vn 0.029499610885977745 -0.09487531334161758 0.03843753784894943 
vn 0.015617607161402702 -0.15205158293247223 0.0027312301099300385 
vn 0.027462609112262726 -0.13602448999881744 0.008068297989666462 
vn 0.04589404538273811 -0.017566103488206863 0.0786103904247284 
vn 0.04152532294392586 -0.061435528099536896 0.05112753063440323 
vn 0.03756273537874222 -0.10444755107164383 0.02274453081190586 
vn 0.05800444260239601 -0.04561135917901993 0.030734742060303688 
vn 0.05748633295297623 -0.08696810156106949 -0.00000826011091703549 
vn 0.058934152126312256 -0.003558569587767124 0.06061147153377533 
vn 0.06443443894386292 -0.02049020491540432 0.026385964825749397 
vn 0.06471611559391022 -0.06042413040995598 -0.006160082295536995 
vn 0.06659158319234848 -0.0006277962820604444 0.02882169559597969 
vn 0.06703884899616241 -0.05309209227561951 -0.015626095235347748 
vn 0.06847304850816727 -0.04268242418766022 -0.029074378311634064 
vn 0.06833011656999588 -0.10581798851490021 -0.08787231892347336 
vn 0.06800182163715363 -0.047090914100408554 -0.05146270990371704 
vn 0.06683245301246643 -0.10950671881437302 -0.11117241531610489 
vn 0.06615997850894928 -0.1479516178369522 -0.14525634050369263 
vn 0.06730671972036362 -0.10578446090221405 -0.059740737080574036 
vn 0.06475812196731567 -0.10084904730319977 -0.03806563466787338 
vn -0.06390107423067093 -0.005431911908090115 -0.04905807971954346 
vn -0.05617725849151611 0.06162033975124359 -0.02327955886721611 
vn -0.06307020038366318 0.09133622795343399 0.022565370425581932 
vn -0.04456683248281479 0.1609436422586441 0.03093441016972065 
vn -0.03752851113677025 0.2591719627380371 0.09831104427576065 
vn -0.03752851113677025 0.2591719627380371 0.09831104427576065 
vn -0.057572368532419205 -0.3802270293235779 -0.23236122727394104 
vn -0.057572368532419205 -0.3802270293235779 -0.23236122727394104 
vn -0.057572368532419205 -0.3802270293235779 -0.23236122727394104 
vn -0.057572368532419205 -0.3802270293235779 -0.23236122727394104 
vn -0.06685423105955124 -0.14378176629543304 -0.1367264986038208 
vn -0.06771145015954971 -0.09999304264783859 -0.09523547440767288 
vn -0.06663014739751816 -0.17040537297725677 -0.15846379101276398 
vn -0.06759539246559143 -0.15448316931724548 -0.13701266050338745 
vn -0.06800932437181473 -0.13666342198848724 -0.1177823543548584 
vn -0.06803753972053528 -0.11620155721902847 -0.10243290662765503 
vn -0.0683826357126236 -0.10708467662334442 -0.08614319562911987 
vn -0.068209707736969 -0.13909803330898285 -0.11480065435171127 
vn -0.0681334137916565 -0.15328150987625122 -0.1106235533952713 
vn -0.06816854327917099 -0.1069042980670929 -0.07244370132684708 
vn -0.06585842370986938 -0.12467845529317856 -0.06330903619527817 
vn -0.06580081582069397 -0.17175623774528503 -0.10039079189300537 
vn -0.06615506112575531 -0.1305466890335083 -0.06996220350265503 
vn -0.06568317860364914 -0.15875472128391266 -0.08924879133701324 
vn -0.06666585057973862 -0.14879505336284637 -0.08835355192422867 
vn -0.0644342303276062 -0.11518660932779312 -0.047662220895290375 
vn -0.05069898068904877 -0.11500205099582672 -0.005870399530977011 
vn -0.051906146109104156 -0.17445063591003418 -0.054890312254428864 
vn 0.06790603697299957 -0.14232137799263 -0.09670555591583252 
vn 0.06678798794746399 -0.29329243302345276 -0.20802681148052216 
vn 0.06776030361652374 -0.13005311787128448 -0.08448438346385956 
vn 0.06751152127981186 -0.15814872086048126 -0.10415254533290863 
vn 0.06773252040147781 -0.04974958300590515 -0.01997426338493824 
vn 0.06728783249855042 -0.26443353295326233 -0.18991543352603912 
vn 0.06800620257854462 -0.10167933255434036 -0.0651446282863617 
vn 0.06841958314180374 -0.06532043218612671 -0.05588121339678764 
vn 0.0685122162103653 -0.012392396107316017 -0.012066314928233624 
vn 0.06803712248802185 -0.04731453210115433 -0.051097236573696136 
vn 0.06810052692890167 -0.006883291993290186 -0.01916060969233513 
vn 0.06549496948719025 -0.06395262479782104 -0.08577975630760193 
vn 0.06573190540075302 -0.010169360786676407 -0.04297361895442009 
vn 0.0637924000620842 -0.005175651982426643 -0.04936496540904045 
vn 0.06401479989290237 0.007893623784184456 -0.03820328041911125 
vn 0.06026959419250488 0.01506731752306223 -0.04742360860109329 
vn 0.060411494225263596 0.014822334982454777 -0.047135792672634125 
vn 0.04934490844607353 0.02818203717470169 -0.06432697176933289 
vn 0.04934490844607353 0.02818203717470169 -0.06432697176933289 
vn 0.03482013940811157 0.03823532909154892 -0.07731939107179642 
vn 0.03482399880886078 0.051839202642440796 -0.06675518304109573 
vn 0.020627835765480995 0.04379134997725487 -0.08447763323783875 
vn 0.02177324891090393 0.05707143619656563 -0.07349291443824768 
vn 0.010426031425595284 0.04583518207073212 -0.08720695227384567 
vn 0.011313962750136852 0.07298687845468521 -0.06586342304944992 
vn -0.004786868579685688 0.06004340946674347 -0.07732003182172775 
vn -0.0036711201537400484 0.1130320280790329 -0.03624237701296806 
vn -0.018337998539209366 0.057995282113552094 -0.07468258589506149 
vn -0.016015468165278435 0.13945066928863525 -0.012388518080115318 
vn -0.0332639217376709 0.04581926017999649 -0.07304839789867401 
vn -0.03164484351873398 0.09416108578443527 -0.03705185651779175 
vn 0.014411169104278088 0.15303610265254974 -0.0024558587465435266 
vn 0.02723868191242218 0.12301573902368546 -0.018388204276561737 
vn 0.03630009666085243 0.10535866767168045 -0.023502271622419357 
vn 0.04975854977965355 0.054964903742074966 -0.04274332523345947 
vn 0.060967568308115005 0.0410609170794487 -0.02483665570616722 
vn 0.06412311643362045 0.021230284124612808 -0.027338992804288864 
vn 0.0657380223274231 0.003410905133932829 -0.032427746802568436 
vn 0.06810052692890167 -0.006883291993290186 -0.01916060969233513 
vn 0.0685122162103653 -0.012392396107316017 -0.012066314928233624 
vn 0.0680946335196495 -0.03384336084127426 -0.012466022744774818 
vn 0.06774831563234329 -0.022610265761613846 0.001101008034311235 
vn 0.06733137369155884 -0.05183009058237076 -0.017308222129940987 
vn 0.051874689757823944 0.12065085023641586 0.01269914023578167 
vn 0.06350401043891907 0.10388718545436859 0.03431955724954605 
vn 0.06515906006097794 0.08635137230157852 0.028867892920970917 
vn 0.06574005633592606 0.01699201390147209 -0.021881218999624252 
vn 0.0681331679224968 0.020013412460684776 0.00226592062972486 
vn 0.06852332502603531 0.0006574759026989341 -0.0008466551080346107 
vn 0.06813317537307739 -0.0199970081448555 -0.0022531819995492697 
vn 0.06775029003620148 -0.009039023891091347 0.011639872565865517 
vn 0.06699244678020477 0.0009081795578822494 0.026839282363653183 
vn 0.06593724340200424 0.08412332087755203 0.03181559965014458 
vn 0.06818275153636932 0.10012541711330414 0.06717950850725174 
vn 0.06845879554748535 0.06641069799661636 0.05455746129155159 
vn 0.06813513487577438 -0.006431092508137226 0.008281546644866467 
vn 0.06770269572734833 0.004279654007405043 0.022519169375300407 
vn 0.06692882627248764 0.0006549764657393098 0.027173159644007683 
vn 0.06813507527112961 0.048111267387866974 0.05009697005152702 
vn 0.06757812947034836 0.09926324337720871 0.09627949446439743 
vn 0.06665556877851486 0.013192462734878063 0.03902607783675194 
vn -0.046083930879831314 -0.19931742548942566 -0.24519288539886475 
vn -0.046083930879831314 -0.19931742548942566 -0.24519288539886475 
vn -0.06606144458055496 -0.07250683754682541 -0.0887700691819191 
vn -0.055546827614307404 -0.15491998195648193 -0.1918802559375763 
vn -0.06685792654752731 -0.013976494781672955 -0.038048096001148224 
vn -0.0644863024353981 -0.09529737383127213 -0.11527925729751587 
vn -0.06779411435127258 0.015569034032523632 -0.006032016593962908 
vn -0.06781987845897675 -0.03219492360949516 -0.04258626326918602 
vn -0.06685423105955124 -0.14378176629543304 -0.1367264986038208 
vn -0.06771145015954971 -0.09999304264783859 -0.09523547440767288 
vn -0.06813507527112961 -0.048111267387866974 -0.05009697005152702 
vn -0.06803753972053528 -0.11620155721902847 -0.10243290662765503 
vn -0.06813464313745499 -0.000360116217052564 -0.013555318117141724 
vn -0.06851416826248169 -0.0011834040051326156 0.001523911370895803 
vn -0.06850966066122055 -0.04060058295726776 -0.03180018067359924 
vn -0.06817884743213654 -0.046639155596494675 -0.024022450670599937 
vn -0.06816854327917099 -0.1069042980670929 -0.07244370132684708 
vn -0.06579148024320602 -0.0709889680147171 -0.02057173289358616 
vn -0.06585842370986938 -0.12467845529317856 -0.06330903619527817 
vn -0.06527665257453918 -0.06575842946767807 -0.013393244706094265 
vn -0.06615506112575531 -0.1305466890335083 -0.06996220350265503 
vn -0.0644342303276062 -0.11518660932779312 -0.047662220895290375 
vn -0.06810200214385986 0.00009543469059281051 0.013889441266655922 
vn -0.06565490365028381 -0.01724414899945259 0.022205902263522148 
vn -0.06443391740322113 -0.027273451909422874 0.021118376404047012 
vn -0.06311004608869553 -0.05734505131840706 0.003830771194770932 
vn -0.05016041919589043 -0.06811612844467163 0.031738921999931335 
vn -0.05069898068904877 -0.11500205099582672 -0.005870399530977011 
vn -0.03782619163393974 -0.09754566103219986 0.027805231511592865 
vn -0.039872907102108 -0.15696193277835846 -0.021114477887749672 
vn -0.03388265147805214 -0.1400085687637329 -0.0008950390620157123 
vn -0.06137241795659065 -0.013210734352469444 0.045010045170784 
vn -0.049136679619550705 -0.028405718505382538 0.06454340368509293 
vn -0.03585014492273331 -0.051296722143888474 0.06605660915374756 
vn -0.02812437154352665 -0.10224150121212006 0.03386055678129196 
vn -0.013053245842456818 -0.08603624999523163 0.05514940619468689 
vn -0.015723833814263344 -0.13886955380439758 0.012967856600880623 
vn 0.002027292503044009 -0.11791526526212692 0.032564062625169754 
vn 0.0005025113350711763 -0.17708086967468262 -0.013529675081372261 
vn 0.015617607161402702 -0.15205158293247223 0.0027312301099300385 
vn -0.023469015955924988 -0.05655050650238991 0.07282210141420364 
vn -0.010426433756947517 -0.04604833573102951 0.08704143017530441 
vn 0.0035564799327403307 -0.0732223317027092 0.06721857935190201 
vn 0.01740257441997528 -0.09871526807546616 0.04348667338490486 
vn 0.034561898559331894 0.03837268054485321 -0.07748760282993317 
vn 0.02005581371486187 0.04394359886646271 -0.08468181639909744 
vn 0.010426031425595284 0.04583518207073212 -0.08720695227384567 
vn -0.004758807830512524 0.04646383225917816 -0.08786536753177643 
vn -0.01891251839697361 0.05104425176978111 -0.07978533953428268 
vn -0.033771347254514694 0.025198768824338913 -0.08853020519018173 
vn -0.005024934187531471 0.03949018567800522 -0.09324170649051666 
vn -0.019186202436685562 0.037405289709568024 -0.09022580832242966 
vn -0.03429126739501953 0.024917300790548325 -0.08820930868387222 
vn -0.03789306804537773 -0.05858311057090759 -0.14874736964702606 
vn -0.01992686279118061 -0.0035584867000579834 -0.12156997621059418 
vn -0.0277145653963089 -0.19256938993930817 -0.26188814640045166 
vn -0.02421303279697895 -0.17061839997768402 -0.2476736158132553 
vn -0.03278137370944023 -0.4980458617210388 -0.4891011118888855 
vn -0.030724147334694862 -0.3164665102958679 -0.353853315114975 
vn -0.0683826357126236 -0.10708467662334442 -0.08614319562911987 
vn -0.019186202436685562 0.037405289709568024 -0.09022580832242966 
vn -0.005024934187531471 0.03949018567800522 -0.09324170649051666 
vn -0.01992686279118061 -0.0035584867000579834 -0.12156997621059418 
vn -0.007151853758841753 -0.019768517464399338 -0.13880126178264618 
vn -0.02421303279697895 -0.17061839997768402 -0.2476736158132553 
vn -0.011703809723258018 -0.1811620593070984 -0.2619803249835968 
vn 0.009723488241434097 0.018812546506524086 -0.10835233330726624 
vn 0.004599422216415405 -0.09463188052177429 -0.19699741899967194 
vn -0.007571999449282885 -0.23064453899860382 -0.30096569657325745 
vn -0.006378837861120701 -0.26730185747146606 -0.32921549677848816 
vn -0.06742005795240402 -0.15341748297214508 -0.13833343982696533 
vn -0.062963105738163 -0.03741665184497833 -0.0779184103012085 
vn -0.06226523965597153 -0.08362317085266113 -0.11628441512584686 
vn -0.06684582680463791 -0.17817698419094086 -0.16237199306488037 
vn -0.053779516369104385 -0.044225845485925674 -0.11114422231912613 
vn -0.06418581306934357 -0.1558551788330078 -0.16281761229038239 
vn -0.046115946024656296 0.01735573075711727 -0.07840920239686966 
vn -0.056165337562561035 -0.006282728631049395 -0.07601027190685272 
vn -0.023861495777964592 -0.018333086743950844 -0.1305972933769226 
vn -0.029054339975118637 -0.12079467624425888 -0.20568282902240753 
vn -0.022532092407345772 -0.05134730041027069 -0.15697847306728363 
vn -0.018561577424407005 0.017209872603416443 -0.1062084212899208 
vn -0.02004743181169033 0.03714167699217796 -0.08996391296386719 
vn -0.02421303279697895 -0.17061839997768402 -0.2476736158132553 
vn -0.011703809723258018 -0.1811620593070984 -0.2619803249835968 
vn -0.030724147334694862 -0.3164665102958679 -0.353853315114975 
vn -0.006378837861120701 -0.26730185747146606 -0.32921549677848816 
vn 0.06484134495258331 0.31404563784599304 0.20931948721408844 
vn 0.06609223037958145 0.30975019931793213 0.21493616700172424 
vn 0.05515027046203613 0.264763742685318 0.13358566164970398 
vn 0.06648027896881104 0.24261727929115295 0.162803515791893 
vn 0.051874689757823944 0.12065085023641586 0.01269914023578167 
vn 0.06350401043891907 0.10388718545436859 0.03431955724954605 
vn -0.03388265147805214 -0.1400085687637329 -0.0008950390620157123 
vn -0.039816536009311676 -0.17042268812656403 -0.031567540019750595 
vn -0.039872907102108 -0.15696193277835846 -0.021114477887749672 
vn -0.03954077139496803 -0.17730532586574554 -0.03659571707248688 
vn -0.0006296946667134762 -0.20030251145362854 -0.03167995437979698 
vn 0.0005025113350711763 -0.17708086967468262 -0.013529675081372261 
vn 0.00954150315374136 -0.18851226568222046 -0.02367403358221054 
vn 0.015617607161402702 -0.15205158293247223 0.0027312301099300385 
vn 0.005320161115378141 -0.0075937602669000626 0.11792583763599396 
vn 0.010444672778248787 0.10674251616001129 0.20515412092208862 
vn 0.024396734312176704 0.024684889242053032 0.13514463603496552 
vn 0.029368814080953598 0.14667785167694092 0.22530601918697357 
vn -0.06768350303173065 0.11057516187429428 0.06774581223726273 
vn -0.06768687814474106 0.05003158748149872 0.019656691700220108 
vn -0.06748934090137482 0.16490939259529114 0.1094026044011116 
vn -0.0682135745882988 0.13259243965148926 0.09509900957345963 
vn 0.02723868191242218 0.12301573902368546 -0.018388204276561737 
vn 0.014411169104278088 0.15303610265254974 -0.0024558587465435266 
vn 0.03742960840463638 0.2392999678850174 0.08257629722356796 
vn 0.018780818209052086 0.33116862177848816 0.1391882449388504 
vn 0.04192351549863815 0.3419030010700226 0.16936378180980682 
vn 0.04095401614904404 0.342785120010376 0.16868796944618225 
vn -0.06777705997228622 0.18947283923625946 0.13386109471321106 
vn -0.0680626928806305 0.06777236610651016 0.03881388157606125 
vn -0.06748934090137482 0.16490939259529114 0.1094026044011116 
vn -0.06768350303173065 0.11057516187429428 0.06774581223726273 
vn -0.008224924094974995 -0.18797889351844788 -0.2681410312652588 
vn -0.007571999449282885 -0.23064453899860382 -0.30096569657325745 
vn 0.0009081355528905988 -0.11892347782850266 -0.21597491204738617 
vn 0.004599422216415405 -0.09463188052177429 -0.19699741899967194 
vn 0.015219058841466904 -0.009080364368855953 -0.12810882925987244 
vn 0.009723488241434097 0.018812546506524086 -0.10835233330726624 
vn -0.03388265147805214 -0.1400085687637329 -0.0008950390620157123 
vn -0.015723833814263344 -0.13886955380439758 0.012967856600880623 
vn -0.039816536009311676 -0.17042268812656403 -0.031567540019750595 
vn -0.02203937992453575 -0.19078269600868225 -0.030869316309690475 
vn 0.0005025113350711763 -0.17708086967468262 -0.013529675081372261 
vn -0.0006296946667134762 -0.20030251145362854 -0.03167995437979698 
vn 0.06615997850894928 -0.1479516178369522 -0.14525634050369263 
vn 0.06834162026643753 -0.12035442143678665 -0.09699063748121262 
vn 0.06612850725650787 -0.1751900613307953 -0.16588187217712402 
vn 0.06737068295478821 -0.16693425178527832 -0.14882999658584595 
vn -0.007786241360008717 0.08550023287534714 0.18943415582180023 
vn -0.005281900055706501 0.1001659706234932 0.201171875 
vn -0.016145862638950348 0.0021388325840234756 0.12234106659889221 
vn -0.006103336811065674 0.053207509219646454 0.16482895612716675 
vn -0.05159570649266243 -0.5713123083114624 -0.3707565367221832 
vn -0.05159570649266243 -0.5713123083114624 -0.3707565367221832 
vn -0.04811697080731392 -0.5674850344657898 -0.3601045608520508 
vn -0.032876189798116684 -0.5300961136817932 -0.30779650807380676 
vn -0.0410212017595768 0.0889543667435646 -0.030411764979362488 
vn -0.05491143465042114 0.09706243872642517 0.0011611356167122722 
vn -0.033990439027547836 0.17408913373947144 0.027631359174847603 
vn -0.05248619243502617 0.17406795918941498 0.05583977699279785 
vn -0.034438714385032654 0.18738089501857758 0.03850087523460388 
vn -0.035438623279333115 0.19341084361076355 0.044303327798843384 
vn -0.05491143465042114 0.09706243872642517 0.0011611356167122722 
vn -0.0410212017595768 0.0889543667435646 -0.030411764979362488 
vn -0.05736023187637329 0.03293263539671898 -0.042408525943756104 
vn -0.046345654875040054 0.0307393167167902 -0.06764974445104599 
vn -0.057837504893541336 0.005101184360682964 -0.06265219300985336 
vn -0.04764450341463089 0.016069790348410606 -0.07680715620517731 
vn -0.057837504893541336 0.005101184360682964 -0.06265219300985336 
vn -0.048272162675857544 0.0019451427506282926 -0.08663548529148102 
vn -0.057809699326753616 -0.022058337926864624 -0.0837431475520134 
vn -0.05297878757119179 -0.0637141764163971 -0.12797331809997559 
vn -0.059516794979572296 -0.1334325075149536 -0.1641697883605957 
vn -0.058278512209653854 -0.17209723591804504 -0.19748486578464508 
vn -0.0332639217376709 0.04581926017999649 -0.07304839789867401 
vn -0.033771347254514694 0.025198768824338913 -0.08853020519018173 
vn -0.03429126739501953 0.024917300790548325 -0.08820930868387222 
vn -0.03789306804537773 -0.05858311057090759 -0.14874736964702606 
vn -0.05764809623360634 -0.17130610346794128 -0.1987236887216568 
vn 0.05748633295297623 -0.08696810156106949 -0.00000826011091703549 
vn 0.06475812196731567 -0.10084904730319977 -0.03806563466787338 
vn 0.06327804177999496 -0.10429567843675613 -0.03363115340471268 
vn 0.06517061591148376 -0.12678273022174835 -0.06078219413757324 
vn 0.06730671972036362 -0.10578446090221405 -0.059740737080574036 
vn 0.06759914010763168 -0.15763981640338898 -0.10483153909444809 
vn 0.023584576323628426 -0.17730407416820526 -0.02132643572986126 
vn 0.00954150315374136 -0.18851226568222046 -0.02367403358221054 
vn 0.027462609112262726 -0.13602448999881744 0.008068297989666462 
vn 0.015617607161402702 -0.15205158293247223 0.0027312301099300385 
vn 0.05748633295297623 -0.08696810156106949 -0.00000826011091703549 
vn 0.040933508425951004 -0.12949173152446747 -0.0010678786784410477 
vn 0.03756273537874222 -0.10444755107164383 0.02274453081190586 
vn 0.03232895955443382 -0.13420610129833221 0.0051920912228524685 
vn 0.045106031000614166 0.5353925824165344 0.5003988146781921 
vn 0.05506199225783348 0.9075340628623962 0.7419077157974243 
vn 0.05673455819487572 0.5682622790336609 0.4975282549858093 
vn 0.05506199225783348 0.9075340628623962 0.7419077157974243 
vn -0.05069898068904877 -0.11500205099582672 -0.005870399530977011 
vn -0.039872907102108 -0.15696193277835846 -0.021114477887749672 
vn -0.051906146109104156 -0.17445063591003418 -0.054890312254428864 
vn -0.03954077139496803 -0.17730532586574554 -0.03659571707248688 
vn 0.0613456629216671 0.190641850233078 0.20136025547981262 
vn 0.06234024837613106 0.13819950819015503 0.15767544507980347 
vn 0.06692666560411453 0.3596671521663666 0.28825274109840393 
vn 0.05612075701355934 0.10120389610528946 0.14927630126476288 
vn -0.027114860713481903 -0.49656596779823303 -0.2756911814212799 
vn -0.04811697080731392 -0.5674850344657898 -0.3601045608520508 
vn -0.027114860713481903 -0.49656596779823303 -0.2756911814212799 
vn -0.032876189798116684 -0.5300961136817932 -0.30779650807380676 
vn 0.06291770935058594 0.3970366418361664 0.26653528213500977 
vn 0.061209537088871 0.37455156445503235 0.24050581455230713 
vn 0.06291770935058594 0.3970366418361664 0.26653528213500977 
vn 0.06281068921089172 0.3976384997367859 0.26649177074432373 
vn -0.06304685026407242 -0.05805152654647827 -0.09344297647476196 
vn -0.06486386060714722 -0.15764795243740082 -0.16061188280582428 
vn -0.0662761777639389 -0.032298874109983444 -0.05649691820144653 
vn -0.06486386060714722 -0.15764795243740082 -0.16061188280582428 
vn -0.06376593559980392 -0.20266906917095184 -0.20019228756427765 
vn -0.06540223211050034 -0.28225773572921753 -0.25007906556129456 
vn -0.06064723804593086 -0.33138230443000793 -0.30967068672180176 
vn 0.027462609112262726 -0.13602448999881744 0.008068297989666462 
vn 0.03756273537874222 -0.10444755107164383 0.02274453081190586 
vn 0.023584576323628426 -0.17730407416820526 -0.02132643572986126 
vn 0.03232895955443382 -0.13420610129833221 0.0051920912228524685 
vn 0.06061488762497902 0.053368862718343735 0.0991307869553566 
vn 0.05560781806707382 0.03265314921736717 0.09781769663095474 
vn 0.06158441677689552 0.041513409465551376 0.08653198927640915 
vn 0.05631974712014198 0.020000236108899117 0.08621690422296524 
vn 0.0603783056139946 0.025856103748083115 0.07872498035430908 
vn 0.05422721803188324 -0.00965440645813942 0.068446584045887 
vn 0.059819094836711884 0.011371093802154064 0.0693819522857666 
vn 0.05367346107959747 -0.010305941104888916 0.06922312825918198 
vn 0.055313970893621445 -0.04909816011786461 0.03521227836608887 
vn 0.04934491589665413 -0.05532216280698776 0.043251074850559235 
vn 0.0494580902159214 -0.12280993163585663 -0.009548901580274105 
vn 0.04168647900223732 -0.11544689536094666 0.008854592218995094 
vn 0.05242404341697693 -0.13345952332019806 -0.02388787269592285 
vn 0.03938301280140877 -0.15727831423282623 -0.020728884264826775 
vn 0.03579059988260269 0.002895424608141184 0.1081399917602539 
vn 0.048465095460414886 0.01168708223849535 0.09683823585510254 
vn 0.04589404538273811 -0.017566103488206863 0.0786103904247284 
vn 0.04568002372980118 -0.031319767236709595 0.06829266995191574 
vn 0.04270942136645317 -0.04707048833370209 0.060614343732595444 
vn 0.03553467616438866 -0.10561208426952362 0.024160560220479965 
vn 0.03359393775463104 -0.14705318212509155 -0.006096894387155771 
vn 0.019769303500652313 -0.04410308599472046 0.08471577614545822 
vn 0.01948915235698223 -0.05770492926239967 0.07430868595838547 
vn 0.019201908260583878 -0.05777917429804802 0.07440429925918579 
vn 0.017058346420526505 -0.11209125071763992 0.033236704766750336 
vn 0.012904053553938866 -0.17821884155273438 -0.01664789952337742 
vn 0.015357133001089096 -0.1781139075756073 -0.017507683485746384 
vn 0.01715049333870411 -0.03130800276994705 0.09596963226795197 
vn 0.016019243746995926 -0.05852276459336281 0.07536184042692184 
vn 0.01572796329855919 -0.05858368054032326 0.07544028759002686 
vn 0.013936462812125683 -0.08584608882665634 0.05497540906071663 
vn 0.009333893656730652 -0.16368478536605835 -0.004228641744703054 
vn 0.007315992843359709 -0.2206748127937317 -0.048328716307878494 
vn -0.008359058760106564 -0.06643225252628326 0.0717335119843483 
vn -0.009546908549964428 -0.06633070111274719 0.07152853906154633 
vn -0.01038874126970768 -0.08633484691381454 0.0557565875351429 
vn -0.018863720819354057 -0.15192018449306488 0.0012982783373445272 
vn -0.03544171527028084 -0.29187899827957153 -0.12163076549768448 
vn -0.04312145709991455 -0.28841185569763184 -0.12886469066143036 
vn -0.04248293489217758 -0.3082691729068756 -0.14358994364738464 
vn -0.02205544337630272 -0.06374606490135193 0.0681360512971878 
vn -0.022043410688638687 -0.077259860932827 0.05764179676771164 
vn -0.02201935276389122 -0.09076259285211563 0.04715613275766373 
vn -0.021168647333979607 -0.19076421856880188 -0.030327366665005684 
vn -0.04188314452767372 -0.32190051674842834 -0.1534876972436905 
vn -0.032475732266902924 -0.05977889895439148 0.06298917531967163 
vn -0.0319388285279274 -0.07355647534132004 0.05280048027634621 
vn -0.02700779028236866 -0.10936301201581955 0.02920602075755596 
vn -0.010632223449647427 -0.2319103330373764 -0.05792756751179695 
vn 0.010385863482952118 -0.3479052782058716 -0.14899030327796936 
vn 0.004368941765278578 -0.32515427470207214 -0.12987077236175537 
vn -0.038114964962005615 -0.06356216222047806 0.05389440432190895 
vn -0.03736071288585663 -0.0707617849111557 0.049200545996427536 
vn -0.031331636011600494 -0.1142914891242981 0.02166936732828617 
vn -0.012377024628221989 -0.24507255852222443 -0.06878513842821121 
vn 0.004463250748813152 -0.30709052085876465 -0.11567313224077225 
vn -0.026478225365281105 -0.23608043789863586 -0.06941316276788712 
vn -0.046960826963186264 -0.09797175973653793 0.014330411329865456 
vn -0.05176592245697975 -0.05978747457265854 0.03497576713562012 
vn -0.052355144172906876 -0.04560992494225502 0.04474803805351257 
vn -0.040327008813619614 -0.04189392924308777 0.06792403012514114 
vn -0.05459858477115631 -0.02281530573964119 0.05736411362886429 
vn -0.049071598798036575 0.025751126930117607 0.1065993681550026 
vn -0.06255728751420975 0.06377961486577988 0.0998840257525444 
vn -0.061183199286460876 0.16993498802185059 0.18625886738300323 
vn -0.06788714975118637 0.19853739440441132 0.16366741061210632 
vn -0.06656686961650848 0.19580860435962677 0.12539231777191162 
vn -0.06803902983665466 0.08848658204078674 0.08199068158864975 
vn -0.06380026042461395 -0.015180847607553005 0.03355695307254791 
vn -0.06176401302218437 -0.046403516083955765 0.017770498991012573 
vn -0.06123208627104759 -0.05414782091975212 0.013705700635910034 
vn -0.056792743504047394 -0.10817533731460571 -0.014664430171251297 
vn -0.04343334585428238 -0.20822496712207794 -0.0662464126944542 
vn -0.06814070045948029 0.1890769898891449 0.148186594247818 
vn -0.06697648018598557 0.02804136462509632 0.04790979251265526 
vn -0.06614697724580765 -0.015726568177342415 0.02025166153907776 
vn -0.06598596274852753 -0.02979801781475544 0.010371183976531029 
vn -0.06564676016569138 -0.04437033832073212 0.0011408253340050578 
vn -0.061310939490795135 -0.155356764793396 -0.06586143374443054 
vn -0.04343334585428238 -0.20822496712207794 -0.0662464126944542 
vn 0.0484972782433033 -0.07979942113161087 -0.14934630692005157 
vn 0.05031247064471245 -0.09494958817958832 -0.15757083892822266 
vn 0.0433310940861702 -0.021280989050865173 -0.11266987025737762 
vn 0.045539047569036484 -0.050195273011922836 -0.13159386813640594 
vn 0.05242365226149559 -0.056340575218200684 -0.12350302934646606 
vn 0.05961524695158005 -0.10637951642274857 -0.1431615650653839 
vn 0.06734884530305862 -0.11171956360340118 -0.10809504240751266 
vn 0.06391435861587524 -0.0735519602894783 -0.10145054757595062 
vn 0.06783748418092728 -0.12952211499214172 -0.08514881879091263 
vn 0.06825345754623413 -0.0906512662768364 -0.07934612035751343 
vn 0.06834162026643753 -0.12035442143678665 -0.09699063748121262 
vn 0.061209537088871 0.37455156445503235 0.24050581455230713 
vn 0.06082970276474953 0.3754723370075226 0.23973625898361206 
vn 0.06281068921089172 0.3976384997367859 0.26649177074432373 
vn 0.06082970276474953 0.3754723370075226 0.23973625898361206 
vn 0.061804141849279404 0.3133986294269562 0.2917349636554718 
vn 0.06692666560411453 0.3596671521663666 0.28825274109840393 
vn 0.03769705072045326 0.04448876157402992 0.13810329139232635 
vn 0.05612075701355934 0.10120389610528946 0.14927630126476288 
vn 0.04192351549863815 0.3419030010700226 0.16936378180980682 
vn 0.04888421297073364 0.3372340798377991 0.17724692821502686 
vn 0.03742960840463638 0.2392999678850174 0.08257629722356796 
vn 0.041225455701351166 0.22350874543190002 0.07506176829338074 
vn 0.02723868191242218 0.12301573902368546 -0.018388204276561737 
vn 0.03630009666085243 0.10535866767168045 -0.023502271622419357 
vn -0.06638738512992859 0.23625080287456512 0.15679806470870972 
vn -0.06228873133659363 0.22733280062675476 0.12667861580848694 
vn -0.06656686961650848 0.19580860435962677 0.12539231777191162 
vn -0.06814070045948029 0.1890769898891449 0.148186594247818 
vn -0.06405672430992126 0.16229993104934692 0.16833321750164032 
vn -0.057263899594545364 0.15020783245563507 0.18371638655662537 
vn -0.06523976475000381 0.056393709033727646 0.08146504312753677 
vn -0.06283462047576904 0.04392000287771225 0.08346733450889587 
vn 0.06515906006097794 0.08635137230157852 0.028867892920970917 
vn 0.06695698946714401 0.21417179703712463 0.14390985667705536 
vn 0.06593724340200424 0.08412332087755203 0.03181559965014458 
vn 0.06608008593320847 0.230768084526062 0.14989572763442993 
vn 0.06740090996026993 0.3234271705150604 0.25251737236976624 
vn 0.06578829139471054 0.3757590353488922 0.2677917778491974 
vn 0.015219058841466904 -0.009080364368855953 -0.12810882925987244 
vn 0.03126353397965431 -0.027940349653363228 -0.13212072849273682 
vn 0.0009081355528905988 -0.11892347782850266 -0.21597491204738617 
vn 0.02450256422162056 -0.17106524109840393 -0.24781587719917297 
vn -0.06760836392641068 0.05827143043279648 0.06498314440250397 
vn -0.06766688823699951 0.07913870364427567 0.08011504262685776 
vn -0.06810200214385986 0.00009543469059281051 0.013889441266655922 
vn -0.0684548169374466 0.004029792733490467 0.008827824145555496 
vn -0.06816451251506805 -0.01974169723689556 -0.002594835590571165 
vn -0.06849782913923264 -0.015282190404832363 -0.008339138701558113 
vn -0.0682208463549614 -0.025997057557106018 -0.008533043786883354 
vn -0.0685122162103653 -0.014759203419089317 -0.009018492884933949 
vn -0.06840408593416214 -0.0966765433549881 -0.07154662162065506 
vn -0.0683308020234108 -0.07078950852155685 -0.06283898651599884 
vn -0.06771967560052872 -0.21798798441886902 -0.18039502203464508 
vn -0.06596650183200836 -0.19518984854221344 -0.18193960189819336 
vn -0.06763112545013428 -0.2818312644958496 -0.22292952239513397 
vn -0.0659005269408226 -0.24994927644729614 -0.22288161516189575 
vn -0.06827833503484726 0.011911323294043541 -0.001323910430073738 
vn -0.06810200214385986 -0.00009543469059281051 -0.013889441266655922 
vn -0.0680641308426857 -0.013399503193795681 -0.024760231375694275 
vn -0.06751051545143127 -0.0578196756541729 -0.06570358574390411 
vn -0.06376593559980392 -0.20266906917095184 -0.20019228756427765 
vn -0.05374691262841225 -0.30775266885757446 -0.31232786178588867 
vn -0.06486386060714722 -0.15764795243740082 -0.16061188280582428 
vn -0.06064723804593086 -0.33138230443000793 -0.30967068672180176 
vn 0.05673455819487572 0.5682622790336609 0.4975282549858093 
vn 0.030235573649406433 0.27664437890052795 0.32398322224617004 
vn 0.045106031000614166 0.5353925824165344 0.5003988146781921 
vn 0.015066549181938171 0.12449593842029572 0.21722815930843353 
vn 0.029660988599061966 0.2765669524669647 0.3244377076625824 
vn 0.026904109865427017 0.24803292751312256 0.30495885014533997 
vn 0.030235573649406433 0.27664437890052795 0.32398322224617004 
vn 0.015066549181938171 0.12449593842029572 0.21722815930843353 
vn 0.06498627364635468 0.08975087851285934 0.1084020808339119 
vn 0.06350420415401459 0.05887075513601303 0.0920715257525444 
vn 0.06423754245042801 0.14235273003578186 0.15233217179775238 
vn 0.06204044073820114 0.15122157335281372 0.16877853870391846 
vn 0.032208021730184555 0.2416476160287857 0.07876129448413849 
vn 0.04611412063241005 0.1664930135011673 0.03777096047997475 
vn 0.03395910933613777 0.2542126476764679 0.09039966017007828 
vn 0.03395910933613777 0.2542126476764679 0.09039966017007828 
vn -0.0683308020234108 0.07078950852155685 0.06283898651599884 
vn -0.06774459034204483 0.1762615442276001 0.15069274604320526 
vn -0.06766850501298904 0.09966395050287247 0.09551718086004257 
vn -0.06709577143192291 0.17238865792751312 0.15574277937412262 
vn -0.039284270256757736 0.11044519394636154 -0.015952516347169876 
vn -0.04456683248281479 0.1609436422586441 0.03093441016972065 
vn -0.047630425542593 0.08402304351329803 -0.024037472903728485 
vn -0.05617725849151611 0.06162033975124359 -0.02327955886721611 
vn -0.007786241360008717 0.08550023287534714 0.18943415582180023 
vn -0.016145862638950348 0.0021388325840234756 0.12234106659889221 
vn -0.021917445585131645 0.09027960151433945 0.18739202618598938 
vn -0.03239359334111214 0.007942176423966885 0.1155785620212555 
vn -0.05678204447031021 0.25759753584861755 0.2666531503200531 
vn -0.06347785145044327 0.2697453498840332 0.25177088379859924 
vn -0.05554076284170151 0.1884579360485077 0.21747998893260956 
vn -0.061183199286460876 0.16993498802185059 0.18625886738300323 
vn -0.0662761777639389 -0.032298874109983444 -0.05649691820144653 
vn -0.0664452612400055 -0.005652919411659241 -0.034753065556287766 
vn -0.06304685026407242 -0.05805152654647827 -0.09344297647476196 
vn -0.06334920227527618 0.002570423763245344 -0.04536446928977966 
vn -0.057837504893541336 0.005101184360682964 -0.06265219300985336 
vn -0.057837504893541336 0.005101184360682964 -0.06265219300985336 
vn -0.0665203183889389 0.000880979816429317 -0.029152382165193558 
vn -0.06346695870161057 0.015913933515548706 -0.034500088542699814 
vn -0.05736023187637329 0.03293263539671898 -0.042408525943756104 
vn -0.06673029810190201 0.02726835571229458 -0.007077475544065237 
vn -0.06346695870161057 0.02948482148349285 -0.023961501196026802 
vn -0.05491143465042114 0.09706243872642517 0.0011611356167122722 
vn -0.06746292859315872 0.10511156171560287 0.06082206964492798 
vn -0.06375832855701447 0.08302617818117142 0.01912892609834671 
vn -0.004619658458977938 0.1715199500322342 0.009467211551964283 
vn -0.010153025388717651 0.1725253164768219 0.01134545635432005 
vn -0.011273781768977642 0.1333039402961731 -0.01893279142677784 
vn -0.016277378425002098 0.08560294657945633 -0.05420442670583725 
vn -0.015725836157798767 0.0653710588812828 -0.07016949355602264 
vn -0.02004743181169033 0.03714167699217796 -0.08996391296386719 
vn 0.046200867742300034 -0.23921574652194977 -0.27542802691459656 
vn 0.02450256422162056 -0.17106524109840393 -0.24781587719917297 
vn 0.04449931159615517 -0.2511662244796753 -0.2872968018054962 
vn 0.04753216356039047 -0.10599435120820999 -0.17121870815753937 
vn 0.03126353397965431 -0.027940349653363228 -0.13212072849273682 
vn 0.04911481961607933 0.0011820151703432202 -0.08568420261144638 
vn 0.034561898559331894 0.03837268054485321 -0.07748760282993317 
vn 0.015219058841466904 -0.009080364368855953 -0.12810882925987244 
vn 0.02005581371486187 0.04394359886646271 -0.08468181639909744 
vn -0.06766688823699951 0.07913870364427567 0.08011504262685776 
vn -0.06760836392641068 0.05827143043279648 0.06498314440250397 
vn -0.06203901395201683 0.2462696135044098 0.24060367047786713 
vn -0.062426064163446426 0.26051434874534607 0.24966521561145782 
vn -0.05764451250433922 0.27208471298217773 0.2751309871673584 
vn -0.05092687904834747 0.4934707581996918 0.457857221364975 
vn 0.06717562675476074 -0.0016843336634337902 -0.025847546756267548 
vn 0.06570745259523392 0.07130802422761917 0.020298346877098083 
vn 0.06252339482307434 0.038214460015296936 -0.02117549255490303 
vn 3.243177981962389e-15 -0.3333878517150879 -0.13609454035758972 
vn 3.243177981962389e-15 -0.3333878517150879 -0.13609454035758972 
vn 3.243177981962389e-15 -0.3333878517150879 -0.13609454035758972 
vn -0.0041264561004936695 -0.33610665798187256 -0.13846449553966522 
vn -0.004742367193102837 -0.33768904209136963 -0.13978421688079834 
vn -0.06842947006225586 0.07970136404037476 0.06542115658521652 
vn -0.06746292859315872 0.10511156171560287 0.06082206964492798 
vn -0.06827833503484726 0.011911323294043541 -0.001323910430073738 
vn -0.06673029810190201 0.02726835571229458 -0.007077475544065237 
vn -0.06810200214385986 -0.00009543469059281051 -0.013889441266655922 
vn -0.0665203183889389 0.000880979816429317 -0.029152382165193558 
vn -0.0680641308426857 -0.013399503193795681 -0.024760231375694275 
vn -0.0664452612400055 -0.005652919411659241 -0.034753065556287766 
vn -0.06751051545143127 -0.0578196756541729 -0.06570358574390411 
vn -0.0662761777639389 -0.032298874109983444 -0.05649691820144653 
vn -0.0654590055346489 0.24797391891479492 0.2245061844587326 
vn -0.0654590055346489 0.24797391891479492 0.2245061844587326 
vn -0.06307020038366318 0.09133622795343399 0.022565370425581932 
vn -0.0682135745882988 0.13259243965148926 0.09509900957345963 
vn -0.06390107423067093 -0.005431911908090115 -0.04905807971954346 
vn -0.06768687814474106 0.05003158748149872 0.019656691700220108 
vn -0.044884081929922104 0.04270552843809128 0.12685541808605194 
vn -0.056563641875982285 0.06785650551319122 0.12248444557189941 
vn -0.041104163974523544 0.10749682784080505 0.18231339752674103 
vn -0.0499616414308548 0.12807577848434448 0.18369515240192413 
vn -0.03105781227350235 -0.5183575749397278 -0.5060901641845703 
vn -0.03105781227350235 -0.5183575749397278 -0.5060901641845703 
vn -0.03105781227350235 -0.5183575749397278 -0.5060901641845703 
vn -0.03105781227350235 -0.5183575749397278 -0.5060901641845703 
vn -0.06283462047576904 0.04392000287771225 0.08346733450889587 
vn -0.057263899594545364 0.15020783245563507 0.18371638655662537 
vn -0.056563641875982285 0.06785650551319122 0.12248444557189941 
vn -0.0499616414308548 0.12807577848434448 0.18369515240192413 
vn 0.06757812947034836 0.09926324337720871 0.09627949446439743 
vn 0.06652247905731201 0.3142816126346588 0.2637900412082672 
vn 0.06694455444812775 0.05516485124826431 0.06897276639938354 
vn 0.0641259178519249 0.27831071615219116 0.25482985377311707 
vn 0.06618932634592056 0.40981242060661316 0.33259809017181396 
vn 0.056098684668540955 0.5799113512039185 0.508021891117096 
vn -0.012899251654744148 0.4667763411998749 0.47902899980545044 
vn -0.012899251654744148 0.4667763411998749 0.47902899980545044 
vn -0.012899251654744148 0.4667763411998749 0.47902899980545044 
vn -0.012899251654744148 0.4667763411998749 0.47902899980545044 
vn -0.057809699326753616 -0.022058337926864624 -0.0837431475520134 
vn -0.06486386060714722 -0.15764795243740082 -0.16061188280582428 
vn 0.025989120826125145 0.14493650197982788 0.22668449580669403 
vn 0.045106031000614166 0.5353925824165344 0.5003988146781921 
vn 0.019380589947104454 -0.003805887419730425 0.11616445332765579 
vn 0.022904930636286736 0.07764630019664764 0.17703378200531006 
vn 0.015066549181938171 0.12449593842029572 0.21722815930843353 
vn -0.001990973949432373 -0.012521392665803432 0.11443111300468445 
vn -0.021168647333979607 0.07662135362625122 0.1773131936788559 
vn -0.02176717482507229 -0.04357827454805374 0.08397114276885986 
vn -0.03482017293572426 -0.03829949349164963 0.07726956158876419 
vn -0.043297600001096725 0.034676987677812576 0.12307264655828476 
vn 0.039598140865564346 0.04912426695227623 -0.0632590651512146 
vn 0.02690759487450123 0.1367938071489334 -0.00790440570563078 
vn 0.034303005784749985 0.06569968163967133 -0.05653940141201019 
vn 0.023473693057894707 0.15125681459903717 0.000909938826225698 
vn 0.014824546873569489 0.21779683232307434 0.04832381010055542 
vn 0.016679339110851288 0.21822485327720642 0.049459073692560196 
vn -0.05554076284170151 0.1884579360485077 0.21747998893260956 
vn 0.012045240961015224 -0.45445969700813293 -0.4700188636779785 
vn 0.012045240961015224 -0.45445969700813293 -0.4700188636779785 
vn 0.012045240961015224 -0.45445969700813293 -0.4700188636779785 
vn 0.012045240961015224 -0.45445969700813293 -0.4700188636779785 
vn -0.06656686961650848 0.19580860435962677 0.12539231777191162 
vn -0.06788714975118637 0.19853739440441132 0.16366741061210632 
vn -0.06638738512992859 0.23625080287456512 0.15679806470870972 
vn -0.06775691360235214 0.24702654778957367 0.1986134648323059 
vn 0.06578829139471054 0.3757590353488922 0.2677917778491974 
vn 0.06704999506473541 0.36626991629600525 0.27927398681640625 
vn 0.06608008593320847 0.230768084526062 0.14989572763442993 
vn 0.06777641922235489 0.25916579365730286 0.19664384424686432 
vn 0.06593724340200424 0.08412332087755203 0.03181559965014458 
vn 0.06818275153636932 0.10012541711330414 0.06717950850725174 
vn 0.06615997850894928 -0.1479516178369522 -0.14525634050369263 
vn 0.06612850725650787 -0.1751900613307953 -0.16588187217712402 
vn 0.06683245301246643 -0.10950671881437302 -0.11117241531610489 
vn 0.06534106284379959 -0.17276063561439514 -0.16923527419567108 
vn 0.06709441542625427 -0.12428295612335205 -0.11998722702264786 
vn 0.06833011656999588 -0.10581798851490021 -0.08787231892347336 
vn 0.06730671972036362 -0.10578446090221405 -0.059740737080574036 
vn 0.0683586522936821 0.05807308480143547 0.037230364978313446 
vn 0.06799480319023132 -0.0060951285995543 -0.020165923982858658 
vn 0.06823320686817169 0.07651286572217941 0.06944944709539413 
vn 0.06845530867576599 0.002760485280305147 -0.0035547749139368534 
vn 0.06810249388217926 -0.006692520342767239 0.008618196472525597 
vn 0.06588878482580185 0.07867006212472916 0.09460300207138062 
vn 0.06498627364635468 0.08975087851285934 0.1084020808339119 
vn 0.06659158319234848 -0.0006277962820604444 0.02882169559597969 
vn 0.06443443894386292 -0.02049020491540432 0.026385964825749397 
vn 0.06350420415401459 0.05887075513601303 0.0920715257525444 
vn 0.058934152126312256 -0.003558569587767124 0.06061147153377533 
vn 0.06234024837613106 0.13819950819015503 0.15767544507980347 
vn 0.05612075701355934 0.10120389610528946 0.14927630126476288 
vn 0.04589404538273811 -0.017566103488206863 0.0786103904247284 
vn 0.032208651304244995 -0.03957900032401085 0.07893183082342148 
vn 0.03769705072045326 0.04448876157402992 0.13810329139232635 
vn 0.019776025786995888 -0.05762958154082298 0.07421165704727173 
vn 0.024396734312176704 0.024684889242053032 0.13514463603496552 
vn 0.005320161115378141 -0.0075937602669000626 0.11792583763599396 
vn 0.0035564799327403307 -0.0732223317027092 0.06721857935190201 
vn -0.010426433756947517 -0.04604833573102951 0.08704143017530441 
vn -0.006103336811065674 0.053207509219646454 0.16482895612716675 
vn -0.023469015955924988 -0.05655050650238991 0.07282210141420364 
vn -0.016145862638950348 0.0021388325840234756 0.12234106659889221 
vn -0.03239359334111214 0.007942176423966885 0.1155785620212555 
vn -0.03585014492273331 -0.051296722143888474 0.06605660915374756 
vn -0.049136679619550705 -0.028405718505382538 0.06454340368509293 
vn -0.044884081929922104 0.04270552843809128 0.12685541808605194 
vn -0.06137241795659065 -0.013210734352469444 0.045010045170784 
vn -0.056563641875982285 0.06785650551319122 0.12248444557189941 
vn -0.06283462047576904 0.04392000287771225 0.08346733450889587 
vn -0.06443391740322113 -0.027273451909422874 0.021118376404047012 
vn -0.06565490365028381 -0.01724414899945259 0.022205902263522148 
vn -0.06523976475000381 0.056393709033727646 0.08146504312753677 
vn -0.06810200214385986 0.00009543469059281051 0.013889441266655922 
vn -0.06766850501298904 0.09966395050287247 0.09551718086004257 
vn -0.0683308020234108 0.07078950852155685 0.06283898651599884 
vn -0.06851416826248169 -0.0011834040051326156 0.001523911370895803 
vn -0.06813464313745499 -0.000360116217052564 -0.013555318117141724 
vn -0.0680626928806305 0.06777236610651016 0.03881388157606125 
vn -0.06768350303173065 0.11057516187429428 0.06774581223726273 
vn -0.06779411435127258 0.015569034032523632 -0.006032016593962908 
vn -0.06685792654752731 -0.013976494781672955 -0.038048096001148224 
vn -0.06768687814474106 0.05003158748149872 0.019656691700220108 
vn -0.0644863024353981 -0.09529737383127213 -0.11527925729751587 
vn -0.06390107423067093 -0.005431911908090115 -0.04905807971954346 
vn -0.062963105738163 -0.03741665184497833 -0.0779184103012085 
vn -0.05617725849151611 0.06162033975124359 -0.02327955886721611 
vn -0.056165337562561035 -0.006282728631049395 -0.07601027190685272 
vn -0.047630425542593 0.08402304351329803 -0.024037472903728485 
vn -0.03631393238902092 0.09857232123613358 -0.028772268444299698 
vn -0.046115946024656296 0.01735573075711727 -0.07840920239686966 
vn -0.02004743181169033 0.03714167699217796 -0.08996391296386719 
vn -0.016277378425002098 0.08560294657945633 -0.05420442670583725 
vn 0.06804545223712921 0.15803618729114532 0.13221585750579834 
vn 0.0683586522936821 0.05807308480143547 0.037230364978313446 
vn 0.06495565176010132 0.1579236388206482 0.16030898690223694 
vn 0.06823320686817169 0.07651286572217941 0.06944944709539413 
vn -0.03631393238902092 0.09857232123613358 -0.028772268444299698 
vn -0.013979233801364899 0.21155399084091187 0.043105535209178925 
vn -0.047630425542593 0.08402304351329803 -0.024037472903728485 
vn -0.039284270256757736 0.11044519394636154 -0.015952516347169876 
vn 0.039598140865564346 0.04912426695227623 -0.0632590651512146 
vn 0.0536809079349041 0.050984207540750504 -0.037634070962667465 
vn 0.02690759487450123 0.1367938071489334 -0.00790440570563078 
vn 0.0371389165520668 0.15902647376060486 0.01934215985238552 
vn 0.014824546873569489 0.21779683232307434 0.04832381010055542 
vn 0.019407913088798523 0.21793538331985474 0.050593070685863495 
vn 0.06717562675476074 -0.0016843336634337902 -0.025847546756267548 
vn 0.06799480319023132 -0.0060951285995543 -0.020165923982858658 
vn 0.06570745259523392 0.07130802422761917 0.020298346877098083 
vn 0.0683586522936821 0.05807308480143547 0.037230364978313446 
vn 0.06737068295478821 0.18553215265274048 0.1248808279633522 
vn 0.06804545223712921 0.15803618729114532 0.13221585750579834 
vn 0.06515906006097794 0.08635137230157852 0.028867892920970917 
vn 0.06350401043891907 0.10388718545436859 0.03431955724954605 
vn 0.06695698946714401 0.21417179703712463 0.14390985667705536 
vn 0.06648027896881104 0.24261727929115295 0.162803515791893 
vn 0.06740090996026993 0.3234271705150604 0.25251737236976624 
vn 0.06609223037958145 0.30975019931793213 0.21493616700172424 
vn -0.0027088718488812447 0.45737993717193604 0.23412492871284485 
vn -0.0027088718488812447 0.45737993717193604 0.23412492871284485 
vn -0.0027088718488812447 0.45737993717193604 0.23412492871284485 
vn -0.0027088718488812447 0.45737993717193604 0.23412492871284485 
vn 0.006855455227196217 0.04624401405453682 -0.08771267533302307 
vn 0.01594368740916252 0.099297434091568 -0.04369791969656944 
vn -0.015725836157798767 0.0653710588812828 -0.07016949355602264 
vn -0.011273781768977642 0.1333039402961731 -0.01893279142677784 
vn 0.029713299125432968 0.21597328782081604 0.05631382763385773 
vn -0.004619658458977938 0.1715199500322342 0.009467211551964283 
vn -0.005281900055706501 0.1001659706234932 0.201171875 
vn 0.010444672778248787 0.10674251616001129 0.20515412092208862 
vn -0.006103336811065674 0.053207509219646454 0.16482895612716675 
vn 0.005320161115378141 -0.0075937602669000626 0.11792583763599396 
vn 0.06823320686817169 0.07651286572217941 0.06944944709539413 
vn 0.06588878482580185 0.07867006212472916 0.09460300207138062 
vn 0.06495565176010132 0.1579236388206482 0.16030898690223694 
vn 0.06287997961044312 0.1800132393836975 0.18715138733386993 
vn -0.05491143465042114 0.09706243872642517 0.0011611356167122722 
vn -0.06375832855701447 0.08302617818117142 0.01912892609834671 
vn -0.05248619243502617 0.17406795918941498 0.05583977699279785 
vn -0.06418581306934357 0.1963406205177307 0.11068306863307953 
vn -0.06111108884215355 0.20939764380455017 0.10782735049724579 
vn -0.06358852982521057 0.23802979290485382 0.14101852476596832 
vn -0.06746292859315872 0.10511156171560287 0.06082206964492798 
vn -0.06782711297273636 0.24014912545681 0.17970699071884155 
vn -0.06375832855701447 0.08302617818117142 0.01912892609834671 
vn -0.06418581306934357 0.1963406205177307 0.11068306863307953 
vn -0.06731318682432175 0.32097485661506653 0.24138899147510529 
vn -0.06358852982521057 0.23802979290485382 0.14101852476596832 
vn 0.0018709214637055993 -0.020328393206000328 -0.1398662030696869 
vn -0.009167762473225594 -0.07150574773550034 -0.17832906544208527 
vn -0.005929458420723677 -0.08369256556034088 -0.18837930262088776 
vn -0.02770799957215786 -0.08022315800189972 -0.1755550503730774 
vn -0.02626599557697773 -0.14588680863380432 -0.2272067815065384 
vn -0.022532092407345772 -0.05134730041027069 -0.15697847306728363 
vn -0.029054339975118637 -0.12079467624425888 -0.20568282902240753 
vn 0.006855455227196217 0.04624401405453682 -0.08771267533302307 
vn 0.023463314399123192 0.07012511789798737 -0.06228061765432358 
vn 0.01594368740916252 0.099297434091568 -0.04369791969656944 
vn 0.023932216688990593 0.20448742806911469 0.042821094393730164 
vn 0.029713299125432968 0.21597328782081604 0.05631382763385773 
vn 0.02409881167113781 0.21731431782245636 0.052977848798036575 
vn -0.06709577143192291 0.17238865792751312 0.15574277937412262 
vn -0.06405672430992126 0.16229993104934692 0.16833321750164032 
vn -0.06766850501298904 0.09966395050287247 0.09551718086004257 
vn -0.06523976475000381 0.056393709033727646 0.08146504312753677 
vn 0.029368814080953598 0.14667785167694092 0.22530601918697357 
vn 0.030887244269251823 0.16098304092884064 0.23493416607379913 
vn 0.024396734312176704 0.024684889242053032 0.13514463603496552 
vn 0.03769705072045326 0.04448876157402992 0.13810329139232635 
vn -0.06746292859315872 0.10511156171560287 0.06082206964492798 
vn -0.06842947006225586 0.07970136404037476 0.06542115658521652 
vn -0.06782711297273636 0.24014912545681 0.17970699071884155 
vn -0.06628824025392532 0.21694765985012054 0.19566710293293 
vn -0.06731318682432175 0.32097485661506653 0.24138899147510529 
vn -0.06592414528131485 0.318508505821228 0.2724120616912842 
vn 0.06692882627248764 0.0006549764657393098 0.027173159644007683 
vn 0.0639835000038147 0.03277534991502762 0.06978512555360794 
vn 0.06699244678020477 0.0009081795578822494 0.026839282363653183 
vn 0.06389064341783524 0.018954062834382057 0.05955882370471954 
vn 0.06733137369155884 -0.05183009058237076 -0.017308222129940987 
vn 0.06311481446027756 -0.05056235194206238 0.009097935631871223 
vn 0.06776030361652374 -0.13005311787128448 -0.08448438346385956 
vn 0.0625428780913353 -0.11934193968772888 -0.04232059046626091 
vn 0.06790603697299957 -0.14232137799263 -0.09670555591583252 
vn 0.06782329827547073 -0.1029590591788292 -0.06344425678253174 
vn 0.0603783056139946 0.025856103748083115 0.07872498035430908 
vn 0.059819094836711884 0.011371093802154064 0.0693819522857666 
vn 0.055313970893621445 -0.04909816011786461 0.03521227836608887 
vn 0.0494580902159214 -0.12280993163585663 -0.009548901580274105 
vn 0.05318640545010567 -0.13268564641475677 -0.024964239448308945 
vn 0.05242404341697693 -0.13345952332019806 -0.02388787269592285 
vn 0.06845879554748535 0.06641069799661636 0.05455746129155159 
vn 0.06765971332788467 0.22436551749706268 0.1858881562948227 
vn 0.06813507527112961 0.048111267387866974 0.05009697005152702 
vn 0.067841537296772 0.18394410610198975 0.15449857711791992 
vn 0.06659256666898727 0.34258174896240234 0.2825443148612976 
vn 0.06695738434791565 0.34563201665878296 0.27897727489471436 
vn 0.06350420415401459 0.05887075513601303 0.0920715257525444 
vn 0.06234024837613106 0.13819950819015503 0.15767544507980347 
vn 0.06204044073820114 0.15122157335281372 0.16877853870391846 
vn 0.0613456629216671 0.190641850233078 0.20136025547981262 
vn -0.06710001081228256 -0.31686845421791077 -0.2327912598848343 
vn -0.06746526062488556 -0.2374078780412674 -0.1694672703742981 
vn -0.06763112545013428 -0.2818312644958496 -0.22292952239513397 
vn -0.06771967560052872 -0.21798798441886902 -0.18039502203464508 
vn -0.061310939490795135 -0.155356764793396 -0.06586143374443054 
vn -0.06840408593416214 -0.0966765433549881 -0.07154662162065506 
vn -0.06564676016569138 -0.04437033832073212 0.0011408253340050578 
vn -0.0682208463549614 -0.025997057557106018 -0.008533043786883354 
vn -0.06598596274852753 -0.02979801781475544 0.010371183976531029 
vn -0.06816451251506805 -0.01974169723689556 -0.002594835590571165 
vn -0.06614697724580765 -0.015726568177342415 0.02025166153907776 
vn -0.06810200214385986 0.00009543469059281051 0.013889441266655922 
vn -0.06697648018598557 0.02804136462509632 0.04790979251265526 
vn -0.06760836392641068 0.05827143043279648 0.06498314440250397 
vn -0.06814070045948029 0.1890769898891449 0.148186594247818 
vn -0.062426064163446426 0.26051434874534607 0.24966521561145782 
vn -0.06276819109916687 0.5107851624488831 0.43068814277648926 
vn -0.05092687904834747 0.4934707581996918 0.457857221364975 
vn 0.06498627364635468 0.08975087851285934 0.1084020808339119 
vn 0.06423754245042801 0.14235273003578186 0.15233217179775238 
vn 0.06588878482580185 0.07867006212472916 0.09460300207138062 
vn 0.06287997961044312 0.1800132393836975 0.18715138733386993 
vn 0.032208021730184555 0.2416476160287857 0.07876129448413849 
vn 0.019407913088798523 0.21793538331985474 0.050593070685863495 
vn 0.04611412063241005 0.1664930135011673 0.03777096047997475 
vn 0.0371389165520668 0.15902647376060486 0.01934215985238552 
vn 0.06252339482307434 0.038214460015296936 -0.02117549255490303 
vn 0.0536809079349041 0.050984207540750504 -0.037634070962667465 
vn 0.016679339110851288 0.21822485327720642 0.049459073692560196 
vn 0.02409881167113781 0.21731431782245636 0.052977848798036575 
vn 0.023473693057894707 0.15125681459903717 0.000909938826225698 
vn 0.023932216688990593 0.20448742806911469 0.042821094393730164 
vn 0.034303005784749985 0.06569968163967133 -0.05653940141201019 
vn 0.023463314399123192 0.07012511789798737 -0.06228061765432358 
vn -0.007254026830196381 -0.18877200782299042 -0.2689504027366638 
vn -0.008224924094974995 -0.18797889351844788 -0.2681410312652588 
vn 0.02450256422162056 -0.17106524109840393 -0.24781587719917297 
vn 0.0009081355528905988 -0.11892347782850266 -0.21597491204738617 
vn -0.0036711201537400484 0.1130320280790329 -0.03624237701296806 
vn -0.016015468165278435 0.13945066928863525 -0.012388518080115318 
vn -0.00064959900919348 0.23947058618068695 0.06233908236026764 
vn -0.011781139299273491 0.270014226436615 0.08815380930900574 
vn 0.006048401352018118 0.40631774067878723 0.19411565363407135 
vn -0.015820365399122238 0.31588131189346313 0.12572745978832245 
vn 0.06704999506473541 0.36626991629600525 0.27927398681640625 
vn 0.06659256666898727 0.34258174896240234 0.2825443148612976 
vn 0.06777641922235489 0.25916579365730286 0.19664384424686432 
vn 0.06765971332788467 0.22436551749706268 0.1858881562948227 
vn 0.06818275153636932 0.10012541711330414 0.06717950850725174 
vn 0.06845879554748535 0.06641069799661636 0.05455746129155159 
vn -0.06777705997228622 0.18947283923625946 0.13386109471321106 
vn -0.06774459034204483 0.1762615442276001 0.15069274604320526 
vn -0.0680626928806305 0.06777236610651016 0.03881388157606125 
vn -0.0683308020234108 0.07078950852155685 0.06283898651599884 
vn -0.041104163974523544 0.10749682784080505 0.18231339752674103 
vn -0.021917445585131645 0.09027960151433945 0.18739202618598938 
vn -0.044884081929922104 0.04270552843809128 0.12685541808605194 
vn -0.03239359334111214 0.007942176423966885 0.1155785620212555 
vn -0.02453802525997162 0.23075613379478455 0.0638146847486496 
vn -0.027428247034549713 0.190315842628479 0.03431214764714241 
vn -0.034438714385032654 0.18738089501857758 0.03850087523460388 
vn -0.033990439027547836 0.17408913373947144 0.027631359174847603 
vn -0.03164484351873398 0.09416108578443527 -0.03705185651779175 
vn -0.0410212017595768 0.0889543667435646 -0.030411764979362488 
vn 0.04911481961607933 0.0011820151703432202 -0.08568420261144638 
vn 0.05921023339033127 -0.02408026158809662 -0.08113829791545868 
vn 0.04753216356039047 -0.10599435120820999 -0.17121870815753937 
vn 0.053936947137117386 -0.15316201746463776 -0.1944526731967926 
vn 0.04449931159615517 -0.2511662244796753 -0.2872968018054962 
vn 0.044549908488988876 -0.2911575436592102 -0.31762149930000305 
vn 0.06194812431931496 -0.05585440620779991 -0.09619901329278946 
vn 0.056518521159887314 -0.2239508181810379 -0.24189358949661255 
vn 0.05848061665892601 -0.32111868262290955 -0.30944445729255676 
vn 0.06471026688814163 -0.2118413746356964 -0.20217926800251007 
vn 0.06401272118091583 -0.33252808451652527 -0.2953818738460541 
vn 0.06745144724845886 -0.1811339259147644 -0.15824612975120544 
vn 0.06617402285337448 -0.34022048115730286 -0.2855393886566162 
vn 0.06769447773694992 -0.21081103384494781 -0.17590270936489105 
vn 0.06632602959871292 -0.34092599153518677 -0.2844809889793396 
vn 0.06632602959871292 -0.36004337668418884 -0.25986284017562866 
vn -0.06775691360235214 0.24702654778957367 0.1986134648323059 
vn -0.06788714975118637 0.19853739440441132 0.16366741061210632 
vn -0.06347785145044327 0.2697453498840332 0.25177088379859924 
vn -0.061183199286460876 0.16993498802185059 0.18625886738300323 
vn -0.061998020857572556 -0.3922516107559204 -0.258251428604126 
vn -0.06188033148646355 -0.39278364181518555 -0.258161336183548 
vn -0.061998020857572556 -0.3922516107559204 -0.258251428604126 
vn -0.06181393936276436 -0.37347841262817383 -0.24216584861278534 
vn -0.06181393936276436 -0.37347841262817383 -0.24216584861278534 
vn -0.06181393936276436 -0.37347841262817383 -0.24216584861278534 
vn -0.0039709568955004215 0.41046664118766785 0.19711147248744965 
vn 0.018780818209052086 0.33116862177848816 0.1391882449388504 
vn 0.006048401352018118 0.40631774067878723 0.19411565363407135 
vn -0.00064959900919348 0.23947058618068695 0.06233908236026764 
vn 0.014411169104278088 0.15303610265254974 -0.0024558587465435266 
vn -0.0036711201537400484 0.1130320280790329 -0.03624237701296806 
vn -0.03631393238902092 0.09857232123613358 -0.028772268444299698 
vn -0.016277378425002098 0.08560294657945633 -0.05420442670583725 
vn -0.013979233801364899 0.21155399084091187 0.043105535209178925 
vn -0.010153025388717651 0.1725253164768219 0.01134545635432005 
vn 0.005295201670378447 0.38996219635009766 0.18107901513576508 
vn -0.02453802525997162 0.23075613379478455 0.0638146847486496 
vn -0.015820365399122238 0.31588131189346313 0.12572745978832245 
vn -0.027428247034549713 0.190315842628479 0.03431214764714241 
vn -0.011781139299273491 0.270014226436615 0.08815380930900574 
vn -0.03164484351873398 0.09416108578443527 -0.03705185651779175 
vn -0.016015468165278435 0.13945066928863525 -0.012388518080115318 
vn 0.0007705602329224348 -0.44030511379241943 -0.2205088585615158 
vn 0.0007705602329224348 -0.44030511379241943 -0.2205088585615158 
vn 0.0007705602329224348 -0.44030511379241943 -0.2205088585615158 
vn 0.0007705602329224348 -0.44030511379241943 -0.2205088585615158 
vn 0.0433310940861702 -0.021280989050865173 -0.11266987025737762 
vn 0.045539047569036484 -0.050195273011922836 -0.13159386813640594 
vn 0.023727502673864365 0.02927812747657299 -0.09381365776062012 
vn 0.03956760838627815 0.0083340834826231 -0.09493503719568253 
vn 0.023463314399123192 0.07012511789798737 -0.06228061765432358 
vn 0.034303005784749985 0.06569968163967133 -0.05653940141201019 
vn 0.04610142856836319 0.0037816090043634176 -0.08895030617713928 
vn 0.039598140865564346 0.04912426695227623 -0.0632590651512146 
vn 0.05242365226149559 -0.056340575218200684 -0.12350302934646606 
vn 0.06391435861587524 -0.0735519602894783 -0.10145054757595062 
vn 0.05967254191637039 -0.01115406397730112 -0.0696869045495987 
vn 0.06825345754623413 -0.0906512662768364 -0.07934612035751343 
vn 0.06650423258543015 -0.02626100927591324 -0.05022972822189331 
vn 0.06798410415649414 -0.060661498457193375 -0.0620010644197464 
vn 0.06717562675476074 -0.0016843336634337902 -0.025847546756267548 
vn 0.06740762293338776 -0.057280875742435455 -0.06635484099388123 
vn 0.06799480319023132 -0.0060951285995543 -0.020165923982858658 
vn 0.06845530867576599 0.002760485280305147 -0.0035547749139368534 
vn 0.06252339482307434 0.038214460015296936 -0.02117549255490303 
vn 0.0536809079349041 0.050984207540750504 -0.037634070962667465 
vn 0.05574788525700569 0.35651734471321106 0.343927800655365 
vn 0.05574788525700569 0.35651734471321106 0.343927800655365 
vn 0.05574788525700569 0.35651734471321106 0.343927800655365 
vn 0.05574788525700569 0.35651734471321106 0.343927800655365 
vn -0.06370914727449417 -0.37920621037483215 -0.33111175894737244 
vn -0.06370914727449417 -0.37920621037483215 -0.33111175894737244 
vn -0.06370914727449417 -0.37920621037483215 -0.33111175894737244 
vn -0.06370914727449417 -0.37920621037483215 -0.33111175894737244 
vn 0.06834162026643753 -0.12035442143678665 -0.09699063748121262 
vn 0.06810249388217926 -0.006692520342767239 0.008618196472525597 
vn -0.0016813965048640966 0.39205771684646606 0.18239162862300873 
vn -0.0018127147341147065 0.32922670245170593 0.13286316394805908 
vn 0.0016869318205863237 0.34541943669319153 0.1456078588962555 
vn -0.0018127147341147065 0.32922670245170593 0.13286316394805908 
vn -0.0018117327708750963 0.40705910325050354 0.19424854218959808 
vn -0.0016813965048640966 0.39205771684646606 0.18239162862300873 
vn -0.0018117327708750963 0.40705910325050354 0.19424854218959808 
vn 0.0603783056139946 0.025856103748083115 0.07872498035430908 
vn 0.0639835000038147 0.03277534991502762 0.06978512555360794 
vn 0.06158441677689552 0.041513409465551376 0.08653198927640915 
vn 0.0639835000038147 0.03277534991502762 0.06978512555360794 
vn 0.06061488762497902 0.053368862718343735 0.0991307869553566 
vn 0.06440315395593643 0.0882471576333046 0.11031602323055267 
vn 0.0639835000038147 0.03277534991502762 0.06978512555360794 
vn 0.06692882627248764 0.0006549764657393098 0.027173159644007683 
vn 0.0639835000038147 0.03277534991502762 0.06978512555360794 
vn 0.06665556877851486 0.013192462734878063 0.03902607783675194 
vn 0.06440315395593643 0.0882471576333046 0.11031602323055267 
vn 0.06694455444812775 0.05516485124826431 0.06897276639938354 
vn 0.06757812947034836 0.09926324337720871 0.09627949446439743 
vn 0.06813507527112961 0.048111267387866974 0.05009697005152702 
vn 0.06652247905731201 0.3142816126346588 0.2637900412082672 
vn 0.067841537296772 0.18394410610198975 0.15449857711791992 
vn 0.06618932634592056 0.40981242060661316 0.33259809017181396 
vn 0.06695738434791565 0.34563201665878296 0.27897727489471436 
vn 0.006855455227196217 0.04624401405453682 -0.08771267533302307 
vn -0.0008864427800290287 0.0017790113342925906 -0.12279336154460907 
vn 0.0018709214637055993 -0.020328393206000328 -0.1398662030696869 
vn -0.009167762473225594 -0.07150574773550034 -0.17832906544208527 
vn -0.018561577424407005 0.017209872603416443 -0.1062084212899208 
vn -0.022532092407345772 -0.05134730041027069 -0.15697847306728363 
vn -0.053720928728580475 0.2198151797056198 0.24578091502189636 
vn -0.06842947006225586 0.07970136404037476 0.06542115658521652 
vn 0.04934490844607353 0.02818203717470169 -0.06432697176933289 
vn 0.010426031425595284 0.04583518207073212 -0.08720695227384567 
vn -0.059516794979572296 -0.1334325075149536 -0.1641697883605957 
vn -0.015725836157798767 0.0653710588812828 -0.07016949355602264 
vn -0.02626599557697773 -0.14588680863380432 -0.2272067815065384 
vn -0.06687535345554352 -0.18511369824409485 -0.16722586750984192 
vn 0.026904109865427017 0.24803292751312256 0.30495885014533997 
vn -0.015725836157798767 0.0653710588812828 -0.07016949355602264 
vn -0.04376465082168579 -0.09625386446714401 -0.16985078155994415 
vn 0.0016869318205863237 0.34541943669319153 0.1456078588962555 
vn 0.06694455444812775 0.05516485124826431 0.06897276639938354 
vn 0.019776025786995888 -0.05762958154082298 0.07421165704727173 
vn -0.03164484351873398 0.09416108578443527 -0.03705185651779175 
vn 0.06737068295478821 -0.16693425178527832 -0.14882999658584595 
vn -0.06751051545143127 -0.0578196756541729 -0.06570358574390411 
vn 0.06759914010763168 -0.15763981640338898 -0.10483153909444809 
vt 0.8665850162506104 0.15829195082187653 
vt 0.8693066835403442 0.16977998614311218 
vt 0.8438648581504822 0.15482161939144135 
vt 0.8468232154846191 0.1679849773645401 
vt 0.8736850619316101 0.18761037290096283 
vt 0.8517932891845703 0.18832837045192719 
vt 0.07197220623493195 0.8157424330711365 
vt 0.0671205073595047 0.8070067763328552 
vt 0.060257136821746826 0.5133439302444458 
vt 0.05635211616754532 0.5043689012527466 
vt 0.06132214516401291 0.7928860783576965 
vt 0.051263753324747086 0.4903678894042969 
vt 0.5424681901931763 0.19347405433654785 
vt 0.5445982217788696 0.15793295204639435 
vt 0.5442432165145874 0.1897643804550171 
vt 0.5462548732757568 0.15518061816692352 
vt 0.4082774221897125 0.8419495224952698 
vt 0.39585235714912415 0.812990128993988 
vt 0.4276842176914215 0.8503262400627136 
vt 0.4170341491699219 0.8220847845077515 
vt 0.44081929326057434 0.8561899065971375 
vt 0.4332458972930908 0.8290255069732666 
vt 0.3457970917224884 0.7707476615905762 
vt 0.36390218138694763 0.7780473232269287 
vt 0.37845727801322937 0.7839110493659973 
vt 0.31183522939682007 0.736403226852417 
vt 0.32615363597869873 0.7425062656402588 
vt 0.2940851151943207 0.7289838790893555 
vt 0.3390520513057709 0.7170171737670898 
vt 0.36638718843460083 0.7282658815383911 
vt 0.3592871427536011 0.6944001317024231 
vt 0.3802322745323181 0.7028964757919312 
vt 0.46519607305526733 0.6879380941390991 
vt 0.47773948311805725 0.6932034492492676 
vt 0.649087131023407 0.70241779088974 
vt 0.6615121960639954 0.7074438333511353 
vt 0.8269430994987488 0.6928444504737854 
vt 0.3944323658943176 0.708879828453064 
vt 0.3849656283855438 0.7360442280769348 
vt 0.6370170712471008 0.5135833024978638 
vt 0.6522821187973022 0.36376020312309265 
vt 0.6450637578964233 0.48761552572250366 
vt 0.6572521924972534 0.3474854826927185 
vt 0.6497971415519714 0.47409316897392273 
vt 0.6586721539497375 0.34521180391311646 
vt 0.958175539970398 0.4438174068927765 
vt 0.9588855504989624 0.36399951577186584 
vt 0.9591221809387207 0.4389110803604126 
vt 0.9591221809387207 0.36352086067199707 
vt 0.5845950841903687 0.882516622543335 
vt 0.5169080495834351 0.8898163437843323 
vt 0.5866067409515381 0.8783283233642578 
vt 0.5143046975135803 0.8828756213188171 
vt 0.45856937766075134 0.944145143032074 
vt 0.4612910747528076 0.9492908120155334 
vt 0.420110821723938 0.9509661793708801 
vt 0.4260275363922119 0.9416321516036987 
vt 0.37005555629730225 0.9452221393585205 
vt 0.3676888644695282 0.9573085308074951 
vt 0.3449687361717224 0.9648475646972656 
vt 0.34733542799949646 0.952880859375 
vt 0.3175152540206909 0.9555135369300842 
vt 0.32863864302635193 0.9537184834480286 
vt 0.26816996932029724 0.9300244450569153 
vt 0.25574490427970886 0.9322981238365173 
vt 0.2272264063358307 0.9349308013916016 
vt 0.2375214695930481 0.9240410923957825 
vt 0.5866067409515381 0.8783283233642578 
vt 0.5143046975135803 0.8828756213188171 
vt 0.5819917321205139 0.8715072870254517 
vt 0.5118196606636047 0.8766529560089111 
vt 0.5075596570968628 0.8674386143684387 
vt 0.45608437061309814 0.9395977854728699 
vt 0.45194268226623535 0.9325374364852905 
vt 0.4157324731349945 0.9270327687263489 
vt 0.40886908769607544 0.9154250621795654 
vt 0.3610621690750122 0.9270327687263489 
vt 0.35337045788764954 0.9138693809509277 
vt 0.3408270478248596 0.9367257952690125 
vt 0.3330170214176178 0.925118088722229 
vt 0.30710187554359436 0.9299047589302063 
vt 0.29562345147132874 0.9173397421836853 
vt 0.24343816936016083 0.9022616744041443 
vt 0.23136809468269348 0.8892179727554321 
vt 0.21184299886226654 0.8938850164413452 
vt 0.19776125252246857 0.8815593123435974 
vt 0.18876786530017853 0.8950816988945007 
vt 0.1725561022758484 0.8814396262168884 
vt 0.15255765616893768 0.8813199996948242 
vt 0.13693757355213165 0.8683959245681763 
vt 0.10759073495864868 0.8667206168174744 
vt 0.09386399388313293 0.8564292192459106 
vt 0.08889396488666534 0.8748579621315002 
vt 0.07635056227445602 0.8670796155929565 
vt 0.051737088710069656 0.872344970703125 
vt 0.03895701840519905 0.8646862506866455 
vt 0.03173864260315895 0.8925686478614807 
vt 0.018011899664998055 0.884790301322937 
vt 0.08132059127092361 0.8474541902542114 
vt 0.12238248437643051 0.8569079041481018 
vt 0.15658101439476013 0.8692336082458496 
vt 0.18296949565410614 0.8692336082458496 
vt 0.21870636940002441 0.8765332698822021 
vt 0.2833167314529419 0.9044157266616821 
vt 0.3230769634246826 0.912433385848999 
vt 0.3441404104232788 0.9001076817512512 
vt 0.4012957215309143 0.9025010466575623 
vt 0.4468543231487274 0.9230837821960449 
vt 0.5018796324729919 0.8561899065971375 
vt 0.5767850279808044 0.8638485670089722 
vt 0.16829608380794525 0.8583438992500305 
vt 0.20710963010787964 0.8651649355888367 
vt 0.27148333191871643 0.8925686478614807 
vt 0.31230854988098145 0.8999879956245422 
vt 0.3343186676502228 0.8867049813270569 
vt 0.39336735010147095 0.8896966576576233 
vt 0.44117429852485657 0.9121940732002258 
vt 0.4956079125404358 0.8438642024993896 
vt 0.571578323841095 0.8559505939483643 
vt 0.30177682638168335 0.8887393474578857 
vt 0.3253253102302551 0.8747382760047913 
vt 0.38591229915618896 0.8783283233642578 
vt 0.4351392388343811 0.9009453654289246 
vt 0.48945456743240356 0.831777811050415 
vt 0.5662533044815063 0.8472148776054382 
vt 0.4298142194747925 0.8904146552085876 
vt 0.48389285802841187 0.8211274743080139 
vt 0.5610466003417969 0.838359534740448 
vt 0.9095402359962463 0.39666861295700073 
vt 0.9591221809387207 0.36352086067199707 
vt 0.9043335318565369 0.40217331051826477 
vt 0.9588855504989624 0.36399951577186584 
vt 0.895813524723053 0.41186633706092834 
vt 0.9577022194862366 0.36723053455352783 
vt 0.8177130818367004 0.41461867094039917 
vt 0.830256462097168 0.3998996317386627 
vt 0.9095402359962463 0.39666861295700073 
vt 0.8390132188796997 0.39008694887161255 
vt 0.8033946752548218 0.3223554193973541 
vt 0.8116780519485474 0.31242305040359497 
vt 0.7910879254341125 0.3370744585990906 
vt 0.7525110244750977 0.3410234749317169 
vt 0.7656461000442505 0.32522740960121155 
vt 0.7154725193977356 0.317927747964859 
vt 0.7251758575439453 0.3062003552913666 
vt 0.6991423964500427 0.30344802141189575 
vt 0.7092007994651794 0.29112231731414795 
vt 0.675593912601471 0.29878100752830505 
vt 0.6863623261451721 0.2856176495552063 
vt 0.629680335521698 0.3150557279586792 
vt 0.7011540532112122 0.3350401222705841 
vt 0.6842322945594788 0.3215177357196808 
vt 0.6597371697425842 0.317927747964859 
vt 0.6189119815826416 0.32821908593177795 
vt 0.5908668041229248 0.33863013982772827 
vt 0.6024635434150696 0.324270099401474 
vt 0.5824650526046753 0.3259454369544983 
vt 0.5956001281738281 0.30967071652412415 
vt 0.5621116161346436 0.33312544226646423 
vt 0.602936863899231 0.3474854826927185 
vt 0.5739450454711914 0.3595718443393707 
vt 0.5631766319274902 0.34999850392341614 
vt 0.5500415563583374 0.3479641377925873 
vt 0.5100446939468384 0.3736925423145294 
vt 0.5201030373573303 0.36076852679252625 
vt 0.49915793538093567 0.3599308431148529 
vt 0.5088613033294678 0.3477248251438141 
vt 0.47750282287597656 0.36088818311691284 
vt 0.5324097871780396 0.36998286843299866 
vt 0.4951345920562744 0.3925999402999878 
vt 0.4850761890411377 0.37788090109825134 
vt 0.46779942512512207 0.37309423089027405 
vt 0.203914612531662 0.9077664017677307 
vt 0.1675860732793808 0.8942440152168274 
vt 0.12072581052780151 0.8774906396865845 
vt 0.10202904045581818 0.8834739923477173 
vt 0.06558217108249664 0.8808413147926331 
vt 0.045465387403964996 0.9004666805267334 
vt 0.11445411294698715 0.8916113376617432 
vt 0.0790722444653511 0.8894573450088501 
vt 0.05836379528045654 0.9078860282897949 
vt 0.06913218647241592 0.9141087532043457 
vt 0.09090564399957657 0.897594690322876 
vt 0.0751672238111496 0.9179380536079407 
vt 0.10049069672822952 0.9041763544082642 
vt 0.07635056227445602 0.9190150499343872 
vt 0.10699906945228577 0.9084843993186951 
vt 0.7746394872665405 0.31445738673210144 
vt 0.7928629517555237 0.5364396572113037 
vt 0.7534577250480652 0.5163356065750122 
vt 0.7833961844444275 0.5218402743339539 
vt 0.7461209893226624 0.5019755959510803 
vt 0.7762961983680725 0.509753942489624 
vt 0.7416242957115173 0.49156454205513 
vt 0.7257675528526306 0.5110702514648438 
vt 0.7218625545501709 0.49539390206336975 
vt 0.7223358750343323 0.4839058518409729 
vt 0.739849328994751 0.4855811893939972 
vt 0.958175539970398 0.4438174068927765 
vt 0.9564005136489868 0.4517154395580292 
vt 0.9598321914672852 0.5736561417579651 
vt 0.9605422019958496 0.5698267817497253 
vt 0.9573472142219543 0.6819547414779663 
vt 0.9582938551902771 0.6775270700454712 
vt 0.9556905031204224 0.6902117729187012 
vt 0.9582938551902771 0.5809558033943176 
vt 0.9588855504989624 0.7076831459999084 
vt 0.9595955610275269 0.7038537859916687 
vt 0.9779372811317444 0.755549967288971 
vt 0.9766356348991394 0.7606956362724304 
vt 0.9572288393974304 0.7148631811141968 
vt 0.9427921175956726 0.20460309088230133 
vt 0.8906068205833435 0.21477478742599487 
vt 0.9327337145805359 0.200654074549675 
vt 0.8805484175682068 0.21070609986782074 
vt 0.5634133219718933 0.07069571316242218 
vt 0.6146519184112549 0.06961870938539505 
vt 0.5737083554267883 0.07679872959852219 
vt 0.6245920062065125 0.07464472204446793 
vt 0.5900384783744812 0.08517541736364365 
vt 0.6399754285812378 0.08206407725811005 
vt 0.907646894454956 0.4556644558906555 
vt 0.8878851532936096 0.4512367844581604 
vt 0.8555799722671509 0.4267050325870514 
vt 0.8340431451797485 0.4216790199279785 
vt 0.8805484175682068 0.21070609986782074 
vt 0.8940384984016418 0.19945740699768066 
vt 0.9327337145805359 0.200654074549675 
vt 0.9463421106338501 0.18916603922843933 
vt 0.7384293079376221 0.13100787997245789 
vt 0.7178391814231873 0.14357291162014008 
vt 0.686125636100769 0.13208487629890442 
vt 0.665535569190979 0.1446499228477478 
vt 0.7301459312438965 0.8536769151687622 
vt 0.6958290338516235 0.7332918643951416 
vt 0.7486060261726379 0.8628912568092346 
vt 0.7154725193977356 0.7439422607421875 
vt 0.9862207174301147 0.33755311369895935 
vt 0.9272903800010681 0.3367154598236084 
vt 0.9688255786895752 0.3292961120605469 
vt 0.9126169681549072 0.3291764259338379 
vt 0.9575838446617126 0.32391107082366943 
vt 0.9033868908882141 0.32379141449928284 
vt 0.8639816641807556 0.3564605116844177 
vt 0.8469415903091431 0.3674698770046234 
vt 0.8535682559013367 0.22865615785121918 
vt 0.8372381925582886 0.24110151827335358 
vt 0.197287917137146 0.918775737285614 
vt 0.14557595551013947 0.9029796719551086 
vt 0.19137121737003326 0.9137497544288635 
vt 0.14001426100730896 0.8966373205184937 
vt 0.18083947896957397 0.9054927229881287 
vt 0.13161253929138184 0.8877819776535034 
vt 0.6865990161895752 0.5216009616851807 
vt 0.7271875739097595 0.46918681263923645 
vt 0.6804456114768982 0.5388330221176147 
vt 0.7223358750343323 0.4839058518409729 
vt 0.7490793466567993 0.4811535179615021 
vt 0.739849328994751 0.4855811893939972 
vt 0.8845717906951904 0.06507135927677155 
vt 0.8747500777244568 0.01684556156396866 
vt 0.8908435106277466 0.06219935417175293 
vt 0.8870567679405212 0.011340879835188389 
vt 0.9575838446617126 0.32391107082366943 
vt 0.9033868908882141 0.32379141449928284 
vt 0.9831439852714539 0.31110671162605286 
vt 0.9256336688995361 0.3136197328567505 
vt 0.5120563507080078 0.026179587468504906 
vt 0.5107547044754028 0.024623917415738106 
vt 0.5946534872055054 0.019717570394277573 
vt 0.5964285135269165 0.018161898478865623 
vt 0.2042696177959442 0.31756871938705444 
vt 0.21184299886226654 0.21812546253204346 
vt 0.21136964857578278 0.2992596924304962 
vt 0.21846969425678253 0.19969673454761505 
vt 0.21858802437782288 0.2808309495449066 
vt 0.22521473467350006 0.18114835023880005 
vt 0.7270691990852356 0.029769597575068474 
vt 0.6488504409790039 0.03359894081950188 
vt 0.7141708135604858 0.026777923107147217 
vt 0.635833740234375 0.030367933213710785 
vt 0.7015090584754944 0.02378624863922596 
vt 0.6230536699295044 0.027136923745274544 
vt 0.689083993434906 0.020914239808917046 
vt 0.6103919148445129 0.023905914276838303 
vt 0.6784339547157288 0.018281565979123116 
vt 0.5995051860809326 0.02115357480943203 
vt 0.6737005710601807 0.01684556156396866 
vt 0.5946534872055054 0.019717570394277573 
vt 0.5661349892616272 0.0394626259803772 
vt 0.5501598715782166 0.035633280873298645 
vt 0.5341848134994507 0.03180393576622009 
vt 0.5202214121818542 0.02845326066017151 
vt 0.5120563507080078 0.026179587468504906 
vt 0.47288778424263 0.3054823577404022 
vt 0.45584771037101746 0.22243346273899078 
vt 0.4797511696815491 0.2858569920063019 
vt 0.46637943387031555 0.2081930935382843 
vt 0.43608590960502625 0.1770796775817871 
vt 0.4522976875305176 0.17325033247470856 
vt 0.07635056227445602 0.9190150499343872 
vt 0.10699906945228577 0.9084843993186951 
vt 0.07244554162025452 0.9358881115913391 
vt 0.09895235300064087 0.9196134209632874 
vt 0.6892023682594299 0.407917320728302 
vt 0.7101474404335022 0.411148339509964 
vt 0.7841061949729919 0.4496811032295227 
vt 0.8052880167961121 0.45231378078460693 
vt 0.41419413685798645 0.27855730056762695 
vt 0.42448920011520386 0.339946448802948 
vt 0.41218245029449463 0.27688196301460266 
vt 0.4235425293445587 0.34078413248062134 
vt 0.2764533460140228 0.5178912878036499 
vt 0.28544673323631287 0.5363200306892395 
vt 0.2661583125591278 0.5312939882278442 
vt 0.27373167872428894 0.5516374111175537 
vt 0.22521473467350006 0.18114835023880005 
vt 0.22758141160011292 0.1865333616733551 
vt 0.21858802437782288 0.2808309495449066 
vt 0.22095471620559692 0.28681430220603943 
vt 0.7136974930763245 0.4107893407344818 
vt 0.8083646893501282 0.45183509588241577 
vt 0.7101474404335022 0.411148339509964 
vt 0.8052880167961121 0.45231378078460693 
vt 0.671333909034729 0.9307424426078796 
vt 0.6415137648582458 0.736283540725708 
vt 0.6728722453117371 0.9333751201629639 
vt 0.6424604058265686 0.738676905632019 
vt 0.49466124176979065 0.2050817459821701 
vt 0.4743078052997589 0.21345844864845276 
vt 0.47714781761169434 0.16307863593101501 
vt 0.4620010554790497 0.1695406585931778 
vt 0.33124199509620667 0.1491972655057907 
vt 0.46637943387031555 0.2081930935382843 
vt 0.4522976875305176 0.17325033247470856 
vt 0.5270847678184509 0.01852089911699295 
vt 0.6116935610771179 0.011939214542508125 
vt 0.5107547044754028 0.024623917415738106 
vt 0.5964285135269165 0.018161898478865623 
vt 0.8452848792076111 0.5857424736022949 
vt 0.897115170955658 0.7277871966362 
vt 0.8416165113449097 0.5801181197166443 
vt 0.8942751884460449 0.7231202125549316 
vt 0.8368831872940063 0.572938084602356 
vt 0.8904885053634644 0.717376172542572 
vt 0.8321498036384583 0.5656384229660034 
vt 0.8868201375007629 0.7115125060081482 
vt 0.8277714848518372 0.5588173866271973 
vt 0.8832700848579407 0.7060078382492065 
vt 0.822801411151886 0.5513980388641357 
vt 0.8792467713356018 0.7000244855880737 
vt 0.8174763917922974 0.543619692325592 
vt 0.875105082988739 0.6940411329269409 
vt 0.9497737884521484 0.8529589176177979 
vt 0.9466971158981323 0.8480525612831116 
vt 0.9426738023757935 0.8418298363685608 
vt 0.9385321140289307 0.8356071710586548 
vt 0.9346270561218262 0.829504132270813 
vt 0.9301303625106812 0.8229224681854248 
vt 0.925515353679657 0.8163408041000366 
vt 0.9528505206108093 0.8719859719276428 
vt 0.949418842792511 0.8669599294662476 
vt 0.9458687901496887 0.8619338870048523 
vt 0.9425554275512695 0.857266902923584 
vt 0.9388870596885681 0.8523605465888977 
vt 0.9349820613861084 0.8473345637321472 
vt 0.9501287937164307 0.9259557723999023 
vt 0.9465788006782532 0.921169102191925 
vt 0.9433837532997131 0.9160233736038208 
vt 0.9405437707901001 0.9112367033958435 
vt 0.9385321140289307 0.9074074029922485 
vt 0.9371120929718018 0.9050140380859375 
vt 0.9556905031204224 0.9357684254646301 
vt 0.9516671895980835 0.931580126285553 
vt 0.9478804469108582 0.9269130825996399 
vt 0.9445671439170837 0.9224854111671448 
vt 0.9420821070671082 0.918656051158905 
vt 0.9371120929718018 0.9050140380859375 
vt 0.940425455570221 0.9161430597305298 
vt 0.974505603313446 0.9696342349052429 
vt 0.9694172739982605 0.9668818712234497 
vt 0.9648022055625916 0.9644885063171387 
vt 0.961015522480011 0.9626935124397278 
vt 0.9584121704101562 0.9617362022399902 
vt 0.9330887198448181 0.9692752361297607 
vt 0.9249236583709717 0.9678391814231873 
vt 0.9174686074256897 0.9666425585746765 
vt 0.9116702675819397 0.9658048748970032 
vt 0.9584121704101562 0.9617362022399902 
vt 0.9080018997192383 0.9652065634727478 
vt 0.8733300566673279 0.9738225340843201 
vt 0.8655200004577637 0.9725062251091003 
vt 0.8584199547767639 0.9711899161338806 
vt 0.8528582453727722 0.9702325463294983 
vt 0.8491899371147156 0.9692752361297607 
vt 0.7803195118904114 0.9728652238845825 
vt 0.7863545417785645 0.9737029075622559 
vt 0.7938095927238464 0.9748995900154114 
vt 0.8019746541976929 0.9762158989906311 
vt 0.8812584280967712 0.9751389026641846 
vt 0.8102580308914185 0.9775322675704956 
vt 0.8884767889976501 0.9764552116394043 
vt 0.8175947666168213 0.9787288904190063 
vt 0.894156813621521 0.9775322675704956 
vt 0.8235114216804504 0.9799255728721619 
vt 0.6950007081031799 0.984353244304657 
vt 0.6880190372467041 0.9830369353294373 
vt 0.6799722909927368 0.9818402528762817 
vt 0.6712155938148499 0.9805238842964172 
vt 0.6624588370323181 0.9793272614479065 
vt 0.6546488404273987 0.978130578994751 
vt 0.6488504409790039 0.9771732091903687 
vt 0.45442768931388855 0.9879432916641235 
vt 0.44472429156303406 0.9862679243087769 
vt 0.4340742528438568 0.9847122430801392 
vt 0.4227141737937927 0.9831565618515015 
vt 0.411354124546051 0.9814812541007996 
vt 0.40141406655311584 0.9800452589988708 
vt 0.3944323658943176 0.9789682626724243 
vt 0.9584121704101562 0.9617362022399902 
vt 0.9080018997192383 0.9652065634727478 
vt 0.9580572247505188 0.9613772034645081 
vt 0.9126169681549072 0.9641295075416565 
vt 0.8552249670028687 0.9675998687744141 
vt 0.8491899371147156 0.9692752361297607 
vt 0.7765328288078308 0.9720275402069092 
vt 0.7826862335205078 0.9704718589782715 
vt 0.6457737684249878 0.9762158989906311 
vt 0.6532288193702698 0.9747799038887024 
vt 0.40176907181739807 0.9759765863418579 
vt 0.3146752417087555 0.6266685724258423 
vt 0.2944401204586029 0.4667934775352478 
vt 0.31538525223731995 0.6289422512054443 
vt 0.29538679122924805 0.46942615509033203 
vt 0.6205686330795288 0.24409319460391998 
vt 0.616426944732666 0.15613794326782227 
vt 0.626840353012085 0.2565385699272156 
vt 0.6195036172866821 0.1618819683790207 
vt 0.36011549830436707 0.03359894081950188 
vt 0.40673908591270447 0.037188950926065445 
vt 0.3712388873100281 0.03910362347960472 
vt 0.4188091456890106 0.04317230358719826 
vt 0.388278990983963 0.047240979969501495 
vt 0.43750593066215515 0.051907993853092194 
vt 0.025230273604393005 0.5119079351425171 
vt 0.030081968754529953 0.782953679561615 
vt 0.023810265585780144 0.5177716016769409 
vt 0.02807028964161873 0.79180908203125 
vt 0.9568738341331482 0.25354689359664917 
vt 0.9516671895980835 0.29435333609580994 
vt 0.939005434513092 0.23571650683879852 
vt 0.9326153993606567 0.27544593811035156 
vt 0.9782922863960266 0.2805916368961334 
vt 0.9623172283172607 0.28920766711235046 
vt 0.9818423390388489 0.240503191947937 
vt 0.9669322371482849 0.2486405372619629 
vt 0.9516671895980835 0.29435333609580994 
vt 0.9568738341331482 0.25354689359664917 
vt 0.9308403730392456 0.5172929763793945 
vt 0.8906068205833435 0.49096623063087463 
vt 0.9209003448486328 0.5052065849304199 
vt 0.8797200918197632 0.4778028428554535 
vt 0.17835447192192078 0.08302140980958939 
vt 0.16379939019680023 0.3030890226364136 
vt 0.1745677888393402 0.07368738949298859 
vt 0.15847435593605042 0.2886093258857727 
vt 0.16995275020599365 0.0626780241727829 
vt 0.15255765616893768 0.27269360423088074 
vt 0.16521939635276794 0.05154899135231972 
vt 0.14664095640182495 0.25677788257598877 
vt 0.16084103286266327 0.04113796353340149 
vt 0.14131592214107513 0.24265718460083008 
vt 0.1562260091304779 0.03108593448996544 
vt 0.137055903673172 0.23140849173069 
vt 0.15184766054153442 0.02175190858542919 
vt 0.13409756124019623 0.22434814274311066 
vt 0.17101776599884033 0.5451753735542297 
vt 0.16498272120952606 0.5280629992485046 
vt 0.15906602144241333 0.5110702514648438 
vt 0.15362265706062317 0.49575290083885193 
vt 0.14936263859272003 0.4841451942920685 
vt 0.14664095640182495 0.47672584652900696 
vt 0.14699596166610718 0.587896466255188 
vt 0.14190760254859924 0.5811951160430908 
vt 0.17882780730724335 0.6109921932220459 
vt 0.17740780115127563 0.6233178973197937 
vt 0.17835447192192078 0.6082398891448975 
vt 0.17681612074375153 0.6203262209892273 
vt 0.6106285452842712 0.37453022599220276 
vt 0.6118119359016418 0.37752190232276917 
vt 0.6121669411659241 0.42132002115249634 
vt 0.613231897354126 0.42419204115867615 
vt 0.07457555085420609 0.38422325253486633 
vt 0.07966391742229462 0.4369964003562927 
vt 0.055760446935892105 0.39966028928756714 
vt 0.05505044385790825 0.4573397934436798 
vt 0.025230273604393005 0.5119079351425171 
vt 0.02724195271730423 0.5212419629096985 
vt 0.030081968754529953 0.782953679561615 
vt 0.032448649406433105 0.7936040759086609 
vt 0.19539456069469452 0.5231566429138184 
vt 0.21409133076667786 0.534883975982666 
vt 0.20131126046180725 0.605248212814331 
vt 0.22154638171195984 0.6181722283363342 
vt 0.6406853795051575 0.7383179068565369 
vt 0.6702688932418823 0.933734118938446 
vt 0.6392654180526733 0.7537549734115601 
vt 0.668493926525116 0.9533594846725464 
vt 0.36011549830436707 0.03359894081950188 
vt 0.38697731494903564 0.025222251191735268 
vt 0.40673908591270447 0.037188950926065445 
vt 0.4359675943851471 0.02797459252178669 
vt 0.6493237614631653 0.18677270412445068 
vt 0.6481404304504395 0.25235021114349365 
vt 0.6479038000106812 0.19060204923152924 
vt 0.6467204689979553 0.25629922747612 
vt 0.4031890630722046 0.5454146862030029 
vt 0.4056740701198578 0.5575010776519775 
vt 0.37668225169181824 0.5511587262153625 
vt 0.37975892424583435 0.5669547319412231 
vt 0.3579854965209961 0.5945978164672852 
vt 0.3598788380622864 0.6044105291366577 
vt 0.4082774221897125 0.5707840919494629 
vt 0.38330894708633423 0.5844261646270752 
vt 0.3618904948234558 0.6143428683280945 
vt 0.4109991192817688 0.5841867923736572 
vt 0.3868589699268341 0.6020171642303467 
vt 0.36402052640914917 0.6243948936462402 
vt 0.413484126329422 0.5962731838226318 
vt 0.39005398750305176 0.617813229560852 
vt 0.41218245029449463 0.27688196301460266 
vt 0.4235425293445587 0.34078413248062134 
vt 0.40922409296035767 0.28346362709999084 
vt 0.41857248544692993 0.35119515657424927 
vt 0.4046090841293335 0.2935156524181366 
vt 0.4137207865715027 0.36256352066993713 
vt 0.8456398844718933 0.017802897840738297 
vt 0.8485982418060303 0.028333593159914017 
vt 0.8315581679344177 0.03216293826699257 
vt 0.8341615200042725 0.04149696230888367 
vt 0.8528582453727722 0.04472797363996506 
vt 0.8378298282623291 0.05585700273513794 
vt 0.8580649495124817 0.06531069427728653 
vt 0.8773534297943115 0.08553442358970642 
vt 0.8820867538452148 0.1044418066740036 
vt 0.04593872278928757 0.31445738673210144 
vt 0.08309560269117355 0.02175190858542919 
vt 0.0510270856320858 0.32941576838493347 
vt 0.08522561192512512 0.02845326066017151 
vt 0.05493210628628731 0.33898913860321045 
vt 0.08700062334537506 0.028931928798556328 
vt 0.036472003906965256 0.8152638077735901 
vt 0.032448649406433105 0.7936040759086609 
vt 0.03031863644719124 0.5383543372154236 
vt 0.39147400856018066 0.9777715802192688 
vt 0.6457737684249878 0.9762158989906311 
vt 0.3944323658943176 0.9789682626724243 
vt 0.6488504409790039 0.9771732091903687 
vt 0.7765328288078308 0.9720275402069092 
vt 0.3794039487838745 0.5024542212486267 
vt 0.3288753032684326 0.5640827417373657 
vt 0.38094228506088257 0.49228253960609436 
vt 0.3305319845676422 0.5527144074440002 
vt 0.38283562660217285 0.4811535179615021 
vt 0.33266201615333557 0.5400297045707703 
vt 0.3846106231212616 0.4699048101902008 
vt 0.334673672914505 0.5273450016975403 
vt 0.3862673044204712 0.45973312854766846 
vt 0.3365670144557953 0.51597660779953 
vt 0.7657644748687744 0.15135127305984497 
vt 0.7815028429031372 0.2470848709344864 
vt 0.7598477602005005 0.13926489651203156 
vt 0.7804378867149353 0.24744386970996857 
vt 0.7488426566123962 0.11616916954517365 
vt 0.7732194662094116 0.23188716173171997 
vt 0.5879084467887878 0.05860934406518936 
vt 0.6368986964225769 0.05741267651319504 
vt 0.5634133219718933 0.07069571316242218 
vt 0.6146519184112549 0.06961870938539505 
vt 0.4743078052997589 0.21345844864845276 
vt 0.48223617672920227 0.28334397077560425 
vt 0.46637943387031555 0.2081930935382843 
vt 0.4797511696815491 0.2858569920063019 
vt 0.9154569506645203 0.008708206005394459 
vt 0.9209003448486328 0.03431694582104683 
vt 0.8978251814842224 0.10504014045000076 
vt 0.903268575668335 0.1308882087469101 
vt 0.7592560648918152 0.8425478339195251 
vt 0.7526293992996216 0.8547539114952087 
vt 0.7202058434486389 0.7377195954322815 
vt 0.7167741656303406 0.7433438897132874 
vt 0.7486060261726379 0.8628912568092346 
vt 0.7154725193977356 0.7439422607421875 
vt 0.7682494521141052 0.15589861571788788 
vt 0.7824495434761047 0.2420588582754135 
vt 0.7657644748687744 0.15135127305984497 
vt 0.7815028429031372 0.2470848709344864 
vt 0.3563288152217865 0.5861014723777771 
vt 0.3743155598640442 0.5385937094688416 
vt 0.956518828868866 0.8776102662086487 
vt 0.9560455083847046 0.9331358075141907 
vt 0.9555721879005432 0.8759349584579468 
vt 0.9534421563148499 0.9301441311836243 
vt 0.9629088640213013 0.9421107769012451 
vt 0.9595955610275269 0.9393584728240967 
vt 0.9838539958000183 0.9752585887908936 
vt 0.9794756770133972 0.9726259112358093 
vt 0.9413720965385437 0.9709505438804626 
vt 0.9485904574394226 0.9726259112358093 
vt 0.6546488404273987 0.27688196301460266 
vt 0.6507437825202942 0.26168423891067505 
vt 0.6555954813957214 0.21046677231788635 
vt 0.6518087983131409 0.1957477331161499 
vt 0.6481404304504395 0.25235021114349365 
vt 0.6493237614631653 0.18677270412445068 
vt 0.9542704820632935 0.9741815328598022 
vt 0.2405981570482254 0.7033751606941223 
vt 0.2045062780380249 0.7836716771125793 
vt 0.23716646432876587 0.7074438333511353 
vt 0.20474295318126678 0.7787653803825378 
vt 0.6389104127883911 0.6604146957397461 
vt 0.5651882886886597 0.5333283543586731 
vt 0.6373720765113831 0.6546706557273865 
vt 0.5642416477203369 0.528900682926178 
vt 0.7483693361282349 0.3910442590713501 
vt 0.7473043203353882 0.35622116923332214 
vt 0.7594927549362183 0.39032626152038574 
vt 0.7578360438346863 0.35490483045578003 
vt 0.7764145135879517 0.38841161131858826 
vt 0.7739294767379761 0.35287049412727356 
vt 0.14877097308635712 0.026538588106632233 
vt 0.15184766054153442 0.02175190858542919 
vt 0.1296008676290512 0.23667384684085846 
vt 0.13409756124019623 0.22434814274311066 
vt 0.14664095640182495 0.47672584652900696 
vt 0.14190760254859924 0.4886925518512726 
vt 0.13102087378501892 0.5888538360595703 
vt 0.11895079910755157 0.6844677329063416 
vt 0.10415904968976974 0.6798007488250732 
vt 0.28592008352279663 0.6668767333030701 
vt 0.26651328802108765 0.6606540083885193 
vt 0.43726927042007446 0.6629276871681213 
vt 0.4570310413837433 0.6691503524780273 
vt 0.5390365123748779 0.6508413553237915 
vt 0.516671359539032 0.6439006328582764 
vt 0.5338298082351685 0.6215229034423828 
vt 0.5630583167076111 0.6307372450828552 
vt 0.5741816759109497 0.606923520565033 
vt 0.5899201035499573 0.6117101907730103 
vt 0.5390365123748779 0.5778444409370422 
vt 0.5229430794715881 0.5731774568557739 
vt 0.47288778424263 0.5390723347663879 
vt 0.49324125051498413 0.5452950596809387 
vt 0.4584510624408722 0.513702929019928 
vt 0.4795145094394684 0.5198059678077698 
vt 0.45892438292503357 0.4991035759449005 
vt 0.43797925114631653 0.4930005669593811 
vt 0.44638097286224365 0.4803158640861511 
vt 0.4685094356536865 0.4867778718471527 
vt 0.4163241386413574 0.45841678977012634 
vt 0.4423576295375824 0.46583613753318787 
vt 0.4188091456890106 0.44896310567855835 
vt 0.390408992767334 0.44094541668891907 
vt 0.3943140208721161 0.429218053817749 
vt 0.41916415095329285 0.43627840280532837 
vt 0.37478891015052795 0.4107893407344818 
vt 0.3979823887348175 0.4171316623687744 
vt 0.3546721339225769 0.383385568857193 
vt 0.33171534538269043 0.377043217420578 
vt 0.3257986307144165 0.3568195104598999 
vt 0.34733542799949646 0.3626832067966461 
vt 0.3302953243255615 0.33874979615211487 
vt 0.35088545083999634 0.3443741500377655 
vt 0.33514702320098877 0.30213168263435364 
vt 0.31621357798576355 0.29698601365089417 
vt 0.2991734743118286 0.2686249315738678 
vt 0.31680524349212646 0.2734116017818451 
vt 0.3672155439853668 0.22422847151756287 
vt 0.3493471145629883 0.21956145763397217 
vt 0.3179886043071747 0.16056562960147858 
vt 0.3324253261089325 0.16427530348300934 
vt 0.24521318078041077 0.12179352343082428 
vt 0.25680992007255554 0.1245458647608757 
vt 0.3476904332637787 0.12705886363983154 
vt 0.3592871427536011 0.12993088364601135 
vt 0.4687460958957672 0.13017021119594574 
vt 0.4780944883823395 0.1324438899755478 
vt 0.5802167057991028 0.1384272277355194 
vt 0.5699216723442078 0.13591422140598297 
vt 0.5919318199157715 0.13495689630508423 
vt 0.6004518270492554 0.1371109038591385 
vt 0.08700062334537506 0.028931928798556328 
vt 0.09918902069330215 0.007750870194286108 
vt 0.05493210628628731 0.33898913860321045 
vt 0.06664717197418213 0.31864574551582336 
vt 0.2924284338951111 0.4841451942920685 
vt 0.2936117947101593 0.4687081575393677 
vt 0.3127819001674652 0.6427039504051208 
vt 0.3138468861579895 0.6285832524299622 
vt 0.7500260472297668 0.2034064084291458 
vt 0.751682698726654 0.2823866307735443 
vt 0.7467126846313477 0.1882086992263794 
vt 0.7481327056884766 0.26659059524536133 
vt 0.7445826530456543 0.1789943426847458 
vt 0.7457659840583801 0.25677788257598877 
vt 0.8211447596549988 0.03874462470412254 
vt 0.8352264761924744 0.07572172582149506 
vt 0.8025663495063782 0.046642646193504333 
vt 0.8155830502510071 0.08457708358764648 
vt 0.7932179570198059 0.050352323800325394 
vt 0.7990162968635559 0.0919964388012886 
vt 0.9379404187202454 0.01062287762761116 
vt 0.9204269647598267 0.10707447677850723 
vt 0.9280003309249878 0.025222251191735268 
vt 0.9103686213493347 0.12179352343082428 
vt 0.9209003448486328 0.03431694582104683 
vt 0.903268575668335 0.1308882087469101 
vt 0.6595005393028259 0.3476051390171051 
vt 0.65192711353302 0.46906715631484985 
vt 0.6586721539497375 0.34521180391311646 
vt 0.6497971415519714 0.47409316897392273 
vt 0.18273283541202545 0.6060858964920044 
vt 0.17941947281360626 0.6167362332344055 
vt 0.18462617695331573 0.5926831364631653 
vt 0.1811944842338562 0.6038122177124023 
vt 0.17740780115127563 0.6233178973197937 
vt 0.17882780730724335 0.6109921932220459 
vt 0.5492132306098938 0.29997768998146057 
vt 0.5206947326660156 0.3041660189628601 
vt 0.5356048345565796 0.27831795811653137 
vt 0.5077963471412659 0.28358331322669983 
vt 0.0662921741604805 0.49204322695732117 
vt 0.07694223523139954 0.7937237024307251 
vt 0.060257136821746826 0.5133439302444458 
vt 0.07197220623493195 0.8157424330711365 
vt 0.20994964241981506 0.4392700791358948 
vt 0.21042297780513763 0.3970276117324829 
vt 0.22876475751399994 0.43998807668685913 
vt 0.23053976893424988 0.39798495173454285 
vt 0.2478165328502655 0.4403470754623413 
vt 0.24355649948120117 0.398343950510025 
vt 0.03386865556240082 0.383505254983902 
vt 0.04688539728522301 0.39355728030204773 
vt 0.026650281623005867 0.43627840280532837 
vt 0.043690379709005356 0.4493221044540405 
vt 0.055760446935892105 0.39966028928756714 
vt 0.05505044385790825 0.4573397934436798 
vt 0.9580572247505188 0.9613772034645081 
vt 0.9410170912742615 0.9176987409591675 
vt 0.9584121704101562 0.9617362022399902 
vt 0.940425455570221 0.9161430597305298 
vt 0.9371120929718018 0.9050140380859375 
vt 0.9362837672233582 0.9096810221672058 
vt 0.9346270561218262 0.8497278690338135 
vt 0.6068418622016907 0.4390307366847992 
vt 0.6053035259246826 0.3927195966243744 
vt 0.6100369095802307 0.4280213713645935 
vt 0.6084985733032227 0.3814709186553955 
vt 0.6121669411659241 0.42132002115249634 
vt 0.6106285452842712 0.37453022599220276 
vt 0.7473043203353882 0.35622116923332214 
vt 0.7483693361282349 0.3910442590713501 
vt 0.7231642007827759 0.35442617535591125 
vt 0.723282516002655 0.38865092396736145 
vt 0.6946457028388977 0.08720976114273071 
vt 0.6492054462432861 0.07955107092857361 
vt 0.7109758257865906 0.06973837316036224 
vt 0.6596188545227051 0.06937937438488007 
vt 0.9554538726806641 0.20089340209960938 
vt 0.9578205347061157 0.04580497741699219 
vt 0.9648022055625916 0.2160911113023758 
vt 0.9661039113998413 0.059327345341444016 
vt 0.9717839360237122 0.22566448152065277 
vt 0.9721389412879944 0.06782370060682297 
vt 0.17799946665763855 0.8077247738838196 
vt 0.2061629593372345 0.7398735880851746 
vt 0.185336172580719 0.7998267412185669 
vt 0.21148799359798431 0.7344885468482971 
vt 0.19208121299743652 0.7925270795822144 
vt 0.21704968810081482 0.7288641929626465 
vt 0.1987079232931137 0.785347044467926 
vt 0.2255697399377823 0.7197695374488831 
vt 0.20474295318126678 0.7787653803825378 
vt 0.23716646432876587 0.7074438333511353 
vt 0.118477463722229 0.7932450771331787 
vt 0.12439416348934174 0.7871420383453369 
vt 0.1298375278711319 0.7813979983329773 
vt 0.13587255775928497 0.7751753330230713 
vt 0.23716646432876587 0.7074438333511353 
vt 0.14214426279067993 0.7685936689376831 
vt 0.8283631205558777 0.20747509598731995 
vt 0.8177130818367004 0.2175271213054657 
vt 0.8310847878456116 0.14572691917419434 
vt 0.8211447596549988 0.15518061816692352 
vt 0.8102580308914185 0.2237498015165329 
vt 0.8142814040184021 0.16104429960250854 
vt 0.2721933424472809 0.389727920293808 
vt 0.253023236989975 0.43807339668273926 
vt 0.24355649948120117 0.398343950510025 
vt 0.2478165328502655 0.4403470754623413 
vt 0.7194958329200745 0.03886428847908974 
vt 0.7226908802986145 0.03898395597934723 
vt 0.7268325686454773 0.07955107092857361 
vt 0.736890971660614 0.0812264084815979 
vt 0.7299092411994934 0.03994129225611687 
vt 0.7478960156440735 0.08314108103513718 
vt 0.7403226494789124 0.04161662980914116 
vt 0.7590194344520569 0.08517541736364365 
vt 0.7520377039909363 0.04341163486242294 
vt 0.77085280418396 0.08720976114273071 
vt 0.7638710737228394 0.04520663991570473 
vt 0.7826862335205078 0.08936376124620438 
vt 0.7748761773109436 0.04700164496898651 
vt 0.7925079464912415 0.09115877002477646 
vt 0.7850528955459595 0.048796650022268295 
vt 0.7977146506309509 0.0921161025762558 
vt 0.7932179570198059 0.050352323800325394 
vt 0.7990162968635559 0.0919964388012886 
vt 0.9844456911087036 0.2022097408771515 
vt 0.9717839360237122 0.22566448152065277 
vt 0.9834989905357361 0.047121312469244 
vt 0.9721389412879944 0.06782370060682297 
vt 0.6373720765113831 0.6546706557273865 
vt 0.5642416477203369 0.528900682926178 
vt 0.6437621116638184 0.6614916920661926 
vt 0.5709866881370544 0.5365593433380127 
vt 0.6550038456916809 0.6744157075881958 
vt 0.5817551016807556 0.5490047335624695 
vt 0.5442432165145874 0.1897643804550171 
vt 0.5462548732757568 0.15518061816692352 
vt 0.5470831990242004 0.19861973822116852 
vt 0.548029899597168 0.16200163960456848 
vt 0.5514615774154663 0.21321910619735718 
vt 0.5512248873710632 0.17301099002361298 
vt 0.8340431451797485 0.4216790199279785 
vt 0.8878851532936096 0.4512367844581604 
vt 0.8430365324020386 0.43173104524612427 
vt 0.8961685299873352 0.4603314697742462 
vt 0.7416242957115173 0.15589861571788788 
vt 0.6892023682594299 0.15721495449543 
vt 0.7271875739097595 0.14847926795482635 
vt 0.6748839616775513 0.14967593550682068 
vt 0.7178391814231873 0.14357291162014008 
vt 0.665535569190979 0.1446499228477478 
vt 0.22154638171195984 0.6181722283363342 
vt 0.21409133076667786 0.534883975982666 
vt 0.22994808852672577 0.611590564250946 
vt 0.22178304195404053 0.528900682926178 
vt 0.2422548234462738 0.6011795401573181 
vt 0.23302477598190308 0.5193272829055786 
vt 0.8142814040184021 0.16104429960250854 
vt 0.8102580308914185 0.2237498015165329 
vt 0.802092969417572 0.1447695791721344 
vt 0.7972412705421448 0.20615875720977783 
vt 0.8665850162506104 0.15829195082187653 
vt 0.8438648581504822 0.15482161939144135 
vt 0.8810217380523682 0.13519622385501862 
vt 0.8603132963180542 0.12861454486846924 
vt 0.6205686330795288 0.24409319460391998 
vt 0.614888608455658 0.262641578912735 
vt 0.616426944732666 0.15613794326782227 
vt 0.6096819043159485 0.17516499757766724 
vt 0.6086168885231018 0.28298497200012207 
vt 0.603173553943634 0.19431172311306 
vt 0.22379472851753235 0.9056123495101929 
vt 0.25408822298049927 0.9143480658531189 
vt 0.23243311047554016 0.9162627458572388 
vt 0.26296326518058777 0.9240410923957825 
vt 0.2375214695930481 0.9240410923957825 
vt 0.26816996932029724 0.9300244450569153 
vt 0.31680524349212646 0.9406747817993164 
vt 0.3241419494152069 0.9486925005912781 
vt 0.32863864302635193 0.9537184834480286 
vt 0.3454420864582062 0.946299135684967 
vt 0.34733542799949646 0.952880859375 
vt 0.3666238784790039 0.937922477722168 
vt 0.37005555629730225 0.9452221393585205 
vt 0.4217675030231476 0.9360077977180481 
vt 0.4260275363922119 0.9416321516036987 
vt 0.45856937766075134 0.944145143032074 
vt 0.7457659840583801 0.25677788257598877 
vt 0.7445826530456543 0.2610858976840973 
vt 0.7445826530456543 0.1789943426847458 
vt 0.7433993220329285 0.18294335901737213 
vt 0.8174763917922974 0.543619692325592 
vt 0.875105082988739 0.6940411329269409 
vt 0.8174763917922974 0.5461326837539673 
vt 0.8754600882530212 0.696195125579834 
vt 0.9259886741638184 0.8187341094017029 
vt 0.925515353679657 0.8163408041000366 
vt 0.5492132306098938 0.29997768998146057 
vt 0.546373188495636 0.3107477128505707 
vt 0.5206947326660156 0.3041660189628601 
vt 0.5179730653762817 0.31445738673210144 
vt 0.5417581796646118 0.327381432056427 
vt 0.5135946869850159 0.3302534222602844 
vt 0.2769266963005066 0.5924438238143921 
vt 0.2658033072948456 0.5620484352111816 
vt 0.27680835127830505 0.5765281319618225 
vt 0.26568496227264404 0.5492440462112427 
vt 0.2661583125591278 0.547808051109314 
vt 0.6492054462432861 0.07955107092857361 
vt 0.6946457028388977 0.08720976114273071 
vt 0.6579621434211731 0.09786012023687363 
vt 0.699734091758728 0.09642411768436432 
vt 0.6677839159965515 0.11808384209871292 
vt 0.7070707678794861 0.11078415811061859 
vt 0.23716646432876587 0.7074438333511353 
vt 0.14214426279067993 0.7685936689376831 
vt 0.2405981570482254 0.7033751606941223 
vt 0.13977758586406708 0.7690722942352295 
vt 0.45916104316711426 0.42873936891555786 
vt 0.4861412048339844 0.44740742444992065 
vt 0.45442768931388855 0.42706403136253357 
vt 0.47998782992362976 0.4451337456703186 
vt 0.44744598865509033 0.4245510399341583 
vt 0.47075778245925903 0.44178307056427 
vt 0.5195114016532898 0.4730161726474762 
vt 0.5100446939468384 0.46954581141471863 
vt 0.5260197520256042 0.47540950775146484 
vt 0.5764300227165222 0.5064032673835754 
vt 0.5695666670799255 0.5038902759552002 
vt 0.6676655411720276 0.5630057454109192 
vt 0.6600921750068665 0.5601337552070618 
vt 0.8338065147399902 0.6629276871681213 
vt 0.8198431134223938 0.6574230194091797 
vt 0.8197247385978699 0.6902117729187012 
vt 0.8072996735572815 0.6855447292327881 
vt 0.6307453513145447 0.6952377557754517 
vt 0.6493237614631653 0.5559453964233398 
vt 0.5595082640647888 0.5001806020736694 
vt 0.2791750431060791 0.5768871307373047 
vt 0.2775183618068695 0.5746134519577026 
vt 0.267814964056015 0.5496030449867249 
vt 0.2661583125591278 0.547808051109314 
vt 0.925515353679657 0.8163408041000366 
vt 0.9349820613861084 0.8473345637321472 
vt 0.9259886741638184 0.8187341094017029 
vt 0.9346270561218262 0.8497278690338135 
vt 0.8439832329750061 0.6668767333030701 
vt 0.44661763310432434 0.6803990602493286 
vt 0.3138468861579895 0.6285832524299622 
vt 0.3146752417087555 0.6266685724258423 
vt 0.2944401204586029 0.4667934775352478 
vt 0.6415137648582458 0.736283540725708 
vt 0.671333909034729 0.9307424426078796 
vt 0.6406853795051575 0.7383179068565369 
vt 0.6702688932418823 0.933734118938446 
vt 0.6626955270767212 0.3643585443496704 
vt 0.6541754603385925 0.4822305142879486 
vt 0.6609205007553101 0.355024516582489 
vt 0.6527554988861084 0.47385382652282715 
vt 0.6595005393028259 0.3476051390171051 
vt 0.65192711353302 0.46906715631484985 
vt 0.7706161141395569 0.14357291162014008 
vt 0.7858812212944031 0.22135646641254425 
vt 0.7691961526870728 0.15147094428539276 
vt 0.7839878797531128 0.23260515928268433 
vt 0.7682494521141052 0.15589861571788788 
vt 0.7824495434761047 0.2420588582754135 
vt 0.8747500777244568 0.23739184439182281 
vt 0.883861780166626 0.36711087822914124 
vt 0.8620883226394653 0.23176749050617218 
vt 0.8716734051704407 0.36076852679252625 
vt 0.8535682559013367 0.22865615785121918 
vt 0.8639816641807556 0.3564605116844177 
vt 0.480342835187912 0.42550837993621826 
vt 0.4870878756046295 0.4279017150402069 
vt 0.45916104316711426 0.42873936891555786 
vt 0.4918212294578552 0.4294573664665222 
vt 0.4970279335975647 0.4294573664665222 
vt 0.5017613172531128 0.4310130476951599 
vt 0.9872856736183167 0.9776518940925598 
vt 0.17657946050167084 0.560492753982544 
vt 0.8423265218734741 0.07392672449350357 
vt 0.7321575880050659 0.52866131067276 
vt 0.3557371497154236 0.5823917984962463 
vt 0.97462397813797 0.7683542966842651 
vt 0.9349820613861084 0.8473345637321472 
vt 0.9591221809387207 0.4389110803604126 
vt 0.9872856736183167 0.9776518940925598 
vt 0.4900462329387665 0.42706403136253357 
vt 0.9582938551902771 0.6775270700454712 
vt 0.2775183618068695 0.5746134519577026 
vt 0.5566682815551758 0.8308205008506775 
vt 0.4537176787853241 0.3910442590713501 
vt 0.5817551016807556 0.043052636086940765 
vt 0.39147400856018066 0.9777715802192688 
vt 0.3446137309074402 0.14345325529575348 
vt 0.14190760254859924 0.5811951160430908 
s on 
f 1/1/1 2/2/2 3/3/3 
f 2/2/2 4/4/4 3/3/3 
f 3/3/3 4/4/4 4/4/4 
f 4/4/4 2/2/2 4/4/4 
f 4/4/4 2/2/2 2/2/2 
f 2/2/2 5/5/5 2/2/2 
f 2/2/2 5/5/5 4/4/4 
f 5/5/5 6/6/6 4/4/4 
f 4/4/4 6/6/6 6/6/6 
f 6/6/6 7/7/7 6/6/6 
f 6/6/6 7/7/7 7/7/7 
f 7/7/7 8/8/8 7/7/7 
f 7/7/7 8/8/8 9/9/9 
f 8/8/8 10/10/10 9/9/9 
f 9/9/9 10/10/10 10/10/10 
f 10/10/10 8/8/8 10/10/10 
f 10/10/10 8/8/8 8/8/8 
f 8/8/8 11/11/11 8/8/8 
f 8/8/8 11/11/11 10/10/10 
f 11/11/11 12/12/12 10/10/10 
f 10/10/10 12/12/12 12/12/12 
f 12/12/12 13/13/13 12/12/12 
f 12/12/12 13/13/13 13/13/13 
f 13/13/13 14/14/14 13/13/13 
f 13/13/13 14/14/14 15/15/15 
f 14/14/14 16/16/16 15/15/15 
f 15/15/15 16/16/16 16/16/16 
f 16/16/16 17/17/17 16/16/16 
f 16/16/16 17/17/17 17/17/17 
f 17/17/17 18/18/18 17/17/17 
f 17/17/17 18/18/18 19/19/19 
f 18/18/18 20/20/20 19/19/19 
f 19/19/19 20/20/20 21/21/21 
f 20/20/20 22/22/22 21/21/21 
f 21/21/21 22/22/22 22/22/22 
f 22/22/22 18/18/18 22/22/22 
f 22/22/22 18/18/18 18/18/18 
f 18/18/18 23/23/23 18/18/18 
f 18/18/18 23/23/23 20/20/20 
f 23/23/23 24/24/24 20/20/20 
f 20/20/20 24/24/24 22/22/22 
f 24/24/24 25/25/25 22/22/22 
f 22/22/22 25/25/25 25/25/25 
f 25/25/25 23/23/23 25/25/25 
f 25/25/25 23/23/23 23/23/23 
f 23/23/23 26/26/26 23/23/23 
f 23/23/23 26/26/26 24/24/24 
f 26/26/26 27/27/27 24/24/24 
f 24/24/24 27/27/27 25/25/25 
f 27/27/27 25/25/25 25/25/25 
f 25/25/25 25/25/25 23/23/23 
f 25/25/25 23/23/23 23/23/23 
f 23/23/23 23/23/23 23/23/23 
f 23/23/23 28/28/28 23/23/23 
f 23/23/23 28/28/28 26/26/26 
f 28/28/28 29/29/29 26/26/26 
f 26/26/26 29/29/29 30/30/30 
f 29/29/29 31/31/31 30/30/30 
f 30/30/30 31/31/31 32/32/32 
f 31/31/31 33/33/33 32/32/32 
f 32/32/32 33/33/33 34/34/34 
f 33/33/33 35/35/35 34/34/34 
f 34/34/34 35/35/35 36/36/36 
f 35/35/35 37/37/37 36/36/36 
f 36/36/36 37/37/37 37/37/37 
f 37/37/37 34/34/34 37/37/37 
f 37/37/37 34/34/34 34/34/34 
f 34/34/34 38/38/38 34/34/34 
f 34/34/34 38/38/38 32/32/32 
f 38/38/38 39/39/39 32/32/32 
f 32/32/32 39/39/39 30/30/30 
f 39/39/39 27/27/27 30/30/30 
f 30/30/30 27/27/27 26/26/26 
f 27/27/27 26/26/26 26/26/26 
f 26/26/26 26/26/26 40/40/40 
f 26/26/26 40/40/40 40/40/40 
f 40/40/40 40/40/40 40/40/40 
f 40/40/40 41/41/41 40/40/40 
f 40/40/40 41/41/41 42/42/42 
f 41/41/41 43/43/43 42/42/42 
f 42/42/42 43/43/43 44/44/44 
f 43/43/43 45/45/45 44/44/44 
f 44/44/44 45/45/45 45/45/45 
f 45/45/45 46/46/46 45/45/45 
f 45/45/45 46/46/46 46/46/46 
f 46/46/46 47/47/47 46/46/46 
f 46/46/46 47/47/47 48/48/48 
f 47/47/47 49/49/49 48/48/48 
f 48/48/48 49/49/49 49/49/49 
f 49/49/49 50/50/50 49/49/49 
f 49/49/49 50/50/50 50/50/50 
f 50/50/50 51/51/51 50/50/50 
f 50/50/50 51/51/51 52/52/52 
f 51/51/51 53/53/53 52/52/52 
f 52/52/52 53/53/53 53/53/53 
f 53/53/53 51/51/51 53/53/53 
f 53/53/53 51/51/51 54/54/54 
f 51/51/51 55/55/55 54/54/54 
f 54/54/54 55/55/55 56/56/56 
f 55/55/55 56/56/56 56/56/56 
f 56/56/56 56/56/56 54/54/54 
f 56/56/56 54/54/54 54/54/54 
f 54/54/54 54/54/54 54/54/54 
f 54/54/54 56/56/56 54/54/54 
f 54/54/54 56/56/56 57/57/57 
f 56/56/56 58/58/58 57/57/57 
f 57/57/57 58/58/58 58/58/58 
f 58/58/58 56/56/56 58/58/58 
f 58/58/58 56/56/56 56/56/56 
f 56/56/56 59/59/59 56/56/56 
f 56/56/56 59/59/59 58/58/58 
f 59/59/59 60/60/60 58/58/58 
f 58/58/58 60/60/60 61/61/61 
f 60/60/60 62/62/62 61/61/61 
f 61/61/61 62/62/62 63/63/63 
f 62/62/62 64/64/64 63/63/63 
f 63/63/63 64/64/64 64/64/64 
f 64/64/64 62/62/62 64/64/64 
f 64/64/64 62/62/62 62/62/62 
f 62/62/62 65/65/65 62/62/62 
f 62/62/62 65/65/65 64/64/64 
f 65/65/65 66/66/66 64/64/64 
f 64/64/64 66/66/66 67/67/67 
f 66/66/66 67/67/67 67/67/67 
f 67/67/67 67/67/67 68/68/68 
f 67/67/67 68/68/68 68/68/68 
f 68/68/68 68/68/68 68/68/68 
f 68/68/68 69/69/69 68/68/68 
f 68/68/68 69/69/69 70/70/70 
f 69/69/69 71/71/71 70/70/70 
f 70/70/70 71/71/71 72/72/72 
f 71/71/71 73/73/73 72/72/72 
f 72/72/72 73/73/73 74/74/74 
f 73/73/73 75/75/75 74/74/74 
f 74/74/74 75/75/75 76/76/76 
f 75/75/75 77/77/77 76/76/76 
f 76/76/76 77/77/77 78/78/78 
f 77/77/77 79/79/79 78/78/78 
f 78/78/78 79/79/79 80/80/80 
f 79/79/79 81/81/81 80/80/80 
f 80/80/80 81/81/81 82/82/82 
f 81/81/81 83/83/83 82/82/82 
f 82/82/82 83/83/83 84/84/84 
f 83/83/83 85/85/85 84/84/84 
f 84/84/84 85/85/85 86/86/86 
f 85/85/85 87/87/87 86/86/86 
f 86/86/86 87/87/87 88/88/88 
f 87/87/87 89/89/89 88/88/88 
f 88/88/88 89/89/89 90/90/90 
f 89/89/89 91/91/91 90/90/90 
f 90/90/90 91/91/91 92/92/92 
f 91/91/91 93/93/93 92/92/92 
f 92/92/92 93/93/93 94/94/94 
f 93/93/93 95/95/95 94/94/94 
f 94/94/94 95/95/95 96/96/96 
f 95/95/95 97/97/97 96/96/96 
f 96/96/96 97/97/97 98/98/98 
f 97/97/97 98/98/98 98/98/98 
f 98/98/98 98/98/98 94/94/94 
f 98/98/98 94/94/94 94/94/94 
f 94/94/94 94/94/94 94/94/94 
f 94/94/94 99/99/99 94/94/94 
f 94/94/94 99/99/99 92/92/92 
f 99/99/99 100/100/100 92/92/92 
f 92/92/92 100/100/100 90/90/90 
f 100/100/100 101/101/101 90/90/90 
f 90/90/90 101/101/101 88/88/88 
f 101/101/101 102/102/102 88/88/88 
f 88/88/88 102/102/102 86/86/86 
f 102/102/102 103/103/103 86/86/86 
f 86/86/86 103/103/103 84/84/84 
f 103/103/103 104/104/104 84/84/84 
f 84/84/84 104/104/104 82/82/82 
f 104/104/104 105/105/105 82/82/82 
f 82/82/82 105/105/105 80/80/80 
f 105/105/105 106/106/106 80/80/80 
f 80/80/80 106/106/106 78/78/78 
f 106/106/106 107/107/107 78/78/78 
f 78/78/78 107/107/107 76/76/76 
f 107/107/107 108/108/108 76/76/76 
f 76/76/76 108/108/108 74/74/74 
f 108/108/108 109/109/109 74/74/74 
f 74/74/74 109/109/109 72/72/72 
f 109/109/109 110/110/110 72/72/72 
f 72/72/72 110/110/110 70/70/70 
f 110/110/110 70/70/70 70/70/70 
f 70/70/70 70/70/70 101/101/101 
f 70/70/70 101/101/101 101/101/101 
f 101/101/101 101/101/101 101/101/101 
f 101/101/101 111/111/111 101/101/101 
f 101/101/101 111/111/111 102/102/102 
f 111/111/111 112/112/112 102/102/102 
f 102/102/102 112/112/112 103/103/103 
f 112/112/112 113/113/113 103/103/103 
f 103/103/103 113/113/113 104/104/104 
f 113/113/113 114/114/114 104/104/104 
f 104/104/104 114/114/114 105/105/105 
f 114/114/114 115/115/115 105/105/105 
f 105/105/105 115/115/115 106/106/106 
f 115/115/115 116/116/116 106/106/106 
f 106/106/106 116/116/116 107/107/107 
f 116/116/116 117/117/117 107/107/107 
f 107/107/107 117/117/117 108/108/108 
f 117/117/117 118/118/118 108/108/108 
f 108/108/108 118/118/118 109/109/109 
f 118/118/118 119/119/119 109/109/109 
f 109/109/109 119/119/119 110/110/110 
f 119/119/119 110/110/110 110/110/110 
f 110/110/110 110/110/110 113/113/113 
f 110/110/110 113/113/113 113/113/113 
f 113/113/113 113/113/113 113/113/113 
f 113/113/113 120/120/120 113/113/113 
f 113/113/113 120/120/120 114/114/114 
f 120/120/120 121/121/121 114/114/114 
f 114/114/114 121/121/121 115/115/115 
f 121/121/121 122/122/122 115/115/115 
f 115/115/115 122/122/122 116/116/116 
f 122/122/122 123/123/123 116/116/116 
f 116/116/116 123/123/123 117/117/117 
f 123/123/123 124/124/124 117/117/117 
f 117/117/117 124/124/124 118/118/118 
f 124/124/124 125/125/125 118/118/118 
f 118/118/118 125/125/125 119/119/119 
f 125/125/125 119/119/119 119/119/119 
f 119/119/119 119/119/119 122/122/122 
f 119/119/119 122/122/122 122/122/122 
f 122/122/122 122/122/122 122/122/122 
f 122/122/122 126/126/126 122/122/122 
f 122/122/122 126/126/126 123/123/123 
f 126/126/126 127/127/127 123/123/123 
f 123/123/123 127/127/127 124/124/124 
f 127/127/127 128/128/128 124/124/124 
f 124/124/124 128/128/128 125/125/125 
f 128/128/128 125/125/125 125/125/125 
f 125/125/125 125/125/125 129/129/129 
f 125/125/125 129/129/129 129/129/129 
f 129/129/129 129/129/129 129/129/129 
f 129/129/129 130/130/130 129/129/129 
f 129/129/129 130/130/130 131/131/131 
f 130/130/130 132/132/132 131/131/131 
f 131/131/131 132/132/132 133/133/133 
f 132/132/132 134/134/134 133/133/133 
f 133/133/133 134/134/134 134/134/134 
f 134/134/134 133/133/133 134/134/134 
f 134/134/134 133/133/133 133/133/133 
f 133/133/133 135/135/135 133/133/133 
f 133/133/133 135/135/135 131/131/131 
f 135/135/135 136/136/136 131/131/131 
f 131/131/131 136/136/136 137/137/137 
f 136/136/136 138/138/138 137/137/137 
f 137/137/137 138/138/138 138/138/138 
f 138/138/138 135/135/135 138/138/138 
f 138/138/138 135/135/135 135/135/135 
f 135/135/135 139/139/139 135/135/135 
f 135/135/135 139/139/139 136/136/136 
f 139/139/139 140/140/140 136/136/136 
f 136/136/136 140/140/140 138/138/138 
f 140/140/140 138/138/138 138/138/138 
f 138/138/138 138/138/138 135/135/135 
f 138/138/138 135/135/135 135/135/135 
f 135/135/135 135/135/135 135/135/135 
f 135/135/135 141/141/141 135/135/135 
f 135/135/135 141/141/141 139/139/139 
f 141/141/141 142/142/142 139/139/139 
f 139/139/139 142/142/142 143/143/143 
f 142/142/142 144/144/144 143/143/143 
f 143/143/143 144/144/144 145/145/145 
f 144/144/144 146/146/146 145/145/145 
f 145/145/145 146/146/146 147/147/147 
f 146/146/146 148/148/148 147/147/147 
f 147/147/147 148/148/148 149/149/149 
f 148/148/148 150/150/150 149/149/149 
f 149/149/149 150/150/150 150/150/150 
f 150/150/150 142/142/142 150/150/150 
f 150/150/150 142/142/142 142/142/142 
f 142/142/142 151/151/151 142/142/142 
f 142/142/142 151/151/151 144/144/144 
f 151/151/151 152/152/152 144/144/144 
f 144/144/144 152/152/152 146/146/146 
f 152/152/152 153/153/153 146/146/146 
f 146/146/146 153/153/153 148/148/148 
f 153/153/153 154/154/154 148/148/148 
f 148/148/148 154/154/154 150/150/150 
f 154/154/154 155/155/155 150/150/150 
f 150/150/150 155/155/155 156/156/156 
f 155/155/155 157/157/157 156/156/156 
f 156/156/156 157/157/157 158/158/158 
f 157/157/157 159/159/159 158/158/158 
f 158/158/158 159/159/159 159/159/159 
f 159/159/159 153/153/153 159/159/159 
f 159/159/159 153/153/153 153/153/153 
f 153/153/153 160/160/160 153/153/153 
f 153/153/153 160/160/160 154/154/154 
f 160/160/160 161/161/161 154/154/154 
f 154/154/154 161/161/161 155/155/155 
f 161/161/161 162/162/162 155/155/155 
f 155/155/155 162/162/162 157/157/157 
f 162/162/162 163/163/163 157/157/157 
f 157/157/157 163/163/163 159/159/159 
f 163/163/163 164/164/164 159/159/159 
f 159/159/159 164/164/164 165/165/165 
f 164/164/164 166/166/166 165/165/165 
f 165/165/165 166/166/166 167/167/167 
f 166/166/166 168/168/168 167/167/167 
f 167/167/167 168/168/168 168/168/168 
f 168/168/168 162/162/162 168/168/168 
f 168/168/168 162/162/162 162/162/162 
f 162/162/162 169/169/169 162/162/162 
f 162/162/162 169/169/169 163/163/163 
f 169/169/169 170/170/170 163/163/163 
f 163/163/163 170/170/170 164/164/164 
f 170/170/170 171/171/171 164/164/164 
f 164/164/164 171/171/171 166/166/166 
f 171/171/171 172/172/172 166/166/166 
f 166/166/166 172/172/172 168/168/168 
f 172/172/172 168/168/168 168/168/168 
f 168/168/168 168/168/168 85/85/85 
f 168/168/168 85/85/85 85/85/85 
f 85/85/85 85/85/85 85/85/85 
f 85/85/85 173/173/173 85/85/85 
f 85/85/85 173/173/173 87/87/87 
f 173/173/173 174/174/174 87/87/87 
f 87/87/87 174/174/174 89/89/89 
f 174/174/174 175/175/175 89/89/89 
f 89/89/89 175/175/175 91/91/91 
f 175/175/175 176/176/176 91/91/91 
f 91/91/91 176/176/176 93/93/93 
f 176/176/176 177/177/177 93/93/93 
f 93/93/93 177/177/177 95/95/95 
f 177/177/177 178/178/178 95/95/95 
f 95/95/95 178/178/178 97/97/97 
f 178/178/178 97/97/97 97/97/97 
f 97/97/97 97/97/97 175/175/175 
f 97/97/97 175/175/175 175/175/175 
f 175/175/175 175/175/175 175/175/175 
f 175/175/175 179/179/179 175/175/175 
f 175/175/175 179/179/179 176/176/176 
f 179/179/179 180/180/180 176/176/176 
f 176/176/176 180/180/180 177/177/177 
f 180/180/180 181/181/181 177/177/177 
f 177/177/177 181/181/181 178/178/178 
f 181/181/181 178/178/178 178/178/178 
f 178/178/178 178/178/178 181/181/181 
f 178/178/178 181/181/181 181/181/181 
f 181/181/181 181/181/181 181/181/181 
f 181/181/181 180/180/180 181/181/181 
f 181/181/181 180/180/180 182/182/182 
f 180/180/180 183/183/183 182/182/182 
f 182/182/182 183/183/183 184/184/184 
f 183/183/183 185/185/185 184/184/184 
f 184/184/184 185/185/185 186/186/186 
f 185/185/185 187/187/187 186/186/186 
f 186/186/186 187/187/187 187/187/187 
f 187/187/187 139/139/139 187/187/187 
f 187/187/187 139/139/139 139/139/139 
f 139/139/139 143/143/143 139/139/139 
f 139/139/139 143/143/143 140/140/140 
f 143/143/143 188/188/188 140/140/140 
f 140/140/140 188/188/188 188/188/188 
f 188/188/188 189/189/189 188/188/188 
f 188/188/188 189/189/189 189/189/189 
f 189/189/189 190/190/190 189/189/189 
f 189/189/189 190/190/190 191/191/191 
f 190/190/190 192/192/192 191/191/191 
f 191/191/191 192/192/192 193/193/193 
f 192/192/192 194/194/194 193/193/193 
f 193/193/193 194/194/194 194/194/194 
f 194/194/194 190/190/190 194/194/194 
f 194/194/194 190/190/190 190/190/190 
f 190/190/190 195/195/195 190/190/190 
f 190/190/190 195/195/195 192/192/192 
f 195/195/195 196/196/196 192/192/192 
f 192/192/192 196/196/196 194/194/194 
f 196/196/196 197/197/197 194/194/194 
f 194/194/194 197/197/197 198/198/198 
f 197/197/197 198/198/198 198/198/198 
f 198/198/198 198/198/198 132/132/132 
f 198/198/198 132/132/132 132/132/132 
f 132/132/132 132/132/132 132/132/132 
f 132/132/132 199/199/199 132/132/132 
f 132/132/132 199/199/199 134/134/134 
f 199/199/199 200/200/200 134/134/134 
f 134/134/134 200/200/200 200/200/200 
f 200/200/200 199/199/199 200/200/200 
f 200/200/200 199/199/199 201/201/201 
f 199/199/199 202/202/202 201/201/201 
f 201/201/201 202/202/202 203/203/203 
f 202/202/202 204/204/204 203/203/203 
f 203/203/203 204/204/204 204/204/204 
f 204/204/204 203/203/203 204/204/204 
f 204/204/204 203/203/203 203/203/203 
f 203/203/203 205/205/205 203/203/203 
f 203/203/203 205/205/205 201/201/201 
f 205/205/205 206/206/206 201/201/201 
f 201/201/201 206/206/206 200/200/200 
f 206/206/206 200/200/200 200/200/200 
f 200/200/200 200/200/200 205/205/205 
f 200/200/200 205/205/205 205/205/205 
f 205/205/205 205/205/205 205/205/205 
f 205/205/205 203/203/203 205/205/205 
f 205/205/205 203/203/203 207/207/207 
f 203/203/203 208/208/208 207/207/207 
f 207/207/207 208/208/208 209/209/209 
f 208/208/208 209/209/209 209/209/209 
f 209/209/209 209/209/209 209/209/209 
f 209/209/209 210/210/210 209/209/209 
f 209/209/209 210/210/210 207/207/207 
f 210/210/210 211/211/211 207/207/207 
f 207/207/207 211/211/211 205/205/205 
f 211/211/211 205/205/205 205/205/205 
f 205/205/205 205/205/205 212/212/212 
f 205/205/205 212/212/212 212/212/212 
f 212/212/212 212/212/212 212/212/212 
f 212/212/212 213/213/213 212/212/212 
f 212/212/212 213/213/213 214/214/214 
f 213/213/213 215/215/215 214/214/214 
f 214/214/214 215/215/215 215/215/215 
f 215/215/215 216/216/216 215/215/215 
f 215/215/215 216/216/216 216/216/216 
f 216/216/216 217/217/217 216/216/216 
f 216/216/216 217/217/217 218/218/218 
f 217/217/217 219/219/219 218/218/218 
f 218/218/218 219/219/219 220/220/220 
f 219/219/219 221/221/221 220/220/220 
f 220/220/220 221/221/221 221/221/221 
f 221/221/221 222/222/222 221/221/221 
f 221/221/221 222/222/222 222/222/222 
f 222/222/222 223/223/223 222/222/222 
f 222/222/222 223/223/223 224/224/224 
f 223/223/223 225/225/225 224/224/224 
f 224/224/224 225/225/225 225/225/225 
f 225/225/225 226/226/226 225/225/225 
f 225/225/225 226/226/226 226/226/226 
f 226/226/226 227/227/227 226/226/226 
f 226/226/226 227/227/227 228/228/228 
f 227/227/227 229/229/229 228/228/228 
f 228/228/228 229/229/229 229/229/229 
f 229/229/229 230/230/230 229/229/229 
f 229/229/229 230/230/230 230/230/230 
f 230/230/230 231/231/231 230/230/230 
f 230/230/230 231/231/231 232/232/232 
f 231/231/231 233/233/233 232/232/232 
f 232/232/232 233/233/233 233/233/233 
f 233/233/233 234/234/234 233/233/233 
f 233/233/233 234/234/234 234/234/234 
f 234/234/234 235/235/235 234/234/234 
f 234/234/234 235/235/235 236/236/236 
f 235/235/235 237/237/237 236/236/236 
f 236/236/236 237/237/237 237/237/237 
f 237/237/237 238/238/238 237/237/237 
f 237/237/237 238/238/238 238/238/238 
f 238/238/238 239/239/239 238/238/238 
f 238/238/238 239/239/239 240/240/240 
f 239/239/239 241/241/241 240/240/240 
f 240/240/240 241/241/241 242/242/242 
f 241/241/241 243/243/243 242/242/242 
f 242/242/242 243/243/243 243/243/243 
f 243/243/243 244/244/244 243/243/243 
f 243/243/243 244/244/244 244/244/244 
f 244/244/244 245/245/245 244/244/244 
f 244/244/244 245/245/245 246/246/246 
f 245/245/245 247/247/247 246/246/246 
f 246/246/246 247/247/247 247/247/247 
f 247/247/247 248/248/248 247/247/247 
f 247/247/247 248/248/248 248/248/248 
f 248/248/248 249/249/249 248/248/248 
f 248/248/248 249/249/249 250/250/250 
f 249/249/249 251/251/251 250/250/250 
f 250/250/250 251/251/251 252/252/252 
f 251/251/251 253/253/253 252/252/252 
f 252/252/252 253/253/253 174/174/174 
f 253/253/253 175/175/175 174/174/174 
f 174/174/174 175/175/175 175/175/175 
f 175/175/175 254/254/254 175/175/175 
f 175/175/175 254/254/254 254/254/254 
f 254/254/254 255/255/255 254/254/254 
f 254/254/254 255/255/255 256/256/256 
f 255/255/255 257/257/257 256/256/256 
f 256/256/256 257/257/257 257/257/257 
f 257/257/257 255/255/255 257/257/257 
f 257/257/257 255/255/255 255/255/255 
f 255/255/255 258/258/258 255/255/255 
f 255/255/255 258/258/258 257/257/257 
f 258/258/258 259/259/259 257/257/257 
f 257/257/257 259/259/259 259/259/259 
f 259/259/259 260/260/260 259/259/259 
f 259/259/259 260/260/260 260/260/260 
f 260/260/260 261/261/261 260/260/260 
f 260/260/260 261/261/261 262/262/262 
f 261/261/261 263/263/263 262/262/262 
f 262/262/262 263/263/263 263/263/263 
f 263/263/263 264/264/264 263/263/263 
f 263/263/263 264/264/264 264/264/264 
f 264/264/264 265/265/265 264/264/264 
f 264/264/264 265/265/265 266/266/266 
f 265/265/265 267/267/267 266/266/266 
f 266/266/266 267/267/267 267/267/267 
f 267/267/267 268/268/268 267/267/267 
f 267/267/267 268/268/268 268/268/268 
f 268/268/268 269/269/269 268/268/268 
f 268/268/268 269/269/269 270/270/270 
f 269/269/269 271/271/271 270/270/270 
f 270/270/270 271/271/271 271/271/271 
f 271/271/271 272/272/272 271/271/271 
f 271/271/271 272/272/272 272/272/272 
f 272/272/272 273/273/273 272/272/272 
f 272/272/272 273/273/273 274/274/274 
f 273/273/273 275/275/275 274/274/274 
f 274/274/274 275/275/275 276/276/276 
f 275/275/275 277/277/277 276/276/276 
f 276/276/276 277/277/277 277/277/277 
f 277/277/277 278/278/278 277/277/277 
f 277/277/277 278/278/278 278/278/278 
f 278/278/278 279/279/279 278/278/278 
f 278/278/278 279/279/279 280/280/280 
f 279/279/279 281/281/281 280/280/280 
f 280/280/280 281/281/281 282/282/282 
f 281/281/281 283/283/283 282/282/282 
f 282/282/282 283/283/283 284/284/284 
f 283/283/283 285/285/285 284/284/284 
f 284/284/284 285/285/285 286/286/286 
f 285/285/285 287/287/287 286/286/286 
f 286/286/286 287/287/287 288/288/288 
f 287/287/287 289/289/289 288/288/288 
f 288/288/288 289/289/289 289/289/289 
f 289/289/289 279/279/279 289/289/289 
f 289/289/289 279/279/279 279/279/279 
f 279/279/279 290/290/290 279/279/279 
f 279/279/279 290/290/290 281/281/281 
f 290/290/290 291/291/291 281/281/281 
f 281/281/281 291/291/291 283/283/283 
f 291/291/291 292/292/292 283/283/283 
f 283/283/283 292/292/292 285/285/285 
f 292/292/292 293/293/293 285/285/285 
f 285/285/285 293/293/293 287/287/287 
f 293/293/293 294/294/294 287/287/287 
f 287/287/287 294/294/294 289/289/289 
f 294/294/294 289/289/289 289/289/289 
f 289/289/289 289/289/289 295/295/295 
f 289/289/289 295/295/295 295/295/295 
f 295/295/295 295/295/295 295/295/295 
f 295/295/295 296/296/296 295/295/295 
f 295/295/295 296/296/296 297/297/297 
f 296/296/296 298/298/298 297/297/297 
f 297/297/297 298/298/298 298/298/298 
f 298/298/298 296/296/296 298/298/298 
f 298/298/298 296/296/296 296/296/296 
f 296/296/296 299/299/299 296/296/296 
f 296/296/296 299/299/299 298/298/298 
f 299/299/299 300/300/300 298/298/298 
f 298/298/298 300/300/300 300/300/300 
f 300/300/300 301/301/301 300/300/300 
f 300/300/300 301/301/301 301/301/301 
f 301/301/301 302/302/302 301/301/301 
f 301/301/301 302/302/302 303/303/303 
f 302/302/302 304/304/304 303/303/303 
f 303/303/303 304/304/304 304/304/304 
f 304/304/304 305/305/305 304/304/304 
f 304/304/304 305/305/305 305/305/305 
f 305/305/305 306/306/306 305/305/305 
f 305/305/305 306/306/306 307/307/307 
f 306/306/306 308/308/308 307/307/307 
f 307/307/307 308/308/308 308/308/308 
f 308/308/308 309/309/309 308/308/308 
f 308/308/308 309/309/309 309/309/309 
f 309/309/309 310/310/310 309/309/309 
f 309/309/309 310/310/310 311/311/311 
f 310/310/310 312/312/312 311/311/311 
f 311/311/311 312/312/312 312/312/312 
f 312/312/312 313/313/313 312/312/312 
f 312/312/312 313/313/313 313/313/313 
f 313/313/313 314/314/314 313/313/313 
f 313/313/313 314/314/314 315/315/315 
f 314/314/314 316/316/316 315/315/315 
f 315/315/315 316/316/316 316/316/316 
f 316/316/316 317/317/317 316/316/316 
f 316/316/316 317/317/317 317/317/317 
f 317/317/317 318/318/318 317/317/317 
f 317/317/317 318/318/318 319/319/319 
f 318/318/318 320/320/320 319/319/319 
f 319/319/319 320/320/320 320/320/320 
f 320/320/320 321/321/321 320/320/320 
f 320/320/320 321/321/321 321/321/321 
f 321/321/321 322/322/322 321/321/321 
f 321/321/321 322/322/322 323/323/323 
f 322/322/322 324/324/324 323/323/323 
f 323/323/323 324/324/324 324/324/324 
f 324/324/324 325/325/325 324/324/324 
f 324/324/324 325/325/325 325/325/325 
f 325/325/325 326/326/326 325/325/325 
f 325/325/325 326/326/326 327/327/327 
f 326/326/326 328/328/328 327/327/327 
f 327/327/327 328/328/328 328/328/328 
f 328/328/328 329/329/329 328/328/328 
f 328/328/328 329/329/329 329/329/329 
f 329/329/329 330/330/330 329/329/329 
f 329/329/329 330/330/330 331/331/331 
f 330/330/330 332/332/332 331/331/331 
f 331/331/331 332/332/332 333/333/333 
f 332/332/332 333/333/333 333/333/333 
f 333/333/333 333/333/333 330/330/330 
f 333/333/333 330/330/330 330/330/330 
f 330/330/330 330/330/330 330/330/330 
f 330/330/330 334/334/334 330/330/330 
f 330/330/330 334/334/334 332/332/332 
f 334/334/334 335/335/335 332/332/332 
f 332/332/332 335/335/335 335/335/335 
f 335/335/335 336/336/336 335/335/335 
f 335/335/335 336/336/336 336/336/336 
f 336/336/336 337/337/337 336/336/336 
f 336/336/336 337/337/337 338/338/338 
f 337/337/337 339/339/339 338/338/338 
f 338/338/338 339/339/339 339/339/339 
f 339/339/339 340/340/340 339/339/339 
f 339/339/339 340/340/340 340/340/340 
f 340/340/340 341/341/341 340/340/340 
f 340/340/340 341/341/341 342/342/342 
f 341/341/341 343/343/343 342/342/342 
f 342/342/342 343/343/343 344/344/344 
f 343/343/343 345/345/345 344/344/344 
f 344/344/344 345/345/345 346/346/346 
f 345/345/345 347/347/347 346/346/346 
f 346/346/346 347/347/347 348/348/348 
f 347/347/347 349/349/349 348/348/348 
f 348/348/348 349/349/349 350/350/350 
f 349/349/349 351/351/351 350/350/350 
f 350/350/350 351/351/351 352/352/352 
f 351/351/351 353/353/353 352/352/352 
f 352/352/352 353/353/353 353/353/353 
f 353/353/353 341/341/341 353/353/353 
f 353/353/353 341/341/341 341/341/341 
f 341/341/341 354/354/354 341/341/341 
f 341/341/341 354/354/354 343/343/343 
f 354/354/354 355/355/355 343/343/343 
f 343/343/343 355/355/355 345/345/345 
f 355/355/355 356/356/356 345/345/345 
f 345/345/345 356/356/356 347/347/347 
f 356/356/356 357/357/357 347/347/347 
f 347/347/347 357/357/357 349/349/349 
f 357/357/357 358/358/358 349/349/349 
f 349/349/349 358/358/358 351/351/351 
f 358/358/358 359/359/359 351/351/351 
f 351/351/351 359/359/359 353/353/353 
f 359/359/359 360/360/360 353/353/353 
f 353/353/353 360/360/360 360/360/360 
f 360/360/360 354/354/354 360/360/360 
f 360/360/360 354/354/354 354/354/354 
f 354/354/354 361/361/361 354/354/354 
f 354/354/354 361/361/361 355/355/355 
f 361/361/361 362/362/362 355/355/355 
f 355/355/355 362/362/362 356/356/356 
f 362/362/362 363/363/363 356/356/356 
f 356/356/356 363/363/363 357/357/357 
f 363/363/363 364/364/364 357/357/357 
f 357/357/357 364/364/364 358/358/358 
f 364/364/364 365/365/365 358/358/358 
f 358/358/358 365/365/365 359/359/359 
f 365/365/365 366/366/366 359/359/359 
f 359/359/359 366/366/366 360/360/360 
f 366/366/366 360/360/360 360/360/360 
f 360/360/360 360/360/360 361/361/361 
f 360/360/360 361/361/361 361/361/361 
f 361/361/361 361/361/361 361/361/361 
f 361/361/361 367/367/367 361/361/361 
f 361/361/361 367/367/367 362/362/362 
f 367/367/367 368/368/368 362/362/362 
f 362/362/362 368/368/368 363/363/363 
f 368/368/368 369/369/369 363/363/363 
f 363/363/363 369/369/369 364/364/364 
f 369/369/369 370/370/370 364/364/364 
f 364/364/364 370/370/370 365/365/365 
f 370/370/370 371/371/371 365/365/365 
f 365/365/365 371/371/371 366/366/366 
f 371/371/371 372/372/372 366/366/366 
f 366/366/366 372/372/372 372/372/372 
f 372/372/372 367/367/367 372/372/372 
f 372/372/372 367/367/367 367/367/367 
f 367/367/367 373/373/373 367/367/367 
f 367/367/367 373/373/373 368/368/368 
f 373/373/373 374/374/374 368/368/368 
f 368/368/368 374/374/374 369/369/369 
f 374/374/374 375/375/375 369/369/369 
f 369/369/369 375/375/375 370/370/370 
f 375/375/375 376/376/376 370/370/370 
f 370/370/370 376/376/376 371/371/371 
f 376/376/376 377/377/377 371/371/371 
f 371/371/371 377/377/377 378/378/378 
f 377/377/377 379/379/379 378/378/378 
f 378/378/378 379/379/379 379/379/379 
f 379/379/379 373/373/373 379/379/379 
f 379/379/379 373/373/373 373/373/373 
f 373/373/373 380/380/380 373/373/373 
f 373/373/373 380/380/380 374/374/374 
f 380/380/380 381/381/381 374/374/374 
f 374/374/374 381/381/381 375/375/375 
f 381/381/381 382/382/382 375/375/375 
f 375/375/375 382/382/382 376/376/376 
f 382/382/382 383/383/383 376/376/376 
f 376/376/376 383/383/383 377/377/377 
f 383/383/383 384/384/384 377/377/377 
f 377/377/377 384/384/384 379/379/379 
f 384/384/384 379/379/379 379/379/379 
f 379/379/379 379/379/379 380/380/380 
f 379/379/379 380/380/380 380/380/380 
f 380/380/380 380/380/380 380/380/380 
f 380/380/380 385/385/385 380/380/380 
f 380/380/380 385/385/385 381/381/381 
f 385/385/385 386/386/386 381/381/381 
f 381/381/381 386/386/386 382/382/382 
f 386/386/386 387/387/387 382/382/382 
f 382/382/382 387/387/387 383/383/383 
f 387/387/387 388/388/388 383/383/383 
f 383/383/383 388/388/388 389/389/389 
f 388/388/388 390/390/390 389/389/389 
f 389/389/389 390/390/390 390/390/390 
f 390/390/390 385/385/385 390/390/390 
f 390/390/390 385/385/385 385/385/385 
f 385/385/385 391/391/391 385/385/385 
f 385/385/385 391/391/391 386/386/386 
f 391/391/391 392/392/392 386/386/386 
f 386/386/386 392/392/392 387/387/387 
f 392/392/392 393/393/393 387/387/387 
f 387/387/387 393/393/393 388/388/388 
f 393/393/393 394/394/394 388/388/388 
f 388/388/388 394/394/394 390/390/390 
f 394/394/394 395/395/395 390/390/390 
f 390/390/390 395/395/395 395/395/395 
f 395/395/395 394/394/394 395/395/395 
f 395/395/395 394/394/394 396/396/396 
f 394/394/394 393/393/393 396/396/396 
f 396/396/396 393/393/393 397/397/397 
f 393/393/393 392/392/392 397/397/397 
f 397/397/397 392/392/392 398/398/398 
f 392/392/392 391/391/391 398/398/398 
f 398/398/398 391/391/391 399/399/399 
f 391/391/391 400/400/400 399/399/399 
f 399/399/399 400/400/400 401/401/401 
f 400/400/400 402/402/402 401/401/401 
f 401/401/401 402/402/402 403/403/403 
f 402/402/402 404/404/404 403/403/403 
f 403/403/403 404/404/404 405/405/405 
f 404/404/404 405/405/405 405/405/405 
f 405/405/405 405/405/405 405/405/405 
f 405/405/405 406/406/406 405/405/405 
f 405/405/405 406/406/406 403/403/403 
f 406/406/406 407/407/407 403/403/403 
f 403/403/403 407/407/407 401/401/401 
f 407/407/407 408/408/408 401/401/401 
f 401/401/401 408/408/408 399/399/399 
f 408/408/408 409/409/409 399/399/399 
f 399/399/399 409/409/409 398/398/398 
f 409/409/409 410/410/410 398/398/398 
f 398/398/398 410/410/410 397/397/397 
f 410/410/410 411/411/411 397/397/397 
f 397/397/397 411/411/411 396/396/396 
f 411/411/411 412/412/412 396/396/396 
f 396/396/396 412/412/412 412/412/412 
f 412/412/412 406/406/406 412/412/412 
f 412/412/412 406/406/406 406/406/406 
f 406/406/406 413/413/413 406/406/406 
f 406/406/406 413/413/413 407/407/407 
f 413/413/413 414/414/414 407/407/407 
f 407/407/407 414/414/414 408/408/408 
f 414/414/414 415/415/415 408/408/408 
f 408/408/408 415/415/415 409/409/409 
f 415/415/415 416/416/416 409/409/409 
f 409/409/409 416/416/416 410/410/410 
f 416/416/416 417/417/417 410/410/410 
f 410/410/410 417/417/417 411/411/411 
f 417/417/417 418/418/418 411/411/411 
f 411/411/411 418/418/418 412/412/412 
f 418/418/418 419/419/419 412/412/412 
f 412/412/412 419/419/419 419/419/419 
f 419/419/419 420/420/420 419/419/419 
f 419/419/419 420/420/420 420/420/420 
f 420/420/420 421/421/421 420/420/420 
f 420/420/420 421/421/421 422/422/422 
f 421/421/421 423/423/423 422/422/422 
f 422/422/422 423/423/423 423/423/423 
f 423/423/423 421/421/421 423/423/423 
f 423/423/423 421/421/421 424/424/424 
f 421/421/421 425/425/425 424/424/424 
f 424/424/424 425/425/425 426/426/426 
f 425/425/425 426/426/426 426/426/426 
f 426/426/426 426/426/426 424/424/424 
f 426/426/426 424/424/424 424/424/424 
f 424/424/424 424/424/424 424/424/424 
f 424/424/424 426/426/426 424/424/424 
f 424/424/424 426/426/426 427/427/427 
f 426/426/426 428/428/428 427/427/427 
f 427/427/427 428/428/428 429/429/429 
f 428/428/428 430/430/430 429/429/429 
f 429/429/429 430/430/430 430/430/430 
f 430/430/430 431/431/431 430/430/430 
f 430/430/430 431/431/431 431/431/431 
f 431/431/431 432/432/432 431/431/431 
f 431/431/431 432/432/432 433/433/433 
f 432/432/432 434/434/434 433/433/433 
f 433/433/433 434/434/434 434/434/434 
f 434/434/434 435/435/435 434/434/434 
f 434/434/434 435/435/435 435/435/435 
f 435/435/435 436/436/436 435/435/435 
f 435/435/435 436/436/436 437/437/437 
f 436/436/436 438/438/438 437/437/437 
f 437/437/437 438/438/438 438/438/438 
f 438/438/438 439/439/439 438/438/438 
f 438/438/438 439/439/439 439/439/439 
f 439/439/439 440/440/440 439/439/439 
f 439/439/439 440/440/440 441/441/441 
f 440/440/440 442/442/442 441/441/441 
f 441/441/441 442/442/442 443/443/443 
f 442/442/442 444/444/444 443/443/443 
f 443/443/443 444/444/444 444/444/444 
f 444/444/444 445/445/445 444/444/444 
f 444/444/444 445/445/445 445/445/445 
f 445/445/445 446/446/446 445/445/445 
f 445/445/445 446/446/446 447/447/447 
f 446/446/446 448/448/448 447/447/447 
f 447/447/447 448/448/448 448/448/448 
f 448/448/448 449/449/449 448/448/448 
f 448/448/448 449/449/449 449/449/449 
f 449/449/449 450/450/450 449/449/449 
f 449/449/449 450/450/450 451/451/451 
f 450/450/450 452/452/452 451/451/451 
f 451/451/451 452/452/452 452/452/452 
f 452/452/452 453/453/453 452/452/452 
f 452/452/452 453/453/453 453/453/453 
f 453/453/453 454/454/454 453/453/453 
f 453/453/453 454/454/454 455/455/455 
f 454/454/454 456/456/456 455/455/455 
f 455/455/455 456/456/456 456/456/456 
f 456/456/456 454/454/454 456/456/456 
f 456/456/456 454/454/454 454/454/454 
f 454/454/454 457/457/457 454/454/454 
f 454/454/454 457/457/457 456/456/456 
f 457/457/457 458/458/458 456/456/456 
f 456/456/456 458/458/458 458/458/458 
f 458/458/458 459/459/459 458/458/458 
f 458/458/458 459/459/459 459/459/459 
f 459/459/459 460/460/460 459/459/459 
f 459/459/459 460/460/460 461/461/461 
f 460/460/460 462/462/462 461/461/461 
f 461/461/461 462/462/462 462/462/462 
f 462/462/462 463/463/463 462/462/462 
f 462/462/462 463/463/463 463/463/463 
f 463/463/463 464/464/464 463/463/463 
f 463/463/463 464/464/464 465/465/465 
f 464/464/464 466/466/466 465/465/465 
f 465/465/465 466/466/466 467/467/467 
f 466/466/466 468/468/468 467/467/467 
f 467/467/467 468/468/468 469/469/469 
f 468/468/468 470/470/470 469/469/469 
f 469/469/469 470/470/470 471/471/471 
f 470/470/470 472/472/472 471/471/471 
f 471/471/471 472/472/472 473/473/473 
f 472/472/472 474/474/474 473/473/473 
f 473/473/473 474/474/474 475/475/475 
f 474/474/474 476/476/476 475/475/475 
f 475/475/475 476/476/476 476/476/476 
f 476/476/476 464/464/464 476/476/476 
f 476/476/476 464/464/464 464/464/464 
f 464/464/464 477/477/477 464/464/464 
f 464/464/464 477/477/477 466/466/466 
f 477/477/477 478/478/478 466/466/466 
f 466/466/466 478/478/478 468/468/468 
f 478/478/478 479/479/479 468/468/468 
f 468/468/468 479/479/479 470/470/470 
f 479/479/479 480/480/480 470/470/470 
f 470/470/470 480/480/480 472/472/472 
f 480/480/480 481/481/481 472/472/472 
f 472/472/472 481/481/481 474/474/474 
f 481/481/481 482/482/482 474/474/474 
f 474/474/474 482/482/482 476/476/476 
f 482/482/482 476/476/476 476/476/476 
f 476/476/476 476/476/476 481/481/481 
f 476/476/476 481/481/481 481/481/481 
f 481/481/481 481/481/481 481/481/481 
f 481/481/481 483/483/483 481/481/481 
f 481/481/481 483/483/483 482/482/482 
f 483/483/483 484/484/484 482/482/482 
f 482/482/482 484/484/484 484/484/484 
f 484/484/484 485/485/485 484/484/484 
f 484/484/484 485/485/485 485/485/485 
f 485/485/485 486/486/486 485/485/485 
f 485/485/485 486/486/486 487/487/487 
f 486/486/486 488/488/488 487/487/487 
f 487/487/487 488/488/488 488/488/488 
f 488/488/488 489/489/489 488/488/488 
f 488/488/488 489/489/489 489/489/489 
f 489/489/489 490/490/490 489/489/489 
f 489/489/489 490/490/490 491/491/491 
f 490/490/490 492/492/492 491/491/491 
f 491/491/491 492/492/492 492/492/492 
f 492/492/492 493/493/493 492/492/492 
f 492/492/492 493/493/493 493/493/493 
f 493/493/493 494/494/494 493/493/493 
f 493/493/493 494/494/494 495/495/495 
f 494/494/494 496/496/496 495/495/495 
f 495/495/495 496/496/496 496/496/496 
f 496/496/496 497/497/497 496/496/496 
f 496/496/496 497/497/497 497/497/497 
f 497/497/497 498/498/498 497/497/497 
f 497/497/497 498/498/498 499/499/499 
f 498/498/498 500/500/500 499/499/499 
f 499/499/499 500/500/500 500/500/500 
f 500/500/500 501/501/501 500/500/500 
f 500/500/500 501/501/501 501/501/501 
f 501/501/501 502/502/502 501/501/501 
f 501/501/501 502/502/502 503/503/503 
f 502/502/502 504/504/504 503/503/503 
f 503/503/503 504/504/504 504/504/504 
f 504/504/504 505/505/505 504/504/504 
f 504/504/504 505/505/505 505/505/505 
f 505/505/505 506/506/506 505/505/505 
f 505/505/505 506/506/506 507/507/507 
f 506/506/506 508/508/508 507/507/507 
f 507/507/507 508/508/508 508/508/508 
f 508/508/508 509/509/509 508/508/508 
f 508/508/508 509/509/509 509/509/509 
f 509/509/509 510/510/510 509/509/509 
f 509/509/509 510/510/510 511/511/511 
f 510/510/510 512/512/512 511/511/511 
f 511/511/511 512/512/512 512/512/512 
f 512/512/512 513/513/513 512/512/512 
f 512/512/512 513/513/513 513/513/513 
f 513/513/513 514/514/514 513/513/513 
f 513/513/513 514/514/514 515/515/515 
f 514/514/514 516/516/516 515/515/515 
f 515/515/515 516/516/516 516/516/516 
f 516/516/516 517/517/517 516/516/516 
f 516/516/516 517/517/517 517/517/517 
f 517/517/517 518/518/518 517/517/517 
f 517/517/517 518/518/518 519/519/519 
f 518/518/518 520/520/520 519/519/519 
f 519/519/519 520/520/520 521/521/521 
f 520/520/520 522/522/522 521/521/521 
f 521/521/521 522/522/522 522/522/522 
f 522/522/522 518/518/518 522/522/522 
f 522/522/522 518/518/518 518/518/518 
f 518/518/518 523/523/523 518/518/518 
f 518/518/518 523/523/523 520/520/520 
f 523/523/523 524/524/524 520/520/520 
f 520/520/520 524/524/524 522/522/522 
f 524/524/524 525/525/525 522/522/522 
f 522/522/522 525/525/525 525/525/525 
f 525/525/525 523/523/523 525/525/525 
f 525/525/525 523/523/523 523/523/523 
f 523/523/523 526/526/526 523/523/523 
f 523/523/523 526/526/526 524/524/524 
f 526/526/526 527/527/527 524/524/524 
f 524/524/524 527/527/527 525/525/525 
f 527/527/527 528/528/528 525/525/525 
f 525/525/525 528/528/528 528/528/528 
f 528/528/528 526/526/526 528/528/528 
f 528/528/528 526/526/526 526/526/526 
f 526/526/526 529/529/529 526/526/526 
f 526/526/526 529/529/529 527/527/527 
f 529/529/529 530/530/530 527/527/527 
f 527/527/527 530/530/530 528/528/528 
f 530/530/530 528/528/528 528/528/528 
f 528/528/528 528/528/528 531/531/531 
f 528/528/528 531/531/531 531/531/531 
f 531/531/531 531/531/531 531/531/531 
f 531/531/531 532/532/532 531/531/531 
f 531/531/531 532/532/532 533/533/533 
f 532/532/532 534/534/534 533/533/533 
f 533/533/533 534/534/534 535/535/535 
f 534/534/534 536/536/536 535/535/535 
f 535/535/535 536/536/536 536/536/536 
f 536/536/536 537/537/537 536/536/536 
f 536/536/536 537/537/537 537/537/537 
f 537/537/537 538/538/538 537/537/537 
f 537/537/537 538/538/538 539/539/539 
f 538/538/538 540/540/540 539/539/539 
f 539/539/539 540/540/540 540/540/540 
f 540/540/540 538/538/538 540/540/540 
f 540/540/540 538/538/538 538/538/538 
f 538/538/538 541/541/541 538/538/538 
f 538/538/538 541/541/541 540/540/540 
f 541/541/541 542/542/542 540/540/540 
f 540/540/540 542/542/542 542/542/542 
f 542/542/542 541/541/541 542/542/542 
f 542/542/542 541/541/541 543/543/543 
f 541/541/541 544/544/544 543/543/543 
f 543/543/543 544/544/544 545/545/545 
f 544/544/544 545/545/545 545/545/545 
f 545/545/545 545/545/545 546/546/546 
f 545/545/545 546/546/546 546/546/546 
f 546/546/546 546/546/546 546/546/546 
f 546/546/546 547/547/547 546/546/546 
f 546/546/546 547/547/547 548/548/548 
f 547/547/547 549/549/549 548/548/548 
f 548/548/548 549/549/549 550/550/550 
f 549/549/549 551/551/551 550/550/550 
f 550/550/550 551/551/551 551/551/551 
f 551/551/551 552/552/552 551/551/551 
f 551/551/551 552/552/552 552/552/552 
f 552/552/552 553/553/553 552/552/552 
f 552/552/552 553/553/553 554/554/554 
f 553/553/553 498/498/498 554/554/554 
f 554/554/554 498/498/498 498/498/498 
f 498/498/498 555/555/555 498/498/498 
f 498/498/498 555/555/555 555/555/555 
f 555/555/555 556/556/556 555/555/555 
f 555/555/555 556/556/556 557/557/557 
f 556/556/556 558/558/558 557/557/557 
f 557/557/557 558/558/558 558/558/558 
f 558/558/558 556/556/556 558/558/558 
f 558/558/558 556/556/556 556/556/556 
f 556/556/556 559/559/559 556/556/556 
f 556/556/556 559/559/559 558/558/558 
f 559/559/559 396/396/396 558/558/558 
f 558/558/558 396/396/396 396/396/396 
f 396/396/396 560/560/560 396/396/396 
f 396/396/396 560/560/560 560/560/560 
f 560/560/560 561/561/561 560/560/560 
f 560/560/560 561/561/561 562/562/562 
f 561/561/561 563/563/563 562/562/562 
f 562/562/562 563/563/563 564/564/564 
f 563/563/563 565/565/565 564/564/564 
f 564/564/564 565/565/565 566/566/566 
f 565/565/565 567/567/567 566/566/566 
f 566/566/566 567/567/567 568/568/568 
f 567/567/567 569/569/569 568/568/568 
f 568/568/568 569/569/569 569/569/569 
f 569/569/569 570/570/570 569/569/569 
f 569/569/569 570/570/570 570/570/570 
f 570/570/570 571/571/571 570/570/570 
f 570/570/570 571/571/571 572/572/572 
f 571/571/571 573/573/573 572/572/572 
f 572/572/572 573/573/573 574/574/574 
f 573/573/573 575/575/575 574/574/574 
f 574/574/574 575/575/575 575/575/575 
f 575/575/575 576/576/576 575/575/575 
f 575/575/575 576/576/576 576/576/576 
f 576/576/576 577/577/577 576/576/576 
f 576/576/576 577/577/577 578/578/578 
f 577/577/577 579/579/579 578/578/578 
f 578/578/578 579/579/579 579/579/579 
f 579/579/579 580/580/580 579/579/579 
f 579/579/579 580/580/580 580/580/580 
f 580/580/580 581/581/581 580/580/580 
f 580/580/580 581/581/581 582/582/582 
f 581/581/581 583/583/583 582/582/582 
f 582/582/582 583/583/583 583/583/583 
f 583/583/583 584/584/584 583/583/583 
f 583/583/583 584/584/584 584/584/584 
f 584/584/584 585/585/585 584/584/584 
f 584/584/584 585/585/585 586/586/586 
f 585/585/585 587/587/587 586/586/586 
f 586/586/586 587/587/587 587/587/587 
f 587/587/587 588/588/588 587/587/587 
f 587/587/587 588/588/588 588/588/588 
f 588/588/588 589/589/589 588/588/588 
f 588/588/588 589/589/589 590/590/590 
f 589/589/589 591/591/591 590/590/590 
f 590/590/590 591/591/591 591/591/591 
f 591/591/591 589/589/589 591/591/591 
f 591/591/591 589/589/589 589/589/589 
f 589/589/589 592/592/592 589/589/589 
f 589/589/589 592/592/592 591/591/591 
f 592/592/592 593/593/593 591/591/591 
f 591/591/591 593/593/593 593/593/593 
f 593/593/593 594/594/594 593/593/593 
f 593/593/593 594/594/594 594/594/594 
f 594/594/594 595/595/595 594/594/594 
f 594/594/594 595/595/595 596/596/596 
f 595/595/595 597/597/597 596/596/596 
f 596/596/596 597/597/597 597/597/597 
f 597/597/597 521/521/521 597/597/597 
f 597/597/597 521/521/521 521/521/521 
f 521/521/521 598/598/598 521/521/521 
f 521/521/521 598/598/598 519/519/519 
f 598/598/598 599/599/599 519/519/519 
f 519/519/519 599/599/599 599/599/599 
f 599/599/599 600/600/600 599/599/599 
f 599/599/599 600/600/600 600/600/600 
f 600/600/600 601/601/601 600/600/600 
f 600/600/600 601/601/601 602/602/602 
f 601/601/601 603/603/603 602/602/602 
f 602/602/602 603/603/603 361/361/361 
f 603/603/603 367/367/367 361/361/361 
f 361/361/361 367/367/367 367/367/367 
f 367/367/367 601/601/601 367/367/367 
f 367/367/367 601/601/601 601/601/601 
f 601/601/601 604/604/604 601/601/601 
f 601/601/601 604/604/604 603/603/603 
f 604/604/604 605/605/605 603/603/603 
f 603/603/603 605/605/605 367/367/367 
f 605/605/605 373/373/373 367/367/367 
f 367/367/367 373/373/373 373/373/373 
f 373/373/373 604/604/604 373/373/373 
f 373/373/373 604/604/604 604/604/604 
f 604/604/604 606/606/606 604/604/604 
f 604/604/604 606/606/606 605/605/605 
f 606/606/606 607/607/607 605/605/605 
f 605/605/605 607/607/607 373/373/373 
f 607/607/607 380/380/380 373/373/373 
f 373/373/373 380/380/380 380/380/380 
f 380/380/380 607/607/607 380/380/380 
f 380/380/380 607/607/607 608/608/608 
f 607/607/607 609/609/609 608/608/608 
f 608/608/608 609/609/609 402/402/402 
f 609/609/609 404/404/404 402/402/402 
f 402/402/402 404/404/404 404/404/404 
f 404/404/404 402/402/402 404/404/404 
f 404/404/404 402/402/402 402/402/402 
f 402/402/402 400/400/400 402/402/402 
f 402/402/402 400/400/400 608/608/608 
f 400/400/400 385/385/385 608/608/608 
f 608/608/608 385/385/385 380/380/380 
f 385/385/385 380/380/380 380/380/380 
f 380/380/380 380/380/380 610/610/610 
f 380/380/380 610/610/610 610/610/610 
f 610/610/610 610/610/610 610/610/610 
f 610/610/610 611/611/611 610/610/610 
f 610/610/610 611/611/611 612/612/612 
f 611/611/611 613/613/613 612/612/612 
f 612/612/612 613/613/613 613/613/613 
f 613/613/613 611/611/611 613/613/613 
f 613/613/613 611/611/611 611/611/611 
f 611/611/611 614/614/614 611/611/611 
f 611/611/611 614/614/614 613/613/613 
f 614/614/614 615/615/615 613/613/613 
f 613/613/613 615/615/615 615/615/615 
f 615/615/615 607/607/607 615/615/615 
f 615/615/615 607/607/607 607/607/607 
f 607/607/607 606/606/606 607/607/607 
f 607/607/607 606/606/606 609/609/609 
f 606/606/606 616/616/616 609/609/609 
f 609/609/609 616/616/616 404/404/404 
f 616/616/616 404/404/404 404/404/404 
f 404/404/404 404/404/404 617/617/617 
f 404/404/404 617/617/617 617/617/617 
f 617/617/617 617/617/617 617/617/617 
f 617/617/617 618/618/618 617/617/617 
f 617/617/617 618/618/618 619/619/619 
f 618/618/618 620/620/620 619/619/619 
f 619/619/619 620/620/620 620/620/620 
f 620/620/620 621/621/621 620/620/620 
f 620/620/620 621/621/621 621/621/621 
f 621/621/621 622/622/622 621/621/621 
f 621/621/621 622/622/622 623/623/623 
f 622/622/622 624/624/624 623/623/623 
f 623/623/623 624/624/624 624/624/624 
f 624/624/624 625/625/625 624/624/624 
f 624/624/624 625/625/625 625/625/625 
f 625/625/625 626/626/626 625/625/625 
f 625/625/625 626/626/626 627/627/627 
f 626/626/626 628/628/628 627/627/627 
f 627/627/627 628/628/628 629/629/629 
f 628/628/628 630/630/630 629/629/629 
f 629/629/629 630/630/630 630/630/630 
f 630/630/630 631/631/631 630/630/630 
f 630/630/630 631/631/631 631/631/631 
f 631/631/631 632/632/632 631/631/631 
f 631/631/631 632/632/632 633/633/633 
f 632/632/632 634/634/634 633/633/633 
f 633/633/633 634/634/634 635/635/635 
f 634/634/634 635/635/635 635/635/635 
f 635/635/635 635/635/635 633/633/633 
f 635/635/635 633/633/633 633/633/633 
f 633/633/633 633/633/633 633/633/633 
f 633/633/633 635/635/635 633/633/633 
f 633/633/633 635/635/635 636/636/636 
f 635/635/635 637/637/637 636/636/636 
f 636/636/636 637/637/637 637/637/637 
f 637/637/637 638/638/638 637/637/637 
f 637/637/637 638/638/638 638/638/638 
f 638/638/638 639/639/639 638/638/638 
f 638/638/638 639/639/639 640/640/640 
f 639/639/639 641/641/641 640/640/640 
f 640/640/640 641/641/641 642/642/642 
f 641/641/641 642/642/642 642/642/642 
f 642/642/642 642/642/642 640/640/640 
f 642/642/642 640/640/640 640/640/640 
f 640/640/640 640/640/640 640/640/640 
f 640/640/640 642/642/642 640/640/640 
f 640/640/640 642/642/642 643/643/643 
f 642/642/642 644/644/644 643/643/643 
f 643/643/643 644/644/644 644/644/644 
f 644/644/644 642/642/642 644/644/644 
f 644/644/644 642/642/642 642/642/642 
f 642/642/642 645/645/645 642/642/642 
f 642/642/642 645/645/645 644/644/644 
f 645/645/645 646/646/646 644/644/644 
f 644/644/644 646/646/646 647/647/647 
f 646/646/646 648/648/648 647/647/647 
f 647/647/647 648/648/648 649/649/649 
f 648/648/648 650/650/650 649/649/649 
f 649/649/649 650/650/650 650/650/650 
f 650/650/650 648/648/648 650/650/650 
f 650/650/650 648/648/648 648/648/648 
f 648/648/648 651/651/651 648/648/648 
f 648/648/648 651/651/651 650/650/650 
f 651/651/651 652/652/652 650/650/650 
f 650/650/650 652/652/652 653/653/653 
f 652/652/652 654/654/654 653/653/653 
f 653/653/653 654/654/654 655/655/655 
f 654/654/654 656/656/656 655/655/655 
f 655/655/655 656/656/656 656/656/656 
f 656/656/656 654/654/654 656/656/656 
f 656/656/656 654/654/654 654/654/654 
f 654/654/654 657/657/657 654/654/654 
f 654/654/654 657/657/657 656/656/656 
f 657/657/657 658/658/658 656/656/656 
f 656/656/656 658/658/658 659/659/659 
f 658/658/658 660/660/660 659/659/659 
f 659/659/659 660/660/660 661/661/661 
f 660/660/660 662/662/662 661/661/661 
f 661/661/661 662/662/662 662/662/662 
f 662/662/662 660/660/660 662/662/662 
f 662/662/662 660/660/660 660/660/660 
f 660/660/660 663/663/663 660/660/660 
f 660/660/660 663/663/663 662/662/662 
f 663/663/663 664/664/664 662/662/662 
f 662/662/662 664/664/664 665/665/665 
f 664/664/664 666/666/666 665/665/665 
f 665/665/665 666/666/666 667/667/667 
f 666/666/666 668/668/668 667/667/667 
f 667/667/667 668/668/668 668/668/668 
f 668/668/668 666/666/666 668/668/668 
f 668/668/668 666/666/666 666/666/666 
f 666/666/666 669/669/669 666/666/666 
f 666/666/666 669/669/669 668/668/668 
f 669/669/669 670/670/670 668/668/668 
f 668/668/668 670/670/670 671/671/671 
f 670/670/670 672/672/672 671/671/671 
f 671/671/671 672/672/672 673/673/673 
f 672/672/672 674/674/674 673/673/673 
f 673/673/673 674/674/674 674/674/674 
f 674/674/674 672/672/672 674/674/674 
f 674/674/674 672/672/672 672/672/672 
f 672/672/672 675/675/675 672/672/672 
f 672/672/672 675/675/675 674/674/674 
f 675/675/675 676/676/676 674/674/674 
f 674/674/674 676/676/676 677/677/677 
f 676/676/676 678/678/678 677/677/677 
f 677/677/677 678/678/678 678/678/678 
f 678/678/678 676/676/676 678/678/678 
f 678/678/678 676/676/676 676/676/676 
f 676/676/676 679/679/679 676/676/676 
f 676/676/676 679/679/679 678/678/678 
f 679/679/679 680/680/680 678/678/678 
f 678/678/678 680/680/680 681/681/681 
f 680/680/680 682/682/682 681/681/681 
f 681/681/681 682/682/682 683/683/683 
f 682/682/682 684/684/684 683/683/683 
f 683/683/683 684/684/684 685/685/685 
f 684/684/684 686/686/686 685/685/685 
f 685/685/685 686/686/686 687/687/687 
f 686/686/686 688/688/688 687/687/687 
f 687/687/687 688/688/688 688/688/688 
f 688/688/688 686/686/686 688/688/688 
f 688/688/688 686/686/686 686/686/686 
f 686/686/686 689/689/689 686/686/686 
f 686/686/686 689/689/689 688/688/688 
f 689/689/689 690/690/690 688/688/688 
f 688/688/688 690/690/690 691/691/691 
f 690/690/690 691/691/691 691/691/691 
f 691/691/691 691/691/691 692/692/692 
f 691/691/691 692/692/692 692/692/692 
f 692/692/692 692/692/692 692/692/692 
f 692/692/692 693/693/693 692/692/692 
f 692/692/692 693/693/693 694/694/694 
f 693/693/693 695/695/695 694/694/694 
f 694/694/694 695/695/695 695/695/695 
f 695/695/695 696/696/696 695/695/695 
f 695/695/695 696/696/696 696/696/696 
f 696/696/696 697/697/697 696/696/696 
f 696/696/696 697/697/697 698/698/698 
f 697/697/697 699/699/699 698/698/698 
f 698/698/698 699/699/699 699/699/699 
f 699/699/699 700/700/700 699/699/699 
f 699/699/699 700/700/700 700/700/700 
f 700/700/700 701/701/701 700/700/700 
f 700/700/700 701/701/701 702/702/702 
f 701/701/701 703/703/703 702/702/702 
f 702/702/702 703/703/703 704/704/704 
f 703/703/703 705/705/705 704/704/704 
f 704/704/704 705/705/705 705/705/705 
f 705/705/705 706/706/706 705/705/705 
f 705/705/705 706/706/706 706/706/706 
f 706/706/706 707/707/707 706/706/706 
f 706/706/706 707/707/707 708/708/708 
f 707/707/707 709/709/709 708/708/708 
f 708/708/708 709/709/709 710/710/710 
f 709/709/709 711/711/711 710/710/710 
f 710/710/710 711/711/711 711/711/711 
f 711/711/711 712/712/712 711/711/711 
f 711/711/711 712/712/712 712/712/712 
f 712/712/712 713/713/713 712/712/712 
f 712/712/712 713/713/713 714/714/714 
f 713/713/713 715/715/715 714/714/714 
f 714/714/714 715/715/715 716/716/716 
f 715/715/715 717/717/717 716/716/716 
f 716/716/716 717/717/717 717/717/717 
f 717/717/717 718/718/718 717/717/717 
f 717/717/717 718/718/718 718/718/718 
f 718/718/718 719/719/719 718/718/718 
f 718/718/718 719/719/719 720/720/720 
f 719/719/719 721/721/721 720/720/720 
f 720/720/720 721/721/721 721/721/721 
f 721/721/721 722/722/722 721/721/721 
f 721/721/721 722/722/722 722/722/722 
f 722/722/722 723/723/723 722/722/722 
f 722/722/722 723/723/723 724/724/724 
f 723/723/723 725/725/725 724/724/724 
f 724/724/724 725/725/725 725/725/725 
f 725/725/725 723/723/723 725/725/725 
f 725/725/725 723/723/723 723/723/723 
f 723/723/723 726/726/726 723/723/723 
f 723/723/723 726/726/726 725/725/725 
f 726/726/726 727/727/727 725/725/725 
f 725/725/725 727/727/727 727/727/727 
f 727/727/727 728/728/728 727/727/727 
f 727/727/727 728/728/728 728/728/728 
f 728/728/728 729/729/729 728/728/728 
f 728/728/728 729/729/729 730/730/730 
f 729/729/729 731/731/731 730/730/730 
f 730/730/730 731/731/731 731/731/731 
f 731/731/731 732/732/732 731/731/731 
f 731/731/731 732/732/732 732/732/732 
f 732/732/732 733/733/733 732/732/732 
f 732/732/732 733/733/733 734/734/734 
f 733/733/733 735/735/735 734/734/734 
f 734/734/734 735/735/735 735/735/735 
f 735/735/735 736/736/736 735/735/735 
f 735/735/735 736/736/736 736/736/736 
f 736/736/736 737/737/737 736/736/736 
f 736/736/736 737/737/737 738/738/738 
f 737/737/737 739/739/739 738/738/738 
f 738/738/738 739/739/739 740/740/740 
f 739/739/739 741/741/741 740/740/740 
f 740/740/740 741/741/741 741/741/741 
f 741/741/741 742/742/742 741/741/741 
f 741/741/741 742/742/742 742/742/742 
f 742/742/742 743/743/743 742/742/742 
f 742/742/742 743/743/743 744/744/744 
f 743/743/743 745/745/745 744/744/744 
f 744/744/744 745/745/745 745/745/745 
f 745/745/745 743/743/743 745/745/745 
f 745/745/745 743/743/743 743/743/743 
f 743/743/743 746/746/746 743/743/743 
f 743/743/743 746/746/746 745/745/745 
f 746/746/746 747/747/747 745/745/745 
f 745/745/745 747/747/747 747/747/747 
f 747/747/747 748/748/748 747/747/747 
f 747/747/747 748/748/748 748/748/748 
f 748/748/748 749/749/749 748/748/748 
f 748/748/748 749/749/749 750/750/750 
f 749/749/749 751/751/751 750/750/750 
f 750/750/750 751/751/751 751/751/751 
f 751/751/751 749/749/749 751/751/751 
f 751/751/751 749/749/749 752/752/752 
f 749/749/749 753/753/753 752/752/752 
f 752/752/752 753/753/753 754/754/754 
f 753/753/753 754/754/754 754/754/754 
f 754/754/754 754/754/754 755/755/755 
f 754/754/754 755/755/755 755/755/755 
f 755/755/755 755/755/755 755/755/755 
f 755/755/755 756/756/756 755/755/755 
f 755/755/755 756/756/756 757/757/757 
f 756/756/756 758/758/758 757/757/757 
f 757/757/757 758/758/758 759/759/759 
f 758/758/758 760/760/760 759/759/759 
f 759/759/759 760/760/760 760/760/760 
f 760/760/760 761/761/761 760/760/760 
f 760/760/760 761/761/761 761/761/761 
f 761/761/761 762/762/762 761/761/761 
f 761/761/761 762/762/762 763/763/763 
f 762/762/762 764/764/764 763/763/763 
f 763/763/763 764/764/764 764/764/764 
f 764/764/764 765/765/765 764/764/764 
f 764/764/764 765/765/765 765/765/765 
f 765/765/765 766/766/766 765/765/765 
f 765/765/765 766/766/766 767/767/767 
f 766/766/766 768/768/768 767/767/767 
f 767/767/767 768/768/768 768/768/768 
f 768/768/768 769/769/769 768/768/768 
f 768/768/768 769/769/769 769/769/769 
f 769/769/769 770/770/770 769/769/769 
f 769/769/769 770/770/770 771/771/771 
f 770/770/770 772/772/772 771/771/771 
f 771/771/771 772/772/772 773/773/773 
f 772/772/772 774/774/774 773/773/773 
f 773/773/773 774/774/774 774/774/774 
f 774/774/774 775/775/775 774/774/774 
f 774/774/774 775/775/775 775/775/775 
f 775/775/775 776/776/776 775/775/775 
f 775/775/775 776/776/776 777/777/777 
f 776/776/776 778/778/778 777/777/777 
f 777/777/777 778/778/778 779/779/779 
f 778/778/778 780/780/780 779/779/779 
f 779/779/779 780/780/780 781/781/781 
f 780/780/780 782/782/782 781/781/781 
f 781/781/781 782/782/782 783/783/783 
f 782/782/782 784/784/784 783/783/783 
f 783/783/783 784/784/784 784/784/784 
f 784/784/784 776/776/776 784/784/784 
f 784/784/784 776/776/776 776/776/776 
f 776/776/776 785/785/785 776/776/776 
f 776/776/776 785/785/785 778/778/778 
f 785/785/785 786/786/786 778/778/778 
f 778/778/778 786/786/786 780/780/780 
f 786/786/786 787/787/787 780/780/780 
f 780/780/780 787/787/787 782/782/782 
f 787/787/787 788/788/788 782/782/782 
f 782/782/782 788/788/788 789/789/789 
f 788/788/788 790/790/790 789/789/789 
f 789/789/789 790/790/790 790/790/790 
f 790/790/790 791/791/791 790/790/790 
f 790/790/790 791/791/791 791/791/791 
f 791/791/791 792/792/792 791/791/791 
f 791/791/791 792/792/792 793/793/793 
f 792/792/792 794/794/794 793/793/793 
f 793/793/793 794/794/794 794/794/794 
f 794/794/794 792/792/792 794/794/794 
f 794/794/794 792/792/792 792/792/792 
f 792/792/792 795/795/795 792/792/792 
f 792/792/792 795/795/795 794/794/794 
f 795/795/795 796/796/796 794/794/794 
f 794/794/794 796/796/796 796/796/796 
f 796/796/796 797/797/797 796/796/796 
f 796/796/796 797/797/797 797/797/797 
f 797/797/797 798/798/798 797/797/797 
f 797/797/797 798/798/798 799/799/799 
f 798/798/798 800/800/800 799/799/799 
f 799/799/799 800/800/800 800/800/800 
f 800/800/800 801/801/801 800/800/800 
f 800/800/800 801/801/801 801/801/801 
f 801/801/801 802/802/802 801/801/801 
f 801/801/801 802/802/802 803/803/803 
f 802/802/802 804/804/804 803/803/803 
f 803/803/803 804/804/804 804/804/804 
f 804/804/804 802/802/802 804/804/804 
f 804/804/804 802/802/802 802/802/802 
f 802/802/802 805/805/805 802/802/802 
f 802/802/802 805/805/805 804/804/804 
f 805/805/805 806/806/806 804/804/804 
f 804/804/804 806/806/806 806/806/806 
f 806/806/806 805/805/805 806/806/806 
f 806/806/806 805/805/805 805/805/805 
f 805/805/805 807/807/807 805/805/805 
f 805/805/805 807/807/807 806/806/806 
f 807/807/807 808/808/808 806/806/806 
f 806/806/806 808/808/808 808/808/808 
f 808/808/808 807/807/807 808/808/808 
f 808/808/808 807/807/807 807/807/807 
f 807/807/807 809/809/809 807/807/807 
f 807/807/807 809/809/809 808/808/808 
f 809/809/809 810/810/810 808/808/808 
f 808/808/808 810/810/810 810/810/810 
f 810/810/810 809/809/809 810/810/810 
f 810/810/810 809/809/809 809/809/809 
f 809/809/809 811/811/811 809/809/809 
f 809/809/809 811/811/811 810/810/810 
f 811/811/811 812/812/812 810/810/810 
f 810/810/810 812/812/812 812/812/812 
f 812/812/812 811/811/811 812/812/812 
f 812/812/812 811/811/811 811/811/811 
f 811/811/811 813/813/813 811/811/811 
f 811/811/811 813/813/813 812/812/812 
f 813/813/813 814/814/814 812/812/812 
f 812/812/812 814/814/814 814/814/814 
f 814/814/814 813/813/813 814/814/814 
f 814/814/814 813/813/813 813/813/813 
f 813/813/813 815/815/815 813/813/813 
f 813/813/813 815/815/815 814/814/814 
f 815/815/815 816/816/816 814/814/814 
f 814/814/814 816/816/816 816/816/816 
f 816/816/816 815/815/815 816/816/816 
f 816/816/816 815/815/815 815/815/815 
f 815/815/815 817/817/817 815/815/815 
f 815/815/815 817/817/817 816/816/816 
f 817/817/817 818/818/818 816/816/816 
f 816/816/816 818/818/818 818/818/818 
f 818/818/818 819/819/819 818/818/818 
f 818/818/818 819/819/819 819/819/819 
f 819/819/819 820/820/820 819/819/819 
f 819/819/819 820/820/820 821/821/821 
f 820/820/820 822/822/822 821/821/821 
f 821/821/821 822/822/822 822/822/822 
f 822/822/822 823/823/823 822/822/822 
f 822/822/822 823/823/823 823/823/823 
f 823/823/823 824/824/824 823/823/823 
f 823/823/823 824/824/824 825/825/825 
f 824/824/824 826/826/826 825/825/825 
f 825/825/825 826/826/826 827/827/827 
f 826/826/826 828/828/828 827/827/827 
f 827/827/827 828/828/828 828/828/828 
f 828/828/828 829/829/829 828/828/828 
f 828/828/828 829/829/829 829/829/829 
f 829/829/829 830/830/830 829/829/829 
f 829/829/829 830/830/830 831/831/831 
f 830/830/830 832/832/832 831/831/831 
f 831/831/831 832/832/832 833/833/833 
f 832/832/832 834/834/834 833/833/833 
f 833/833/833 834/834/834 834/834/834 
f 834/834/834 835/835/835 834/834/834 
f 834/834/834 835/835/835 835/835/835 
f 835/835/835 836/836/836 835/835/835 
f 835/835/835 836/836/836 837/837/837 
f 836/836/836 838/838/838 837/837/837 
f 837/837/837 838/838/838 838/838/838 
f 838/838/838 839/839/839 838/838/838 
f 838/838/838 839/839/839 839/839/839 
f 839/839/839 840/840/840 839/839/839 
f 839/839/839 840/840/840 841/841/841 
f 840/840/840 842/842/842 841/841/841 
f 841/841/841 842/842/842 843/843/843 
f 842/842/842 844/844/844 843/843/843 
f 843/843/843 844/844/844 844/844/844 
f 844/844/844 845/845/845 844/844/844 
f 844/844/844 845/845/845 845/845/845 
f 845/845/845 846/846/846 845/845/845 
f 845/845/845 846/846/846 847/847/847 
f 846/846/846 848/848/848 847/847/847 
f 847/847/847 848/848/848 849/849/849 
f 848/848/848 850/850/850 849/849/849 
f 849/849/849 850/850/850 850/850/850 
f 850/850/850 851/851/851 850/850/850 
f 850/850/850 851/851/851 851/851/851 
f 851/851/851 852/852/852 851/851/851 
f 851/851/851 852/852/852 853/853/853 
f 852/852/852 854/854/854 853/853/853 
f 853/853/853 854/854/854 854/854/854 
f 854/854/854 855/855/855 854/854/854 
f 854/854/854 855/855/855 855/855/855 
f 855/855/855 856/856/856 855/855/855 
f 855/855/855 856/856/856 857/857/857 
f 856/856/856 858/858/858 857/857/857 
f 857/857/857 858/858/858 858/858/858 
f 858/858/858 859/859/859 858/858/858 
f 858/858/858 859/859/859 859/859/859 
f 859/859/859 860/860/860 859/859/859 
f 859/859/859 860/860/860 861/861/861 
f 860/860/860 862/862/862 861/861/861 
f 861/861/861 862/862/862 862/862/862 
f 862/862/862 860/860/860 862/862/862 
f 862/862/862 860/860/860 860/860/860 
f 860/860/860 863/863/863 860/860/860 
f 860/860/860 863/863/863 862/862/862 
f 863/863/863 864/864/864 862/862/862 
f 862/862/862 864/864/864 864/864/864 
f 864/864/864 85/85/85 864/864/864 
f 864/864/864 85/85/85 85/85/85 
f 85/85/85 83/83/83 85/85/85 
f 85/85/85 83/83/83 865/865/865 
f 83/83/83 866/866/866 865/865/865 
f 865/865/865 866/866/866 867/867/867 
f 866/866/866 868/868/868 867/867/867 
f 867/867/867 868/868/868 869/869/869 
f 868/868/868 870/870/870 869/869/869 
f 869/869/869 870/870/870 870/870/870 
f 870/870/870 83/83/83 870/870/870 
f 870/870/870 83/83/83 83/83/83 
f 83/83/83 81/81/81 83/83/83 
f 83/83/83 81/81/81 866/866/866 
f 81/81/81 871/871/871 866/866/866 
f 866/866/866 871/871/871 868/868/868 
f 871/871/871 872/872/872 868/868/868 
f 868/868/868 872/872/872 870/870/870 
f 872/872/872 873/873/873 870/870/870 
f 870/870/870 873/873/873 873/873/873 
f 873/873/873 81/81/81 873/873/873 
f 873/873/873 81/81/81 81/81/81 
f 81/81/81 79/79/79 81/81/81 
f 81/81/81 79/79/79 871/871/871 
f 79/79/79 874/874/874 871/871/871 
f 871/871/871 874/874/874 872/872/872 
f 874/874/874 875/875/875 872/872/872 
f 872/872/872 875/875/875 873/873/873 
f 875/875/875 873/873/873 873/873/873 
f 873/873/873 873/873/873 79/79/79 
f 873/873/873 79/79/79 79/79/79 
f 79/79/79 79/79/79 79/79/79 
f 79/79/79 77/77/77 79/79/79 
f 79/79/79 77/77/77 874/874/874 
f 77/77/77 876/876/876 874/874/874 
f 874/874/874 876/876/876 875/875/875 
f 876/876/876 877/877/877 875/875/875 
f 875/875/875 877/877/877 877/877/877 
f 877/877/877 77/77/77 877/877/877 
f 877/877/877 77/77/77 77/77/77 
f 77/77/77 75/75/75 77/77/77 
f 77/77/77 75/75/75 876/876/876 
f 75/75/75 878/878/878 876/876/876 
f 876/876/876 878/878/878 877/877/877 
f 878/878/878 879/879/879 877/877/877 
f 877/877/877 879/879/879 879/879/879 
f 879/879/879 75/75/75 879/879/879 
f 879/879/879 75/75/75 75/75/75 
f 75/75/75 73/73/73 75/75/75 
f 75/75/75 73/73/73 878/878/878 
f 73/73/73 880/880/880 878/878/878 
f 878/878/878 880/880/880 879/879/879 
f 880/880/880 879/879/879 879/879/879 
f 879/879/879 879/879/879 73/73/73 
f 879/879/879 73/73/73 73/73/73 
f 73/73/73 73/73/73 73/73/73 
f 73/73/73 71/71/71 73/73/73 
f 73/73/73 71/71/71 880/880/880 
f 71/71/71 69/69/69 880/880/880 
f 880/880/880 69/69/69 69/69/69 
f 69/69/69 881/881/881 69/69/69 
f 69/69/69 881/881/881 881/881/881 
f 881/881/881 882/882/882 881/881/881 
f 881/881/881 882/882/882 883/883/883 
f 882/882/882 884/884/884 883/883/883 
f 883/883/883 884/884/884 884/884/884 
f 884/884/884 885/885/885 884/884/884 
f 884/884/884 885/885/885 885/885/885 
f 885/885/885 886/886/886 885/885/885 
f 885/885/885 886/886/886 887/887/887 
f 886/886/886 888/888/888 887/887/887 
f 887/887/887 888/888/888 888/888/888 
f 888/888/888 886/886/886 888/888/888 
f 888/888/888 886/886/886 889/889/889 
f 886/886/886 890/890/890 889/889/889 
f 889/889/889 890/890/890 890/890/890 
f 890/890/890 891/891/891 890/890/890 
f 890/890/890 891/891/891 891/891/891 
f 891/891/891 892/892/892 891/891/891 
f 891/891/891 892/892/892 893/893/893 
f 892/892/892 894/894/894 893/893/893 
f 893/893/893 894/894/894 894/894/894 
f 894/894/894 892/892/892 894/894/894 
f 894/894/894 892/892/892 892/892/892 
f 892/892/892 895/895/895 892/892/892 
f 892/892/892 895/895/895 894/894/894 
f 895/895/895 896/896/896 894/894/894 
f 894/894/894 896/896/896 896/896/896 
f 896/896/896 897/897/897 896/896/896 
f 896/896/896 897/897/897 897/897/897 
f 897/897/897 898/898/898 897/897/897 
f 897/897/897 898/898/898 899/899/899 
f 898/898/898 900/900/900 899/899/899 
f 899/899/899 900/900/900 901/901/901 
f 900/900/900 901/901/901 901/901/901 
f 901/901/901 901/901/901 902/902/902 
f 901/901/901 902/902/902 902/902/902 
f 902/902/902 902/902/902 902/902/902 
f 902/902/902 903/903/903 902/902/902 
f 902/902/902 903/903/903 904/904/904 
f 903/903/903 905/905/905 904/904/904 
f 904/904/904 905/905/905 906/906/906 
f 905/905/905 907/907/907 906/906/906 
f 906/906/906 907/907/907 907/907/907 
f 907/907/907 908/908/908 907/907/907 
f 907/907/907 908/908/908 908/908/908 
f 908/908/908 909/909/909 908/908/908 
f 908/908/908 909/909/909 910/910/910 
f 909/909/909 911/911/911 910/910/910 
f 910/910/910 911/911/911 911/911/911 
f 911/911/911 912/912/912 911/911/911 
f 911/911/911 912/912/912 912/912/912 
f 912/912/912 913/913/913 912/912/912 
f 912/912/912 913/913/913 914/914/914 
f 913/913/913 915/915/915 914/914/914 
f 914/914/914 915/915/915 916/916/916 
f 915/915/915 917/917/917 916/916/916 
f 916/916/916 917/917/917 917/917/917 
f 917/917/917 913/913/913 917/917/917 
f 917/917/917 913/913/913 913/913/913 
f 913/913/913 918/918/918 913/913/913 
f 913/913/913 918/918/918 915/915/915 
f 918/918/918 919/919/919 915/915/915 
f 915/915/915 919/919/919 917/917/917 
f 919/919/919 917/917/917 917/917/917 
f 917/917/917 917/917/917 913/913/913 
f 917/917/917 913/913/913 913/913/913 
f 913/913/913 913/913/913 913/913/913 
f 913/913/913 920/920/920 913/913/913 
f 913/913/913 920/920/920 918/918/918 
f 920/920/920 921/921/921 918/918/918 
f 918/918/918 921/921/921 922/922/922 
f 921/921/921 923/923/923 922/922/922 
f 922/922/922 923/923/923 924/924/924 
f 923/923/923 925/925/925 924/924/924 
f 924/924/924 925/925/925 926/926/926 
f 925/925/925 927/927/927 926/926/926 
f 926/926/926 927/927/927 928/928/928 
f 927/927/927 929/929/929 928/928/928 
f 928/928/928 929/929/929 929/929/929 
f 929/929/929 926/926/926 929/929/929 
f 929/929/929 926/926/926 926/926/926 
f 926/926/926 930/930/930 926/926/926 
f 926/926/926 930/930/930 924/924/924 
f 930/930/930 931/931/931 924/924/924 
f 924/924/924 931/931/931 922/922/922 
f 931/931/931 919/919/919 922/922/922 
f 922/922/922 919/919/919 918/918/918 
f 919/919/919 918/918/918 918/918/918 
f 918/918/918 918/918/918 932/932/932 
f 918/918/918 932/932/932 932/932/932 
f 932/932/932 932/932/932 932/932/932 
f 932/932/932 933/933/933 932/932/932 
f 932/932/932 933/933/933 934/934/934 
f 933/933/933 935/935/935 934/934/934 
f 934/934/934 935/935/935 935/935/935 
f 935/935/935 936/936/936 935/935/935 
f 935/935/935 936/936/936 936/936/936 
f 936/936/936 937/937/937 936/936/936 
f 936/936/936 937/937/937 938/938/938 
f 937/937/937 939/939/939 938/938/938 
f 938/938/938 939/939/939 939/939/939 
f 939/939/939 923/923/923 939/939/939 
f 939/939/939 923/923/923 923/923/923 
f 923/923/923 940/940/940 923/923/923 
f 923/923/923 940/940/940 925/925/925 
f 940/940/940 37/37/37 925/925/925 
f 925/925/925 37/37/37 927/927/927 
f 37/37/37 35/35/35 927/927/927 
f 927/927/927 35/35/35 929/929/929 
f 35/35/35 33/33/33 929/929/929 
f 929/929/929 33/33/33 941/941/941 
f 33/33/33 31/31/31 941/941/941 
f 941/941/941 31/31/31 31/31/31 
f 31/31/31 942/942/942 31/31/31 
f 31/31/31 942/942/942 942/942/942 
f 942/942/942 697/697/697 942/942/942 
f 942/942/942 697/697/697 943/943/943 
f 697/697/697 944/944/944 943/943/943 
f 943/943/943 944/944/944 944/944/944 
f 944/944/944 945/945/945 944/944/944 
f 944/944/944 945/945/945 945/945/945 
f 945/945/945 946/946/946 945/945/945 
f 945/945/945 946/946/946 947/947/947 
f 946/946/946 948/948/948 947/947/947 
f 947/947/947 948/948/948 948/948/948 
f 948/948/948 949/949/949 948/948/948 
f 948/948/948 949/949/949 949/949/949 
f 949/949/949 950/950/950 949/949/949 
f 949/949/949 950/950/950 951/951/951 
f 950/950/950 952/952/952 951/951/951 
f 951/951/951 952/952/952 953/953/953 
f 952/952/952 954/954/954 953/953/953 
f 953/953/953 954/954/954 954/954/954 
f 954/954/954 955/955/955 954/954/954 
f 954/954/954 955/955/955 955/955/955 
f 955/955/955 956/956/956 955/955/955 
f 955/955/955 956/956/956 957/957/957 
f 956/956/956 958/958/958 957/957/957 
f 957/957/957 958/958/958 959/959/959 
f 958/958/958 960/960/960 959/959/959 
f 959/959/959 960/960/960 960/960/960 
f 960/960/960 961/961/961 960/960/960 
f 960/960/960 961/961/961 961/961/961 
f 961/961/961 962/962/962 961/961/961 
f 961/961/961 962/962/962 963/963/963 
f 962/962/962 964/964/964 963/963/963 
f 963/963/963 964/964/964 965/965/965 
f 964/964/964 966/966/966 965/965/965 
f 965/965/965 966/966/966 966/966/966 
f 966/966/966 916/916/916 966/966/966 
f 966/966/966 916/916/916 916/916/916 
f 916/916/916 967/967/967 916/916/916 
f 916/916/916 967/967/967 914/914/914 
f 967/967/967 968/968/968 914/914/914 
f 914/914/914 968/968/968 969/969/969 
f 968/968/968 970/970/970 969/969/969 
f 969/969/969 970/970/970 970/970/970 
f 970/970/970 967/967/967 970/970/970 
f 970/970/970 967/967/967 967/967/967 
f 967/967/967 971/971/971 967/967/967 
f 967/967/967 971/971/971 968/968/968 
f 971/971/971 972/972/972 968/968/968 
f 968/968/968 972/972/972 970/970/970 
f 606/606/606 973/973/973 616/616/616 
f 464/464/464 974/974/974 477/477/477 
f 543/543/543 975/975/975 542/542/542 
f 190/190/190 976/976/976 195/195/195 
f 599/599/599 598/598/598 977/977/977 
f 396/396/396 559/559/559 395/395/395 
f 210/210/210 978/978/978 211/211/211 
f 752/752/752 754/754/754 979/979/979 
f 202/202/202 199/199/199 980/980/980 
f 385/385/385 400/400/400 391/391/391 
f 604/604/604 981/981/981 606/606/606 
f 967/967/967 982/982/982 971/971/971 
f 208/208/208 203/203/203 983/983/983 
f 354/354/354 602/602/602 361/361/361 
f 899/899/899 901/901/901 984/984/984 
f 127/127/127 985/985/985 128/128/128 
f 171/171/171 986/986/986 172/172/172 
f 279/279/279 987/987/987 290/290/290 
f 430/430/430 428/428/428 988/988/988 
f 333/333/333 989/989/989 331/331/331 
f 637/637/637 635/635/635 990/990/990 
f 143/143/143 145/145/145 188/188/188 

