mtllib model_2.mtl
o model_2
v -2.3737595081329346 7.807854652404785 4.309722423553467 
v -1.9962975978851318 7.3125104904174805 4.721757411956787 
v -1.7132011651992798 8.647332191467285 4.309722423553467 
v -1.2302719354629517 8.1624174118042 4.721757411956787 
v -0.38098275661468506 8.277127265930176 4.758266925811768 
v -0.7917500734329224 7.119585990905762 4.966891765594482 
v -0.03682633116841316 7.119585990905762 4.966891765594482 
v 0.30733010172843933 8.26148509979248 4.758266925811768 
v 0.7680556178092957 7.119585990905762 4.966891765594482 
v 0.7680556178092957 8.063347816467285 4.6643853187561035 
v 1.811626672744751 7.213440895080566 4.966891765594482 
v 1.6895066499710083 7.93820858001709 4.93038272857666 
v 0.929032027721405 8.694260597229004 4.36709451675415 
v 1.672853946685791 8.574334144592285 4.565288543701172 
v 1.7672194242477417 8.99146556854248 4.168900489807129 
v 1.028948426246643 9.085320472717285 3.9707067012786865 
v 1.922644853591919 9.757946968078613 3.308321475982666 
v 1.2620866298675537 9.87265682220459 3.2040090560913086 
v -1.1248047351837158 8.1624174118042 3.892472267150879 
v -1.7964648008346558 8.647332191467285 3.4804372787475586 
v -0.969379186630249 8.37098217010498 4.351447582244873 
v -1.5244702100753784 8.85068416595459 3.939412832260132 
v -2.2516393661499023 8.871541023254395 2.5781333446502686 
v -2.351555824279785 9.2938871383667 2.781543016433716 
v -2.9177486896514893 9.017537117004395 1.446341633796692 
v -3.117581367492676 9.455525398254395 1.5923793315887451 
v -3.350719690322876 8.92368221282959 0.4397251009941101 
v -3.556103229522705 9.392956733703613 0.5283908247947693 
v -3.361821413040161 8.694260597229004 -0.6086165308952332 
v -3.572756052017212 9.1843900680542 -0.6451259255409241 
v -3.239701509475708 8.610833168029785 -1.531783103942871 
v -3.472839593887329 9.080107688903809 -1.6882519721984863 
v -2.8178322315216064 8.386624336242676 -2.903493642807007 
v -2.851137638092041 8.66297435760498 -3.1434128284454346 
v -2.5236339569091797 7.953850746154785 -3.988344669342041 
v -2.562490463256836 7.7400712966918945 -3.732779026031494 
v -1.7465065717697144 6.921448707580566 -4.838492393493652 
v -1.8908302783966064 6.7285261154174805 -4.556848526000977 
v -1.1470082998275757 5.962044715881348 -5.1357831954956055 
v -1.3523919582366943 5.826478004455566 -4.833276748657227 
v 0.6570374369621277 4.257018089294434 -5.240096092224121 
v 0.3905937373638153 4.184020042419434 -4.9062957763671875 
v 2.2612504959106445 3.657391309738159 4.257566452026367 
v 2.3722686767578125 3.584393262863159 4.012431621551514 
v 2.338963031768799 3.6000354290008545 4.309722423553467 
v 2.4277777671813965 3.36018443107605 4.0645880699157715 
v -1.646590232849121 1.1963127851486206 1.5089292526245117 
v -2.0573575496673584 1.0711716413497925 0.012043429538607597 
v -1.7798120975494385 1.138956904411316 1.665398120880127 
v -2.268292188644409 1.0138176679611206 0.032905951142311096 
v -2.007399320602417 1.4465912580490112 -1.6778206825256348 
v -2.185028553009033 1.3005951642990112 -1.8029958009719849 
v -0.913870096206665 2.2964980602264404 -3.336390972137451 
v -1.1303555965423584 2.134859800338745 -3.477213144302368 
v -0.003520870115607977 2.5519912242889404 -3.9101102352142334 
v -0.2588627338409424 2.5415618419647217 -4.082226276397705 
v 0.967888355255127 3.146404981613159 -3.967482328414917 
v 0.7347501516342163 3.14119029045105 -4.217832565307617 
v 1.7672194242477417 3.7356021404266357 -3.9726979732513428 
v 1.645099401473999 3.751246213912964 -4.416026592254639 
v 2.488837718963623 4.210091590881348 -3.5763099193573 
v 2.627610445022583 4.543795585632324 -3.993560314178467 
v 3.5490615367889404 4.773219108581543 -3.341606616973877 
v 4.043092727661133 4.960928916931152 -3.409409761428833 
v 4.437207221984863 5.205992698669434 -1.9542490243911743 
v 4.925687313079834 5.378060340881348 -2.016836643218994 
v 4.742506980895996 5.518841743469238 0.038121581077575684 
v 5.197681903839111 5.680481910705566 -0.01403472013771534 
v 4.631488800048828 5.664837837219238 1.6601824760437012 
v 5.075562000274658 5.821263313293457 1.7175544500350952 
v 3.71003794670105 5.857762336730957 2.938011884689331 
v 4.098601818084717 6.035042762756348 3.24051833152771 
v 2.866299629211426 6.008973121643066 3.6473374366760254 
v 3.2160069942474365 6.186253547668457 3.9915690422058105 
v 2.3278613090515137 6.149754524230957 3.934197187423706 
v 2.5665504932403564 6.327034950256348 4.36709451675415 
v 1.7783212661743164 6.285323143005371 4.069803714752197 
v 1.7672194242477417 6.462603569030762 4.570504188537598 
v 1.3731048107147217 2.5624186992645264 4.669600963592529 
v 1.2343320846557617 3.4905383586883545 4.9877543449401855 
v 0.24071916937828064 2.437279462814331 4.6435227394104 
v 0.1130482405424118 3.2976138591766357 4.98253870010376 
v 1.112212061882019 4.241375923156738 5.01904821395874 
v -0.009071780368685722 4.058880805969238 5.01904821395874 
v 0.8790737986564636 5.169493675231934 4.966891765594482 
v -0.025724509730935097 5.174708366394043 4.966891765594482 
v -0.8306064605712891 5.169493675231934 4.966891765594482 
v -0.025724509730935097 5.831690788269043 4.966891765594482 
v -0.8139537572860718 5.826478004455566 4.966891765594482 
v 1.7783212661743164 5.169493675231934 4.966891765594482 
v 1.7783212661743164 5.430201530456543 4.966891765594482 
v 0.8124629259109497 5.826478004455566 4.966891765594482 
v 1.7783212661743164 6.285323143005371 4.966891765594482 
v 0.7625046968460083 6.681597709655762 4.966891765594482 
v -1.6632429361343384 0.8000363111495972 1.7957888841629028 
v -2.2183339595794678 0.6748970746994019 0.04855284094810486 
v -1.3246374130249023 0.5341156721115112 1.7332013845443726 
v -1.7465065717697144 0.4141892194747925 -0.14442546665668488 
v -2.1073157787323 0.8991059064865112 -1.9073084592819214 
v -1.5744284391403198 0.6853245496749878 -1.7351926565170288 
v -1.0692956447601318 1.7385834455490112 -3.6128194332122803 
v -0.6085700392723083 1.2693108320236206 -3.3103129863739014 
v -0.20890453457832336 2.2495696544647217 -4.243910789489746 
v 0.14635370671749115 1.686442255973816 -4.165676116943359 
v 2.0281121730804443 2.692772626876831 -3.847522735595703 
v 2.3278613090515137 2.645846128463745 -3.8370914459228516 
v 1.8227285146713257 2.5676333904266357 -3.9726979732513428 
v 2.5221431255340576 2.59370493888855 -3.962266683578491 
v -0.1256408840417862 3.4279677867889404 -5.427858829498291 
v -1.9907466173171997 5.174708366394043 -5.380918025970459 
v 0.301779180765152 4.137093544006348 -5.521739959716797 
v -1.5688774585723877 5.904688835144043 -5.401780605316162 
v 2.3278613090515137 2.645846128463745 -3.8370914459228516 
v 2.172435760498047 1.613444209098816 -2.856553077697754 
v 2.5221431255340576 2.59370493888855 -3.962266683578491 
v 2.36671781539917 1.3996647596359253 -3.0025906562805176 
v 1.9948067665100098 7.9225664138793945 4.497485160827637 
v 1.9892557859420776 7.2030134201049805 4.570504188537598 
v 1.645099401473999 7.93820858001709 3.955059766769409 
v 1.811626672744751 7.213440895080566 4.069803714752197 
v 1.7783212661743164 6.285323143005371 4.069803714752197 
v 1.7672194242477417 6.462603569030762 4.570504188537598 
v 1.7783212661743164 6.285323143005371 4.966891765594482 
v 1.811626672744751 7.213440895080566 4.966891765594482 
v 1.6895066499710083 7.93820858001709 4.93038272857666 
v 1.9948067665100098 7.9225664138793945 4.497485160827637 
v 2.0281121730804443 2.692772626876831 -3.847522735595703 
v 1.8227285146713257 2.5676333904266357 -3.9726979732513428 
v 1.6506502628326416 1.6655853986740112 -2.919140577316284 
v 1.445266604423523 1.3840206861495972 -3.065178155899048 
v 2.172435760498047 1.2693108320236206 -3.138197183609009 
v 1.9892557859420776 0.4871872663497925 -1.6152331829071045 
v 1.6617521047592163 1.321452021598816 -3.200784683227539 
v 1.195475697517395 0.5080441236495972 -1.7456238269805908 
v 1.8615849018096924 0.012699957005679607 0.3980000615119934 
v 0.9623374938964844 0.012699957005679607 0.26239368319511414 
v 1.6062430143356323 0.45590293407440186 2.291273832321167 
v 0.7403010725975037 0.35162055492401123 2.197392463684082 
v 1.450817584991455 1.1493843793869019 3.5065155029296875 
v 0.5737737417221069 1.029459834098816 3.4334967136383057 
v 1.389757513999939 2.0514323711395264 4.3410162925720215 
v 0.379491925239563 1.89500892162323 4.299291133880615 
v 1.3731048107147217 2.5624186992645264 4.669600963592529 
v 0.24071916937828064 2.437279462814331 4.6435227394104 
v 1.6506502628326416 1.6655853986740112 -2.919140577316284 
v 1.445266604423523 1.3840206861495972 -3.065178155899048 
v 1.1788229942321777 1.1910980939865112 -1.6465269327163696 
v 0.984541118144989 0.7113960981369019 -1.693467617034912 
v 0.940133810043335 0.7478951215744019 0.25196242332458496 
v 0.745851993560791 0.24212348461151123 0.25717803835868835 
v 0.7236483693122864 0.8573921918869019 1.6341043710708618 
v 0.5293664932250977 0.4819725751876831 1.952257752418518 
v 0.5571210384368896 1.394450068473816 2.7658960819244385 
v 0.3628391921520233 1.0972431898117065 3.1362059116363525 
v 0.34618645906448364 2.1870009899139404 3.4804372787475586 
v 0.16300642490386963 1.93150794506073 3.934197187423706 
v 0.19631189107894897 2.802269697189331 3.7360031604766846 
v 0.018682770431041718 2.5154922008514404 4.2262725830078125 
v 0.018682770431041718 3.4279677867889404 4.028078556060791 
v -0.1256408840417862 3.2611148357391357 4.560072898864746 
v -0.2699645459651947 3.985882520675659 4.596582412719727 
v 2.5665504932403564 3.094261884689331 -4.4212422370910645 
v 2.6609158515930176 3.2089736461639404 -4.687239170074463 
v 1.7783212661743164 3.547894239425659 -4.838492393493652 
v 1.9948067665100098 3.6000354290008545 -5.104489803314209 
v 0.3905937373638153 4.184020042419434 -4.9062957763671875 
v 0.6570374369621277 4.257018089294434 -5.240096092224121 
v 2.2723522186279297 2.4320647716522217 -4.942805290222168 
v 1.1566193103790283 2.875267744064331 -5.1357831954956055 
v 2.7219760417938232 2.974337339401245 -4.921942710876465 
v 1.617344856262207 3.459252119064331 -5.3444085121154785 
v -0.1256408840417862 3.4279677867889404 -5.427858829498291 
v 0.301779180765152 4.137093544006348 -5.521739959716797 
v -0.10898815840482712 2.948265790939331 -4.728964328765869 
v -0.17004817724227905 2.718844175338745 -4.801982879638672 
v 0.03533549979329109 3.2089736461639404 -4.828061103820801 
v -0.025724509730935097 3.2976138591766357 -4.968883037567139 
v -0.20890453457832336 2.8961246013641357 -5.0210394859313965 
v -0.06458088010549545 3.156832456588745 -5.120136260986328 
v 3.2881686687469482 3.146404981613159 -3.106903314590454 
v 3.471348762512207 3.2089736461639404 -3.247725248336792 
v 2.5665504932403564 3.094261884689331 -4.4212422370910645 
v 2.6609158515930176 3.2089736461639404 -4.687239170074463 
v 1.9948067665100098 7.9225664138793945 4.497485160827637 
v 1.645099401473999 7.93820858001709 3.955059766769409 
v 1.9726030826568604 8.470051765441895 4.163684844970703 
v 1.6062430143356323 8.365767478942871 3.652553081512451 
v 1.978153944015503 8.9288969039917 3.814237594604492 
v 1.7672194242477417 8.88718318939209 3.3656935691833496 
v 1.9615012407302856 9.486809730529785 3.2092247009277344 
v 1.700608491897583 9.158318519592285 3.1153433322906494 
v 2.2223939895629883 10.138579368591309 1.8531608581542969 
v 2.044764995574951 9.903943061828613 1.8427295684814453 
v 2.227944850921631 10.347146034240723 0.46058762073516846 
v 1.9948067665100098 10.180293083190918 0.4084313213825226 
v 2.0225613117218018 10.227219581604004 -0.6816353797912598 
v 1.7339140176773071 9.982155799865723 -0.6972822546958923 
v 1.6950576305389404 10.227219581604004 -1.7612707614898682 
v 1.423063039779663 10.018654823303223 -1.729977011680603 
v 1.1455174684524536 9.711018562316895 -2.689652919769287 
v 0.8124629259109497 9.7318754196167 -2.465380907058716 
v 0.16300642490386963 9.413811683654785 -3.597172498703003 
v 0.03533549979329109 9.465954780578613 -3.3050973415374756 
v -1.135906457901001 8.720330238342285 -4.165676116943359 
v -1.169211983680725 8.7829008102417 -3.8631696701049805 
v -2.2738430500030518 8.021634101867676 -4.535985946655273 
v -2.157274007797241 8.04249095916748 -4.196969985961914 
v -2.6790595054626465 7.797425270080566 -4.718533039093018 
v -2.684610366821289 7.880852699279785 -4.400379657745361 
v -3.045419454574585 7.760926246643066 -4.635082721710205 
v -3.089826822280884 7.875638008117676 -4.29085111618042 
v -3.334066867828369 7.708785057067871 -4.353438854217529 
v -3.3562705516815186 7.8234968185424805 -4.009207248687744 
v -3.7892415523529053 7.53671932220459 -3.988344669342041 
v -3.6726722717285156 7.7504987716674805 -3.7275633811950684 
v -4.394290447235107 7.442864418029785 -3.221647262573242 
v -4.150050640106201 7.6410017013549805 -2.9400031566619873 
v -4.888321876525879 7.369866371154785 -1.4691954851150513 
v -4.560818195343018 7.557574272155762 -1.2970796823501587 
v -1.2302719354629517 8.1624174118042 4.721757411956787 
v -0.969379186630249 8.37098217010498 4.351447582244873 
v -1.7132011651992798 8.647332191467285 4.309722423553467 
v -1.5244702100753784 8.85068416595459 3.939412832260132 
v -2.8067305088043213 9.236531257629395 2.958874464035034 
v -2.351555824279785 9.2938871383667 2.781543016433716 
v -3.6504688262939453 9.413811683654785 1.7071231603622437 
v -3.117581367492676 9.455525398254395 1.5923793315887451 
v -4.10009241104126 9.372099876403809 0.5961939692497253 
v -3.556103229522705 9.392956733703613 0.5283908247947693 
v -4.12229585647583 9.17917537689209 -0.676419734954834 
v -3.572756052017212 9.1843900680542 -0.6451259255409241 
v -4.039032459259033 9.059250831604004 -1.8134270906448364 
v -3.472839593887329 9.080107688903809 -1.6882519721984863 
v -3.54500150680542 8.63169002532959 -3.341606616973877 
v -2.851137638092041 8.66297435760498 -3.1434128284454346 
v -3.073173999786377 7.97470760345459 -4.20218563079834 
v -2.5236339569091797 7.953850746154785 -3.988344669342041 
v -1.7465065717697144 6.921448707580566 -4.838492393493652 
v -2.2072322368621826 6.916234016418457 -5.083627223968506 
v -1.1470082998275757 5.962044715881348 -5.1357831954956055 
v -1.5688774585723877 5.904688835144043 -5.401780605316162 
v 0.6570374369621277 4.257018089294434 -5.240096092224121 
v 0.301779180765152 4.137093544006348 -5.521739959716797 
v -0.969379186630249 8.37098217010498 4.351447582244873 
v -1.2302719354629517 8.1624174118042 4.721757411956787 
v -0.38653364777565 8.48569393157959 4.445328712463379 
v -0.38098275661468506 8.277127265930176 4.758266925811768 
v 0.23516826331615448 8.496121406555176 4.445328712463379 
v 0.30733010172843933 8.26148509979248 4.758266925811768 
v 0.7347501516342163 8.277127265930176 4.346231937408447 
v 0.7680556178092957 8.063347816467285 4.6643853187561035 
v -0.7084864377975464 2.95869517326355 -4.504692077636719 
v 0.22406643629074097 3.4279677867889404 -4.828061103820801 
v -0.7639955282211304 2.8179118633270264 -4.551632881164551 
v 0.20186279714107513 3.313256025314331 -4.880217552185059 
v 2.172435760498047 1.613444209098816 -2.856553077697754 
v 1.9892557859420776 1.1702412366867065 -1.5161361694335938 
v 2.36671781539917 1.3996647596359253 -3.0025906562805176 
v 2.1890885829925537 0.7635372877120972 -1.568292498588562 
v 1.8615849018096924 0.7531098127365112 0.3927844166755676 
v 2.0558667182922363 0.31512153148651123 0.3927844166755676 
v 1.6062430143356323 0.9668892621994019 1.7332013845443726 
v 1.8060758113861084 0.6592549085617065 2.0461392402648926 
v 1.450817584991455 1.5195893049240112 2.8336992263793945 
v 1.6506502628326416 1.2901676893234253 3.2040090560913086 
v 1.3786556720733643 2.3486392498016357 3.522162437438965 
v 1.584039330482483 2.1609294414520264 3.9759223461151123 
v 1.3509011268615723 2.9326236248016357 3.7620813846588135 
v 1.561835765838623 2.6875579357147217 4.257566452026367 
v 1.134415626525879 3.547894239425659 4.028078556060791 
v 1.473021149635315 3.474896192550659 4.560072898864746 
v 0.901277482509613 4.116236686706543 4.069803714752197 
v 1.423063039779663 4.1214494705200195 4.596582412719727 
v 0.718097448348999 8.063347816467285 3.955059766769409 
v 0.7347501516342163 8.277127265930176 4.346231937408447 
v 0.884624719619751 8.616047859191895 3.6629843711853027 
v 0.8402174711227417 8.678616523742676 4.048941135406494 
v 0.956786572933197 9.054036140441895 3.6890625953674316 
v 0.929032027721405 8.694260597229004 4.36709451675415 
v 1.028948426246643 9.085320472717285 3.9707067012786865 
v 0.7680556178092957 8.063347816467285 4.6643853187561035 
v -2.9399523735046387 8.44398021697998 -4.358654499053955 
v -3.006563186645508 8.183272361755371 -4.087441921234131 
v -2.5569393634796143 8.7829008102417 -4.207401275634766 
v -2.729017734527588 8.350125312805176 -4.087441921234131 
v -1.4023501873016357 9.309529304504395 -3.7901508808135986 
v -1.4689611196517944 9.090535163879395 -3.6128194332122803 
v -0.15339544415473938 10.003010749816895 -3.273803472518921 
v -0.31437182426452637 9.789231300354004 -3.106903314590454 
v 0.507162868976593 10.195935249328613 -2.5436153411865234 
v 0.3128809928894043 9.976941108703613 -2.439302682876587 
v 1.0678048133850098 10.540068626403809 -1.7508394718170166 
v 0.884624719619751 10.331503868103027 -1.698683261871338 
v 1.3453502655029297 10.550498008728027 -0.676419734954834 
v 1.1899248361587524 10.368002891540527 -0.6659884452819824 
v 1.5174285173416138 10.686064720153809 0.5388220548629761 
v 1.417512059211731 10.555710792541504 0.46058762073516846 
v 1.5174285173416138 10.524426460266113 1.6706137657165527 
v 1.4008593559265137 10.3158597946167 1.665398120880127 
v 1.2620866298675537 9.87265682220459 3.2040090560913086 
v 1.112212061882019 9.674519538879395 3.1362059116363525 
v -1.280230164527893 8.981038093566895 -3.409409761428833 
v -0.22555726766586304 9.6588773727417 -2.9139249324798584 
v 0.323982834815979 9.794445991516113 -2.319343090057373 
v 0.8402174711227417 10.102080345153809 -1.6413112878799438 
v 1.084457516670227 10.081223487854004 -0.6503415703773499 
v 1.450817584991455 10.2793607711792 0.3562750220298767 
v 1.417512059211731 10.555710792541504 0.46058762073516846 
v 1.417512059211731 10.013440132141113 1.68626070022583 
v 1.4008593559265137 10.3158597946167 1.665398120880127 
v 1.084457516670227 9.382527351379395 3.0840494632720947 
v 1.112212061882019 9.674519538879395 3.1362059116363525 
v 1.028948426246643 8.981038093566895 3.3448309898376465 
v -0.03682633116841316 3.474896192550659 -4.812414169311523 
v -1.7742611169815063 5.091282844543457 -4.817629814147949 
v -0.08678451925516129 3.313256025314331 -5.146214485168457 
v -1.8908302783966064 4.992213249206543 -5.120136260986328 
v -2.312699317932129 5.977686882019043 -4.603789329528809 
v -2.4847776889801025 5.935975074768066 -4.885433197021484 
v -2.629101276397705 6.165396690368652 -5.13056755065918 
v -3.433983325958252 7.109158515930176 -4.23869514465332 
v -3.2063958644866943 6.853665351867676 -4.0248541831970215 
v -3.8280978202819824 7.745284080505371 -3.29988169670105 
v -3.5061450004577637 7.39072322845459 -3.1016876697540283 
v -4.083439826965332 7.734856605529785 -1.7404083013534546 
v -4.433146953582764 8.178059577941895 -1.860367774963379 
v -4.244416236877441 7.8964948654174805 -0.6034008860588074 
v -4.583021640777588 8.355340003967285 -0.6294790506362915 
v -4.233314514160156 8.07898998260498 0.6014096140861511 
v -4.56636905670166 8.52219295501709 0.6744284629821777 
v -3.9002597332000732 8.099846839904785 1.6549668312072754 
v -4.222212314605713 8.5274076461792 1.7749264240264893 
v -3.1730904579162598 8.0164213180542 2.7711117267608643 
v -3.417330503463745 8.438767433166504 2.943227529525757 
v -2.395963191986084 7.53671932220459 3.939412832260132 
v -2.3737595081329346 7.807854652404785 4.309722423553467 
v -2.0462558269500732 7.286438941955566 4.283644199371338 
v -1.9962975978851318 7.3125104904174805 4.721757411956787 
v -0.7695464491844177 1.3005951642990112 2.849346160888672 
v -1.2413737773895264 1.5873726606369019 2.984952449798584 
v -0.9249719381332397 1.2536667585372925 2.917149305343628 
v -1.1137028932571411 1.3735932111740112 3.0840494632720947 
v 1.922644853591919 9.757946968078613 3.308321475982666 
v 2.1224777698516846 10.3523588180542 1.8792389631271362 
v 1.2620866298675537 9.87265682220459 3.2040090560913086 
v 1.5174285173416138 10.524426460266113 1.6706137657165527 
v 2.1668848991394043 10.519211769104004 0.5023126602172852 
v 1.5174285173416138 10.686064720153809 0.5388220548629761 
v 2.0003576278686523 10.446213722229004 -0.676419734954834 
v 1.3453502655029297 10.550498008728027 -0.676419734954834 
v 1.6562012434005737 10.4253568649292 -1.8029958009719849 
v 1.0678048133850098 10.540068626403809 -1.7508394718170166 
v 1.0067447423934937 10.065581321716309 -2.663574695587158 
v 0.507162868976593 10.195935249328613 -2.5436153411865234 
v 0.1130482405424118 9.742304801940918 -3.6336820125579834 
v -0.15339544415473938 10.003010749816895 -3.273803472518921 
v -1.2691283226013184 9.0383939743042 -4.207401275634766 
v -1.4023501873016357 9.309529304504395 -3.7901508808135986 
v -2.5236339569091797 8.360554695129395 -4.609004974365234 
v -2.5569393634796143 8.7829008102417 -4.207401275634766 
v -5.060400009155273 7.990349769592285 -1.2605702877044678 
v -4.8938727378845215 8.063347816467285 -1.1249638795852661 
v -4.577470779418945 8.04770565032959 -3.0234532356262207 
v -4.410943508148193 8.0894193649292 -2.7678873538970947 
v -4.044583320617676 8.204129219055176 -3.758857011795044 
v -3.8391997814178467 8.240628242492676 -3.4928598403930664 
v -3.656019687652588 8.33969783782959 -4.082226276397705 
v -3.528348684310913 8.292769432067871 -3.8162291049957275 
v -3.3396177291870117 8.402268409729004 -4.405595302581787 
v -3.2341504096984863 8.287556648254395 -4.040501117706299 
v -2.9399523735046387 8.44398021697998 -4.358654499053955 
v -3.006563186645508 8.183272361755371 -4.087441921234131 
v -4.8938727378845215 8.063347816467285 -1.1249638795852661 
v -5.060400009155273 7.990349769592285 -1.2605702877044678 
v -4.888321876525879 7.7139997482299805 0.06419973075389862 
v -4.960483551025391 7.656643867492676 0.001612170017324388 
v -4.888321876525879 7.7139997482299805 0.06419973075389862 
v -4.960483551025391 7.656643867492676 0.001612170017324388 
v -4.888321876525879 7.31772518157959 -0.35826629400253296 
v -4.927177906036377 7.359436988830566 -0.26960060000419617 
v -4.888321876525879 7.369866371154785 -1.4691954851150513 
v -4.888321876525879 7.31772518157959 -0.35826629400253296 
v -5.127010822296143 7.583645820617676 -1.4691954851150513 
v -4.927177906036377 7.359436988830566 -0.26960060000419617 
v -2.2738430500030518 8.021634101867676 -4.535985946655273 
v -2.6790595054626465 7.797425270080566 -4.718533039093018 
v -2.5236339569091797 8.360554695129395 -4.609004974365234 
v -2.8455867767333984 8.08420467376709 -4.781120777130127 
v -5.127010822296143 7.583645820617676 -1.4691954851150513 
v -4.621878147125244 7.651429176330566 -3.221647262573242 
v -4.888321876525879 7.369866371154785 -1.4691954851150513 
v -4.394290447235107 7.442864418029785 -3.221647262573242 
v -4.055685043334961 7.729641914367676 -3.9987759590148926 
v -3.7892415523529053 7.53671932220459 -3.988344669342041 
v -3.4950432777404785 7.97470760345459 -4.431673526763916 
v -3.334066867828369 7.708785057067871 -4.353438854217529 
v -3.1897432804107666 8.026848793029785 -4.713317394256592 
v -3.045419454574585 7.760926246643066 -4.635082721710205 
v 2.8163414001464844 4.043238639831543 4.095881938934326 
v 2.9495632648468018 4.147521018981934 4.085450649261475 
v 3.388085126876831 4.361300468444824 3.793375253677368 
v 3.515756130218506 4.470797538757324 3.814237594604492 
v 3.9320743083953857 4.481226921081543 3.2248713970184326 
v 4.087499618530273 4.580294609069824 3.2509496212005615 
v 4.176314353942871 4.392586708068848 2.52597713470459 
v 4.381698131561279 4.507296562194824 2.5729176998138428 
v 4.3927998542785645 4.131878852844238 1.5089292526245117 
v 4.653692722320557 4.330016136169434 1.6758294105529785 
v 4.131906986236572 3.76167368888855 0.12157166004180908 
v 4.720303535461426 3.94416880607605 0.0746309906244278 
v 3.9653797149658203 3.485323667526245 -1.7456238269805908 
v 4.376147270202637 3.6104629039764404 -1.83428955078125 
v 3.2881686687469482 3.146404981613159 -3.106903314590454 
v 3.471348762512207 3.2089736461639404 -3.247725248336792 
v -2.6790595054626465 7.797425270080566 -4.718533039093018 
v -3.045419454574585 7.760926246643066 -4.635082721710205 
v -2.8455867767333984 8.08420467376709 -4.781120777130127 
v -3.1897432804107666 8.026848793029785 -4.713317394256592 
v -2.5236339569091797 8.360554695129395 -4.609004974365234 
v -1.2691283226013184 9.0383939743042 -4.207401275634766 
v -2.2738430500030518 8.021634101867676 -4.535985946655273 
v -1.135906457901001 8.720330238342285 -4.165676116943359 
v 0.1130482405424118 9.742304801940918 -3.6336820125579834 
v 0.16300642490386963 9.413811683654785 -3.597172498703003 
v 1.0067447423934937 10.065581321716309 -2.663574695587158 
v 1.1455174684524536 9.711018562316895 -2.689652919769287 
v 1.6562012434005737 10.4253568649292 -1.8029958009719849 
v 1.6950576305389404 10.227219581604004 -1.7612707614898682 
v 2.0003576278686523 10.446213722229004 -0.676419734954834 
v 2.0225613117218018 10.227219581604004 -0.6816353797912598 
v 2.1668848991394043 10.519211769104004 0.5023126602172852 
v 2.227944850921631 10.347146034240723 0.46058762073516846 
v 2.1224777698516846 10.3523588180542 1.8792389631271362 
v 2.2223939895629883 10.138579368591309 1.8531608581542969 
v 1.922644853591919 9.757946968078613 3.308321475982666 
v 1.9615012407302856 9.486809730529785 3.2092247009277344 
v 1.7672194242477417 8.99146556854248 4.168900489807129 
v 1.978153944015503 8.9288969039917 3.814237594604492 
v 1.672853946685791 8.574334144592285 4.565288543701172 
v 1.9726030826568604 8.470051765441895 4.163684844970703 
v 1.9948067665100098 7.9225664138793945 4.497485160827637 
v 1.6895066499710083 7.93820858001709 4.93038272857666 
v 2.9495632648468018 4.147521018981934 4.085450649261475 
v 2.8163414001464844 4.043238639831543 4.095881938934326 
v 2.338963031768799 3.6000354290008545 4.309722423553467 
v 2.2612504959106445 3.657391309738159 4.257566452026367 
v 3.3825342655181885 4.064095497131348 3.725571870803833 
v 3.7821998596191406 4.116236686706543 3.1831464767456055 
v 3.4935524463653564 3.87117075920105 3.746434450149536 
v 3.915421485900879 3.90766978263855 3.2092247009277344 
v 4.009787082672119 3.9389541149139404 2.6772303581237793 
v 4.198517799377441 3.751246213912964 2.7241709232330322 
v 4.387248992919922 3.5374648571014404 1.6132417917251587 
v 4.559327125549316 3.43318247795105 1.7071231603622437 
v 4.137457847595215 3.17768931388855 -0.11834731698036194 
v 4.6259379386901855 3.0525500774383545 0.038121581077575684 
v 3.8654634952545166 2.9169814586639404 -1.823858380317688 
v 4.209619998931885 2.73970103263855 -1.797780156135559 
v 3.055030584335327 2.5989177227020264 -2.9817280769348145 
v 3.2271087169647217 2.3486392498016357 -3.1277658939361572 
v -0.8306064605712891 4.204876899719238 5.154654502868652 
v -1.6909974813461304 4.721077919006348 5.154654502868652 
v -2.2349867820739746 3.714747190475464 4.946029186248779 
v -1.7798120975494385 4.924429893493652 4.966891765594482 
v -2.135070323944092 5.367632865905762 5.118144989013672 
v -0.7973009943962097 6.681597709655762 4.966891765594482 
v -2.135070323944092 6.389605522155762 5.118144989013672 
v -3.250803232192993 6.123682975769043 4.768698215484619 
v -3.1508867740631104 5.174708366394043 4.888657569885254 
v -4.238865375518799 5.779549598693848 3.86639404296875 
v -4.011277675628662 4.877501487731934 3.9863533973693848 
v 0.718097448348999 8.063347816467285 3.955059766769409 
v 0.27402463555336 8.26148509979248 4.069803714752197 
v 0.7347501516342163 8.277127265930176 4.346231937408447 
v 0.23516826331615448 8.496121406555176 4.445328712463379 
v -0.39763548970222473 8.277127265930176 4.069803714752197 
v -0.38653364777565 8.48569393157959 4.445328712463379 
v -0.969379186630249 8.37098217010498 4.351447582244873 
v -1.1248047351837158 8.1624174118042 3.892472267150879 
v 2.3722686767578125 3.584393262863159 4.012431621551514 
v 2.860748767852783 3.87117075920105 3.8507471084594727 
v 2.4277777671813965 3.36018443107605 4.0645880699157715 
v 2.971766948699951 3.667818784713745 3.845531463623047 
v 3.3825342655181885 4.064095497131348 3.725571870803833 
v 3.4935524463653564 3.87117075920105 3.746434450149536 
v -1.9907466173171997 5.174708366394043 -5.380918025970459 
v -2.629101276397705 6.165396690368652 -5.13056755065918 
v -1.5688774585723877 5.904688835144043 -5.401780605316162 
v -2.2072322368621826 6.916234016418457 -5.083627223968506 
v -3.433983325958252 7.109158515930176 -4.23869514465332 
v -3.073173999786377 7.97470760345459 -4.20218563079834 
v -3.54500150680542 8.63169002532959 -3.341606616973877 
v -3.8280978202819824 7.745284080505371 -3.29988169670105 
v -4.433146953582764 8.178059577941895 -1.860367774963379 
v -4.039032459259033 9.059250831604004 -1.8134270906448364 
v -4.583021640777588 8.355340003967285 -0.6294790506362915 
v -4.12229585647583 9.17917537689209 -0.676419734954834 
v -4.56636905670166 8.52219295501709 0.6744284629821777 
v -4.10009241104126 9.372099876403809 0.5961939692497253 
v -4.222212314605713 8.5274076461792 1.7749264240264893 
v -3.6504688262939453 9.413811683654785 1.7071231603622437 
v -3.417330503463745 8.438767433166504 2.943227529525757 
v -2.8067305088043213 9.236531257629395 2.958874464035034 
v 4.925687313079834 5.378060340881348 -2.016836643218994 
v 5.325352668762207 5.190350532531738 -2.0794241428375244 
v 4.043092727661133 4.960928916931152 -3.409409761428833 
v 4.431656360626221 4.773219108581543 -3.4876441955566406 
v 2.627610445022583 4.543795585632324 -3.993560314178467 
v 2.9773178100585938 4.210091590881348 -4.3273606300354 
v 1.645099401473999 3.751246213912964 -4.416026592254639 
v 1.8005248308181763 3.485323667526245 -4.770689487457275 
v -0.025724509730935097 3.2976138591766357 -4.968883037567139 
v -0.06458088010549545 3.156832456588745 -5.120136260986328 
v -1.557775616645813 3.886812925338745 -4.880217552185059 
v -1.6687939167022705 3.72517466545105 -5.073195934295654 
v -2.257190227508545 4.314373970031738 -4.682023525238037 
v -2.395963191986084 4.069308280944824 -4.869786262512207 
v -3.8558523654937744 4.940072059631348 -3.7953665256500244 
v -4.011277675628662 4.663722038269043 -3.941404104232788 
v -5.104807376861572 5.200779914855957 -2.115933656692505 
v -5.415657997131348 4.934857368469238 -2.2202463150024414 
v -5.426759719848633 5.315489768981934 -0.44693201780319214 
v -5.79311990737915 5.028712272644043 -0.5043039321899414 
v -5.0437469482421875 5.445843696594238 2.1400203704833984 
v -5.2935380935668945 5.174708366394043 2.218254804611206 
v -4.000175952911377 5.982901573181152 3.6421217918395996 
v -4.238865375518799 5.779549598693848 3.86639404296875 
v -3.045419454574585 6.285323143005371 4.372310161590576 
v -3.250803232192993 6.123682975769043 4.768698215484619 
v -2.257190227508545 6.446961402893066 4.476622581481934 
v -2.135070323944092 6.389605522155762 5.118144989013672 
v 1.645099401473999 3.751246213912964 -4.416026592254639 
v 1.8005248308181763 3.485323667526245 -4.770689487457275 
v 0.7347501516342163 3.14119029045105 -4.217832565307617 
v 0.8069120049476624 2.8596255779266357 -4.431673526763916 
v -0.2588627338409424 2.5415618419647217 -4.082226276397705 
v -0.20890453457832336 2.2495696544647217 -4.243910789489746 
v -1.1303555965423584 2.134859800338745 -3.477213144302368 
v -1.0692956447601318 1.7385834455490112 -3.6128194332122803 
v -2.185028553009033 1.3005951642990112 -1.8029958009719849 
v -2.1073157787323 0.8991059064865112 -1.9073084592819214 
v -2.268292188644409 1.0138176679611206 0.032905951142311096 
v -2.2183339595794678 0.6748970746994019 0.04855284094810486 
v -1.7798120975494385 1.138956904411316 1.665398120880127 
v -1.6632429361343384 0.8000363111495972 1.7957888841629028 
v -4.888321876525879 7.31772518157959 -0.35826629400253296 
v -4.849465370178223 7.364651679992676 -0.2904631197452545 
v -4.888321876525879 7.7139997482299805 0.06419973075389862 
v -4.810608863830566 7.635787010192871 0.04855284094810486 
v -1.7798120975494385 1.138956904411316 1.665398120880127 
v -1.6632429361343384 0.8000363111495972 1.7957888841629028 
v -1.2413737773895264 1.5873726606369019 2.984952449798584 
v -1.1137028932571411 1.3735932111740112 3.0840494632720947 
v -0.7639955282211304 2.8179118633270264 -4.551632881164551 
v 0.20186279714107513 3.313256025314331 -4.880217552185059 
v -0.6030191779136658 2.6249892711639404 -4.546417236328125 
v 0.32953372597694397 3.1620471477508545 -4.85413932800293 
v 0.435001015663147 3.047335386276245 -4.749826908111572 
v 1.9615012407302856 5.143424034118652 4.570504188537598 
v 1.7783212661743164 5.430201530456543 4.069803714752197 
v 2.5665504932403564 5.044354438781738 4.36709451675415 
v 2.3278613090515137 5.294634819030762 3.934197187423706 
v 3.2160069942474365 4.908787727355957 3.9915690422058105 
v 2.866299629211426 5.153851509094238 3.6473374366760254 
v 4.098601818084717 4.752362251281738 3.24051833152771 
v 3.71003794670105 5.002640724182129 2.938011884689331 
v 5.003399848937988 4.668936729431152 1.9939827919006348 
v 4.559327125549316 4.934857368469238 1.9366109371185303 
v 5.197681903839111 4.502083778381348 0.23631551861763 
v 4.742506980895996 4.768004417419434 0.2884718179702759 
v 4.925687313079834 4.105807304382324 -1.8968771696090698 
v 4.437207221984863 4.361300468444824 -1.83428955078125 
v 4.159661769866943 3.678248167037964 -3.3781161308288574 
v 3.5490615367889404 3.9180991649627686 -3.341606616973877 
v 2.877401351928711 3.365399122238159 -3.962266683578491 
v 2.488837718963623 3.3549697399139404 -3.5763099193573 
v 2.0558667182922363 2.8804824352264404 -4.196969985961914 
v 1.928195834159851 3.010836362838745 -3.7901508808135986 
v 1.2898411750793457 2.374708890914917 -4.030069828033447 
v 1.2731884717941284 2.52070689201355 -3.8110134601593018 
v 0.34618645906448364 1.832438349723816 -3.9779136180877686 
v 0.34618645906448364 1.9888619184494019 -3.831875801086426 
v -0.41983911395072937 1.5248039960861206 -3.1486282348632812 
v -0.4531445801258087 1.832438349723816 -3.0338845252990723 
v -1.4079010486602783 0.9356049299240112 -1.5995862483978271 
v -1.474511981010437 1.2275971174240112 -1.5004892349243164 
v -1.5466738939285278 0.6071137189865112 -0.1287785768508911 
v -1.585530161857605 0.8104656934738159 -0.1757192462682724 
v -1.1803138256072998 0.7218235731124878 1.6445356607437134 
v -1.2857810258865356 0.9147480726242065 1.4724198579788208 
v 1.955950379371643 2.7605559825897217 -4.5829267501831055 
v 2.9773178100585938 3.3549697399139404 -4.3273606300354 
v 4.431656360626221 3.9180991649627686 -3.4876441955566406 
v 4.159661769866943 3.678248167037964 -3.3781161308288574 
v 5.325352668762207 4.340445518493652 -1.9542490243911743 
v 4.925687313079834 4.105807304382324 -1.8968771696090698 
v 5.5695929527282715 4.736720085144043 0.20502173900604248 
v 5.197681903839111 4.502083778381348 0.23631551861763 
v 5.369760036468506 4.898358345031738 2.056570291519165 
v 5.003399848937988 4.668936729431152 1.9939827919006348 
v 4.4205546379089355 5.002640724182129 3.4856529235839844 
v 4.098601818084717 4.752362251281738 3.24051833152771 
v 3.499103307723999 5.153851509094238 4.278428554534912 
v 3.2160069942474365 4.908787727355957 3.9915690422058105 
v 2.7608323097229004 5.294634819030762 4.716541767120361 
v 2.5665504932403564 5.044354438781738 4.36709451675415 
v 1.7783212661743164 5.430201530456543 4.966891765594482 
v 1.9615012407302856 5.143424034118652 4.570504188537598 
v 1.112212061882019 2.2391421794891357 -4.275204658508301 
v 0.34618645906448364 1.832438349723816 -3.9779136180877686 
v 0.14635370671749115 1.686442255973816 -4.165676116943359 
v -0.41983911395072937 1.5248039960861206 -3.1486282348632812 
v -0.6085700392723083 1.2693108320236206 -3.3103129863739014 
v -1.4079010486602783 0.9356049299240112 -1.5995862483978271 
v -1.5744284391403198 0.6853245496749878 -1.7351926565170288 
v -1.5466738939285278 0.6071137189865112 -0.1287785768508911 
v -1.7465065717697144 0.4141892194747925 -0.14442546665668488 
v -1.1803138256072998 0.7218235731124878 1.6445356607437134 
v -1.3246374130249023 0.5341156721115112 1.7332013845443726 
v -0.9249719381332397 1.2536667585372925 2.917149305343628 
v -1.3246374130249023 0.5341156721115112 1.7332013845443726 
v -0.7695464491844177 1.3005951642990112 2.849346160888672 
v -1.1803138256072998 0.7218235731124878 1.6445356607437134 
v -1.7798120975494385 4.924429893493652 4.966891765594482 
v -2.035153865814209 4.887930870056152 4.695679187774658 
v -1.6909974813461304 4.721077919006348 5.154654502868652 
v -1.9629920721054077 4.825360298156738 4.680032253265381 
v 0.20186279714107513 3.313256025314331 -4.880217552185059 
v 0.22406643629074097 3.4279677867889404 -4.828061103820801 
v 0.32953372597694397 3.1620471477508545 -4.85413932800293 
v 0.435001015663147 3.047335386276245 -4.749826908111572 
v 0.26292282342910767 3.39668345451355 -4.6976704597473145 
v 0.3905937373638153 3.2454726696014404 -4.6715922355651855 
v -1.7798120975494385 6.217537879943848 4.069803714752197 
v -2.8011794090270996 6.061114311218262 3.8768253326416016 
v -2.257190227508545 6.446961402893066 4.476622581481934 
v -3.045419454574585 6.285323143005371 4.372310161590576 
v -3.711528778076172 5.805621147155762 3.381340503692627 
v -4.000175952911377 5.982901573181152 3.6421217918395996 
v -4.755099773406982 5.367632865905762 2.0670015811920166 
v -5.0437469482421875 5.445843696594238 2.1400203704833984 
v -4.982686996459961 5.252921104431152 -0.3739131987094879 
v -5.426759719848633 5.315489768981934 -0.44693201780319214 
v -4.743998050689697 5.112139701843262 -1.9907585382461548 
v -5.104807376861572 5.200779914855957 -2.115933656692505 
v -3.6893250942230225 4.856644630432129 -3.638897657394409 
v -3.8558523654937744 4.940072059631348 -3.7953665256500244 
v -2.0962140560150146 4.184020042419434 -4.483829498291016 
v -2.257190227508545 4.314373970031738 -4.682023525238037 
v -1.419002890586853 3.8294570446014404 -4.682023525238037 
v -1.557775616645813 3.886812925338745 -4.880217552185059 
v 0.03533549979329109 3.2089736461639404 -4.828061103820801 
v -0.025724509730935097 3.2976138591766357 -4.968883037567139 
v 3.2271087169647217 2.3486392498016357 -3.1277658939361572 
v 3.376983404159546 2.400780439376831 -3.2529408931732178 
v 4.209619998931885 2.73970103263855 -1.797780156135559 
v 4.49826717376709 2.828341245651245 -1.7925645112991333 
v 4.6259379386901855 3.0525500774383545 0.038121581077575684 
v 5.020052909851074 3.1881167888641357 0.1528654396533966 
v 4.559327125549316 3.43318247795105 1.7071231603622437 
v 4.725854396820068 3.57917857170105 1.7957888841629028 
v 4.198517799377441 3.751246213912964 2.7241709232330322 
v 4.376147270202637 3.8450992107391357 2.7867586612701416 
v 3.915421485900879 3.90766978263855 3.2092247009277344 
v 4.048643589019775 3.9910972118377686 3.266596555709839 
v 3.4935524463653564 3.87117075920105 3.746434450149536 
v 3.610121488571167 3.959810972213745 3.8038065433502197 
v 2.971766948699951 3.667818784713745 3.845531463623047 
v 3.082785129547119 3.7460315227508545 3.8768253326416016 
v 2.4277777671813965 3.36018443107605 4.0645880699157715 
v 2.499939441680908 3.4436099529266357 4.111528396606445 
v 3.0383777618408203 3.9180991649627686 4.121959686279297 
v 2.3889212608337402 3.5166079998016357 4.356663227081299 
v 3.6156723499298096 4.257018089294434 3.8768253326416016 
v 4.048643589019775 3.9910972118377686 3.266596555709839 
v 4.204069137573242 4.356087684631348 3.308321475982666 
v 4.376147270202637 3.8450992107391357 2.7867586612701416 
v 4.542674541473389 4.298731803894043 2.640720844268799 
v 4.725854396820068 3.57917857170105 1.7957888841629028 
v 4.853525161743164 4.168377876281738 1.8114358186721802 
v 5.020052909851074 3.1881167888641357 0.1528654396533966 
v 5.1532745361328125 3.766888380050659 0.04855284094810486 
v 4.49826717376709 2.828341245651245 -1.7925645112991333 
v 4.675896167755127 3.39668345451355 -1.9073084592819214 
v 3.376983404159546 2.400780439376831 -3.2529408931732178 
v 3.610121488571167 2.9430530071258545 -3.3781161308288574 
v 2.36671781539917 1.3996647596359253 -3.0025906562805176 
v 2.172435760498047 1.2693108320236206 -3.138197183609009 
v 2.5221431255340576 2.59370493888855 -3.962266683578491 
v 2.3278613090515137 2.583275556564331 -4.082226276397705 
v -2.135070323944092 5.367632865905762 5.118144989013672 
v -3.1508867740631104 5.174708366394043 4.888657569885254 
v -2.240537643432617 5.127781867980957 4.784344673156738 
v -2.951054096221924 4.945286750793457 4.487053871154785 
v -4.011277675628662 4.877501487731934 3.9863533973693848 
v -3.7725887298583984 4.695006370544434 3.7620813846588135 
v -5.077052593231201 4.330016136169434 2.270411252975464 
v -4.827261447906494 4.215304374694824 2.1921768188476562 
v -5.643245220184326 4.283089637756348 -0.16528798639774323 
v -5.276885509490967 4.178805351257324 -0.11313168704509735 
v -5.315741539001465 4.257018089294434 -1.995974063873291 
v -5.010441780090332 4.1214494705200195 -1.8186427354812622 
v -3.9113614559173584 4.225733757019043 -3.784935235977173 
v -3.7559361457824707 4.095379829406738 -3.5658788681030273 
v -2.629101276397705 3.7199599742889404 -4.598573684692383 
v -2.490328550338745 3.5635364055633545 -4.343007564544678 
v -1.896381139755249 3.3810412883758545 -4.838492393493652 
v -1.7798120975494385 3.219403028488159 -4.57771110534668 
v -0.20890453457832336 2.8961246013641357 -5.0210394859313965 
v -0.17004817724227905 2.718844175338745 -4.801982879638672 
v -2.9288504123687744 6.8745222091674805 -3.7692883014678955 
v -3.2063958644866943 6.853665351867676 -4.0248541831970215 
v -3.5061450004577637 7.39072322845459 -3.1016876697540283 
v -3.0953776836395264 7.50022029876709 -2.856553077697754 
v -4.083439826965332 7.734856605529785 -1.7404083013534546 
v -3.639366865158081 7.724427223205566 -1.5839393138885498 
v -4.244416236877441 7.8964948654174805 -0.6034008860588074 
v -3.8280978202819824 7.86521053314209 -0.5616758465766907 
v -4.233314514160156 8.07898998260498 0.6014096140861511 
v -3.8169960975646973 8.068562507629395 0.5179595351219177 
v -3.9002597332000732 8.099846839904785 1.6549668312072754 
v -3.4950432777404785 8.110274314880371 1.5193605422973633 
v -3.1730904579162598 8.0164213180542 2.7711117267608643 
v -2.867790460586548 8.04249095916748 2.5729176998138428 
v -2.395963191986084 7.53671932220459 3.939412832260132 
v -2.462574005126953 7.766140937805176 3.4804372787475586 
v -2.0462558269500732 7.286438941955566 4.283644199371338 
v -1.8852794170379639 7.265582084655762 3.892472267150879 
v -0.6418755054473877 4.001524925231934 4.680032253265381 
v -0.8306064605712891 4.204876899719238 5.154654502868652 
v -1.1803138256072998 3.0004069805145264 4.471406936645508 
v -1.3745956420898438 3.1985461711883545 4.946029186248779 
v -1.9130339622497559 1.9106510877609253 3.49086856842041 
v -2.1961302757263184 1.9262932538986206 3.8246688842773438 
v -2.490328550338745 1.1650265455245972 2.108726739883423 
v -2.9288504123687744 1.1181000471115112 2.3225674629211426 
v -2.9566049575805664 0.9356049299240112 0.7057222127914429 
v -3.378474235534668 0.9721039533615112 0.7839566469192505 
v -3.3118631839752197 1.1128853559494019 -0.8224573731422424 
v -2.934401273727417 1.1493843793869019 -0.7546541690826416 
v -2.47922682762146 1.3266667127609253 -2.4236557483673096 
v -2.7512214183807373 1.3318794965744019 -2.4758121967315674 
v -1.5078175067901611 1.7698677778244019 -3.685838222503662 
v -1.6965484619140625 1.832438349723816 -3.7640726566314697 
v -0.46424639225006104 2.5311343669891357 -4.452535629272461 
v -0.009071780368685722 4.058880805969238 5.01904821395874 
v -0.8306064605712891 4.204876899719238 5.154654502868652 
v -0.2699645459651947 3.985882520675659 4.596582412719727 
v -0.6418755054473877 4.001524925231934 4.680032253265381 
v 1.506326675415039 4.533368110656738 4.069803714752197 
v 1.6950576305389404 4.502083778381348 4.570504188537598 
v 0.901277482509613 4.116236686706543 4.069803714752197 
v 1.423063039779663 4.1214494705200195 4.596582412719727 
v 1.6950576305389404 4.502083778381348 4.570504188537598 
v 1.9615012407302856 5.132994651794434 4.570504188537598 
v 1.506326675415039 4.533368110656738 4.966891765594482 
v 1.7783212661743164 5.169493675231934 4.966891765594482 
v 1.9615012407302856 5.143424034118652 4.570504188537598 
v 1.7783212661743164 5.430201530456543 4.966891765594482 
v 1.506326675415039 4.533368110656738 4.966891765594482 
v 1.112212061882019 4.241375923156738 5.01904821395874 
v 1.6950576305389404 4.502083778381348 4.570504188537598 
v 1.423063039779663 4.1214494705200195 4.596582412719727 
v -3.1897432804107666 8.026848793029785 -4.713317394256592 
v -3.4950432777404785 7.97470760345459 -4.431673526763916 
v -3.3396177291870117 8.402268409729004 -4.405595302581787 
v -3.656019687652588 8.33969783782959 -4.082226276397705 
v 5.441921710968018 5.623126029968262 1.7801419496536255 
v 4.4205546379089355 5.857762336730957 3.4856529235839844 
v 5.369760036468506 4.898358345031738 2.056570291519165 
v 4.4205546379089355 5.002640724182129 3.4856529235839844 
v 2.172435760498047 1.2693108320236206 -3.138197183609009 
v 2.36671781539917 1.3996647596359253 -3.0025906562805176 
v 1.9892557859420776 0.4871872663497925 -1.6152331829071045 
v 2.1890885829925537 0.7635372877120972 -1.568292498588562 
v 1.8615849018096924 0.012699957005679607 0.3980000615119934 
v 2.0558667182922363 0.31512153148651123 0.3927844166755676 
v 1.6062430143356323 0.45590293407440186 2.291273832321167 
v 1.8060758113861084 0.6592549085617065 2.0461392402648926 
v 1.450817584991455 1.1493843793869019 3.5065155029296875 
v 1.6506502628326416 1.2901676893234253 3.2040090560913086 
v 1.389757513999939 2.0514323711395264 4.3410162925720215 
v 1.584039330482483 2.1609294414520264 3.9759223461151123 
v 1.3731048107147217 2.5624186992645264 4.669600963592529 
v 1.561835765838623 2.6875579357147217 4.257566452026367 
v 1.2343320846557617 3.4905383586883545 4.9877543449401855 
v 1.473021149635315 3.474896192550659 4.560072898864746 
v 1.423063039779663 4.1214494705200195 4.596582412719727 
v 1.445266604423523 1.3840206861495972 -3.065178155899048 
v 1.8227285146713257 2.5676333904266357 -3.9726979732513428 
v 1.6617521047592163 1.321452021598816 -3.200784683227539 
v 2.033663034439087 2.63020396232605 -4.097873210906982 
v 2.172435760498047 1.2693108320236206 -3.138197183609009 
v 2.3278613090515137 2.583275556564331 -4.082226276397705 
v 0.3905937373638153 3.2454726696014404 -4.6715922355651855 
v -0.47534823417663574 2.755343198776245 -4.379517078399658 
v 0.435001015663147 3.047335386276245 -4.749826908111572 
v -0.46424639225006104 2.5311343669891357 -4.452535629272461 
v -0.17004817724227905 2.718844175338745 -4.801982879638672 
v -0.10898815840482712 2.948265790939331 -4.728964328765869 
v -1.7798120975494385 3.219403028488159 -4.57771110534668 
v -1.646590232849121 3.4801089763641357 -4.447319984436035 
v -2.490328550338745 3.5635364055633545 -4.343007564544678 
v -2.3293521404266357 3.83467173576355 -4.207401275634766 
v -3.7559361457824707 4.095379829406738 -3.5658788681030273 
v -3.5894086360931396 4.413443565368652 -3.482428789138794 
v -4.0612359046936035 7.985135078430176 -2.694868564605713 
v -3.600510597229004 8.172844886779785 -3.435487985610962 
v -4.410943508148193 8.0894193649292 -2.7678873538970947 
v -3.8391997814178467 8.240628242492676 -3.4928598403930664 
v -3.489492416381836 8.110274314880371 -3.6076037883758545 
v -3.528348684310913 8.292769432067871 -3.8162291049957275 
v -3.223048686981201 8.167630195617676 -3.920541524887085 
v -3.2341504096984863 8.287556648254395 -4.040501117706299 
v -2.7512214183807373 8.15720272064209 -3.9726979732513428 
v -3.006563186645508 8.183272361755371 -4.087441921234131 
v 5.369760036468506 4.898358345031738 2.056570291519165 
v 5.5695929527282715 4.736720085144043 0.20502173900604248 
v 5.441921710968018 5.623126029968262 1.7801419496536255 
v 5.5695929527282715 5.492772102355957 -0.04532850161194801 
v 5.325352668762207 4.340445518493652 -1.9542490243911743 
v 5.325352668762207 5.190350532531738 -2.0794241428375244 
v 4.431656360626221 3.9180991649627686 -3.4876441955566406 
v 4.431656360626221 4.773219108581543 -3.4876441955566406 
v 2.9773178100585938 3.3549697399139404 -4.3273606300354 
v 2.9773178100585938 4.210091590881348 -4.3273606300354 
v 1.955950379371643 2.7605559825897217 -4.5829267501831055 
v 1.8005248308181763 3.485323667526245 -4.770689487457275 
v -1.3246374130249023 0.5341156721115112 1.7332013845443726 
v -0.9249719381332397 1.2536667585372925 2.917149305343628 
v -1.6632429361343384 0.8000363111495972 1.7957888841629028 
v -1.1137028932571411 1.3735932111740112 3.0840494632720947 
v 0.6570374369621277 4.257018089294434 -5.240096092224121 
v 1.9948067665100098 3.6000354290008545 -5.104489803314209 
v 0.301779180765152 4.137093544006348 -5.521739959716797 
v 1.617344856262207 3.459252119064331 -5.3444085121154785 
v 2.6609158515930176 3.2089736461639404 -4.687239170074463 
v 2.7219760417938232 2.974337339401245 -4.921942710876465 
v 3.471348762512207 3.2089736461639404 -3.247725248336792 
v 3.610121488571167 2.9430530071258545 -3.3781161308288574 
v -0.2699645459651947 3.985882520675659 4.596582412719727 
v -0.1256408840417862 3.2611148357391357 4.560072898864746 
v -0.009071780368685722 4.058880805969238 5.01904821395874 
v 0.1130482405424118 3.2976138591766357 4.98253870010376 
v 0.018682770431041718 2.5154922008514404 4.2262725830078125 
v 0.24071916937828064 2.437279462814331 4.6435227394104 
v 0.16300642490386963 1.93150794506073 3.934197187423706 
v 0.379491925239563 1.89500892162323 4.299291133880615 
v 0.3628391921520233 1.0972431898117065 3.1362059116363525 
v 0.5737737417221069 1.029459834098816 3.4334967136383057 
v 0.5293664932250977 0.4819725751876831 1.952257752418518 
v 0.7403010725975037 0.35162055492401123 2.197392463684082 
v 0.745851993560791 0.24212348461151123 0.25717803835868835 
v 0.9623374938964844 0.012699957005679607 0.26239368319511414 
v 0.984541118144989 0.7113960981369019 -1.693467617034912 
v 1.195475697517395 0.5080441236495972 -1.7456238269805908 
v 1.445266604423523 1.3840206861495972 -3.065178155899048 
v 2.3889212608337402 3.5166079998016357 4.356663227081299 
v 2.338963031768799 3.6000354290008545 4.309722423553467 
v 2.499939441680908 3.4436099529266357 4.111528396606445 
v 2.4277777671813965 3.36018443107605 4.0645880699157715 
v -4.849465370178223 7.364651679992676 -0.2904631197452545 
v -4.888321876525879 7.31772518157959 -0.35826629400253296 
v -4.560818195343018 7.557574272155762 -1.2970796823501587 
v -4.888321876525879 7.369866371154785 -1.4691954851150513 
v -4.8938727378845215 8.063347816467285 -1.1249638795852661 
v -4.888321876525879 7.7139997482299805 0.06419973075389862 
v -4.455350875854492 7.906922340393066 -1.036298155784607 
v -4.810608863830566 7.635787010192871 0.04855284094810486 
v -2.7512214183807373 8.15720272064209 -3.9726979732513428 
v -2.451472282409668 8.15198802947998 -3.9726979732513428 
v -3.006563186645508 8.183272361755371 -4.087441921234131 
v -2.729017734527588 8.350125312805176 -4.087441921234131 
v 3.471348762512207 3.2089736461639404 -3.247725248336792 
v 4.376147270202637 3.6104629039764404 -1.83428955078125 
v 3.610121488571167 2.9430530071258545 -3.3781161308288574 
v 4.675896167755127 3.39668345451355 -1.9073084592819214 
v 4.720303535461426 3.94416880607605 0.0746309906244278 
v 5.1532745361328125 3.766888380050659 0.04855284094810486 
v 4.653692722320557 4.330016136169434 1.6758294105529785 
v 4.853525161743164 4.168377876281738 1.8114358186721802 
v 4.381698131561279 4.507296562194824 2.5729176998138428 
v 4.542674541473389 4.298731803894043 2.640720844268799 
v 4.087499618530273 4.580294609069824 3.2509496212005615 
v 4.204069137573242 4.356087684631348 3.308321475982666 
v 3.515756130218506 4.470797538757324 3.814237594604492 
v 3.6156723499298096 4.257018089294434 3.8768253326416016 
v 2.9495632648468018 4.147521018981934 4.085450649261475 
v 3.0383777618408203 3.9180991649627686 4.121959686279297 
v 2.338963031768799 3.6000354290008545 4.309722423553467 
v 2.3889212608337402 3.5166079998016357 4.356663227081299 
v -2.135070323944092 5.367632865905762 5.118144989013672 
v -2.240537643432617 5.127781867980957 4.784344673156738 
v -1.7798120975494385 4.924429893493652 4.966891765594482 
v -2.035153865814209 4.887930870056152 4.695679187774658 
v -1.9962975978851318 7.3125104904174805 4.721757411956787 
v -2.0462558269500732 7.286438941955566 4.283644199371338 
v -2.135070323944092 6.389605522155762 5.118144989013672 
v -2.257190227508545 6.446961402893066 4.476622581481934 
v -5.127010822296143 7.583645820617676 -1.4691954851150513 
v -4.927177906036377 7.359436988830566 -0.26960060000419617 
v -5.060400009155273 7.990349769592285 -1.2605702877044678 
v -4.960483551025391 7.656643867492676 0.001612170017324388 
v -1.9629920721054077 4.825360298156738 4.680032253265381 
v -2.4126157760620117 3.860743284225464 4.471406936645508 
v -1.6909974813461304 4.721077919006348 5.154654502868652 
v -2.2349867820739746 3.714747190475464 4.946029186248779 
v -3.006563186645508 2.6354167461395264 3.516946792602539 
v -2.9177486896514893 2.3069255352020264 3.845531463623047 
v -3.500594139099121 2.0775039196014404 2.0304923057556152 
v -3.5672051906585693 1.6968697309494019 2.239117383956909 
v -3.6782233715057373 1.9471501111984253 0.7578785419464111 
v -3.8169960975646973 1.5665158033370972 0.7683097720146179 
v -3.68377423286438 1.9210785627365112 -0.8328886032104492 
v -3.7725887298583984 1.576945185661316 -0.8850449323654175 
v -2.8733413219451904 1.9367207288742065 -2.3975775241851807 
v -3.062072277069092 1.71251380443573 -2.3975775241851807 
v -1.8075666427612305 2.2599990367889404 -3.711916446685791 
v -1.9130339622497559 2.0879313945770264 -3.7432100772857666 
v -0.7084864377975464 2.95869517326355 -4.504692077636719 
v -0.7639955282211304 2.8179118633270264 -4.551632881164551 
v 2.1946394443511963 2.3486392498016357 -4.708101749420166 
v 2.2723522186279297 2.4320647716522217 -4.942805290222168 
v 3.2271087169647217 2.3486392498016357 -3.1277658939361572 
v 3.376983404159546 2.400780439376831 -3.2529408931732178 
v -0.6363245844841003 2.948265790939331 -4.384732723236084 
v -0.7084864377975464 2.95869517326355 -4.504692077636719 
v -1.6854466199874878 2.2860686779022217 -3.6023881435394287 
v -1.8075666427612305 2.2599990367889404 -3.711916446685791 
v -2.645754098892212 2.035790205001831 -2.3089120388031006 
v -2.8733413219451904 1.9367207288742065 -2.3975775241851807 
v -3.2896595001220703 2.0775039196014404 -0.7337916493415833 
v -3.68377423286438 1.9210785627365112 -0.8328886032104492 
v -3.6782233715057373 1.9471501111984253 0.7578785419464111 
v -3.1786413192749023 2.0305755138397217 0.6744284629821777 
v -3.0010123252868652 2.2495696544647217 1.7644951343536377 
v -3.500594139099121 2.0775039196014404 2.0304923057556152 
v -2.7179157733917236 2.7344863414764404 3.104912042617798 
v -3.006563186645508 2.6354167461395264 3.516946792602539 
v -2.2349867820739746 3.714747190475464 3.871609687805176 
v -2.4126157760620117 3.860743284225464 4.471406936645508 
v -1.6909974813461304 4.721077919006348 4.080235004425049 
v -0.08678451925516129 3.313256025314331 -5.146214485168457 
v -0.1256408840417862 3.4279677867889404 -5.427858829498291 
v 1.2176793813705444 2.77620005607605 -4.901080131530762 
v 1.1566193103790283 2.875267744064331 -5.1357831954956055 
v 2.1946394443511963 2.3486392498016357 -4.708101749420166 
v 2.2723522186279297 2.4320647716522217 -4.942805290222168 
v 2.7219760417938232 2.974337339401245 -4.921942710876465 
v 3.610121488571167 2.9430530071258545 -3.3781161308288574 
v 2.2723522186279297 2.4320647716522217 -4.942805290222168 
v 3.376983404159546 2.400780439376831 -3.2529408931732178 
v -0.15894635021686554 4.116236686706543 4.069803714752197 
v -0.2699645459651947 3.985882520675659 4.596582412719727 
v -0.8306064605712891 4.204876899719238 4.080235004425049 
v -0.6418755054473877 4.001524925231934 4.680032253265381 
v -0.20890453457832336 2.8961246013641357 -5.0210394859313965 
v -1.896381139755249 3.3810412883758545 -4.838492393493652 
v -0.06458088010549545 3.156832456588745 -5.120136260986328 
v -1.6687939167022705 3.72517466545105 -5.073195934295654 
v -2.629101276397705 3.7199599742889404 -4.598573684692383 
v -2.395963191986084 4.069308280944824 -4.869786262512207 
v -3.9113614559173584 4.225733757019043 -3.784935235977173 
v -4.011277675628662 4.663722038269043 -3.941404104232788 
v -5.315741539001465 4.257018089294434 -1.995974063873291 
v -5.415657997131348 4.934857368469238 -2.2202463150024414 
v -5.643245220184326 4.283089637756348 -0.16528798639774323 
v -5.79311990737915 5.028712272644043 -0.5043039321899414 
v -5.077052593231201 4.330016136169434 2.270411252975464 
v -5.2935380935668945 5.174708366394043 2.218254804611206 
v -4.011277675628662 4.877501487731934 3.9863533973693848 
v -4.238865375518799 5.779549598693848 3.86639404296875 
v -1.1192537546157837 1.467448115348816 2.8858556747436523 
v -1.646590232849121 1.1963127851486206 1.5089292526245117 
v -1.2413737773895264 1.5873726606369019 2.984952449798584 
v -1.7798120975494385 1.138956904411316 1.665398120880127 
v -1.1803138256072998 0.7218235731124878 1.6445356607437134 
v -1.2857810258865356 0.9147480726242065 1.4724198579788208 
v -0.7695464491844177 1.3005951642990112 2.849346160888672 
v -0.8472591638565063 1.3110226392745972 2.729386568069458 
v -0.08678451925516129 3.313256025314331 -5.146214485168457 
v 1.2176793813705444 2.77620005607605 -4.901080131530762 
v -0.03682633116841316 3.474896192550659 -4.812414169311523 
v 1.3175957202911377 2.9639079570770264 -4.635082721710205 
v 2.1946394443511963 2.3486392498016357 -4.708101749420166 
v 2.1113758087158203 2.5519912242889404 -4.436889171600342 
v 3.2271087169647217 2.3486392498016357 -3.1277658939361572 
v 3.055030584335327 2.5989177227020264 -2.9817280769348145 
v -0.7695464491844177 1.3005951642990112 2.849346160888672 
v -0.8472591638565063 1.3110226392745972 2.729386568069458 
v -1.2413737773895264 1.5873726606369019 2.984952449798584 
v -1.1192537546157837 1.467448115348816 2.8858556747436523 
v -1.7798120975494385 5.362418174743652 4.069803714752197 
v -2.240537643432617 5.127781867980957 4.784344673156738 
v -2.7068140506744385 5.106925010681152 3.9915690422058105 
v -2.951054096221924 4.945286750793457 4.487053871154785 
v -3.4839415550231934 4.908787727355957 3.5065155029296875 
v -3.7725887298583984 4.695006370544434 3.7620813846588135 
v -4.538614273071289 4.522940635681152 2.1139423847198486 
v -4.827261447906494 4.215304374694824 2.1921768188476562 
v -4.832812786102295 4.507296562194824 -0.040112871676683426 
v -5.276885509490967 4.178805351257324 -0.11313168704509735 
v -4.649632453918457 4.434298515319824 -1.766486406326294 
v -5.010441780090332 4.1214494705200195 -1.8186427354812622 
v -3.5894086360931396 4.413443565368652 -3.482428789138794 
v -3.7559361457824707 4.095379829406738 -3.5658788681030273 
v -1.7132011651992798 8.647332191467285 4.309722423553467 
v -2.8067305088043213 9.236531257629395 2.958874464035034 
v -2.3737595081329346 7.807854652404785 4.309722423553467 
v -3.417330503463745 8.438767433166504 2.943227529525757 
v 1.7783212661743164 5.430201530456543 4.069803714752197 
v 1.9615012407302856 5.143424034118652 4.570504188537598 
v 1.7783212661743164 5.169493675231934 4.069803714752197 
v 1.9615012407302856 5.132994651794434 4.570504188537598 
v 1.506326675415039 4.533368110656738 4.069803714752197 
v 1.6950576305389404 4.502083778381348 4.570504188537598 
v -0.47534823417663574 2.755343198776245 -4.379517078399658 
v -1.4689611196517944 2.025362730026245 -3.6284663677215576 
v -0.46424639225006104 2.5311343669891357 -4.452535629272461 
v -1.5078175067901611 1.7698677778244019 -3.685838222503662 
v -2.3349030017852783 1.6551579236984253 -2.387146472930908 
v -2.47922682762146 1.3266667127609253 -2.4236557483673096 
v -2.8289339542388916 1.613444209098816 -0.6659884452819824 
v -2.934401273727417 1.1493843793869019 -0.7546541690826416 
v -2.740119457244873 1.4361637830734253 0.6952909827232361 
v -2.9566049575805664 0.9356049299240112 0.7057222127914429 
v -2.368208646774292 1.67601478099823 1.847945213317871 
v -2.490328550338745 1.1650265455245972 2.108726739883423 
v -1.9962975978851318 2.3486392498016357 3.078833818435669 
v -1.9130339622497559 1.9106510877609253 3.49086856842041 
v -1.3745956420898438 3.1985461711883545 3.871609687805176 
v -1.1803138256072998 3.0004069805145264 4.471406936645508 
v -0.8306064605712891 4.204876899719238 4.080235004425049 
v -0.6418755054473877 4.001524925231934 4.680032253265381 
v -3.4950432777404785 7.97470760345459 -4.431673526763916 
v -4.055685043334961 7.729641914367676 -3.9987759590148926 
v -3.656019687652588 8.33969783782959 -4.082226276397705 
v -4.044583320617676 8.204129219055176 -3.758857011795044 
v -4.621878147125244 7.651429176330566 -3.221647262573242 
v -4.577470779418945 8.04770565032959 -3.0234532356262207 
v -5.127010822296143 7.583645820617676 -1.4691954851150513 
v -5.060400009155273 7.990349769592285 -1.2605702877044678 
v -3.5672051906585693 1.6968697309494019 2.239117383956909 
v -3.8169960975646973 1.5665158033370972 0.7683097720146179 
v -2.9288504123687744 1.1181000471115112 2.3225674629211426 
v -3.378474235534668 0.9721039533615112 0.7839566469192505 
v -3.7725887298583984 1.576945185661316 -0.8850449323654175 
v -3.3118631839752197 1.1128853559494019 -0.8224573731422424 
v -3.062072277069092 1.71251380443573 -2.3975775241851807 
v -2.7512214183807373 1.3318794965744019 -2.4758121967315674 
v -1.9130339622497559 2.0879313945770264 -3.7432100772857666 
v -1.6965484619140625 1.832438349723816 -3.7640726566314697 
v -0.7639955282211304 2.8179118633270264 -4.551632881164551 
v -0.6030191779136658 2.6249892711639404 -4.546417236328125 
v -0.20890453457832336 2.2495696544647217 -4.243910789489746 
v 0.8069120049476624 2.8596255779266357 -4.431673526763916 
v 0.14635370671749115 1.686442255973816 -4.165676116943359 
v 1.112212061882019 2.2391421794891357 -4.275204658508301 
v 1.8005248308181763 3.485323667526245 -4.770689487457275 
v 1.955950379371643 2.7605559825897217 -4.5829267501831055 
v -2.257190227508545 6.446961402893066 4.476622581481934 
v -2.0462558269500732 7.286438941955566 4.283644199371338 
v -1.7798120975494385 6.217537879943848 4.069803714752197 
v -1.8852794170379639 7.265582084655762 3.892472267150879 
v 1.7672194242477417 6.462603569030762 4.570504188537598 
v 1.7783212661743164 6.285323143005371 4.966891765594482 
v 2.5665504932403564 6.327034950256348 4.36709451675415 
v 2.7608323097229004 6.149754524230957 4.716541767120361 
v 3.2160069942474365 6.186253547668457 3.9915690422058105 
v 3.499103307723999 6.008973121643066 4.278428554534912 
v 4.098601818084717 6.035042762756348 3.24051833152771 
v 4.4205546379089355 5.857762336730957 3.4856529235839844 
v 5.075562000274658 5.821263313293457 1.7175544500350952 
v 5.441921710968018 5.623126029968262 1.7801419496536255 
v 5.197681903839111 5.680481910705566 -0.01403472013771534 
v 5.5695929527282715 5.492772102355957 -0.04532850161194801 
v 4.925687313079834 5.378060340881348 -2.016836643218994 
v 5.325352668762207 5.190350532531738 -2.0794241428375244 
v 4.4205546379089355 5.857762336730957 3.4856529235839844 
v 3.499103307723999 6.008973121643066 4.278428554534912 
v 4.4205546379089355 5.002640724182129 3.4856529235839844 
v 3.499103307723999 5.153851509094238 4.278428554534912 
v 2.7608323097229004 6.149754524230957 4.716541767120361 
v 2.7608323097229004 5.294634819030762 4.716541767120361 
v -3.3396177291870117 8.402268409729004 -4.405595302581787 
v -2.9399523735046387 8.44398021697998 -4.358654499053955 
v -3.1897432804107666 8.026848793029785 -4.713317394256592 
v -2.8455867767333984 8.08420467376709 -4.781120777130127 
v -2.5569393634796143 8.7829008102417 -4.207401275634766 
v -2.5236339569091797 8.360554695129395 -4.609004974365234 
v -1.9907466173171997 5.174708366394043 -5.380918025970459 
v -0.08678451925516129 3.313256025314331 -5.146214485168457 
v -4.455350875854492 7.906922340393066 -1.036298155784607 
v -4.0612359046936035 7.985135078430176 -2.694868564605713 
v -4.8938727378845215 8.063347816467285 -1.1249638795852661 
v -4.410943508148193 8.0894193649292 -2.7678873538970947 
v 2.033663034439087 2.63020396232605 -4.097873210906982 
v 1.8227285146713257 2.5676333904266357 -3.9726979732513428 
v 2.3278613090515137 2.583275556564331 -4.082226276397705 
v 2.5221431255340576 2.59370493888855 -3.962266683578491 
v -1.7798120975494385 5.362418174743652 4.069803714752197 
v -1.7798120975494385 4.924429893493652 4.069803714752197 
v -2.240537643432617 5.127781867980957 4.784344673156738 
v -2.035153865814209 4.887930870056152 4.695679187774658 
v -1.6909974813461304 4.721077919006348 4.080235004425049 
v -1.9629920721054077 4.825360298156738 4.680032253265381 
v 0.26292282342910767 3.39668345451355 -4.6976704597473145 
v 0.22406643629074097 3.4279677867889404 -4.828061103820801 
v -0.6363245844841003 2.948265790939331 -4.384732723236084 
v -0.7084864377975464 2.95869517326355 -4.504692077636719 
v -2.9288504123687744 1.1181000471115112 2.3225674629211426 
v -2.1961302757263184 1.9262932538986206 3.8246688842773438 
v -3.5672051906585693 1.6968697309494019 2.239117383956909 
v -2.9177486896514893 2.3069255352020264 3.845531463623047 
v -1.3745956420898438 3.1985461711883545 4.946029186248779 
v 1.506326675415039 4.533368110656738 4.966891765594482 
v -2.451472282409668 8.15198802947998 -3.9726979732513428 
v -1.9629920721054077 4.825360298156738 4.680032253265381 
v -0.46424639225006104 2.5311343669891357 -4.452535629272461 
v -0.1256408840417862 3.4279677867889404 -5.427858829498291 
v 1.112212061882019 4.241375923156738 5.01904821395874 
v -0.15894635021686554 4.116236686706543 4.069803714752197 
vn -0.5359798073768616 0.42295241355895996 0.7306414246559143 
vn -0.1924525946378708 0.27830708026885986 0.9410139322280884 
vn -0.5376347899436951 0.42599591612815857 0.7276512384414673 
vn -0.2307662069797516 0.2360803633928299 0.9439348578453064 
vn -0.057006943970918655 0.17786827683448792 0.9824016690254211 
vn -0.07174183428287506 0.21352870762348175 0.9742990136146545 
vn 0.03719445690512657 0.19178472459316254 0.9807319641113281 
vn 0.050059642642736435 0.19768106937408447 0.9789873361587524 
vn -0.011151295155286789 0.13457611203193665 0.990840494632721 
vn -0.050427500158548355 0.2883906662464142 0.9561840295791626 
vn -0.07155328243970871 0.10416526347398758 0.9919826984405518 
vn -0.1432720124721527 0.28822508454322815 0.946783721446991 
vn -0.13984829187393188 0.5788818001747131 0.8033295273780823 
vn -0.14530840516090393 0.5592753291130066 0.8161473870277405 
vn -0.062087442725896835 0.72046959400177 0.6907016038894653 
vn -0.05457700416445732 0.7210773825645447 0.6907016038894653 
vn 0.03959721326828003 0.8408581614494324 0.5398051738739014 
vn 0.050886861979961395 0.8472665548324585 0.528724730014801 
vn 0.7134592533111572 0.45116427540779114 -0.5361219048500061 
vn 0.8259503245353699 0.2961564064025879 -0.4796847105026245 
vn 0.7134592533111572 0.45116427540779114 -0.5361219048500061 
vn 0.7568298578262329 0.39918285608291626 -0.5175535082817078 
vn 0.8193430304527283 0.3664478063583374 -0.4409002661705017 
vn 0.8253913521766663 0.352613240480423 -0.4409002661705017 
vn 0.7988465428352356 0.44813302159309387 -0.401274174451828 
vn 0.7988465428352356 0.44813302159309387 -0.401274174451828 
vn 0.875822126865387 0.43015384674072266 -0.21886809170246124 
vn 0.8633391261100769 0.4367150068283081 -0.25283506512641907 
vn 0.9086682200431824 0.41723883152008057 -0.0152922747656703 
vn 0.9085120558738708 0.41716712713241577 -0.024029340595006943 
vn 0.8900485634803772 0.4304199814796448 0.15017375349998474 
vn 0.889213502407074 0.4306175410747528 0.15449213981628418 
vn 0.9064531922340393 0.3611639440059662 0.21886809170246124 
vn 0.9217851161956787 0.3256874084472656 0.2103329300880432 
vn 0.9088075160980225 0.20936325192451477 0.36088213324546814 
vn 0.9166378378868103 0.2094930112361908 0.34042292833328247 
vn 0.8054640889167786 0.2525884509086609 0.5361219048500061 
vn 0.814958930015564 0.24536779522895813 0.5250110030174255 
vn 0.6205388307571411 0.49555182456970215 0.607749879360199 
vn 0.6389007568359375 0.4716417193412781 0.607749879360199 
vn 0.4742589592933655 0.6983206868171692 0.5361219048500061 
vn 0.5236428380012512 0.6341589093208313 0.5688942670822144 
vn -0.8866574168205261 -0.4545290470123291 -0.08510008454322815 
vn -0.8866574168205261 -0.4545290470123291 -0.08510008454322815 
vn -0.8866574168205261 -0.4545290470123291 -0.08510008454322815 
vn -0.8866574168205261 -0.4545290470123291 -0.08510008454322815 
vn -0.22831755876541138 0.9712318778038025 -0.06767380982637405 
vn -0.4016936719417572 0.9118114709854126 0.08510008454322815 
vn -0.13739396631717682 0.979719340801239 -0.1458524912595749 
vn -0.4085928797721863 0.9087408185005188 0.08510008454322815 
vn -0.5566104054450989 0.8283575177192688 0.0633138045668602 
vn -0.5630083084106445 0.8243459463119507 0.058952588587999344 
vn -0.5043429136276245 0.8634786009788513 0.006554040592163801 
vn -0.5555583238601685 0.8314517736434937 0.006554040592163801 
vn -0.4069660007953644 0.8556318283081055 0.3198012113571167 
vn -0.3770357668399811 0.9139430522918701 0.15017375349998474 
vn -0.5010416507720947 0.7974032759666443 0.3363112509250641 
vn -0.4705570340156555 0.7898904085159302 0.3932546079158783 
vn -0.6193668842315674 0.7325906157493591 0.28230419754981995 
vn -0.5900908708572388 0.756371021270752 0.28230419754981995 
vn -0.5736420154571533 0.7625731229782104 0.2990269064903259 
vn -0.5396113991737366 0.7838066220283508 0.30735430121421814 
vn -0.41326066851615906 0.8916983604431152 0.18463370203971863 
vn -0.3616342842578888 0.9322560429573059 -0.010923261754214764 
vn -0.3458283841609955 0.9348170161247253 -0.08074574917554855 
vn -0.3457026779651642 0.9344772100448608 -0.08510008454322815 
vn -0.3403686285018921 0.9351551532745361 -0.0981530249118805 
vn -0.3403686285018921 0.9351551532745361 -0.0981530249118805 
vn -0.28841927647590637 0.9341168999671936 -0.2103329300880432 
vn -0.29744020104408264 0.9349851608276367 -0.19321508705615997 
vn -0.1968238651752472 0.9253780245780945 -0.3239381015300751 
vn -0.1968238651752472 0.9253780245780945 -0.3239381015300751 
vn -0.08479229360818863 0.9222723245620728 -0.37712597846984863 
vn -0.09047070145606995 0.9233794808387756 -0.37307560443878174 
vn 0.0415424108505249 0.9202018976211548 -0.3892335295677185 
vn 0.033993057906627655 0.9205116629600525 -0.3892335295677185 
vn 0.09798286110162735 0.9226125478744507 -0.37307560443878174 
vn 0.09798286110162735 0.9226125478744507 -0.37307560443878174 
vn 0.04132333770394325 -0.41716355085372925 0.9078915119171143 
vn 0.026182830333709717 -0.21084880828857422 0.9771679639816284 
vn 0.04315454885363579 -0.41298577189445496 0.9097144603729248 
vn 0.02612461894750595 -0.21515558660030365 0.976230263710022 
vn 0.006553899962455034 0.011351687833666801 0.9999141097068787 
vn 0.029125982895493507 0.038209691643714905 0.9988451600074768 
vn 0.005310330539941788 0.030116379261016846 0.9995322823524475 
vn 0.022980179637670517 0.05191262438893318 0.9983872175216675 
vn 0.06858493387699127 0.060760948807001114 0.9957932829856873 
vn 0 0 1 
vn 0.08896596729755402 -0.02192814089357853 0.9957932829856873 
vn 0.017673155292868614 0.012840298935770988 0.9997613430023193 
vn 0.10901768505573273 0 0.9940398335456848 
vn 0 0 1 
vn 0.08292311429977417 0 0.9965559244155884 
vn 0 0 1 
vn -0.4458390176296234 -0.8376081585884094 0.31565824151039124 
vn -0.47107166051864624 -0.8813130855560303 0.03713129088282585 
vn -0.4478544592857361 -0.841130256652832 0.30319350957870483 
vn -0.4579695463180542 -0.8888363242149353 -0.0152922747656703 
vn -0.3498852849006653 -0.8521018624305725 -0.3892335295677185 
vn -0.36194637417793274 -0.8577899932861328 -0.3649536371231079 
vn -0.32409828901290894 -0.7071964144706726 -0.6283578276634216 
vn -0.3175118565559387 -0.7307796478271484 -0.6042742133140564 
vn -0.3628908395767212 -0.5630808472633362 -0.7424622178077698 
vn -0.3628908395767212 -0.5630808472633362 -0.7424622178077698 
vn 0.03210870921611786 0.8039877414703369 -0.5937783122062683 
vn 0.03210870921611786 0.8039877414703369 -0.5937783122062683 
vn 0.03210870921611786 0.8039877414703369 -0.5937783122062683 
vn 0.03210870921611786 0.8039877414703369 -0.5937783122062683 
vn -0.028212295845150948 -0.11873221397399902 -0.9925254583358765 
vn -0.10460507124662399 0.003778959158807993 -0.9945066571235657 
vn -0.033585794270038605 -0.10827039927244186 -0.9935539960861206 
vn -0.12975971400737762 0.03738313168287277 -0.990840494632721 
vn 0.6913998126983643 0.4166089594364166 0.590256929397583 
vn 0.8006792664527893 0.4412107467651367 0.405272513628006 
vn 0.6913998126983643 0.4166089594364166 0.590256929397583 
vn 0.7925952672958374 0.44090092182159424 0.42118772864341736 
vn 0.8720784783363342 -0.07545434683561325 -0.4835140109062195 
vn 0.9992848038673401 -0.03775046393275261 0.002184694167226553 
vn 0.8536211848258972 -0.15030339360237122 -0.4987381398677826 
vn 0.949164092540741 -0.045271504670381546 -0.31150925159454346 
vn 0.9784447550773621 -0.15038490295410156 -0.1415284425020218 
vn 0.9886130690574646 -0.15046414732933044 0.002184694167226553 
vn 0.9739441871643066 -0.14297984540462494 0.1760382205247879 
vn 0.9371400475502014 -0.015099317766726017 0.34862664341926575 
vn 0.8361101150512695 0.20189665257930756 0.5100564956665039 
vn 0.8262672424316406 0.2308284193277359 0.5138099193572998 
vn -0.7647706270217896 0.5444504022598267 0.34452807903289795 
vn -0.7647706270217896 0.5444504022598267 0.34452807903289795 
vn -0.8424139618873596 0.526299774646759 0.11553031951189041 
vn -0.859070897102356 0.5105080604553223 0.03713129088282585 
vn 0.015119257383048534 -0.793984591960907 -0.607749879360199 
vn 0.020769689232110977 -0.9458502531051636 -0.3239381015300751 
vn -0.133418470621109 -0.7494019865989685 -0.6485338807106018 
vn 0.020769689232110977 -0.9458502531051636 -0.3239381015300751 
vn 0.030202379450201988 -0.99952232837677 -0.006554040592163801 
vn 0.03019719012081623 -0.9993505477905273 -0.01966099627315998 
vn 0.043350402265787125 -0.9436586499214172 0.3280687630176544 
vn 0.045244552195072174 -0.9449958205223083 0.3239381015300751 
vn 0.06590388715267181 -0.7833265662193298 0.6181069612503052 
vn 0.06595239788293839 -0.788712739944458 0.6112139225006104 
vn 0.05459998548030853 -0.6276856064796448 0.7765498161315918 
vn 0.052704665809869766 -0.6312464475631714 0.7737894654273987 
vn 0.04132333770394325 -0.41716355085372925 0.9078915119171143 
vn 0.04315454885363579 -0.41298577189445496 0.9097144603729248 
vn -0.8424139618873596 0.526299774646759 0.11553031951189041 
vn -0.859070897102356 0.5105080604553223 0.03713129088282585 
vn -0.9021900296211243 0.4272911846637726 -0.058952588587999344 
vn -0.9122767448425293 0.40699854493141174 -0.04586252197623253 
vn -0.9270693063735962 0.3651033937931061 -0.08510008454322815 
vn -0.9290803670883179 0.35778558254241943 -0.09380380809307098 
vn -0.9248682260513306 0.3223397135734558 -0.2017817199230194 
vn -0.9273033738136292 0.29732784628868103 -0.22738653421401978 
vn -0.932000458240509 0.19861741364002228 -0.30319350957870483 
vn -0.932944118976593 0.1653555929660797 -0.3198012113571167 
vn -0.9284935593605042 0.04153664782643318 -0.3690181374549866 
vn -0.929046094417572 0.026437651365995407 -0.3690181374549866 
vn -0.9324617981910706 -0.05662185698747635 -0.3568037748336792 
vn -0.9324617981910706 -0.05662185698747635 -0.3568037748336792 
vn -0.941076934337616 -0.131666898727417 -0.31150925159454346 
vn -0.941076934337616 -0.131666898727417 -0.31150925159454346 
vn -0.935654878616333 -0.20608654618263245 -0.2864931523799896 
vn 0.27132779359817505 0.8692577481269836 0.41324591636657715 
vn 0.27132779359817505 0.8692577481269836 0.41324591636657715 
vn 0.3332921862602234 0.8354458808898926 0.43697428703308105 
vn 0.31556016206741333 0.8443329930305481 0.43303996324539185 
vn 0.5236428380012512 0.6341589093208313 0.5688942670822144 
vn 0.4742589592933655 0.6983206868171692 0.5361219048500061 
vn 0.14572998881340027 -0.27766528725624084 -0.949560284614563 
vn 0.09088924527168274 -0.2650575339794159 -0.9599394202232361 
vn 0.14572998881340027 -0.27766528725624084 -0.949560284614563 
vn 0.09647931158542633 -0.2675345540046692 -0.9587059020996094 
vn -0.028212295845150948 -0.11873221397399902 -0.9925254583358765 
vn -0.033585794270038605 -0.10827039927244186 -0.9935539960861206 
vn 0.891543447971344 -0.38922175765037537 -0.23163928091526031 
vn 0.8906073570251465 -0.3888130784034729 -0.23588760197162628 
vn 0.891543447971344 -0.38922175765037537 -0.23163928091526031 
vn 0.8906073570251465 -0.3888130784034729 -0.23588760197162628 
vn 0.8894562721252441 -0.3888501822948456 -0.2401314377784729 
vn 0.8894562721252441 -0.3888501822948456 -0.2401314377784729 
vn -0.3332359790802002 0.9425371885299683 0.024029340595006943 
vn -0.33310237526893616 0.9421592354774475 0.03713129088282585 
vn -0.3310796320438385 0.928629994392395 0.16742929816246033 
vn -0.3310796320438385 0.928629994392395 0.16742929816246033 
vn 0.8720784783363342 -0.07545434683561325 -0.4835140109062195 
vn 0.8536211848258972 -0.15030339360237122 -0.4987381398677826 
vn 0.8072525262832642 -0.33846357464790344 -0.4835140109062195 
vn 0.8095272183418274 -0.3593226969242096 -0.4642767012119293 
vn 0.8080941438674927 -0.4077182412147522 -0.42514660954475403 
vn 0.8107011318206787 -0.39400508999824524 -0.43303996324539185 
vn 0.8095753192901611 -0.5480400323867798 -0.2103329300880432 
vn 0.8147544860839844 -0.5154486894607544 -0.26549527049064636 
vn 0.7478113174438477 -0.6504791975021362 -0.1328723281621933 
vn 0.7624769806861877 -0.6332249641418457 -0.1328723281621933 
vn 0.6750047206878662 -0.7323706746101379 -0.08945280313491821 
vn 0.6600790023803711 -0.7481416463851929 -0.06767380982637405 
vn 0.6221646070480347 -0.7767091989517212 -0.0981530249118805 
vn 0.6174735426902771 -0.7760179042816162 -0.12854042649269104 
vn 0.5396901965141296 -0.8391392827033997 -0.06767380982637405 
vn 0.48446738719940186 -0.8743482828140259 0.028397228568792343 
vn 0.2206949144601822 -0.9523937106132507 0.2103329300880432 
vn 0.20596633851528168 -0.9556871652603149 0.2103329300880432 
vn 0.2555727958679199 -0.9331436157226562 0.25283506512641907 
vn 0.2152487337589264 -0.9454898238182068 0.24437066912651062 
vn 0.47743353247642517 -0.8671948909759521 0.1415284425020218 
vn 0.4389037787914276 -0.8784477114677429 0.18892620503902435 
vn 0.46275779604911804 -0.8845223784446716 0.058952588587999344 
vn 0.5233346223831177 -0.8511162400245667 0.04149730131030083 
vn 0.23735269904136658 -0.9502356648445129 0.2017817199230194 
vn 0.2501131594181061 -0.9504492878913879 0.18463370203971863 
vn 0.21700356900691986 -0.926521897315979 0.30735430121421814 
vn 0.34297940135002136 -0.8847174644470215 0.31565824151039124 
vn 0.5028456449508667 -0.7979937195777893 0.33219319581985474 
vn 0.5245419144630432 -0.7803640365600586 0.34042292833328247 
vn 0.5332202315330505 -0.7929293513298035 0.2948545813560486 
vn 0.5319918990135193 -0.7983037829399109 0.28230419754981995 
vn 0.5163439512252808 -0.838985025882721 0.17173540592193604 
vn 0.5115139484405518 -0.8482506275177002 0.1372016966342926 
vn 0.5073940753936768 -0.8586981892585754 0.07203252613544464 
vn 0.5153818130493164 -0.8549305200576782 0.058952588587999344 
vn 0.08849446475505829 0.8299373388290405 0.5507928133010864 
vn 0.050900377333164215 0.8378787040710449 0.5434780716896057 
vn 0.11284841597080231 0.8571687936782837 0.5025205612182617 
vn 0.03018290176987648 0.8931590914726257 0.4487268626689911 
vn -0.03959396854043007 0.9632987976074219 0.26549527049064636 
vn -0.033973462879657745 0.9536397457122803 0.2990269064903259 
vn -0.05469445884227753 0.9967613220214844 0.058952588587999344 
vn -0.0509120374917984 0.9942880868911743 0.09380380809307098 
vn -0.037749674171209335 0.994455099105835 -0.0981530249118805 
vn -0.04337470605969429 0.9946454167366028 -0.09380380809307098 
vn -0.02075672708451748 0.9909157752990723 -0.1328723281621933 
vn -0.02075672708451748 0.9909157752990723 -0.1328723281621933 
vn 0.011329621076583862 0.9784739017486572 -0.2060592919588089 
vn 0.011329621076583862 0.9784739017486572 -0.2060592919588089 
vn 0.09045325964689255 0.9183873534202576 -0.3852050006389618 
vn 0.09424129128456116 0.9110969305038452 -0.401274174451828 
vn 0.227155402302742 0.7772741317749023 -0.5867242813110352 
vn 0.24720606207847595 0.7657130360603333 -0.5937783122062683 
vn 0.3523988425731659 0.6279973983764648 -0.6938546895980835 
vn 0.33318498730659485 0.6651395559310913 -0.6682642698287964 
vn 0.4224761128425598 0.49858567118644714 -0.7569189071655273 
vn 0.4187403619289398 0.49740368127822876 -0.7597671151161194 
vn 0.39518946409225464 0.5163130760192871 -0.7597671151161194 
vn 0.41667869687080383 0.503440797328949 -0.7569189071655273 
vn 0.050900377333164215 0.8378787040710449 0.5434780716896057 
vn 0.08849446475505829 0.8299373388290405 0.5507928133010864 
vn -0.09966591745615005 0.8520951271057129 0.5138099193572998 
vn -0.09593629837036133 0.8502556085586548 0.5175535082817078 
vn 0.17415355145931244 0.818723201751709 0.5471406579017639 
vn 0.22908851504325867 0.8124603033065796 0.5361219048500061 
vn 0.42986243963241577 0.7696983218193054 0.4719987213611603 
vn 0.42986243963241577 0.7696983218193054 0.4719987213611603 
vn -0.5793347358703613 0.46200406551361084 -0.6715083718299866 
vn -0.48489198088645935 0.43812501430511475 -0.7569189071655273 
vn -0.651269257068634 0.4769120216369629 -0.590256929397583 
vn -0.48489198088645935 0.43812501430511475 -0.7569189071655273 
vn 0.8006792664527893 0.4412107467651367 0.405272513628006 
vn 0.8823338150978088 0.4231153130531311 0.2060592919588089 
vn 0.7925952672958374 0.44090092182159424 0.42118772864341736 
vn 0.8841559290885925 0.4233933389186859 0.1975002884864807 
vn 0.888968288898468 0.44426611065864563 0.1111890971660614 
vn 0.888968288898468 0.44426611065864563 0.1111890971660614 
vn 0.8746488690376282 0.4846339225769043 -0.010923261754214764 
vn 0.8731018900871277 0.4844718277454376 -0.05459024757146835 
vn 0.8873898386955261 0.4165728688240051 -0.1975002884864807 
vn 0.8937599658966064 0.38910973072052 -0.22312943637371063 
vn 0.9136333465576172 0.27542150020599365 -0.2990269064903259 
vn 0.9144253134727478 0.26814180612564087 -0.30319350957870483 
vn 0.8936929702758789 0.2824400067329407 -0.34862664341926575 
vn 0.8974918127059937 0.27533408999443054 -0.34452807903289795 
vn 0.824266791343689 0.2817108929157257 -0.4911448359489441 
vn 0.8286800384521484 0.2819638252258301 -0.4835140109062195 
vn 0.7640560865402222 0.2164679765701294 -0.607749879360199 
vn 0.7640560865402222 0.2164679765701294 -0.607749879360199 
vn -0.9726528525352478 0.20622889697551727 -0.10684575140476227 
vn -0.9419702887535095 0.3151898980140686 0.11553031951189041 
vn -0.9699835777282715 0.1912582814693451 -0.15017375349998474 
vn -0.9520628452301025 0.30458158254623413 0.028397228568792343 
vn -0.9454013705253601 0.32266533374786377 0.04586252197623253 
vn -0.874293327331543 0.40907686948776245 0.2612801790237427 
vn -0.8656015992164612 0.4503672122955322 0.21886809170246124 
vn -0.8729711771011353 0.3916993737220764 0.29067665338516235 
vn -0.552112877368927 0.5441160202026367 0.6317508816719055 
vn -0.4612484276294708 0.5490432977676392 0.6969945430755615 
vn -0.5246719717979431 0.5020104050636292 0.6875353455543518 
vn -0.49024397134780884 0.4064452648162842 0.7710143327713013 
vn -0.5604994893074036 0.601830244064331 0.5688942670822144 
vn -0.5406174659729004 0.4170081913471222 0.7306414246559143 
vn -0.5945115685462952 0.6944855451583862 0.405272513628006 
vn -0.6077853441238403 0.5957855582237244 0.5250110030174255 
vn -0.659375011920929 0.7033753395080566 0.26549527049064636 
vn -0.7129583358764648 0.5664964318275452 0.41324591636657715 
vn -0.7134582996368408 0.6747474670410156 0.18892620503902435 
vn -0.800711989402771 0.5370033383369446 0.26549527049064636 
vn -0.7545552253723145 0.6451959013938904 0.11986933648586273 
vn -0.8903244137763977 0.4060320556163788 0.2060592919588089 
vn -0.8285223245620728 0.5553035736083984 0.07203252613544464 
vn -0.805616021156311 0.5890451669692993 0.0633138045668602 
vn -0.8443892598152161 0.5296101570129395 0.08074574917554855 
vn -0.8443892598152161 0.5296101570129395 0.08074574917554855 
vn -0.8475756049156189 0.5169593095779419 0.11986933648586273 
vn -0.8537336587905884 0.49726352095603943 0.15449213981628418 
vn -0.5539849996566772 0.3466618061065674 0.7569189071655273 
vn -0.6599567532539368 0.40132859349250793 0.6351318359375 
vn -0.7892342805862427 0.30598893761634827 0.5324283838272095 
vn -0.8854391574859619 0.2928508520126343 0.36088213324546814 
vn -0.9484091401100159 0.1912970244884491 0.25283506512641907 
vn -0.9922564625740051 -2.0522155481060567e-13 0.1242060661315918 
vn -0.9976442456245422 -0.02640729956328869 0.0633138045668602 
vn -0.9899054169654846 -0.007548397872596979 -0.1415284425020218 
vn -0.9942747354507446 -0.030189042910933495 -0.10250037163496017 
vn -0.9813870787620544 0.052818216383457184 -0.18463370203971863 
vn -0.9811129570007324 0.041523948311805725 -0.18892620503902435 
vn -0.9794802069664001 0.10547756403684616 -0.17173540592193604 
vn -0.5369330644607544 -0.6992282271385193 0.4719987213611603 
vn -0.6399319767951965 -0.6265972852706909 0.44481781125068665 
vn -0.5279055237770081 -0.7034813761711121 0.4758462607860565 
vn -0.7082708477973938 -0.6949282288551331 0.1242060661315918 
vn -0.5488248467445374 -0.689933717250824 0.4719987213611603 
vn -0.7407658100128174 -0.6407418847084045 0.2017817199230194 
vn -0.7962542176246643 -0.6046426296234131 -0.01966099627315998 
vn -0.7784753441810608 -0.6252967119216919 0.05459024757146835 
vn -0.77724289894104 -0.6281040906906128 0.03713129088282585 
vn -0.7496463656425476 -0.6602476835250854 -0.04586252197623253 
vn -0.7531933188438416 -0.657185971736908 -0.028397228568792343 
vn -0.7616513967514038 -0.6429364681243896 -0.08074574917554855 
vn -0.7651318907737732 -0.6398316025733948 -0.07203252613544464 
vn -0.7959805727005005 -0.6044347882270813 0.03276457265019417 
vn -0.7957221269607544 -0.6042385697364807 0.04149730131030083 
vn -0.7769252061843872 -0.6092351078987122 0.15880759060382843 
vn -0.774233341217041 -0.6091548800468445 0.17173540592193604 
vn -0.71785968542099 -0.6072805523872375 0.34042292833328247 
vn -0.7211920619010925 -0.6078895330429077 0.33219319581985474 
vn -0.7407351732254028 -0.558682382106781 0.37307560443878174 
vn -0.7344151139259338 -0.5615555047988892 0.3811691105365753 
vn -0.7902833223342896 -0.5201119184494019 0.3239381015300751 
vn -0.7933856248855591 -0.5204797387123108 0.31565824151039124 
vn -0.8090173006057739 -0.5244075059890747 0.26549527049064636 
vn -0.8090173006057739 -0.5244075059890747 0.26549527049064636 
vn 0.5670067071914673 0.4026426374912262 0.7185974717140198 
vn 0.5670067071914673 0.4026426374912262 0.7185974717140198 
vn 0.5670067071914673 0.4026426374912262 0.7185974717140198 
vn 0.5670067071914673 0.4026426374912262 0.7185974717140198 
vn 0.03959721326828003 0.8408581614494324 0.5398051738739014 
vn 0.1559150367975235 0.9373646378517151 0.31150925159454346 
vn 0.050886861979961395 0.8472665548324585 0.528724730014801 
vn 0.1873885691165924 0.9468992352485657 0.2612801790237427 
vn 0.2246105968952179 0.9743873476982117 0.010923261754214764 
vn 0.22461917996406555 0.9744246006011963 0.006554040592163801 
vn 0.18937093019485474 0.9774147272109985 -0.09380380809307098 
vn 0.18210038542747498 0.9795904159545898 -0.08510008454322815 
vn 0.15601275861263275 0.9669250845909119 -0.2017817199230194 
vn 0.14671336114406586 0.9480398297309875 -0.28230419754981995 
vn 0.1503623127937317 0.8769158124923706 -0.456519216299057 
vn 0.16344647109508514 0.8785951733589172 -0.4487268626689911 
vn -0.03399331867694855 0.8291003704071045 -0.5580654144287109 
vn 0.0037781051360070705 0.8394148349761963 -0.5434780716896057 
vn -0.15014564990997314 0.7548331618309021 -0.6385006904602051 
vn -0.15562330186367035 0.7593894004821777 -0.6317508816719055 
vn -0.2031571865081787 0.7156465649604797 -0.6682642698287964 
vn -0.16472826898097992 0.731414794921875 -0.661737859249115 
vn -0.34044185280799866 0.940263032913208 0.002184694167226553 
vn -0.4339231848716736 0.89732426404953 0.08074574917554855 
vn -0.25395211577415466 0.9672143459320068 -0.002184694167226553 
vn -0.26114439964294434 0.964881956577301 -0.028397228568792343 
vn -0.20422658324241638 0.9771469235420227 0.058952588587999344 
vn -0.2116614580154419 0.9758172631263733 0.05459024757146835 
vn -0.013203456066548824 0.9857956767082214 0.16742929816246033 
vn -0.06222911179065704 0.9866992235183716 0.15017375349998474 
vn 0.09223275631666183 0.9280394315719604 0.36088213324546814 
vn 0.16136407852172852 0.9103140830993652 0.3811691105365753 
vn 0.08659853041172028 0.8624157905578613 0.4987381398677826 
vn 0.12970568239688873 0.8900730013847351 0.43697428703308105 
vn -0.4339231848716736 0.89732426404953 0.08074574917554855 
vn -0.34044185280799866 0.940263032913208 0.002184694167226553 
vn -0.607772707939148 0.7569341063499451 0.2401314377784729 
vn -0.607772707939148 0.7569341063499451 0.2401314377784729 
vn 0.25615793466567993 -0.6762502193450928 0.6907016038894653 
vn 0.25615793466567993 -0.6762502193450928 0.6907016038894653 
vn 0.25615793466567993 -0.6762502193450928 0.6907016038894653 
vn 0.25615793466567993 -0.6762502193450928 0.6907016038894653 
vn -0.6671358942985535 -0.7258768081665039 -0.16742929816246033 
vn -0.6851509809494019 -0.7278472781181335 -0.028397228568792343 
vn -0.6655744314193726 -0.728287398815155 -0.16312000155448914 
vn -0.6851509809494019 -0.7278472781181335 -0.028397228568792343 
vn 0.3252159357070923 0.02265712432563305 -0.9453682899475098 
vn 0.39754247665405273 0.06775068491697311 -0.9150791168212891 
vn 0.32935088872909546 0.022693175822496414 -0.9439348578453064 
vn 0.39754247665405273 0.06775068491697311 -0.9150791168212891 
vn -0.6655744314193726 -0.728287398815155 -0.16312000155448914 
vn -0.6284477114677429 -0.7231702208518982 -0.2864931523799896 
vn -0.6671358942985535 -0.7258768081665039 -0.16742929816246033 
vn -0.6150745749473572 -0.7150740623474121 -0.33219319581985474 
vn -0.501295268535614 -0.6424464583396912 -0.5796254277229309 
vn -0.4647650718688965 -0.599233090877533 -0.651853621006012 
vn -0.44812580943107605 -0.5108701586723328 -0.7336177229881287 
vn -0.4553578197956085 -0.5087360143661499 -0.7306414246559143 
vn -0.3938854932785034 -0.4419737160205841 -0.8059239983558655 
vn -0.3566606640815735 -0.4221094846725464 -0.8334367275238037 
vn -0.5845611095428467 0.7364784479141235 -0.34042292833328247 
vn -0.5845611095428467 0.7364784479141235 -0.34042292833328247 
vn -0.5569987297058105 0.7537983059883118 -0.34862664341926575 
vn -0.5296396613121033 0.77140873670578 -0.3527185618877411 
vn -0.4889257252216339 0.811590313911438 -0.3198012113571167 
vn -0.47428324818611145 0.8265162706375122 -0.30319350957870483 
vn -0.44470542669296265 0.8457528352737427 -0.2948545813560486 
vn -0.44470542669296265 0.8457528352737427 -0.2948545813560486 
vn -0.3839099109172821 0.8960058093070984 -0.22312943637371063 
vn -0.39924848079681396 0.8824942111968994 -0.24860523641109467 
vn -0.33500897884368896 0.9308577179908752 -0.1458524912595749 
vn -0.3347899615764618 0.9302491545677185 -0.15017375349998474 
vn -0.31696879863739014 0.9437857866287231 -0.09380380809307098 
vn -0.31183093786239624 0.9450542330741882 -0.0981530249118805 
vn -0.3332359790802002 0.9425371885299683 0.024029340595006943 
vn -0.33310237526893616 0.9421592354774475 0.03713129088282585 
vn -0.15715563297271729 -0.3226003348827362 -0.933397650718689 
vn -0.3566606640815735 -0.4221094846725464 -0.8334367275238037 
vn -0.15715563297271729 -0.3226003348827362 -0.933397650718689 
vn -0.3938854932785034 -0.4419737160205841 -0.8059239983558655 
vn 0.32935088872909546 0.022693175822496414 -0.9439348578453064 
vn 0.3506734371185303 0 -0.9364978075027466 
vn 0.3252159357070923 0.02265712432563305 -0.9453682899475098 
vn 0.3465781807899475 0 -0.9380210638046265 
vn 0.5475801825523376 0.09783343970775604 -0.8310141563415527 
vn 0.517702579498291 0.07530190795660019 -0.8522403836250305 
vn 0.7069472670555115 0.201490581035614 -0.677958071231842 
vn 0.6976962685585022 0.20128357410430908 -0.6875353455543518 
vn 0.8462639451026917 0.187343567609787 -0.4987381398677826 
vn 0.8528562784194946 0.1874610334634781 -0.48733407258987427 
vn 0.9573222398757935 0.1728508025407791 -0.23163928091526031 
vn 0.9576292634010315 0.16523683071136475 -0.23588760197162628 
vn 0.9474626183509827 0.31896260380744934 -0.024029340595006943 
vn 0.9509132504463196 0.3046044409275055 -0.05459024757146835 
vn 0.944486677646637 0.28268781304359436 0.16742929816246033 
vn 0.9442436099052429 0.27546754479408264 0.18033768236637115 
vn 0.9352478981018066 0.2242422103881836 0.27391019463539124 
vn 0.9309605360031128 0.23155301809310913 0.28230419754981995 
vn 0.8596208691596985 0.28922802209854126 0.42118772864341736 
vn 0.8916518688201904 0.26789146661758423 0.3649536371231079 
vn 0.7992215156555176 0.3239012360572815 0.5062933564186096 
vn 0.8039840459823608 0.3238363265991211 0.4987381398677826 
vn 0.8262672424316406 0.2308284193277359 0.5138099193572998 
vn 0.8361101150512695 0.20189665257930756 0.5100564956665039 
vn -0.26423999667167664 0.6330094337463379 0.7276512384414673 
vn -0.26423999667167664 0.6330094337463379 0.7276512384414673 
vn -0.26423999667167664 0.6330094337463379 0.7276512384414673 
vn -0.26423999667167664 0.6330094337463379 0.7276512384414673 
vn -0.6770117878913879 -0.4881417155265808 -0.5507928133010864 
vn -0.7198525071144104 -0.5547423958778381 -0.417220801115036 
vn -0.6770117878913879 -0.4881417155265808 -0.5507928133010864 
vn -0.7348047494888306 -0.5842622518539429 -0.34452807903289795 
vn -0.697324275970459 -0.7146738767623901 -0.05459024757146835 
vn -0.6742730736732483 -0.7383237481117249 -0.0152922747656703 
vn -0.4621411859989166 -0.8708575963973999 0.16742929816246033 
vn -0.48744240403175354 -0.8593788743019104 0.15449213981628418 
vn -0.3821069300174713 -0.8978257179260254 0.21886809170246124 
vn -0.38723671436309814 -0.8966568112373352 0.21460255980491638 
vn -0.42475003004074097 -0.8211562037467957 0.3811691105365753 
vn -0.4053756296634674 -0.8579221963882446 0.31565824151039124 
vn -0.5309278964996338 -0.7037988305091858 0.4719987213611603 
vn -0.5420241355895996 -0.7030217051506042 0.46040233969688416 
vn -1.3584084427309948e-15 0.013107799924910069 0.9999141097068787 
vn -0.03769964724779129 0.036406129598617554 0.9986256957054138 
vn -0.20722061395645142 -0.3689592480659485 0.9060511589050293 
vn 0.08217374235391617 0.04959210753440857 0.9953833818435669 
vn -0.06113334000110626 -1.264378785860703e-14 0.9981296062469482 
vn 0.03145439550280571 0.14020581543445587 0.9896226525306702 
vn -0.03929227590560913 0.07793158292770386 0.9961841106414795 
vn -0.496715247631073 0.011282496154308319 0.8678402304649353 
vn -0.5194079279899597 0.003768583992496133 0.8545181155204773 
vn -0.7689831852912903 -0.0977531298995018 0.6317508816719055 
vn -0.767996072769165 -0.1052277460694313 0.6317508816719055 
vn 0.26041531562805176 0.835702121257782 -0.4835140109062195 
vn 0.1372683197259903 0.8558140397071838 -0.4987381398677826 
vn 0.26041531562805176 0.835702121257782 -0.4835140109062195 
vn 0.08861825615167618 0.8600115776062012 -0.5025205612182617 
vn -0.03964494913816452 0.8827633857727051 -0.46814218163490295 
vn -0.028333717957139015 0.8811438083648682 -0.4719987213611603 
vn -0.06413215398788452 0.8990903496742249 -0.43303996324539185 
vn -0.06413215398788452 0.8990903496742249 -0.43303996324539185 
vn -0.24209244549274445 -0.19271671772003174 -0.9509214162826538 
vn -0.20575691759586334 -0.16443085670471191 -0.9646899104118347 
vn -0.24209244549274445 -0.19271671772003174 -0.9509214162826538 
vn -0.20513272285461426 -0.1583983451128006 -0.9658315181732178 
vn -0.16294290125370026 -0.12959721684455872 -0.9780870079994202 
vn -0.16294290125370026 -0.12959721684455872 -0.9780870079994202 
vn -0.10460507124662399 0.003778959158807993 -0.9945066571235657 
vn -0.35673415660858154 0.21250951290130615 -0.9097144603729248 
vn -0.12975971400737762 0.03738313168287277 -0.990840494632721 
vn -0.43229302763938904 0.2524948716163635 -0.865661084651947 
vn -0.5992065668106079 0.2921591103076935 -0.7453821301460266 
vn -0.6703444719314575 0.2868713438510895 -0.6843559741973877 
vn -0.8281862139701843 0.3139342963695526 -0.4642767012119293 
vn -0.8188174366950989 0.3033866584300995 -0.48733407258987427 
vn -0.8718349933624268 0.37797579169273376 -0.31150925159454346 
vn -0.8771864771842957 0.3853122889995575 -0.2864931523799896 
vn -0.8800982236862183 0.4645353853702545 -0.0981530249118805 
vn -0.8824940919876099 0.4608742594718933 -0.09380380809307098 
vn -0.8576650619506836 0.5038892030715942 0.10250037163496017 
vn -0.8553419709205627 0.5040053725242615 0.11986933648586273 
vn -0.7596926093101501 0.5053423047065735 0.40926313400268555 
vn -0.7448518872261047 0.5076140761375427 0.43303996324539185 
vn -0.6404731869697571 0.4783816635608673 0.6007870435714722 
vn -0.6269822716712952 0.47416985034942627 0.6181069612503052 
vn 0.37660014629364014 0.8709375262260437 -0.31565824151039124 
vn 0.37640854716300964 0.8754372000694275 -0.30319350957870483 
vn 0.18332640826702118 0.7644182443618774 -0.6181069612503052 
vn 0.23841740190982819 0.7973453998565674 -0.5544344186782837 
vn -0.034004971385002136 0.6945943832397461 -0.7185974717140198 
vn -0.026452479884028435 0.6949229836463928 -0.7185974717140198 
vn -0.3129419982433319 0.6175100207328796 -0.7216291427612305 
vn -0.32633844017982483 0.6105362772941589 -0.7216291427612305 
vn 0.2192084789276123 0.679542601108551 -0.7001210451126099 
vn 0.2192084789276123 0.679542601108551 -0.7001210451126099 
vn 0.1830078363418579 0.6610838174819946 -0.7276512384414673 
vn 0.1830078363418579 0.6610838174819946 -0.7276512384414673 
vn -0.12754537165164948 0.6170109510421753 -0.7765498161315918 
vn -0.10527225583791733 0.6211989521980286 -0.7765498161315918 
vn -0.4005904793739319 0.663640022277832 -0.6317508816719055 
vn -0.38059288263320923 0.659206211566925 -0.6485338807106018 
vn -0.5675680041313171 0.7419956922531128 -0.3568037748336792 
vn -0.5723799467086792 0.7402504682540894 -0.3527185618877411 
vn -0.651616096496582 0.7582940459251404 -0.01966099627315998 
vn -0.6455504298210144 0.762814462184906 -0.03713129088282585 
vn -0.6562802195549011 0.7469137907028198 0.10684575140476227 
vn -0.656871497631073 0.7475866675376892 0.0981530249118805 
vn -0.548100471496582 0.8185919523239136 0.17173540592193604 
vn -0.5650506019592285 0.8078894019126892 0.16742929816246033 
vn -0.3525604009628296 0.9165195226669312 0.18892620503902435 
vn -0.35959845781326294 0.9137810468673706 0.18892620503902435 
vn -0.25740623474121094 0.9485000967979431 0.18463370203971863 
vn -0.25740623474121094 0.9485000967979431 0.18463370203971863 
vn -0.3129419982433319 0.6175100207328796 -0.7216291427612305 
vn -0.32633844017982483 0.6105362772941589 -0.7216291427612305 
vn -0.4706014394760132 0.48128199577331543 -0.7395281791687012 
vn -0.4637068212032318 0.47438520193099976 -0.7482877969741821 
vn -0.5227250456809998 0.3330748677253723 -0.7847417593002319 
vn -0.5423855185508728 0.31387364864349365 -0.7792953848838806 
vn -0.790532648563385 0.07548671215772629 -0.607749879360199 
vn -0.7988171577453613 0.07167810946702957 -0.5972883701324463 
vn -0.9404858946800232 -0.07165133208036423 -0.33219319581985474 
vn -0.9378150701522827 -0.0679345577955246 -0.34042292833328247 
vn -0.9815437197685242 -0.16902707517147064 0.08945280313491821 
vn -0.9793140888214111 -0.16905900835990906 0.1111890971660614 
vn -0.9175188541412354 -0.18370822072029114 0.3527185618877411 
vn -0.907762885093689 -0.18369156122207642 0.37712597846984863 
vn -0.42500609159469604 -0.6708277463912964 0.607749879360199 
vn -0.42500609159469604 -0.6708277463912964 0.607749879360199 
vn -0.42500609159469604 -0.6708277463912964 0.607749879360199 
vn -0.42500609159469604 -0.6708277463912964 0.607749879360199 
vn -0.9175188541412354 -0.18370822072029114 0.3527185618877411 
vn -0.907762885093689 -0.18369156122207642 0.37712597846984863 
vn -0.8725625276565552 -0.2019200474023819 0.44481781125068665 
vn -0.8725625276565552 -0.2019200474023819 0.44481781125068665 
vn -0.3408935070037842 -0.288787305355072 -0.8946471214294434 
vn -0.1882455199956894 -0.24558523297309875 -0.9509214162826538 
vn -0.1826893836259842 -0.46203669905662537 -0.8678402304649353 
vn -0.052803438156843185 -0.4397008717060089 -0.8965907096862793 
vn 0.09970983117818832 -0.6186733245849609 -0.7792953848838806 
vn -0.2895773947238922 -0.8814530968666077 -0.37307560443878174 
vn -0.2895773947238922 -0.8814530968666077 -0.37307560443878174 
vn -0.33439719676971436 -0.8850099444389343 -0.3239381015300751 
vn -0.3252478539943695 -0.8838034868240356 -0.3363112509250641 
vn -0.36982622742652893 -0.8916059732437134 -0.2612801790237427 
vn -0.3732946515083313 -0.887643039226532 -0.26970529556274414 
vn -0.39754652976989746 -0.8795961737632751 -0.2612801790237427 
vn -0.39754652976989746 -0.8795961737632751 -0.2612801790237427 
vn -0.4830246865749359 -0.8718757033348083 -0.08074574917554855 
vn -0.46946242451667786 -0.8735458850860596 -0.12854042649269104 
vn -0.47238317131996155 -0.868505597114563 0.15017375349998474 
vn -0.47582748532295227 -0.8694441318511963 0.1328723281621933 
vn -0.40013936161994934 -0.8588455319404602 0.3198012113571167 
vn -0.3964728116989136 -0.8574264645576477 0.3280687630176544 
vn -0.263802170753479 -0.8412048816680908 0.4719987213611603 
vn -0.12963029742240906 -0.8341278433799744 0.5361219048500061 
vn 0.30751895904541016 -0.90738844871521 0.2864931523799896 
vn 0.25832903385162354 -0.834129273891449 0.48733407258987427 
vn 0.4864805340766907 -0.8375751376152039 0.24860523641109467 
vn 0.45252472162246704 -0.7963669896125793 0.401274174451828 
vn 0.5271076560020447 -0.7922694087028503 0.30735430121421814 
vn 0.499035120010376 -0.7086777687072754 0.4987381398677826 
vn 0.6070594787597656 -0.48204734921455383 0.6317508816719055 
vn 0.6023423075675964 -0.4879288673400879 0.6317508816719055 
vn 0.8112267255783081 -0.13516853749752045 0.5688942670822144 
vn 0.8185594081878662 -0.1202896237373352 0.5616858005523682 
vn 0.911637008190155 0.03770558536052704 0.40926313400268555 
vn 0.9183163046836853 0.04523196816444397 0.3932546079158783 
vn 0.973761796951294 0.21727459132671356 -0.06767380982637405 
vn 0.9777246117591858 0.20988060534000397 0.002184694167226553 
vn 0.9201055765151978 0.23187416791915894 -0.31565824151039124 
vn 0.9415741562843323 0.2317781150341034 -0.24437066912651062 
vn 0.5214910507202148 -0.8453992009162903 0.11553031951189041 
vn 0.4241376221179962 -0.9055951237678528 -0.002184694167226553 
vn 0.5170750617980957 -0.8502936959266663 -0.0981530249118805 
vn 0.46111515164375305 -0.8792065382003784 -0.11986933648586273 
vn 0.5425745844841003 -0.8391865491867065 0.03713129088282585 
vn 0.5492424964904785 -0.8355916142463684 0.010923261754214764 
vn 0.5217511057853699 -0.8458207845687866 0.1111890971660614 
vn 0.5217511057853699 -0.8458207845687866 0.1111890971660614 
vn 0.47985124588012695 -0.8462186455726624 0.23163928091526031 
vn 0.4733632802963257 -0.8450577855110168 0.24860523641109467 
vn 0.35264816880226135 -0.8415123224258423 0.40926313400268555 
vn 0.35264816880226135 -0.8415123224258423 0.40926313400268555 
vn 0.22007913887500763 -0.8383468389511108 0.4987381398677826 
vn 0.21646985411643982 -0.837026834487915 0.5025205612182617 
vn 0.09598658233880997 -0.8242266178131104 0.5580654144287109 
vn 0.09598658233880997 -0.8242266178131104 0.5580654144287109 
vn 0.04333794116973877 -0.8137298226356506 0.5796254277229309 
vn 0.04333794116973877 -0.8137298226356506 0.5796254277229309 
vn 0.5230412483215332 -0.8455837368965149 0.10684575140476227 
vn 0.5498934984207153 -0.8191514015197754 0.16312000155448914 
vn 0.5800616145133972 -0.7913257479667664 0.19321508705615997 
vn 0.6832543611526489 -0.6979321241378784 0.21460255980491638 
vn 0.6926268339157104 -0.6872879862785339 0.21886809170246124 
vn 0.7607548832893372 -0.6394442915916443 0.1111890971660614 
vn 0.7607548832893372 -0.6394442915916443 0.1111890971660614 
vn 0.7542928457260132 -0.6515538692474365 -0.08074574917554855 
vn 0.755111813545227 -0.6511303186416626 -0.0763898640871048 
vn 0.7124112844467163 -0.7017316222190857 -0.006554040592163801 
vn 0.712384045124054 -0.7017048001289368 -0.010923261754214764 
vn 0.66105717420578 -0.7304179668426514 0.17173540592193604 
vn 0.712384045124054 -0.7017048001289368 -0.010923261754214764 
vn 0.66105717420578 -0.7304179668426514 0.17173540592193604 
vn 0.7124112844467163 -0.7017316222190857 -0.006554040592163801 
vn -0.8176456689834595 -0.10907185077667236 0.5652954578399658 
vn -0.8176456689834595 -0.10907185077667236 0.5652954578399658 
vn -0.8256223201751709 0.30317994952201843 0.4758462607860565 
vn -0.8300126194953918 0.2780166566371918 0.4835140109062195 
vn 0.7185961008071899 0.3502492904663086 -0.6007870435714722 
vn 0.7892824411392212 0.42736420035362244 -0.4409002661705017 
vn 0.7185961008071899 0.3502492904663086 -0.6007870435714722 
vn 0.7934908270835876 0.4276081323623657 -0.43303996324539185 
vn 0.818413257598877 0.4688788652420044 -0.33219319581985474 
vn 0.818413257598877 0.4688788652420044 -0.33219319581985474 
vn -0.0697745531797409 0.8661176562309265 -0.4949462115764618 
vn -0.020779713988304138 0.8813542723655701 -0.4719987213611603 
vn -0.0697745531797409 0.8661176562309265 -0.4949462115764618 
vn -0.020779713988304138 0.8813542723655701 -0.4719987213611603 
vn 0.09051330387592316 0.8949082493782043 -0.43697428703308105 
vn 0.09051330387592316 0.8949082493782043 -0.43697428703308105 
vn 0.1783527284860611 0.9583337306976318 -0.22312943637371063 
vn 0.18215042352676392 0.9605109691619873 -0.2103329300880432 
vn 0.19313138723373413 0.9794002771377563 -0.058952588587999344 
vn 0.19313138723373413 0.9794002771377563 -0.058952588587999344 
vn 0.23931509256362915 0.9709395170211792 0.002184694167226553 
vn 0.23931509256362915 0.9709395170211792 -0.002184694167226553 
vn 0.3630610704421997 0.9270315766334534 0.09380380809307098 
vn 0.3492414951324463 0.9331604242324829 0.08510008454322815 
vn 0.4645353853702545 0.8800982236862183 0.0981530249118805 
vn 0.44768649339675903 0.8861197233200073 0.11986933648586273 
vn 0.41196882724761963 0.9020859599113464 0.12854042649269104 
vn 0.45267486572265625 0.8871773481369019 0.08945280313491821 
vn 0.3840879201889038 0.9087730050086975 0.16312000155448914 
vn 0.3840879201889038 0.9087730050086975 0.16312000155448914 
vn 0.29390761256217957 -0.9534351229667664 -0.06767380982637405 
vn 0.2865007817745209 -0.9550297856330872 -0.0763898640871048 
vn 0.30830857157707214 -0.9488762021064758 0.06767380982637405 
vn 0.2992648184299469 -0.9503675699234009 0.08510008454322815 
vn 0.31859731674194336 -0.9366017580032349 0.1458524912595749 
vn 0.3365339934825897 -0.9233933687210083 0.18463370203971863 
vn 0.37454476952552795 -0.8845174312591553 0.2781098484992981 
vn 0.3815235495567322 -0.8717643618583679 0.30735430121421814 
vn 0.380278617143631 -0.8293924927711487 0.40926313400268555 
vn 0.37340882420539856 -0.8325079679489136 0.40926313400268555 
vn 0.3754176199436188 -0.8484551906585693 0.37307560443878174 
vn 0.365101158618927 -0.8456940650939941 0.3892335295677185 
vn 0.4266773760318756 -0.8220233917236328 0.37712597846984863 
vn 0.59544837474823 -0.48760443925857544 0.6385006904602051 
vn 0.5287622809410095 -0.7701308727264404 0.3568037748336792 
vn 0.5051330924034119 -0.6195930242538452 0.6007870435714722 
vn 0.5493155717849731 -0.7631281614303589 0.34042292833328247 
vn 0.5634942054748535 -0.6806740760803223 0.46814218163490295 
vn 0.52049320936203 -0.5818254947662354 0.6249527335166931 
vn 0.564207911491394 -0.6521782279014587 0.5062933564186096 
vn 0.637778639793396 -0.3471794128417969 0.6875353455543518 
vn 0.7727310061454773 -0.2665379047393799 0.5760593414306641 
vn 0.7779790163040161 -0.26666074991226196 0.5688942670822144 
vn 0.8712278008460999 -0.23116765916347504 0.43303996324539185 
vn 0.8826082944869995 -0.22412149608135223 0.41324591636657715 
vn 0.9438548684120178 -0.2021649330854416 0.2612801790237427 
vn 0.9390329122543335 -0.20216849446296692 0.2781098484992981 
vn 0.9671958684921265 -0.25394728779792786 -0.006554040592163801 
vn 0.9672143459320068 -0.25395211577415466 0.002184694167226553 
vn 0.874020516872406 -0.34669923782348633 -0.34042292833328247 
vn 0.8875110149383545 -0.3395381569862366 -0.31150925159454346 
vn 0.7585709691047668 -0.4532250761985779 -0.46814218163490295 
vn 0.7624176144599915 -0.44672390818595886 -0.46814218163490295 
vn 0.6945212483406067 -0.6024873852729797 -0.3932546079158783 
vn 0.6945212483406067 -0.6024873852729797 -0.3932546079158783 
vn 0.5850671529769897 -0.536969780921936 -0.607749879360199 
vn 0.5850671529769897 -0.536969780921936 -0.607749879360199 
vn 0.020745709538459778 -0.843885600566864 0.5361219048500061 
vn -0.07157587260007858 -0.8637923002243042 0.4987381398677826 
vn 0.020745709538459778 -0.843885600566864 0.5361219048500061 
vn -0.08854945749044418 -0.866565465927124 0.4911448359489441 
vn -0.2093566656112671 -0.8688003420829773 0.4487268626689911 
vn -0.220246821641922 -0.8681177496910095 0.44481781125068665 
vn -0.3007512390613556 -0.9207302331924438 0.24860523641109467 
vn -0.3025655746459961 -0.9189823269844055 0.25283506512641907 
vn -0.32607123255729675 -0.9449185729026794 0.028397228568792343 
vn -0.3259778320789337 -0.9446479082107544 0.03713129088282585 
vn -0.3278926610946655 -0.9333881735801697 -0.1458524912595749 
vn -0.3241679072380066 -0.9366216659545898 -0.1328723281621933 
vn -0.39262866973876953 -0.8911442756652832 -0.22738653421401978 
vn -0.39262866973876953 -0.8911442756652832 -0.22738653421401978 
vn -0.4815261662006378 -0.84409099817276 -0.23588760197162628 
vn -0.4848409593105316 -0.8397691249847412 -0.24437066912651062 
vn -0.3928401470184326 -0.8312805891036987 -0.3932546079158783 
vn -0.3562457263469696 -0.8279887437820435 -0.43303996324539185 
vn -0.30332329869270325 -0.8211024403572083 -0.4835140109062195 
vn -0.30332329869270325 -0.8211024403572083 -0.4835140109062195 
vn -0.3011544346809387 -0.8219003677368164 0.4835140109062195 
vn -0.34663867950439453 -0.8060671091079712 0.4796847105026245 
vn -0.0829412043094635 -0.9335846304893494 0.34862664341926575 
vn -0.05094058811664581 -0.9515664577484131 0.30319350957870483 
vn -0.024521946907043457 -0.9832990169525146 0.18033768236637115 
vn -0.024541357532143593 -0.9840773940086365 0.1760382205247879 
vn -0.05278071388602257 -0.9878973960876465 0.1458524912595749 
vn -0.05278071388602257 -0.9878973960876465 0.1458524912595749 
vn -0.015102912671864033 -0.9950567483901978 0.0981530249118805 
vn -0.015096260234713554 -0.9946184158325195 0.10250037163496017 
vn 0.015098875388503075 -0.9995972514152527 -0.024029340595006943 
vn 0.015095127746462822 -0.9993491172790527 -0.03276457265019417 
vn 0.015109176747500896 -0.9810400605201721 -0.19321508705615997 
vn 0.018871581181883812 -0.98262619972229 -0.18463370203971863 
vn -0.38535642623901367 -0.8785241842269897 -0.28230419754981995 
vn -0.058493971824645996 -0.9369518756866455 -0.34452807903289795 
vn -0.47005826234817505 -0.8443727493286133 -0.25706008076667786 
vn -0.47005826234817505 -0.8443727493286133 -0.25706008076667786 
vn 0.7151314616203308 -0.4897420108318329 0.4987381398677826 
vn 0.7151314616203308 -0.4897420108318329 0.4987381398677826 
vn 0.5581490993499756 -0.6687647700309753 0.4911448359489441 
vn 0.6299735903739929 -0.5953096151351929 0.4987381398677826 
vn 0.3717495799064636 -0.8371267914772034 0.401274174451828 
vn 0.407378613948822 -0.8061749935150146 0.42909738421440125 
vn 0.17452581226825714 -0.9559800028800964 0.23588760197162628 
vn 0.1857033371925354 -0.9517338275909424 0.24437066912651062 
vn 0.022653724998235703 -0.9997409582138062 0.002184694167226553 
vn 0.030201226472854614 -0.999484121799469 0.010923261754214764 
vn 0.028323939070105553 -0.9938721060752869 -0.10684575140476227 
vn 0.028323939070105553 -0.9938721060752869 -0.10684575140476227 
vn 0.016998715698719025 -0.9726532101631165 -0.23163928091526031 
vn 0.033991724252700806 -0.9830172061920166 -0.18033768236637115 
vn -0.0037781051360070705 -0.8394148349761963 -0.5434780716896057 
vn -0.009438971057534218 -0.868872344493866 -0.4949462115764618 
vn 0.05473034083843231 -0.6773548722267151 -0.7336177229881287 
vn -0.0791969746351242 -0.9509525299072266 0.2990269064903259 
vn -0.0791969746351242 -0.9509525299072266 0.2990269064903259 
vn -0.0791969746351242 -0.9509525299072266 0.2990269064903259 
vn -0.0791969746351242 -0.9509525299072266 0.2990269064903259 
vn 0.7374579906463623 -0.5432630181312561 -0.401274174451828 
vn 0.7590601444244385 -0.5188241004943848 -0.3932546079158783 
vn 0.5995147228240967 -0.675616443157196 -0.42909738421440125 
vn 0.5995147228240967 -0.675616443157196 -0.42909738421440125 
vn 0.7756675481796265 -0.4398503303527832 0.45262736082077026 
vn 0.8571841716766357 -0.2963717579841614 0.42118772864341736 
vn 0.7495051622390747 -0.47189947962760925 0.4642767012119293 
vn 0.8546880483627319 -0.30349498987197876 0.42118772864341736 
vn 0.9069734811782837 0 0.42118772864341736 
vn 0.9069734811782837 0 0.42118772864341736 
vn 0.7495051622390747 -0.47189947962760925 0.4642767012119293 
vn 0.6452991366386414 -0.5786616206169128 0.4987381398677826 
vn 0.7756675481796265 -0.4398503303527832 0.45262736082077026 
vn 0.6452991366386414 -0.5786616206169128 0.4987381398677826 
vn -0.6927735209465027 0.294110506772995 -0.6584556698799133 
vn -0.6805505752563477 0.3145694136619568 -0.661737859249115 
vn -0.6927735209465027 0.294110506772995 -0.6584556698799133 
vn -0.6707391738891602 0.3349805772304535 -0.661737859249115 
vn 0.9579635262489319 0.015086616389453411 0.2864931523799896 
vn 0.7690297365188599 0.0301680751144886 0.6385006904602051 
vn 0.93075031042099 0.02264218218624592 0.3649536371231079 
vn 0.7828056216239929 0.030143599957227707 0.6215357780456543 
vn 0.6945212483406067 -0.6024873852729797 -0.3932546079158783 
vn 0.6945212483406067 -0.6024873852729797 -0.3932546079158783 
vn 0.8009740114212036 -0.5856735110282898 -0.1242060661315918 
vn 0.7891810536384583 -0.5976310968399048 -0.1415284425020218 
vn 0.8282529711723328 -0.5551230311393738 0.0763898640871048 
vn 0.8296301960945129 -0.5551921725273132 0.058952588587999344 
vn 0.8293200731277466 -0.46936333179473877 0.30319350957870483 
vn 0.82307368516922 -0.5020577311515808 0.26549527049064636 
vn 0.8554453253746033 -0.3461652100086212 0.3852050006389618 
vn 0.8478374481201172 -0.38078510761260986 0.3690181374549866 
vn 0.8820598125457764 -0.2532755434513092 0.3972681760787964 
vn 0.8737691640853882 -0.2747843861579895 0.401274174451828 
vn 0.8960485458374023 -0.09784352034330368 0.43303996324539185 
vn 0.8980627655982971 -0.11284351348876953 0.42514660954475403 
vn 0.8664573431015015 0.022626105695962906 0.4987381398677826 
vn 0.8753366470336914 0 0.4835140109062195 
vn 0.8407712578773499 0.07534613460302353 0.5361219048500061 
vn -0.5642001628875732 -0.5588544011116028 -0.607749879360199 
vn -0.4620552957057953 -0.42332449555397034 -0.7792953848838806 
vn -0.133418470621109 -0.7494019865989685 -0.6485338807106018 
vn -0.09784935414791107 -0.5549312233924866 -0.8261215686798096 
vn 0.015119257383048534 -0.793984591960907 -0.607749879360199 
vn 0.009455177001655102 -0.5741943120956421 -0.8186644315719604 
vn 0.43756183981895447 -0.258423388004303 0.8612531423568726 
vn 0.5639128088951111 -0.24887073040008545 0.7874425053596497 
vn 0.43756183981895447 -0.258423388004303 0.8612531423568726 
vn 0.6137439012527466 -0.2429983913898468 0.7511792182922363 
vn 0.02070431597530842 -0.38666626811027527 0.9219872951507568 
vn 0.02070431597530842 -0.38666626811027527 0.9219872951507568 
vn 0.03382817655801773 -0.41783812642097473 0.9078915119171143 
vn 0.03382817655801773 -0.41783812642097473 0.9078915119171143 
vn 0.21390400826931 -0.4733327627182007 0.8545181155204773 
vn 0.21919314563274384 -0.4750165045261383 0.8522403836250305 
vn 0.28817838430404663 -0.4715256690979004 0.8334367275238037 
vn 0.28817838430404663 -0.4715256690979004 0.8334367275238037 
vn 0.26468417048454285 0.9464949369430542 0.18463370203971863 
vn 0.2588488757610321 0.8992145657539368 0.3527185618877411 
vn 0.2718975841999054 0.9491321444511414 0.15880759060382843 
vn 0.2223842293024063 0.908919632434845 0.3527185618877411 
vn 0.4458393454551697 0.7898279428482056 0.42118772864341736 
vn 0.4603554904460907 0.7394927740097046 0.4911448359489441 
vn 0.38912272453308105 0.7744958400726318 0.4987381398677826 
vn 0.16136407852172852 0.9103140830993652 0.3811691105365753 
vn 0.2022462636232376 0.9151808023452759 0.34862664341926575 
vn 0.12970568239688873 0.8900730013847351 0.43697428703308105 
vn 0.93075031042099 0.02264218218624592 0.3649536371231079 
vn 0.9996837377548218 -0.02265242673456669 -0.010923261754214764 
vn 0.9579635262489319 0.015086616389453411 0.2864931523799896 
vn 0.999053955078125 -0.02263815514743328 -0.03713129088282585 
vn 0.9497634768486023 -0.030187353491783142 -0.31150925159454346 
vn 0.9550647139549255 -0.030203010886907578 -0.2948545813560486 
vn 0.6729561686515808 -0.015103636309504509 -0.7395281791687012 
vn 0.7377080321311951 -0.02265446074306965 -0.67473965883255 
vn 0.41749823093414307 -0.037792645394802094 -0.9078915119171143 
vn 0.45790091156959534 -0.02267264574766159 -0.888714075088501 
vn 0.3425309360027313 -0.0751294195652008 -0.9364978075027466 
vn 0.3425309360027313 -0.0751294195652008 -0.9364978075027466 
vn -0.4478544592857361 -0.841130256652832 0.30319350957870483 
vn -0.33565643429756165 -0.7770808935165405 0.5324283838272095 
vn -0.4458390176296234 -0.8376081585884094 0.31565824151039124 
vn -0.33565643429756165 -0.7770808935165405 0.5324283838272095 
vn 0.39518946409225464 0.5163130760192871 -0.7597671151161194 
vn 0.4838514029979706 0.47717177867889404 -0.7336177229881287 
vn 0.41667869687080383 0.503440797328949 -0.7569189071655273 
vn 0.392939031124115 0.5221806764602661 -0.7569189071655273 
vn 0.6706297993659973 0.5386074781417847 -0.5100564956665039 
vn 0.6524007320404053 0.5244143605232239 -0.5471406579017639 
vn 0.5831711888313293 0.6499360799789429 -0.48733407258987427 
vn 0.6133840680122375 0.6360840201377869 -0.46814218163490295 
vn -0.8373685479164124 -0.17593252658843994 0.5175535082817078 
vn -0.8378699421882629 -0.2674776613712311 0.4758462607860565 
vn -0.8373685479164124 -0.17593252658843994 0.5175535082817078 
vn -0.836871325969696 -0.24930280447006226 0.48733407258987427 
vn -0.8280490636825562 -0.3700482249259949 0.42118772864341736 
vn -0.8276883959770203 -0.36630892753601074 0.42514660954475403 
vn -0.7634009718894958 -0.5154767036437988 0.3892335295677185 
vn -0.7800755500793457 -0.4866548180580139 0.3932546079158783 
vn -0.7059910297393799 -0.6339846253395081 0.31565824151039124 
vn -0.7212091088294983 -0.5985957980155945 0.34862664341926575 
vn -0.6748341917991638 -0.7295448780059814 0.1111890971660614 
vn -0.6786408424377441 -0.7119866013526917 0.18033768236637115 
vn -0.6912857890129089 -0.7139754295349121 -0.1111890971660614 
vn -0.6909412741661072 -0.713619589805603 -0.11553031951189041 
vn -0.6683063507080078 -0.6549475193023682 -0.3527185618877411 
vn -0.6656323671340942 -0.6509549617767334 -0.3649536371231079 
vn -0.5642001628875732 -0.5588544011116028 -0.607749879360199 
vn -0.3175714612007141 -0.8553666472434998 0.40926313400268555 
vn -0.3175714612007141 -0.8553666472434998 0.40926313400268555 
vn -0.3175714612007141 -0.8553666472434998 0.40926313400268555 
vn -0.3175714612007141 -0.8553666472434998 0.40926313400268555 
vn 0.5427922010421753 -0.839523196220398 -0.024029340595006943 
vn 0.5427922010421753 -0.839523196220398 -0.024029340595006943 
vn 0.5153818130493164 -0.8549305200576782 0.058952588587999344 
vn 0.5073940753936768 -0.8586981892585754 0.07203252613544464 
vn 0.3134823441505432 0.9354788661003113 0.16312000155448914 
vn 0.35731077194213867 0.8848230838775635 0.2990269064903259 
vn 0.31325289607048035 0.9347941279411316 0.16742929816246033 
vn 0.35731077194213867 0.8848230838775635 0.2990269064903259 
vn -0.13783539831638336 0.5313824415206909 0.8358433246612549 
vn -0.462881475687027 0.19071361422538757 0.865661084651947 
vn -0.4612484276294708 0.5490432977676392 0.6969945430755615 
vn -0.49024397134780884 0.4064452648162842 0.7710143327713013 
vn 0.5831711888313293 0.6499360799789429 -0.48733407258987427 
vn 0.46171891689300537 0.8047547340393066 -0.37307560443878174 
vn 0.6133840680122375 0.6360840201377869 -0.46814218163490295 
vn 0.46171891689300537 0.8047547340393066 -0.37307560443878174 
vn 0.44727346301078796 0.8703367114067078 -0.2060592919588089 
vn 0.44568493962287903 0.8701292872428894 -0.2103329300880432 
vn 0.5313822031021118 0.842396080493927 -0.08945280313491821 
vn 0.5586065053939819 0.8266674280166626 -0.06767380982637405 
vn 0.7295162677764893 0.6548279523849487 0.1975002884864807 
vn 0.7274988889694214 0.6607993245124817 0.18463370203971863 
vn 0.6828141212463379 0.5193883180618286 0.5138099193572998 
vn 0.6885966658592224 0.5263980627059937 0.4987381398677826 
vn 0.44626474380493164 0.3996194303035736 0.8007197380065918 
vn 0.42553600668907166 0.39092519879341125 0.8161473870277405 
vn 0.19750189781188965 0.3044717013835907 0.931820809841156 
vn 0.17425020039081573 0.30431684851646423 0.9364978075027466 
vn 0.10344479978084564 0.31350621581077576 0.9439348578453064 
vn 0.10344479978084564 0.31350621581077576 0.9439348578453064 
vn -0.5136126279830933 -0.629366934299469 0.5831804275512695 
vn -0.5136126279830933 -0.629366934299469 0.5831804275512695 
vn -0.5136126279830933 -0.629366934299469 0.5831804275512695 
vn -0.5136126279830933 -0.629366934299469 0.5831804275512695 
vn -0.9562453627586365 0.24287162721157074 0.16312000155448914 
vn -0.9562453627586365 0.24287162721157074 0.16312000155448914 
vn -0.9562453627586365 0.24287162721157074 0.16312000155448914 
vn -0.9562453627586365 0.24287162721157074 0.16312000155448914 
vn -0.9734270572662354 0.1765412986278534 -0.1458524912595749 
vn -0.9929527640342712 -0.02641030214726925 0.11553031951189041 
vn -0.9900950789451599 0.12051183730363846 -0.07203252613544464 
vn -0.9929527640342712 -0.02641030214726925 0.11553031951189041 
vn -0.8300126194953918 0.2780166566371918 0.4835140109062195 
vn -0.8852336406707764 0.20564104616641998 0.417220801115036 
vn -0.8256223201751709 0.30317994952201843 0.4758462607860565 
vn -0.8731281757354736 0.23134958744049072 0.42909738421440125 
vn -0.9292796850204468 0.16151469945907593 0.33219319581985474 
vn -0.9254443049430847 0.1576491892337799 0.34452807903289795 
vn -0.9506914019584656 0.23552080988883972 0.2017817199230194 
vn -0.9503488540649414 0.21691091358661652 0.22312943637371063 
vn -0.9543067216873169 0.2938002943992615 0.05459024757146835 
vn -0.9545255899429321 0.29386767745018005 0.05022686347365379 
vn -0.9119510054588318 0.3685426712036133 -0.18033768236637115 
vn -0.9093345403671265 0.36848142743110657 -0.19321508705615997 
vn -0.759295642375946 0.49939659237861633 -0.417220801115036 
vn -0.791267454624176 0.4648374319076538 -0.3972681760787964 
vn -0.6976096034049988 0.518043577671051 -0.4949462115764618 
vn -0.7036924362182617 0.5411530137062073 -0.46040233969688416 
vn -0.5793347358703613 0.46200406551361084 -0.6715083718299866 
vn -0.651269257068634 0.4769120216369629 -0.590256929397583 
vn 0.2576150894165039 -0.9492695927619934 -0.18033768236637115 
vn 0.2576150894165039 -0.9492695927619934 -0.18033768236637115 
vn 0.29390761256217957 -0.9534351229667664 -0.06767380982637405 
vn 0.2865007817745209 -0.9550297856330872 -0.0763898640871048 
vn -0.3606051504611969 0.8902914524078369 0.2781098484992981 
vn -0.3606051504611969 0.8902914524078369 0.2781098484992981 
vn -0.338344544172287 0.9363353252410889 0.09380380809307098 
vn -0.33679214119911194 0.9388196468353271 0.07203252613544464 
vn -0.32086583971977234 0.9410786628723145 -0.10684575140476227 
vn -0.32237300276756287 0.9384287595748901 -0.1242060661315918 
vn -0.2918452322483063 0.9543676972389221 -0.0633138045668602 
vn -0.29390761256217957 0.9534351229667664 -0.06767380982637405 
vn -0.2755610942840576 0.9603874683380127 -0.04149730131030083 
vn -0.2683466970920563 0.9626065492630005 -0.03713129088282585 
vn -0.3702894151210785 0.9173945784568787 -0.1458524912595749 
vn -0.392864853143692 0.9065260291099548 -0.15449213981628418 
vn -0.5655862092971802 0.7836021780967712 -0.25706008076667786 
vn -0.619497537612915 0.7275187373161316 -0.2948545813560486 
vn -0.7350759506225586 0.5713774561882019 -0.3649536371231079 
vn -0.760646402835846 0.5283872485160828 -0.37712597846984863 
vn -0.7894189357757568 0.4746735692024231 -0.3892335295677185 
vn -0.5201728940010071 -0.8103574514389038 -0.26970529556274414 
vn -0.5973923206329346 -0.7638098001480103 -0.24437066912651062 
vn -0.30390676856040955 -0.8913671374320984 -0.3363112509250641 
vn -0.31310632824897766 -0.8927645683288574 -0.3239381015300751 
vn -0.30395251512527466 -0.8866072297096252 -0.34862664341926575 
vn -0.30395251512527466 -0.8866072297096252 -0.34862664341926575 
vn 0.7304061055183411 -0.5045161843299866 -0.46040233969688416 
vn 0.7624176144599915 -0.44672390818595886 -0.46814218163490295 
vn 0.7304061055183411 -0.5045161843299866 -0.46040233969688416 
vn 0.7585709691047668 -0.4532250761985779 -0.46814218163490295 
vn -0.12053989619016647 -0.9541715383529663 -0.27391019463539124 
vn -0.12053989619016647 -0.9541715383529663 -0.27391019463539124 
vn -0.12053989619016647 -0.9541715383529663 -0.27391019463539124 
vn -0.12053989619016647 -0.9541715383529663 -0.27391019463539124 
vn -0.18263298273086548 -0.38172832131385803 -0.9060511589050293 
vn -0.29518923163414 -0.36582866311073303 -0.882628321647644 
vn -0.18263298273086548 -0.38172832131385803 -0.9060511589050293 
vn -0.2572081685066223 -0.3700740337371826 -0.8926864862442017 
vn -0.5385609269142151 -0.3203917443752289 -0.7792953848838806 
vn -0.507067859172821 -0.3254644274711609 -0.7980946898460388 
vn -0.6851062178611755 -0.32514050602912903 -0.651853621006012 
vn -0.6989262700080872 -0.3222094178199768 -0.6385006904602051 
vn -0.8888143301010132 -0.2824414372444153 -0.36088213324546814 
vn -0.8660076856613159 -0.2928905785083771 -0.405272513628006 
vn -0.9754349589347839 -0.19498811662197113 0.10250037163496017 
vn -0.9776685833930969 -0.20986858010292053 0.010923261754214764 
vn -0.9096481204032898 -0.16507680714130402 0.3811691105365753 
vn -0.9096481204032898 -0.16507680714130402 0.3811691105365753 
vn -0.767996072769165 -0.1052277460694313 0.6317508816719055 
vn -0.7689831852912903 -0.0977531298995018 0.6317508816719055 
vn 0.06792587786912918 0.9593535661697388 -0.27391019463539124 
vn -0.22831755876541138 0.9712318778038025 -0.06767380982637405 
vn -9.99364504453322e-14 0.9663954377174377 -0.25706008076667786 
vn -0.13739396631717682 0.979719340801239 -0.1458524912595749 
vn 0.9201055765151978 0.23187416791915894 -0.31565824151039124 
vn 0.9415741562843323 0.2317781150341034 -0.24437066912651062 
vn 0.8861966133117676 0.2315913885831833 -0.401274174451828 
vn 0.8861966133117676 0.2315913885831833 -0.401274174451828 
vn -0.5279055237770081 -0.7034813761711121 0.4758462607860565 
vn -0.4067339301109314 -0.7396896481513977 0.5361219048500061 
vn -0.5369330644607544 -0.6992282271385193 0.4719987213611603 
vn -0.41332870721817017 -0.7360249161720276 0.5361219048500061 
vn -0.5390010476112366 -0.707861602306366 0.456519216299057 
vn -0.5529686212539673 -0.7020469307899475 0.4487268626689911 
vn -0.5420241355895996 -0.7030217051506042 0.46040233969688416 
vn -0.5309278964996338 -0.7037988305091858 0.4719987213611603 
vn 0.37113744020462036 0.8589800000190735 -0.3527185618877411 
vn 0.37113744020462036 0.8589800000190735 -0.3527185618877411 
vn -9.99364504453322e-14 0.9663954377174377 -0.25706008076667786 
vn 0.06792587786912918 0.9593535661697388 -0.27391019463539124 
vn 0.2828448414802551 -0.9486666917800903 -0.1415284425020218 
vn 0.2828448414802551 -0.9486666917800903 -0.1415284425020218 
vn 0.32962119579315186 -0.931387186050415 -0.15449213981628418 
vn 0.32939285039901733 -0.9307419061660767 -0.15880759060382843 
vn 0.5050974488258362 -0.8421303033828735 -0.18892620503902435 
vn 0.5243906378746033 -0.8302537798881531 -0.18892620503902435 
vn 0.6260572075843811 -0.7660152912139893 -0.1458524912595749 
vn 0.6288594007492065 -0.7660814523696899 -0.1328723281621933 
vn 0.6343191266059875 -0.7729200720787048 -0.0152922747656703 
vn 0.6343796849250793 -0.7729938626289368 0.006554040592163801 
vn 0.6320619583129883 -0.720013439655304 0.2864931523799896 
vn 0.6322858333587646 -0.7323175668716431 0.25283506512641907 
vn 0.6393500566482544 -0.6326807737350464 0.43697428703308105 
vn 0.6393500566482544 -0.6326807737350464 0.43697428703308105 
vn -0.5376347899436951 0.42599591612815857 0.7276512384414673 
vn -0.6269822716712952 0.47416985034942627 0.6181069612503052 
vn -0.5359798073768616 0.42295241355895996 0.7306414246559143 
vn -0.6404731869697571 0.4783816635608673 0.6007870435714722 
vn 0.937261700630188 0 -0.34862664341926575 
vn 0.937261700630188 0 -0.34862664341926575 
vn 0.8824142217636108 -0.3113435208797455 -0.3527185618877411 
vn 0.8824142217636108 -0.3113435208797455 -0.3527185618877411 
vn 0.7374579906463623 -0.5432630181312561 -0.401274174451828 
vn 0.7590601444244385 -0.5188241004943848 -0.3932546079158783 
vn 0.5639128088951111 -0.24887073040008545 0.7874425053596497 
vn 0.7514106631278992 -0.2877659797668457 0.5937783122062683 
vn 0.6137439012527466 -0.2429983913898468 0.7511792182922363 
vn 0.7751943469047546 -0.30935582518577576 0.5507928133010864 
vn 0.8736492395401001 -0.3394060730934143 0.34862664341926575 
vn 0.8887462019920349 -0.33240050077438354 0.31565824151039124 
vn 0.9419525265693665 -0.32589197158813477 0.08074574917554855 
vn 0.9411188364028931 -0.326026976108551 0.08945280313491821 
vn 0.9275466799736023 -0.3402782678604126 -0.15449213981628418 
vn 0.9289242029190063 -0.3403334319591522 -0.1458524912595749 
vn 0.9307417273521423 -0.28295424580574036 -0.23163928091526031 
vn 0.932911217212677 -0.2757170796394348 -0.23163928091526031 
vn 0.9233897924423218 -0.2243061512708664 -0.31150925159454346 
vn 0.917250394821167 -0.2317667454481125 -0.3239381015300751 
vn 0.8683655858039856 -0.29684871435165405 -0.3972681760787964 
vn 0.8607679009437561 -0.3182085156440735 -0.3972681760787964 
vn 0.8399407267570496 -0.37396571040153503 -0.3932546079158783 
vn 0.8399407267570496 -0.37396571040153503 -0.3932546079158783 
vn -0.6805505752563477 0.3145694136619568 -0.661737859249115 
vn -0.7353718876838684 0.3265814483165741 -0.5937783122062683 
vn -0.6707391738891602 0.3349805772304535 -0.661737859249115 
vn -0.7453511953353882 0.3230358958244324 -0.5831804275512695 
vn -0.8762540817260742 0.2894752323627472 -0.3852050006389618 
vn -0.900649905204773 0.2751809060573578 -0.3363112509250641 
vn -0.9734270572662354 0.1765412986278534 -0.1458524912595749 
vn -0.9900950789451599 0.12051183730363846 -0.07203252613544464 
vn -0.6215437054634094 -0.6775206923484802 0.3932546079158783 
vn -0.7512573599815369 -0.6539193987846375 0.08945280313491821 
vn -0.6021948456764221 -0.6782051920890808 0.42118772864341736 
vn -0.7472573518753052 -0.6565821170806885 0.10250037163496017 
vn -0.7388704419136047 -0.6468210220336914 -0.18892620503902435 
vn -0.7388704419136047 -0.6468210220336914 -0.18892620503902435 
vn -0.6852339506149292 -0.5705987215042114 -0.45262736082077026 
vn -0.6703177690505981 -0.531801164150238 -0.5175535082817078 
vn -0.5567907094955444 -0.3839714825153351 -0.736579954624176 
vn -0.5330295562744141 -0.3723350763320923 -0.7597671151161194 
vn -0.3408935070037842 -0.288787305355072 -0.8946471214294434 
vn -0.1826893836259842 -0.46203669905662537 -0.8678402304649353 
vn -0.020759545266628265 -0.20715904235839844 -0.9780870079994202 
vn -0.09256933629512787 -0.25555962324142456 -0.962351381778717 
vn -0.020759545266628265 -0.20715904235839844 -0.9780870079994202 
vn -0.0836811512708664 -0.24528948962688446 -0.9658315181732178 
vn -0.1474974900484085 -0.2907288074493408 -0.9453682899475098 
vn -0.1474974900484085 -0.2907288074493408 -0.9453682899475098 
vn -0.7878597974777222 -0.07546155154705048 -0.6112139225006104 
vn -0.7878597974777222 -0.07546155154705048 -0.6112139225006104 
vn -0.7878597974777222 -0.07546155154705048 -0.6112139225006104 
vn -0.7878597974777222 -0.07546155154705048 -0.6112139225006104 
vn 0.2258630394935608 0.904848039150238 0.36088213324546814 
vn 0.2258630394935608 0.904848039150238 0.36088213324546814 
vn 0.2716042399406433 0.9091705083847046 0.31565824151039124 
vn 0.2825479805469513 0.9086803197860718 0.30735430121421814 
vn 0.34161055088043213 0.9097577929496765 0.23588760197162628 
vn 0.3433314561843872 0.9102014899253845 0.23163928091526031 
vn 0.38758158683776855 0.9048707485198975 0.1760382205247879 
vn 0.3960912823677063 0.9020081162452698 0.17173540592193604 
vn 0.44245845079421997 0.8945512175559998 0.0633138045668602 
vn 0.44963887333869934 0.8920322060585022 0.04586252197623253 
vn 0.4423562288284302 0.8893670439720154 -0.11553031951189041 
vn 0.44069626927375793 0.8890217542648315 -0.1242060661315918 
vn 0.37660014629364014 0.8709375262260437 -0.31565824151039124 
vn 0.37640854716300964 0.8754372000694275 -0.30319350957870483 
vn 0.7690297365188599 0.0301680751144886 0.6385006904602051 
vn 0.5920190215110779 0 0.8059239983558655 
vn 0.7828056216239929 0.030143599957227707 0.6215357780456543 
vn 0.6025320887565613 0 0.7980946898460388 
vn 0.3588438034057617 0 0.933397650718689 
vn 0.3831879794597626 0 0.9236704111099243 
vn -0.10531195253133774 0.6842227578163147 -0.7216291427612305 
vn -0.21200832724571228 0.6818232536315918 -0.7001210451126099 
vn -0.10531195253133774 0.6842227578163147 -0.7216291427612305 
vn -0.1847316473722458 0.6833495497703552 -0.7063339352607727 
vn -0.16472826898097992 0.731414794921875 -0.661737859249115 
vn -0.2031571865081787 0.7156465649604797 -0.6682642698287964 
vn -0.7690810561180115 -0.6278102397918701 -0.11986933648586273 
vn -0.5201728940010071 -0.8103574514389038 -0.26970529556274414 
vn 0.31325289607048035 0.9347941279411316 0.16742929816246033 
vn 0.26468417048454285 0.9464949369430542 0.18463370203971863 
vn 0.3134823441505432 0.9354788661003113 0.16312000155448914 
vn 0.2718975841999054 0.9491321444511414 0.15880759060382843 
vn 0.015100003220140934 0.9756376147270203 0.21886809170246124 
vn 0.015100003220140934 0.9756376147270203 0.21886809170246124 
vn 0.015100003220140934 0.9756376147270203 0.21886809170246124 
vn 0.015100003220140934 0.9756376147270203 0.21886809170246124 
vn -0.8459829688072205 -0.19834594428539276 -0.4949462115764618 
vn -0.8482899069786072 -0.274832159280777 -0.45262736082077026 
vn -0.8459829688072205 -0.19834594428539276 -0.4949462115764618 
vn -0.8497681021690369 -0.24235734343528748 -0.46814218163490295 
vn -0.8196423649787903 -0.4724939167499542 -0.3239381015300751 
vn -0.8196423649787903 -0.4724939167499542 -0.3239381015300751 
vn -0.3396112024784088 0.8889305591583252 0.30735430121421814 
vn -0.3396112024784088 0.8889305591583252 0.30735430121421814 
vn -0.3606051504611969 0.8902914524078369 0.2781098484992981 
vn -0.3606051504611969 0.8902914524078369 0.2781098484992981 
vn -0.6021948456764221 -0.6782051920890808 0.42118772864341736 
vn -0.3870391845703125 -0.6000259518623352 0.7001210451126099 
vn -0.6215437054634094 -0.6775206923484802 0.3932546079158783 
vn -0.3936921954154968 -0.6065787076950073 0.6907016038894653 
vn -0.21095101535320282 -0.3804363012313843 0.9004265069961548 
vn 0.03461731970310211 0.03331582993268967 0.9988451600074768 
vn -0.462881475687027 0.19071361422538757 0.865661084651947 
vn -0.7894189357757568 0.4746735692024231 -0.3892335295677185 
vn 0.05473034083843231 -0.6773548722267151 -0.7336177229881287 
vn -0.5973923206329346 -0.7638098001480103 -0.24437066912651062 
vn 0.8407712578773499 0.07534613460302353 0.5361219048500061 
vn -0.935654878616333 -0.20608654618263245 -0.2864931523799896 
vt 0.3924172818660736 0.5866438746452332 
vt 0.41026806831359863 0.5635754466056824 
vt 0.4194929599761963 0.6182428002357483 
vt 0.44081807136535645 0.5956549644470215 
vt 0.4738839864730835 0.5994997024536133 
vt 0.4577104449272156 0.5536031723022461 
vt 0.4870624244213104 0.5533629059791565 
vt 0.500600278377533 0.5986586809158325 
vt 0.518810510635376 0.5533629059791565 
vt 0.5191699266433716 0.5920505523681641 
vt 0.5595438480377197 0.556006133556366 
vt 0.5558299422264099 0.5842409133911133 
vt 0.5246809124946594 0.619564414024353 
vt 0.554272472858429 0.6125958561897278 
vt 0.5564289689064026 0.6354239583015442 
vt 0.5270769596099854 0.6414313912391663 
vt 0.5590646266937256 0.6805996298789978 
vt 0.5329473614692688 0.6849249601364136 
vt 0.40020453929901123 0.8754796385765076 
vt 0.4359061121940613 0.8830490112304688 
vt 0.38822412490844727 0.8926608562469482 
vt 0.41973257064819336 0.8989085555076599 
vt 0.47711870074272156 0.875239372253418 
vt 0.4761602580547333 0.8937421441078186 
vt 0.532108724117279 0.8722356557846069 
vt 0.5311502814292908 0.8912190794944763 
vt 0.5806293487548828 0.8710342049598694 
vt 0.5775144696235657 0.890498161315918 
vt 0.626154899597168 0.8661081194877625 
vt 0.6254360675811768 0.8868937492370605 
vt 0.6661694049835205 0.8643059134483337 
vt 0.6673674583435059 0.8852116465568542 
vt 0.7272694706916809 0.8663484454154968 
vt 0.7305041551589966 0.8796848654747009 
vt 0.7747118473052979 0.8836497068405151 
vt 0.7737534046173096 0.8705536127090454 
vt 0.8360514640808105 0.8877347707748413 
vt 0.8348534107208252 0.873797595500946 
vt 0.8834938406944275 0.8932615518569946 
vt 0.8812175989151001 0.8780027627944946 
vt 0.9818529486656189 0.896986186504364 
vt 0.9759825468063354 0.8812467455863953 
vt 0.6193260550498962 0.04741964861750603 
vt 0.6284311413764954 0.030719077214598656 
vt 0.6229201555252075 0.04657861217856407 
vt 0.6304678320884705 0.03708692267537117 
vt 0.14550122618675232 0.10064521431922913 
vt 0.15568456053733826 0.16336247324943542 
vt 0.13759416341781616 0.09968402981758118 
vt 0.14753788709640503 0.16540499031543732 
vt 0.16514907777309418 0.2323274165391922 
vt 0.15532515943050385 0.23461022973060608 
vt 0.17473340034484863 0.3182332515716553 
vt 0.16335201263427734 0.3157101273536682 
vt 0.17341555655002594 0.3648506700992584 
vt 0.16323222219944 0.3590835630893707 
vt 0.18024438619613647 0.40978601574897766 
vt 0.1675451546907425 0.40425920486450195 
vt 0.1887504607439041 0.4508766233921051 
vt 0.17113928496837616 0.4472721815109253 
vt 0.2010902762413025 0.4888434112071991 
vt 0.18144242465496063 0.49581199884414673 
vt 0.18994851410388947 0.5394257307052612 
vt 0.17653046548366547 0.5549247860908508 
vt 0.19905361533164978 0.6145182251930237 
vt 0.1800047755241394 0.6208860278129578 
vt 0.1971367448568344 0.7018657922744751 
vt 0.1779681146144867 0.7012650370597839 
vt 0.19090694189071655 0.7709509134292603 
vt 0.17305614054203033 0.7695091366767883 
vt 0.19833478331565857 0.8333077430725098 
vt 0.1779681146144867 0.8391949534416199 
vt 0.21810245513916016 0.8731968402862549 
vt 0.19857439398765564 0.8802855610847473 
vt 0.23104128241539001 0.8966256976127625 
vt 0.21343009173870087 0.9061173796653748 
vt 0.2440999150276184 0.9160897135734558 
vt 0.23247893154621124 0.9337514638900757 
vt 0.5428910851478577 0.37350133061408997 
vt 0.5369008779525757 0.41158825159072876 
vt 0.49892303347587585 0.36785435676574707 
vt 0.4932922422885895 0.40389877557754517 
vt 0.531869113445282 0.440784215927124 
vt 0.4883802831172943 0.4335753321647644 
vt 0.5226442217826843 0.4770689010620117 
vt 0.48718222975730896 0.4771890342235565 
vt 0.45555397868156433 0.47694873809814453 
vt 0.4870624244213104 0.5029007196426392 
vt 0.4563926160335541 0.5029007196426392 
vt 0.5576269626617432 0.47694873809814453 
vt 0.5576269626617432 0.4871613383293152 
vt 0.519888699054718 0.502780556678772 
vt 0.5577467679977417 0.5203222036361694 
vt 0.5180916786193848 0.5361816883087158 
vt 0.12333748489618301 0.10028477013111115 
vt 0.1340000331401825 0.16624602675437927 
vt 0.10656492412090302 0.10220713913440704 
vt 0.11231551319360733 0.17369519174098969 
vt 0.13915161788463593 0.23665274679660797 
vt 0.11638884991407394 0.236172154545784 
vt 0.14669926464557648 0.3160705864429474 
vt 0.11854532361030579 0.31282657384872437 
vt 0.15017357468605042 0.35872310400009155 
vt 0.12393650412559509 0.3592036962509155 
vt 0.034323111176490784 0.586043119430542 
vt 0.04582429677248001 0.5867640376091003 
vt 0.026176439598202705 0.592531144618988 
vt 0.053012534976005554 0.5922908186912537 
vt 0.9798162579536438 0.9470878839492798 
vt 0.8834938406944275 0.9416812062263489 
vt 0.9750241041183472 0.9139270186424255 
vt 0.8752273917198181 0.9102024435997009 
vt 0.7096582651138306 0.24842725694179535 
vt 0.7255921959877014 0.19496139883995056 
vt 0.7173256874084473 0.2535936236381531 
vt 0.7380518317222595 0.19748450815677643 
vt 0.274290531873703 0.9738808870315552 
vt 0.25368422269821167 0.9559788107872009 
vt 0.2936987578868866 0.9592227935791016 
vt 0.26877954602241516 0.9418013691902161 
vt 0.2440999150276184 0.9160897135734558 
vt 0.23247893154621124 0.9337514638900757 
vt 0.21834205090999603 0.9428827166557312 
vt 0.2413444221019745 0.9677533507347107 
vt 0.26231011748313904 0.9893799424171448 
vt 0.274290531873703 0.9738808870315552 
vt 0.7521886825561523 0.26921287178993225 
vt 0.7451202273368835 0.26140323281288147 
vt 0.7836971282958984 0.22307603061199188 
vt 0.776269257068634 0.21034033596515656 
vt 0.5981207489967346 0.17946229875087738 
vt 0.6363382339477539 0.22788195312023163 
vt 0.5801501274108887 0.18991518020629883 
vt 0.6092625260353088 0.2457839995622635 
vt 0.6836608052253723 0.29023876786231995 
vt 0.6541889905929565 0.3099430203437805 
vt 0.727748692035675 0.3485105335712433 
vt 0.6994749307632446 0.3689357042312622 
vt 0.7602155208587646 0.39104291796684265 
vt 0.7320616245269775 0.41182854771614075 
vt 0.7922031879425049 0.42516496777534485 
vt 0.7591373324394226 0.4508766233921051 
vt 0.8101738095283508 0.44030362367630005 
vt 0.7719563245773315 0.4732241630554199 
vt 0.5573873519897461 0.1943606585264206 
vt 0.5729618668556213 0.19676361978054047 
vt 0.5788322687149048 0.2551555335521698 
vt 0.59931880235672 0.25203168392181396 
vt 0.6254360675811768 0.32676374912261963 
vt 0.6444848775863647 0.31715190410614014 
vt 0.6647317409515381 0.37386175990104675 
vt 0.6858172416687012 0.3707379102706909 
vt 0.697318434715271 0.41795608401298523 
vt 0.7174454927444458 0.41375091671943665 
vt 0.7206802368164062 0.4584459662437439 
vt 0.742364764213562 0.453279584646225 
vt 0.7300249338150024 0.4848785102367401 
vt 0.752548098564148 0.47827038168907166 
vt 0.7411667108535767 0.5114312171936035 
vt 0.7627314329147339 0.5093886852264404 
vt 0.7611739635467529 0.5409876108169556 
vt 0.26530522108078003 0.6630579829216003 
vt 0.2666230797767639 0.6509230732917786 
vt 0.3038821220397949 0.6599341630935669 
vt 0.30088701844215393 0.6470783352851868 
vt 0.36234647035598755 0.6719489693641663 
vt 0.35791370272636414 0.6557289958000183 
vt 0.287708580493927 0.8021894097328186 
vt 0.3326350748538971 0.817087709903717 
vt 0.27081620693206787 0.8239361643791199 
vt 0.3169407546520233 0.8426792621612549 
vt 0.38474979996681213 0.836311399936676 
vt 0.3704931437969208 0.8653872609138489 
vt 0.9490266442298889 0.8172078728675842 
vt 0.9516623616218567 0.8081967830657959 
vt 0.9517821669578552 0.8287420868873596 
vt 0.9582515358924866 0.8306644558906555 
vt 0.9607674479484558 0.8140840530395508 
vt 0.96412193775177 0.8253779411315918 
vt 0.21750342845916748 0.695978581905365 
vt 0.21331028640270233 0.687568187713623 
vt 0.26530522108078003 0.6630579829216003 
vt 0.2666230797767639 0.6509230732917786 
vt 0.9588505625724792 0.1734548956155777 
vt 0.9752637147903442 0.1925584375858307 
vt 0.9497454762458801 0.19712406396865845 
vt 0.9695131182670593 0.21238285303115845 
vt 0.943276047706604 0.2189909964799881 
vt 0.9569337368011475 0.23280800879001617 
vt 0.9392027258872986 0.25155109167099 
vt 0.9556158781051636 0.24698548018932343 
vt 0.9453127384185791 0.3106639087200165 
vt 0.9556158781051636 0.3064587414264679 
vt 0.9528603553771973 0.3650909662246704 
vt 0.9643615484237671 0.36605215072631836 
vt 0.9593297839164734 0.4093054234981537 
vt 0.9741854667663574 0.41206884384155273 
vt 0.9599288105964661 0.45183780789375305 
vt 0.9725082516670227 0.456043004989624 
vt 0.965679407119751 0.49557170271873474 
vt 0.9807747006416321 0.4967731833457947 
vt 0.9632833003997803 0.5468748807907104 
vt 0.9758627414703369 0.5449525117874146 
vt 0.9569337368011475 0.608270525932312 
vt 0.9689140915870667 0.6055071353912354 
vt 0.9529801607131958 0.6623371243476868 
vt 0.9654397964477539 0.6565700173377991 
vt 0.9483078122138977 0.6781966686248779 
vt 0.9595693945884705 0.6814406514167786 
vt 0.9442344903945923 0.6902114748954773 
vt 0.9533395767211914 0.700303852558136 
vt 0.9413592219352722 0.7049896717071533 
vt 0.9503445029258728 0.7172447443008423 
vt 0.9332125186920166 0.7266163229942322 
vt 0.9442344903945923 0.7353870868682861 
vt 0.9169191718101501 0.7596569657325745 
vt 0.9278213381767273 0.7721523642539978 
vt 0.885410726070404 0.8222541213035583 
vt 0.8947554230690002 0.8361912965774536 
vt 0.37971803545951843 0.9103226065635681 
vt 0.38822412490844727 0.8926608562469482 
vt 0.4107472896575928 0.9148882031440735 
vt 0.41973257064819336 0.8989085555076599 
vt 0.4802336096763611 0.9121248126029968 
vt 0.4761602580547333 0.8937421441078186 
vt 0.5359424352645874 0.9111636281013489 
vt 0.5311502814292908 0.8912190794944763 
vt 0.579551100730896 0.9115240573883057 
vt 0.5775144696235657 0.890498161315918 
vt 0.6271132826805115 0.9085203409194946 
vt 0.6254360675811768 0.8868937492370605 
vt 0.6688051223754883 0.9076793193817139 
vt 0.6673674583435059 0.8852116465568542 
vt 0.7284674644470215 0.9068382978439331 
vt 0.7305041551589966 0.8796848654747009 
vt 0.7697998881340027 0.9061173796653748 
vt 0.7747118473052979 0.8836497068405151 
vt 0.8360514640808105 0.8877347707748413 
vt 0.8293424844741821 0.9062375426292419 
vt 0.8834938406944275 0.8932615518569946 
vt 0.8752273917198181 0.9102024435997009 
vt 0.9818529486656189 0.896986186504364 
vt 0.9750241041183472 0.9139270186424255 
vt 0.7621324062347412 0.6983815431594849 
vt 0.7530273199081421 0.6810802221298218 
vt 0.7851347923278809 0.6982613801956177 
vt 0.7866922616958618 0.6836032867431641 
vt 0.8081371188163757 0.7015053629875183 
vt 0.8144867420196533 0.6878085136413574 
vt 0.8281444311141968 0.7076328992843628 
vt 0.8341346383094788 0.6934554576873779 
vt 0.8367702960968018 0.3021334111690521 
vt 0.7943596839904785 0.30705946683883667 
vt 0.8400050401687622 0.2968468964099884 
vt 0.7959171533584595 0.3021334111690521 
vt 0.6124972105026245 0.1619206964969635 
vt 0.6564652919769287 0.20325160026550293 
vt 0.6050693392753601 0.17189297080039978 
vt 0.645203709602356 0.2173089236021042 
vt 0.7081007957458496 0.26933300495147705 
vt 0.6936045289039612 0.28074705600738525 
vt 0.7428439855575562 0.3175123631954193 
vt 0.7333794236183167 0.334573358297348 
vt 0.775191068649292 0.3598044514656067 
vt 0.7660859227180481 0.3768654763698578 
vt 0.8082569241523743 0.3898414373397827 
vt 0.7984330058097839 0.4091852903366089 
vt 0.82994145154953 0.40281742811203003 
vt 0.8177214860916138 0.4226418435573578 
vt 0.8549805283546448 0.41399121284484863 
vt 0.8480318784713745 0.4376603662967682 
vt 0.8769046664237976 0.4126695692539215 
vt 0.8748679757118225 0.4435476064682007 
vt 0.8344940543174744 0.21430522203445435 
vt 0.846354603767395 0.20144937932491302 
vt 0.8537824749946594 0.23112593591213226 
vt 0.8591736555099487 0.21670818328857422 
vt 0.8709144592285156 0.2342497855424881 
vt 0.8642054200172424 0.20481352508068085 
vt 0.8758264183998108 0.22367677092552185 
vt 0.8425208926200867 0.186671182513237 
vt 0.9154815077781677 0.6709877848625183 
vt 0.8996673822402954 0.6755533814430237 
vt 0.9178776144981384 0.6498417258262634 
vt 0.9025427103042603 0.6620967984199524 
vt 0.9237480163574219 0.5981780886650085 
vt 0.912246823310852 0.6004608869552612 
vt 0.9320144653320312 0.539786159992218 
vt 0.920872688293457 0.5436308979988098 
vt 0.9304570555686951 0.5006179213523865 
vt 0.9184766411781311 0.5049432516098022 
vt 0.9309362769126892 0.4603683352470398 
vt 0.920872688293457 0.4637324810028076 
vt 0.9243470430374146 0.4169948995113373 
vt 0.9151220917701721 0.41951799392700195 
vt 0.9199143052101135 0.3686954081058502 
vt 0.9141637086868286 0.372780442237854 
vt 0.9136844873428345 0.32460108399391174 
vt 0.904459536075592 0.3238801956176758 
vt 0.9006258249282837 0.26008161902427673 
vt 0.8905622959136963 0.2611629366874695 
vt 0.9037407636642456 0.5922908186912537 
vt 0.9129656553268433 0.5379839539527893 
vt 0.9099705219268799 0.503261148929596 
vt 0.9115279912948608 0.46481379866600037 
vt 0.9032615423202515 0.422521710395813 
vt 0.9036209583282471 0.37770649790763855 
vt 0.9141637086868286 0.372780442237854 
vt 0.8928385972976685 0.32207798957824707 
vt 0.904459536075592 0.3238801956176758 
vt 0.8787016868591309 0.2606823444366455 
vt 0.8905622959136963 0.2611629366874695 
vt 0.8652836680412292 0.2472257763147354 
vt 0.9784984588623047 0.9730398654937744 
vt 0.8864889740943909 0.9655906558036804 
vt 0.9829311966896057 0.9588623642921448 
vt 0.8890048265457153 0.9527348279953003 
vt 0.8426406979560852 0.9623466730117798 
vt 0.8455159664154053 0.9498512744903564 
vt 0.840364396572113 0.9368752837181091 
vt 0.7832179069519043 0.9391580820083618 
vt 0.7876506447792053 0.9536960124969482 
vt 0.737932026386261 0.9414409399032593 
vt 0.7424845695495605 0.961505651473999 
vt 0.6803062558174133 0.9657108187675476 
vt 0.6763527393341064 0.9442043304443359 
vt 0.6338223218917847 0.968834638595581 
vt 0.630587637424469 0.9466072916984558 
vt 0.5859007239341736 0.969315230846405 
vt 0.5835046768188477 0.9479289054870605 
vt 0.5414534211158752 0.9705167412757874 
vt 0.5421722531318665 0.9500916004180908 
vt 0.48742184042930603 0.9703965783119202 
vt 0.48885947465896606 0.9504520297050476 
vt 0.4279990494251251 0.9736405611038208 
vt 0.4181751310825348 0.9579011797904968 
vt 0.40691354870796204 0.9788069725036621 
vt 0.39217767119407654 0.9699159860610962 
vt 0.3084346652030945 0.8990286588668823 
vt 0.2916620969772339 0.9123650789260864 
vt 0.3020850419998169 0.8972264528274536 
vt 0.29286015033721924 0.9023928046226501 
vt 0.9277015328407288 0.25383391976356506 
vt 0.9363274574279785 0.31282657384872437 
vt 0.9006258249282837 0.26008161902427673 
vt 0.9136844873428345 0.32460108399391174 
vt 0.9456721544265747 0.36473050713539124 
vt 0.9199143052101135 0.3686954081058502 
vt 0.9504643082618713 0.4095457196235657 
vt 0.9243470430374146 0.4169948995113373 
vt 0.9521415829658508 0.4524385631084442 
vt 0.9309362769126892 0.4603683352470398 
vt 0.9505841135978699 0.4941299259662628 
vt 0.9304570555686951 0.5006179213523865 
vt 0.9509435296058655 0.5438711643218994 
vt 0.9320144653320312 0.539786159992218 
vt 0.9433958530426025 0.6059877276420593 
vt 0.9237480163574219 0.5981780886650085 
vt 0.9357284307479858 0.66197669506073 
vt 0.9178776144981384 0.6498417258262634 
vt 0.8571369647979736 0.8138437271118164 
vt 0.8482714891433716 0.8154056668281555 
vt 0.8878068327903748 0.7536495923995972 
vt 0.8758264183998108 0.7553316950798035 
vt 0.9007456302642822 0.7209693193435669 
vt 0.8874474167823792 0.718566358089447 
vt 0.9072150588035583 0.7021061182022095 
vt 0.8952346444129944 0.7011449337005615 
vt 0.9157211184501648 0.6876883506774902 
vt 0.9009852409362793 0.6858861446380615 
vt 0.9154815077781677 0.6709877848625183 
vt 0.8996673822402954 0.6755533814430237 
vt 0.4554341733455658 0.20505382120609283 
vt 0.45052221417427063 0.19748450815677643 
vt 0.503475546836853 0.20156952738761902 
vt 0.5015587210655212 0.1979651004076004 
vt 0.6328638792037964 0.6104331612586975 
vt 0.6299886107444763 0.6075496077537537 
vt 0.6321450471878052 0.5884460806846619 
vt 0.6303480267524719 0.5920505523681641 
vt 0.4504024088382721 0.16828854382038116 
vt 0.4919743835926056 0.18066377937793732 
vt 0.44656866788864136 0.18006303906440735 
vt 0.494610071182251 0.18390777707099915 
vt 0.804662823677063 0.6325404047966003 
vt 0.8208363652229309 0.6213666200637817 
vt 0.8162838220596313 0.6446753740310669 
vt 0.8283840417861938 0.6319396495819092 
vt 0.8748679757118225 0.8161265254020691 
vt 0.9049387574195862 0.7568935751914978 
vt 0.885410726070404 0.8222541213035583 
vt 0.9169191718101501 0.7596569657325745 
vt 0.9207528829574585 0.7263759970664978 
vt 0.9332125186920166 0.7266163229942322 
vt 0.92842036485672 0.7010247707366943 
vt 0.9413592219352722 0.7049896717071533 
vt 0.9329729080200195 0.6878085136413574 
vt 0.9442344903945923 0.6902114748954773 
vt 0.6450839042663574 0.0630388930439949 
vt 0.6509543061256409 0.06460081040859222 
vt 0.6706021428108215 0.07589472830295563 
vt 0.6763527393341064 0.07277087867259979 
vt 0.7024700045585632 0.08298345655202866 
vt 0.7058245539665222 0.07673576474189758 
vt 0.7327804565429688 0.08863041549921036 
vt 0.7332596182823181 0.07901857048273087 
vt 0.7775871157646179 0.0934363305568695 
vt 0.7708780765533447 0.0802200511097908 
vt 0.8373693227767944 0.10833468288183212 
vt 0.8343742489814758 0.0839446410536766 
vt 0.9162003397941589 0.09668032824993134 
vt 0.9106893539428711 0.08070064336061478 
vt 0.9770607948303223 0.08899085968732834 
vt 0.9759825468063354 0.07973945885896683 
vt 0.8208363652229309 0.6213666200637817 
vt 0.8358118534088135 0.6183629631996155 
vt 0.8283840417861938 0.6319396495819092 
vt 0.8416822552680969 0.6297770142555237 
vt 0.9357284307479858 0.66197669506073 
vt 0.9433958530426025 0.6059877276420593 
vt 0.9529801607131958 0.6623371243476868 
vt 0.9569337368011475 0.608270525932312 
vt 0.9509435296058655 0.5438711643218994 
vt 0.9632833003997803 0.5468748807907104 
vt 0.9505841135978699 0.4941299259662628 
vt 0.965679407119751 0.49557170271873474 
vt 0.9521415829658508 0.4524385631084442 
vt 0.9599288105964661 0.45183780789375305 
vt 0.9504643082618713 0.4095457196235657 
vt 0.9593297839164734 0.4093054234981537 
vt 0.9456721544265747 0.36473050713539124 
vt 0.9528603553771973 0.3650909662246704 
vt 0.9363274574279785 0.31282657384872437 
vt 0.9453127384185791 0.3106639087200165 
vt 0.9277015328407288 0.25383391976356506 
vt 0.9392027258872986 0.25155109167099 
vt 0.9306966662406921 0.20841796696186066 
vt 0.943276047706604 0.2189909964799881 
vt 0.9330927133560181 0.18558984994888306 
vt 0.9497454762458801 0.19712406396865845 
vt 0.9588505625724792 0.1734548956155777 
vt 0.9438750743865967 0.15903714299201965 
vt 0.6509543061256409 0.06460081040859222 
vt 0.6450839042663574 0.0630388930439949 
vt 0.6229201555252075 0.04657861217856407 
vt 0.6193260550498962 0.04741964861750603 
vt 0.6743161082267761 0.03732721880078316 
vt 0.7005531787872314 0.03540484979748726 
vt 0.674915075302124 0.04621817171573639 
vt 0.7046265006065369 0.04429580271244049 
vt 0.7236753106117249 0.03216085582971573 
vt 0.7294259071350098 0.04129210114479065 
vt 0.7738732099533081 0.0260333064943552 
vt 0.7743524312973022 0.03480410948395729 
vt 0.8521052002906799 0.008371549658477306 
vt 0.8439585566520691 0.027715377509593964 
vt 0.9271025061607361 0.017863241955637932 
vt 0.9203934669494629 0.03192055970430374 
vt 0.990718424320221 0.023269902914762497 
vt 0.9876035451889038 0.03516455367207527 
vt 0.456153005361557 0.43838125467300415 
vt 0.4221286475658417 0.45724448561668396 
vt 0.40188178420066833 0.4166344404220581 
vt 0.41841474175453186 0.4675772190093994 
vt 0.4041580557823181 0.4851188063621521 
vt 0.4571114182472229 0.5365421772003174 
vt 0.4043976664543152 0.5247676372528076 
vt 0.3587523400783539 0.5150356888771057 
vt 0.36330488324165344 0.4776696264743805 
vt 0.30591878294944763 0.503261148929596 
vt 0.31442487239837646 0.4676973521709442 
vt 0.8277850151062012 0.7250543832778931 
vt 0.8092153668403625 0.7182059288024902 
vt 0.8281444311141968 0.7076328992843628 
vt 0.8081371188163757 0.7015053629875183 
vt 0.7819000482559204 0.7148417830467224 
vt 0.7851347923278809 0.6982613801956177 
vt 0.7621324062347412 0.6983815431594849 
vt 0.7520688772201538 0.7164037227630615 
vt 0.6284311413764954 0.030719077214598656 
vt 0.6538295745849609 0.031079521402716637 
vt 0.6304678320884705 0.03708692267537117 
vt 0.652990996837616 0.04009062051773071 
vt 0.6743161082267761 0.03732721880078316 
vt 0.674915075302124 0.04621817171573639 
vt 0.8087361454963684 0.2114216685295105 
vt 0.771836519241333 0.18222570419311523 
vt 0.8156847953796387 0.1791018545627594 
vt 0.7779465317726135 0.14906485378742218 
vt 0.7194821834564209 0.15375062823295593 
vt 0.7230762839317322 0.11722563952207565 
vt 0.6825825572013855 0.09511840343475342 
vt 0.6783894300460815 0.1312829554080963 
vt 0.6165705323219299 0.11770623177289963 
vt 0.6193260550498962 0.07997975498437881 
vt 0.5686489343643188 0.10785409063100815 
vt 0.5754777789115906 0.07156939804553986 
vt 0.5189303159713745 0.09487810730934143 
vt 0.5270769596099854 0.05775237828493118 
vt 0.47580084204673767 0.0821424201130867 
vt 0.4832287132740021 0.04153239727020264 
vt 0.4242851436138153 0.061356816440820694 
vt 0.42716044187545776 0.022188570350408554 
vt 0.4349476993083954 0.2873552143573761 
vt 0.43878141045570374 0.270053893327713 
vt 0.49484968185424805 0.3172720670700073 
vt 0.4973655641078949 0.3006916344165802 
vt 0.5419326424598694 0.3578820824623108 
vt 0.5530744194984436 0.33793750405311584 
vt 0.5908126831054688 0.3772259056568146 
vt 0.6029129028320312 0.3632887303829193 
vt 0.2732122838497162 0.593492329120636 
vt 0.2649458050727844 0.593492329120636 
vt 0.2812391519546509 0.5290929675102234 
vt 0.27069640159606934 0.5276511907577515 
vt 0.2856718897819519 0.4968933165073395 
vt 0.2726132571697235 0.4977343678474426 
vt 0.2897452414035797 0.4245642125606537 
vt 0.2759677767753601 0.4256455600261688 
vt 0.29657405614852905 0.3446657955646515 
vt 0.28040051460266113 0.3441852033138275 
vt 0.2970532774925232 0.2781037986278534 
vt 0.2795619070529938 0.28110751509666443 
vt 0.28890660405158997 0.17477652430534363 
vt 0.2746499478816986 0.1769391894340515 
vt 0.2944175899028778 0.10040491819381714 
vt 0.2789628803730011 0.09908328950405121 
vt 0.3121486008167267 0.055229268968105316 
vt 0.2953760325908661 0.047059204429388046 
vt 0.3359895944595337 0.03420336917042732 
vt 0.32544684410095215 0.010774509981274605 
vt 0.17113928496837616 0.4472721815109253 
vt 0.15340828895568848 0.44811323285102844 
vt 0.1675451546907425 0.40425920486450195 
vt 0.15268945693969727 0.4031778872013092 
vt 0.16323222219944 0.3590835630893707 
vt 0.15017357468605042 0.35872310400009155 
vt 0.16335201263427734 0.3157101273536682 
vt 0.14669926464557648 0.3160705864429474 
vt 0.15532515943050385 0.23461022973060608 
vt 0.13915161788463593 0.23665274679660797 
vt 0.14753788709640503 0.16540499031543732 
vt 0.1340000331401825 0.16624602675437927 
vt 0.13759416341781616 0.09968402981758118 
vt 0.12333748489618301 0.10028477013111115 
vt 0.6321450471878052 0.5884460806846619 
vt 0.6337025165557861 0.5914497971534729 
vt 0.6328638792037964 0.6104331612586975 
vt 0.6362184286117554 0.6080302000045776 
vt 0.11507100611925125 0.9271433353424072 
vt 0.12333748489618301 0.9150083661079407 
vt 0.16634711623191833 0.9524945616722107 
vt 0.1732957512140274 0.9449251890182495 
vt 0.8400050401687622 0.2968468964099884 
vt 0.7959171533584595 0.3021334111690521 
vt 0.8367702960968018 0.2875955104827881 
vt 0.7935210466384888 0.2948043942451477 
vt 0.7922031879425049 0.2875955104827881 
vt 0.04810057207942009 0.9182523488998413 
vt 0.03180722892284393 0.8990286588668823 
vt 0.06499293446540833 0.8971062898635864 
vt 0.04726194217801094 0.8868937492370605 
vt 0.08224470913410187 0.8723558187484741 
vt 0.061638422310352325 0.8657476902008057 
vt 0.10476786643266678 0.8324666619300842 
vt 0.08332294970750809 0.8273003101348877 
vt 0.11315414309501648 0.7745553255081177 
vt 0.09362608939409256 0.776718020439148 
vt 0.11327394843101501 0.7035478949546814 
vt 0.09290726482868195 0.7063112854957581 
vt 0.11279473453760147 0.615599513053894 
vt 0.09099040180444717 0.6140376329421997 
vt 0.11698786914348602 0.5463942885398865 
vt 0.09566275775432587 0.5320966839790344 
vt 0.11147689074277878 0.4892038404941559 
vt 0.0920686423778534 0.4777897894382477 
vt 0.11267492920160294 0.44763264060020447 
vt 0.09566275775432587 0.4469117522239685 
vt 0.11123728007078171 0.4089449942111969 
vt 0.10105393826961517 0.4109874963760376 
vt 0.11411257833242416 0.3654513955116272 
vt 0.10596590489149094 0.3656916916370392 
vt 0.10512727499008179 0.3163108825683594 
vt 0.09218844771385193 0.3158302903175354 
vt 0.10333021730184555 0.23629230260849 
vt 0.09087059646844864 0.23497067391872406 
vt 0.10153315961360931 0.17309445142745972 
vt 0.09386570006608963 0.17585785686969757 
vt 0.09734001755714417 0.1010056585073471 
vt 0.08811511099338531 0.10581158101558685 
vt 0.12645238637924194 0.44042375683784485 
vt 0.12621277570724487 0.4871613383293152 
vt 0.12944748997688293 0.5532427430152893 
vt 0.11698786914348602 0.5463942885398865 
vt 0.12992671132087708 0.6204054355621338 
vt 0.11279473453760147 0.615599513053894 
vt 0.13076533377170563 0.704268753528595 
vt 0.11327394843101501 0.7035478949546814 
vt 0.12908807396888733 0.7741948962211609 
vt 0.11315414309501648 0.7745553255081177 
vt 0.12333748489618301 0.8395554423332214 
vt 0.10476786643266678 0.8324666619300842 
vt 0.09829844534397125 0.8816072344779968 
vt 0.08224470913410187 0.8723558187484741 
vt 0.07889019697904587 0.9076793193817139 
vt 0.06499293446540833 0.8971062898635864 
vt 0.05900273472070694 0.935793936252594 
vt 0.04810057207942009 0.9182523488998413 
vt 0.12273846566677094 0.4012555181980133 
vt 0.11411257833242416 0.3654513955116272 
vt 0.12393650412559509 0.3592036962509155 
vt 0.10512727499008179 0.3163108825683594 
vt 0.11854532361030579 0.31282657384872437 
vt 0.10333021730184555 0.23629230260849 
vt 0.11638884991407394 0.236172154545784 
vt 0.10153315961360931 0.17309445142745972 
vt 0.11231551319360733 0.17369519174098969 
vt 0.09734001755714417 0.1010056585073471 
vt 0.10656492412090302 0.10220713913440704 
vt 0.17437398433685303 0.9341118931770325 
vt 0.13088513910770416 0.8999898433685303 
vt 0.17916615307331085 0.9293059706687927 
vt 0.13843278586864471 0.8941026329994202 
vt 0.8706748485565186 0.5593702793121338 
vt 0.8580954074859619 0.5664590001106262 
vt 0.8735501170158386 0.5486770868301392 
vt 0.8574963808059692 0.5627344250679016 
vt 0.5866195559501648 0.05438823252916336 
vt 0.5830254554748535 0.05799267441034317 
vt 0.5845828652381897 0.047059204429388046 
vt 0.5803897380828857 0.041171953082084656 
vt 0.5779936909675598 0.056190453469753265 
vt 0.5766758322715759 0.04874127730727196 
vt 0.36138802766799927 0.04105180501937866 
vt 0.33107760548591614 0.06928658485412598 
vt 0.3359895944595337 0.03420336917042732 
vt 0.3121486008167267 0.055229268968105316 
vt 0.3102317154407501 0.10581158101558685 
vt 0.2944175899028778 0.10040491819381714 
vt 0.3007672131061554 0.17453622817993164 
vt 0.28890660405158997 0.17477652430534363 
vt 0.3139456510543823 0.27485981583595276 
vt 0.2970532774925232 0.2781037986278534 
vt 0.3114297688007355 0.3468284606933594 
vt 0.29657405614852905 0.3446657955646515 
vt 0.2988503575325012 0.4266067445278168 
vt 0.2897452414035797 0.4245642125606537 
vt 0.29561564326286316 0.502299964427948 
vt 0.2856718897819519 0.4968933165073395 
vt 0.2890264093875885 0.5349802374839783 
vt 0.2812391519546509 0.5290929675102234 
vt 0.2789628803730011 0.5973370671272278 
vt 0.2732122838497162 0.593492329120636 
vt 0.9876035451889038 0.03516455367207527 
vt 0.9854470491409302 0.04297417402267456 
vt 0.9203934669494629 0.03192055970430374 
vt 0.9146429300308228 0.042133137583732605 
vt 0.8439585566520691 0.027715377509593964 
vt 0.8376089334487915 0.04273387789726257 
vt 0.7743524312973022 0.03480410948395729 
vt 0.7723157405853271 0.0441756546497345 
vt 0.7294259071350098 0.04129210114479065 
vt 0.7300249338150024 0.049342017620801926 
vt 0.7046265006065369 0.04429580271244049 
vt 0.7060641646385193 0.05078379437327385 
vt 0.674915075302124 0.04621817171573639 
vt 0.6781498193740845 0.051624830812215805 
vt 0.652990996837616 0.04009062051773071 
vt 0.657423734664917 0.0440555065870285 
vt 0.6304678320884705 0.03708692267537117 
vt 0.6323846578598022 0.04009062051773071 
vt 0.6525117754936218 0.055229268968105316 
vt 0.6260350942611694 0.04561743140220642 
vt 0.6777904033660889 0.06327918916940689 
vt 0.7060641646385193 0.05078379437327385 
vt 0.7073819637298584 0.06652317941188812 
vt 0.7300249338150024 0.049342017620801926 
vt 0.7349368929862976 0.06832540035247803 
vt 0.7723157405853271 0.0441756546497345 
vt 0.7689612507820129 0.068805992603302 
vt 0.8376089334487915 0.04273387789726257 
vt 0.8362910747528076 0.06604258716106415 
vt 0.9146429300308228 0.042133137583732605 
vt 0.9105695486068726 0.06580229103565216 
vt 0.9854470491409302 0.04297417402267456 
vt 0.9780192375183105 0.06676347553730011 
vt 0.7380518317222595 0.19748450815677643 
vt 0.7482351660728455 0.19964717328548431 
vt 0.7173256874084473 0.2535936236381531 
vt 0.7248733639717102 0.2585196793079376 
vt 0.19953282177448273 0.01978560909628868 
vt 0.2286452054977417 0.0498226098716259 
vt 0.19521988928318024 0.035885442048311234 
vt 0.2128310650587082 0.061356816440820694 
vt 0.2403859943151474 0.09860269725322723 
vt 0.22576990723609924 0.10352876782417297 
vt 0.24086520075798035 0.17838096618652344 
vt 0.23008285462856293 0.1791018545627594 
vt 0.24889206886291504 0.27161580324172974 
vt 0.23439578711986542 0.2704143524169922 
vt 0.25332483649253845 0.3402203321456909 
vt 0.23918795585632324 0.33949944376945496 
vt 0.25703874230384827 0.4276880621910095 
vt 0.24517814815044403 0.42696717381477356 
vt 0.254882276058197 0.48980459570884705 
vt 0.24218304455280304 0.49196726083755493 
vt 0.2530852258205414 0.5218840837478638 
vt 0.2413444221019745 0.5256087183952332 
vt 0.2527258098125458 0.5903684496879578 
vt 0.24158403277397156 0.5926512479782104 
vt 0.785614013671875 0.9678734540939331 
vt 0.7876506447792053 0.9536960124969482 
vt 0.7424845695495605 0.961505651473999 
vt 0.7394894361495972 0.980729341506958 
vt 0.6803062558174133 0.9657108187675476 
vt 0.6799468398094177 0.9837329983711243 
vt 0.6338223218917847 0.968834638595581 
vt 0.6341817378997803 0.9848143458366394 
vt 0.5859007239341736 0.969315230846405 
vt 0.5868591666221619 0.9857755303382874 
vt 0.5414534211158752 0.9705167412757874 
vt 0.5401356220245361 0.9863762855529785 
vt 0.48742184042930603 0.9703965783119202 
vt 0.48873966932296753 0.9845740795135498 
vt 0.4279990494251251 0.9736405611038208 
vt 0.44752711057662964 0.9808494448661804 
vt 0.40691354870796204 0.9788069725036621 
vt 0.41541963815689087 0.992503821849823 
vt 0.7615333795547485 0.5576881766319275 
vt 0.7826188802719116 0.5650172233581543 
vt 0.7458390593528748 0.6023832559585571 
vt 0.7664453387260437 0.6041854619979858 
vt 0.7037878632545471 0.651523768901825 
vt 0.718164324760437 0.6606550216674805 
vt 0.6491572260856628 0.6876883506774902 
vt 0.6588613390922546 0.7051097750663757 
vt 0.5942869782447815 0.706791877746582 
vt 0.5999177694320679 0.7224110960960388 
vt 0.5390573740005493 0.7323833703994751 
vt 0.5357028245925903 0.7178454995155334 
vt 0.4671749770641327 0.7368288636207581 
vt 0.472566157579422 0.7460802793502808 
vt 0.403678834438324 0.7500451803207397 
vt 0.4077521860599518 0.7576144933700562 
vt 0.34761056303977966 0.7643427848815918 
vt 0.781181275844574 0.536301851272583 
vt 0.7826188802719116 0.5650172233581543 
vt 0.7611739635467529 0.5409876108169556 
vt 0.7615333795547485 0.5576881766319275 
vt 0.8984693884849548 0.42852911353111267 
vt 0.8942762017250061 0.4473923444747925 
vt 0.8769046664237976 0.4126695692539215 
vt 0.8748679757118225 0.4435476064682007 
vt 0.025098204612731934 0.9355536699295044 
vt 0.04774115979671478 0.9186127781867981 
vt 0.030848795548081398 0.9510527849197388 
vt 0.052173908799886703 0.9363946914672852 
vt 0.04810057207942009 0.9182523488998413 
vt 0.05900273472070694 0.935793936252594 
vt 0.8890048265457153 0.4621705412864685 
vt 0.8716332912445068 0.46553468704223633 
vt 0.8942762017250061 0.4473923444747925 
vt 0.8748679757118225 0.4435476064682007 
vt 0.8416822552680969 0.6297770142555237 
vt 0.8579756021499634 0.6320598125457764 
vt 0.849709153175354 0.6480395197868347 
vt 0.8673202991485596 0.6504424810409546 
vt 0.1578410416841507 0.7666255831718445 
vt 0.160237118601799 0.843280017375946 
vt 0.12908807396888733 0.7741948962211609 
vt 0.12333748489618301 0.8395554423332214 
vt 0.5981207489967346 0.17946229875087738 
vt 0.6050693392753601 0.17189297080039978 
vt 0.6363382339477539 0.22788195312023163 
vt 0.645203709602356 0.2173089236021042 
vt 0.6836608052253723 0.29023876786231995 
vt 0.6936045289039612 0.28074705600738525 
vt 0.727748692035675 0.3485105335712433 
vt 0.7333794236183167 0.334573358297348 
vt 0.7602155208587646 0.39104291796684265 
vt 0.7660859227180481 0.3768654763698578 
vt 0.7922031879425049 0.42516496777534485 
vt 0.7984330058097839 0.4091852903366089 
vt 0.8101738095283508 0.44030362367630005 
vt 0.8177214860916138 0.4226418435573578 
vt 0.8456357717514038 0.456043004989624 
vt 0.8480318784713745 0.4376603662967682 
vt 0.8748679757118225 0.4435476064682007 
vt 0.776269257068634 0.21034033596515656 
vt 0.7451202273368835 0.26140323281288147 
vt 0.7664453387260437 0.20817767083644867 
vt 0.7352963089942932 0.26332560181617737 
vt 0.7482351660728455 0.19964717328548431 
vt 0.7248733639717102 0.2585196793079376 
vt 0.7894477248191833 0.2795455753803253 
vt 0.8293424844741821 0.2726971507072449 
vt 0.7922031879425049 0.2875955104827881 
vt 0.8337752223014832 0.28062692284584045 
vt 0.24158403277397156 0.5926512479782104 
vt 0.23187990486621857 0.5916900634765625 
vt 0.2413444221019745 0.5256087183952332 
vt 0.2286452054977417 0.525488555431366 
vt 0.24218304455280304 0.49196726083755493 
vt 0.2290046066045761 0.4906456172466278 
vt 0.24517814815044403 0.42696717381477356 
vt 0.23044225573539734 0.42708733677864075 
vt 0.42009198665618896 0.8035110235214233 
vt 0.45124104619026184 0.8186496496200562 
vt 0.4105076789855957 0.8144444823265076 
vt 0.4447716176509857 0.8262189626693726 
vt 0.45902830362319946 0.821052610874176 
vt 0.4614243805408478 0.8316256403923035 
vt 0.47412359714508057 0.8270600438117981 
vt 0.47568103671073914 0.8334278464317322 
vt 0.49113577604293823 0.8203317523002625 
vt 0.48442673683166504 0.8288622498512268 
vt 0.32748350501060486 0.15110737085342407 
vt 0.38486960530281067 0.1960427314043045 
vt 0.3162219226360321 0.17958244681358337 
vt 0.3721703886985779 0.22427751123905182 
vt 0.45795005559921265 0.24229970574378967 
vt 0.43878141045570374 0.270053893327713 
vt 0.5218055844306946 0.27846425771713257 
vt 0.4973655641078949 0.3006916344165802 
vt 0.5801501274108887 0.31883397698402405 
vt 0.5530744194984436 0.33793750405311584 
vt 0.6224409341812134 0.3405807614326477 
vt 0.6029129028320312 0.3632887303829193 
vt 0.13088513910770416 0.8999898433685303 
vt 0.17437398433685303 0.9341118931770325 
vt 0.12333748489618301 0.9150083661079407 
vt 0.1732957512140274 0.9449251890182495 
vt 0.35791370272636414 0.6557289958000183 
vt 0.30088701844215393 0.6470783352851868 
vt 0.37133175134658813 0.6434738636016846 
vt 0.3139456510543823 0.6347030997276306 
vt 0.2666230797767639 0.6509230732917786 
vt 0.2649458050727844 0.6380672454833984 
vt 0.21331028640270233 0.687568187713623 
vt 0.20767949521541595 0.6763944029808044 
vt 0.7611739635467529 0.5409876108169556 
vt 0.7627314329147339 0.5093886852264404 
vt 0.781181275844574 0.536301851272583 
vt 0.7808218598365784 0.5085476636886597 
vt 0.752548098564148 0.47827038168907166 
vt 0.7719563245773315 0.4732241630554199 
vt 0.742364764213562 0.453279584646225 
vt 0.7591373324394226 0.4508766233921051 
vt 0.7174454927444458 0.41375091671943665 
vt 0.7320616245269775 0.41182854771614075 
vt 0.6858172416687012 0.3707379102706909 
vt 0.6994749307632446 0.3689357042312622 
vt 0.6444848775863647 0.31715190410614014 
vt 0.6541889905929565 0.3099430203437805 
vt 0.59931880235672 0.25203168392181396 
vt 0.6092625260353088 0.2457839995622635 
vt 0.5729618668556213 0.19676361978054047 
vt 0.6260350942611694 0.04561743140220642 
vt 0.6229201555252075 0.04657861217856407 
vt 0.6323846578598022 0.04009062051773071 
vt 0.6304678320884705 0.03708692267537117 
vt 0.4949694871902466 0.1791018545627594 
vt 0.4919743835926056 0.18066377937793732 
vt 0.4608253538608551 0.15591329336166382 
vt 0.4504024088382721 0.16828854382038116 
vt 0.4554341733455658 0.20505382120609283 
vt 0.503475546836853 0.20156952738761902 
vt 0.46166399121284485 0.22235514223575592 
vt 0.5043141841888428 0.2057747095823288 
vt 0.49113577604293823 0.8203317523002625 
vt 0.500600278377533 0.8134832978248596 
vt 0.48442673683166504 0.8288622498512268 
vt 0.4967665374279022 0.8268197178840637 
vt 0.9759825468063354 0.07973945885896683 
vt 0.9106893539428711 0.08070064336061478 
vt 0.9780192375183105 0.06676347553730011 
vt 0.9105695486068726 0.06580229103565216 
vt 0.8343742489814758 0.0839446410536766 
vt 0.8362910747528076 0.06604258716106415 
vt 0.7708780765533447 0.0802200511097908 
vt 0.7689612507820129 0.068805992603302 
vt 0.7332596182823181 0.07901857048273087 
vt 0.7349368929862976 0.06832540035247803 
vt 0.7058245539665222 0.07673576474189758 
vt 0.7073819637298584 0.06652317941188812 
vt 0.6763527393341064 0.07277087867259979 
vt 0.6777904033660889 0.06327918916940689 
vt 0.6509543061256409 0.06460081040859222 
vt 0.6525117754936218 0.055229268968105316 
vt 0.6229201555252075 0.04657861217856407 
vt 0.6260350942611694 0.04561743140220642 
vt 0.8785818815231323 0.5806365013122559 
vt 0.8624083399772644 0.5783536434173584 
vt 0.8706748485565186 0.5593702793121338 
vt 0.8580954074859619 0.5664590001106262 
vt 0.8542616963386536 0.5089080929756165 
vt 0.8371297121047974 0.5077066421508789 
vt 0.8697164058685303 0.47262340784072876 
vt 0.8444377779960632 0.4740651845932007 
vt 0.44656866788864136 0.18006303906440735 
vt 0.494610071182251 0.18390777707099915 
vt 0.45052221417427063 0.19748450815677643 
vt 0.5015587210655212 0.1979651004076004 
vt 0.7966359853744507 0.8479657769203186 
vt 0.7741128206253052 0.8113206624984741 
vt 0.8173620700836182 0.8405166268348694 
vt 0.792442798614502 0.8017088174819946 
vt 0.7208000421524048 0.7720322608947754 
vt 0.7317022085189819 0.7568935751914978 
vt 0.6557464599609375 0.7598972916603088 
vt 0.6604188084602356 0.7423557043075562 
vt 0.6049495935440063 0.7666255831718445 
vt 0.6030327081680298 0.7510063648223877 
vt 0.5442089438438416 0.7715516686439514 
vt 0.5425316691398621 0.7578547596931458 
vt 0.4759206473827362 0.7745553255081177 
vt 0.4805930256843567 0.7638621926307678 
vt 0.40799179673194885 0.7775590419769287 
vt 0.4121849238872528 0.7703501582145691 
vt 0.3491680324077606 0.7872910499572754 
vt 0.3527621328830719 0.7818843722343445 
vt 0.2944175899028778 0.7431967258453369 
vt 0.29920974373817444 0.7522078156471252 
vt 0.2222955822944641 0.7293797135353088 
vt 0.22181637585163116 0.7374296188354492 
vt 0.34796997904777527 0.7925775647163391 
vt 0.3491680324077606 0.7872910499572754 
vt 0.4071531593799591 0.7842873334884644 
vt 0.40799179673194885 0.7775590419769287 
vt 0.4735245704650879 0.7845276594161987 
vt 0.4759206473827362 0.7745553255081177 
vt 0.5446881651878357 0.7882522344589233 
vt 0.5442089438438416 0.7715516686439514 
vt 0.6049495935440063 0.7666255831718445 
vt 0.603751540184021 0.7864499688148499 
vt 0.6501156687736511 0.7833261489868164 
vt 0.6557464599609375 0.7598972916603088 
vt 0.7072621583938599 0.7874111533164978 
vt 0.7208000421524048 0.7720322608947754 
vt 0.7496727705001831 0.818529486656189 
vt 0.7741128206253052 0.8113206624984741 
vt 0.7724355459213257 0.858538806438446 
vt 0.37744176387786865 0.6921338438987732 
vt 0.3873854875564575 0.6988621354103088 
vt 0.32975977659225464 0.7213298082351685 
vt 0.33886489272117615 0.726015567779541 
vt 0.2944175899028778 0.7431967258453369 
vt 0.29920974373817444 0.7522078156471252 
vt 0.27081620693206787 0.8239361643791199 
vt 0.20504380762577057 0.8019490838050842 
vt 0.287708580493927 0.8021894097328186 
vt 0.21247166395187378 0.7796015739440918 
vt 0.7392498254776001 0.5344996452331543 
vt 0.7611739635467529 0.5409876108169556 
vt 0.7343378663063049 0.5554053783416748 
vt 0.7615333795547485 0.5576881766319275 
vt 0.2527258098125458 0.5903684496879578 
vt 0.2530852258205414 0.5218840837478638 
vt 0.2649458050727844 0.593492329120636 
vt 0.27069640159606934 0.5276511907577515 
vt 0.254882276058197 0.48980459570884705 
vt 0.2726132571697235 0.4977343678474426 
vt 0.25703874230384827 0.4276880621910095 
vt 0.2759677767753601 0.4256455600261688 
vt 0.25332483649253845 0.3402203321456909 
vt 0.28040051460266113 0.3441852033138275 
vt 0.24889206886291504 0.27161580324172974 
vt 0.2795619070529938 0.28110751509666443 
vt 0.24086520075798035 0.17838096618652344 
vt 0.2746499478816986 0.1769391894340515 
vt 0.2403859943151474 0.09860269725322723 
vt 0.2789628803730011 0.09908328950405121 
vt 0.16071632504463196 0.9574205875396729 
vt 0.10884120315313339 0.9324297904968262 
vt 0.16634711623191833 0.9524945616722107 
vt 0.11507100611925125 0.9271433353424072 
vt 0.13843278586864471 0.8941026329994202 
vt 0.14214670658111572 0.8838900327682495 
vt 0.17916615307331085 0.9293059706687927 
vt 0.17736908793449402 0.9238992929458618 
vt 0.37744176387786865 0.6921338438987732 
vt 0.32975977659225464 0.7213298082351685 
vt 0.36845648288726807 0.6805996298789978 
vt 0.32065466046333313 0.7114776372909546 
vt 0.2944175899028778 0.7431967258453369 
vt 0.29022446274757385 0.7304610013961792 
vt 0.2222955822944641 0.7293797135353088 
vt 0.22373323142528534 0.7164037227630615 
vt 0.3084346652030945 0.8990286588668823 
vt 0.3105911314487457 0.9041950106620789 
vt 0.2916620969772339 0.9123650789260864 
vt 0.29861074686050415 0.9100822806358337 
vt 0.16299261152744293 0.04826068505644798 
vt 0.19521988928318024 0.035885442048311234 
vt 0.1927040070295334 0.07180969417095184 
vt 0.2128310650587082 0.061356816440820694 
vt 0.20839832723140717 0.10509069263935089 
vt 0.22576990723609924 0.10352876782417297 
vt 0.21414890885353088 0.1771794855594635 
vt 0.23008285462856293 0.1791018545627594 
vt 0.21307067573070526 0.2678912281990051 
vt 0.23439578711986542 0.2704143524169922 
vt 0.2212173491716385 0.3438247740268707 
vt 0.23918795585632324 0.33949944376945496 
vt 0.23044225573539734 0.42708733677864075 
vt 0.24517814815044403 0.42696717381477356 
vt 0.4107472896575928 0.9148882031440735 
vt 0.4802336096763611 0.9121248126029968 
vt 0.4181751310825348 0.9579011797904968 
vt 0.48885947465896606 0.9504520297050476 
vt 0.03180722892284393 0.8990286588668823 
vt 0.04810057207942009 0.9182523488998413 
vt 0.028931932523846626 0.9065979719161987 
vt 0.04774115979671478 0.9186127781867981 
vt 0.009403879754245281 0.9232985973358154 
vt 0.025098204612731934 0.9355536699295044 
vt 0.3403025269508362 0.757013738155365 
vt 0.39696982502937317 0.741754949092865 
vt 0.34761056303977966 0.7643427848815918 
vt 0.403678834438324 0.7500451803207397 
vt 0.45962730050086975 0.7244536280632019 
vt 0.4671749770641327 0.7368288636207581 
vt 0.5309106707572937 0.6995829939842224 
vt 0.5357028245925903 0.7178454995155334 
vt 0.5885364413261414 0.6863667368888855 
vt 0.5942869782447815 0.706791877746582 
vt 0.6362184286117554 0.6681042313575745 
vt 0.6491572260856628 0.6876883506774902 
vt 0.6852182149887085 0.6359045505523682 
vt 0.7037878632545471 0.651523768901825 
vt 0.7202010154724121 0.5970967411994934 
vt 0.7458390593528748 0.6023832559585571 
vt 0.7343378663063049 0.5554053783416748 
vt 0.7615333795547485 0.5576881766319275 
vt 0.92842036485672 0.7010247707366943 
vt 0.9207528829574585 0.7263759970664978 
vt 0.9072150588035583 0.7021061182022095 
vt 0.9007456302642822 0.7209693193435669 
vt 0.9049387574195862 0.7568935751914978 
vt 0.8878068327903748 0.7536495923995972 
vt 0.8748679757118225 0.8161265254020691 
vt 0.8571369647979736 0.8138437271118164 
vt 0.6604188084602356 0.7423557043075562 
vt 0.6030327081680298 0.7510063648223877 
vt 0.6588613390922546 0.7051097750663757 
vt 0.5999177694320679 0.7224110960960388 
vt 0.5425316691398621 0.7578547596931458 
vt 0.5390573740005493 0.7323833703994751 
vt 0.4805930256843567 0.7638621926307678 
vt 0.472566157579422 0.7460802793502808 
vt 0.4121849238872528 0.7703501582145691 
vt 0.4077521860599518 0.7576144933700562 
vt 0.3527621328830719 0.7818843722343445 
vt 0.3507254719734192 0.771791934967041 
vt 0.15017357468605042 0.35872310400009155 
vt 0.15268945693969727 0.4031778872013092 
vt 0.12393650412559509 0.3592036962509155 
vt 0.12273846566677094 0.4012555181980133 
vt 0.15340828895568848 0.44811323285102844 
vt 0.12645238637924194 0.44042375683784485 
vt 0.8444377779960632 0.4740651845932007 
vt 0.8371297121047974 0.5077066421508789 
vt 0.819518506526947 0.46685633063316345 
vt 0.8208363652229309 0.5081872344017029 
vt 0.23247893154621124 0.9337514638900757 
vt 0.21834205090999603 0.9428827166557312 
vt 0.21343009173870087 0.9061173796653748 
vt 0.19785557687282562 0.9129658341407776 
vt 0.19857439398765564 0.8802855610847473 
vt 0.18216124176979065 0.8856922388076782 
vt 0.1779681146144867 0.8391949534416199 
vt 0.160237118601799 0.843280017375946 
vt 0.17305614054203033 0.7695091366767883 
vt 0.1578410416841507 0.7666255831718445 
vt 0.1779681146144867 0.7012650370597839 
vt 0.1615549623966217 0.6988621354103088 
vt 0.1800047755241394 0.6208860278129578 
vt 0.16299261152744293 0.6220875382423401 
vt 0.6780300140380859 0.5029007196426392 
vt 0.6308272480964661 0.5091484189033508 
vt 0.6779102087020874 0.4694995880126953 
vt 0.630587637424469 0.4758674204349518 
vt 0.5972821116447449 0.5147953629493713 
vt 0.5971623063087463 0.4815143644809723 
vt 0.849709153175354 0.6480395197868347 
vt 0.8343742489814758 0.6524849534034729 
vt 0.8416822552680969 0.6297770142555237 
vt 0.8283840417861938 0.6319396495819092 
vt 0.8196383118629456 0.6672632098197937 
vt 0.8162838220596313 0.6446753740310669 
vt 0.8834938406944275 0.9416812062263489 
vt 0.9829311966896057 0.9588623642921448 
vt 0.82994145154953 0.81324303150177 
vt 0.8634865880012512 0.7475220561027527 
vt 0.8482714891433716 0.8154056668281555 
vt 0.8758264183998108 0.7553316950798035 
vt 0.03444291651248932 0.5978176593780518 
vt 0.026176439598202705 0.592531144618988 
vt 0.045704491436481476 0.5973370671272278 
vt 0.053012534976005554 0.5922908186912537 
vt 0.8285038471221924 0.577752947807312 
vt 0.8325771689414978 0.5612926483154297 
vt 0.8624083399772644 0.5783536434173584 
vt 0.8580954074859619 0.5664590001106262 
vt 0.8336554169654846 0.5530024170875549 
vt 0.8574963808059692 0.5627344250679016 
vt 0.7957973480224609 0.3123459815979004 
vt 0.7943596839904785 0.30705946683883667 
vt 0.8366504907608032 0.30766022205352783 
vt 0.8367702960968018 0.3021334111690521 
vt 0.3581533133983612 0.2744993567466736 
vt 0.3991262912750244 0.33421292901039124 
vt 0.32880133390426636 0.2907193601131439 
vt 0.3708525598049164 0.34887099266052246 
vt 0.43614572286605835 0.3976510763168335 
vt 0.5472040176391602 0.4524385631084442 
vt 0.8912811279296875 0.6538066267967224 
vt 0.7966359853744507 0.8479657769203186 
vt 0.8337752223014832 0.28062692284584045 
vt 0.9798162579536438 0.9470878839492798 
vt 0.8716332912445068 0.46553468704223633 
vt 0.7392498254776001 0.5344996452331543 
s on 
f 1/1/1 2/2/2 3/3/3 
f 2/2/2 4/4/4 3/3/3 
f 3/3/3 4/4/4 4/4/4 
f 4/4/4 2/2/2 4/4/4 
f 4/4/4 2/2/2 5/5/5 
f 2/2/2 6/6/6 5/5/5 
f 5/5/5 6/6/6 7/7/7 
f 6/6/6 7/7/7 7/7/7 
f 7/7/7 7/7/7 5/5/5 
f 7/7/7 5/5/5 5/5/5 
f 5/5/5 5/5/5 5/5/5 
f 5/5/5 7/7/7 5/5/5 
f 5/5/5 7/7/7 8/8/8 
f 7/7/7 9/9/9 8/8/8 
f 8/8/8 9/9/9 10/10/10 
f 9/9/9 11/11/11 10/10/10 
f 10/10/10 11/11/11 12/12/12 
f 11/11/11 12/12/12 12/12/12 
f 12/12/12 12/12/12 10/10/10 
f 12/12/12 10/10/10 10/10/10 
f 10/10/10 10/10/10 10/10/10 
f 10/10/10 12/12/12 10/10/10 
f 10/10/10 12/12/12 13/13/13 
f 12/12/12 14/14/14 13/13/13 
f 13/13/13 14/14/14 15/15/15 
f 14/14/14 15/15/15 15/15/15 
f 15/15/15 15/15/15 13/13/13 
f 15/15/15 13/13/13 13/13/13 
f 13/13/13 13/13/13 13/13/13 
f 13/13/13 15/15/15 13/13/13 
f 13/13/13 15/15/15 16/16/16 
f 15/15/15 17/17/17 16/16/16 
f 16/16/16 17/17/17 18/18/18 
f 17/17/17 18/18/18 18/18/18 
f 18/18/18 18/18/18 19/19/19 
f 18/18/18 19/19/19 19/19/19 
f 19/19/19 19/19/19 19/19/19 
f 19/19/19 20/20/20 19/19/19 
f 19/19/19 20/20/20 21/21/21 
f 20/20/20 22/22/22 21/21/21 
f 21/21/21 22/22/22 22/22/22 
f 22/22/22 20/20/20 22/22/22 
f 22/22/22 20/20/20 20/20/20 
f 20/20/20 23/23/23 20/20/20 
f 20/20/20 23/23/23 22/22/22 
f 23/23/23 24/24/24 22/22/22 
f 22/22/22 24/24/24 24/24/24 
f 24/24/24 23/23/23 24/24/24 
f 24/24/24 23/23/23 23/23/23 
f 23/23/23 25/25/25 23/23/23 
f 23/23/23 25/25/25 24/24/24 
f 25/25/25 26/26/26 24/24/24 
f 24/24/24 26/26/26 26/26/26 
f 26/26/26 25/25/25 26/26/26 
f 26/26/26 25/25/25 25/25/25 
f 25/25/25 27/27/27 25/25/25 
f 25/25/25 27/27/27 26/26/26 
f 27/27/27 28/28/28 26/26/26 
f 26/26/26 28/28/28 28/28/28 
f 28/28/28 27/27/27 28/28/28 
f 28/28/28 27/27/27 27/27/27 
f 27/27/27 29/29/29 27/27/27 
f 27/27/27 29/29/29 28/28/28 
f 29/29/29 30/30/30 28/28/28 
f 28/28/28 30/30/30 30/30/30 
f 30/30/30 29/29/29 30/30/30 
f 30/30/30 29/29/29 29/29/29 
f 29/29/29 31/31/31 29/29/29 
f 29/29/29 31/31/31 30/30/30 
f 31/31/31 32/32/32 30/30/30 
f 30/30/30 32/32/32 32/32/32 
f 32/32/32 31/31/31 32/32/32 
f 32/32/32 31/31/31 31/31/31 
f 31/31/31 33/33/33 31/31/31 
f 31/31/31 33/33/33 32/32/32 
f 33/33/33 34/34/34 32/32/32 
f 32/32/32 34/34/34 34/34/34 
f 34/34/34 33/33/33 34/34/34 
f 34/34/34 33/33/33 35/35/35 
f 33/33/33 36/36/36 35/35/35 
f 35/35/35 36/36/36 37/37/37 
f 36/36/36 38/38/38 37/37/37 
f 37/37/37 38/38/38 39/39/39 
f 38/38/38 40/40/40 39/39/39 
f 39/39/39 40/40/40 41/41/41 
f 40/40/40 42/42/42 41/41/41 
f 41/41/41 42/42/42 42/42/42 
f 42/42/42 43/43/43 42/42/42 
f 42/42/42 43/43/43 43/43/43 
f 43/43/43 44/44/44 43/43/43 
f 43/43/43 44/44/44 45/45/45 
f 44/44/44 46/46/46 45/45/45 
f 45/45/45 46/46/46 46/46/46 
f 46/46/46 47/47/47 46/46/46 
f 46/46/46 47/47/47 47/47/47 
f 47/47/47 48/48/48 47/47/47 
f 47/47/47 48/48/48 49/49/49 
f 48/48/48 50/50/50 49/49/49 
f 49/49/49 50/50/50 50/50/50 
f 50/50/50 48/48/48 50/50/50 
f 50/50/50 48/48/48 48/48/48 
f 48/48/48 51/51/51 48/48/48 
f 48/48/48 51/51/51 50/50/50 
f 51/51/51 52/52/52 50/50/50 
f 50/50/50 52/52/52 52/52/52 
f 52/52/52 51/51/51 52/52/52 
f 52/52/52 51/51/51 51/51/51 
f 51/51/51 53/53/53 51/51/51 
f 51/51/51 53/53/53 52/52/52 
f 53/53/53 54/54/54 52/52/52 
f 52/52/52 54/54/54 54/54/54 
f 54/54/54 53/53/53 54/54/54 
f 54/54/54 53/53/53 53/53/53 
f 53/53/53 55/55/55 53/53/53 
f 53/53/53 55/55/55 54/54/54 
f 55/55/55 56/56/56 54/54/54 
f 54/54/54 56/56/56 56/56/56 
f 56/56/56 55/55/55 56/56/56 
f 56/56/56 55/55/55 55/55/55 
f 55/55/55 57/57/57 55/55/55 
f 55/55/55 57/57/57 56/56/56 
f 57/57/57 58/58/58 56/56/56 
f 56/56/56 58/58/58 58/58/58 
f 58/58/58 57/57/57 58/58/58 
f 58/58/58 57/57/57 57/57/57 
f 57/57/57 59/59/59 57/57/57 
f 57/57/57 59/59/59 58/58/58 
f 59/59/59 60/60/60 58/58/58 
f 58/58/58 60/60/60 60/60/60 
f 60/60/60 59/59/59 60/60/60 
f 60/60/60 59/59/59 59/59/59 
f 59/59/59 61/61/61 59/59/59 
f 59/59/59 61/61/61 60/60/60 
f 61/61/61 62/62/62 60/60/60 
f 60/60/60 62/62/62 62/62/62 
f 62/62/62 61/61/61 62/62/62 
f 62/62/62 61/61/61 61/61/61 
f 61/61/61 63/63/63 61/61/61 
f 61/61/61 63/63/63 62/62/62 
f 63/63/63 64/64/64 62/62/62 
f 62/62/62 64/64/64 64/64/64 
f 64/64/64 63/63/63 64/64/64 
f 64/64/64 63/63/63 63/63/63 
f 63/63/63 65/65/65 63/63/63 
f 63/63/63 65/65/65 64/64/64 
f 65/65/65 66/66/66 64/64/64 
f 64/64/64 66/66/66 66/66/66 
f 66/66/66 65/65/65 66/66/66 
f 66/66/66 65/65/65 65/65/65 
f 65/65/65 67/67/67 65/65/65 
f 65/65/65 67/67/67 66/66/66 
f 67/67/67 68/68/68 66/66/66 
f 66/66/66 68/68/68 68/68/68 
f 68/68/68 67/67/67 68/68/68 
f 68/68/68 67/67/67 67/67/67 
f 67/67/67 69/69/69 67/67/67 
f 67/67/67 69/69/69 68/68/68 
f 69/69/69 70/70/70 68/68/68 
f 68/68/68 70/70/70 70/70/70 
f 70/70/70 69/69/69 70/70/70 
f 70/70/70 69/69/69 69/69/69 
f 69/69/69 71/71/71 69/69/69 
f 69/69/69 71/71/71 70/70/70 
f 71/71/71 72/72/72 70/70/70 
f 70/70/70 72/72/72 72/72/72 
f 72/72/72 71/71/71 72/72/72 
f 72/72/72 71/71/71 71/71/71 
f 71/71/71 73/73/73 71/71/71 
f 71/71/71 73/73/73 72/72/72 
f 73/73/73 74/74/74 72/72/72 
f 72/72/72 74/74/74 74/74/74 
f 74/74/74 73/73/73 74/74/74 
f 74/74/74 73/73/73 73/73/73 
f 73/73/73 75/75/75 73/73/73 
f 73/73/73 75/75/75 74/74/74 
f 75/75/75 76/76/76 74/74/74 
f 74/74/74 76/76/76 76/76/76 
f 76/76/76 75/75/75 76/76/76 
f 76/76/76 75/75/75 75/75/75 
f 75/75/75 77/77/77 75/75/75 
f 75/75/75 77/77/77 76/76/76 
f 77/77/77 78/78/78 76/76/76 
f 76/76/76 78/78/78 78/78/78 
f 78/78/78 79/79/79 78/78/78 
f 78/78/78 79/79/79 79/79/79 
f 79/79/79 80/80/80 79/79/79 
f 79/79/79 80/80/80 81/81/81 
f 80/80/80 82/82/82 81/81/81 
f 81/81/81 82/82/82 82/82/82 
f 82/82/82 80/80/80 82/82/82 
f 82/82/82 80/80/80 80/80/80 
f 80/80/80 83/83/83 80/80/80 
f 80/80/80 83/83/83 82/82/82 
f 83/83/83 84/84/84 82/82/82 
f 82/82/82 84/84/84 84/84/84 
f 84/84/84 83/83/83 84/84/84 
f 84/84/84 83/83/83 83/83/83 
f 83/83/83 85/85/85 83/83/83 
f 83/83/83 85/85/85 84/84/84 
f 85/85/85 86/86/86 84/84/84 
f 84/84/84 86/86/86 87/87/87 
f 86/86/86 88/88/88 87/87/87 
f 87/87/87 88/88/88 89/89/89 
f 88/88/88 89/89/89 89/89/89 
f 89/89/89 89/89/89 83/83/83 
f 89/89/89 83/83/83 83/83/83 
f 83/83/83 83/83/83 83/83/83 
f 83/83/83 90/90/90 83/83/83 
f 83/83/83 90/90/90 85/85/85 
f 90/90/90 91/91/91 85/85/85 
f 85/85/85 91/91/91 92/92/92 
f 91/91/91 93/93/93 92/92/92 
f 92/92/92 93/93/93 94/94/94 
f 93/93/93 11/11/11 94/94/94 
f 94/94/94 11/11/11 9/9/9 
f 11/11/11 9/9/9 9/9/9 
f 9/9/9 9/9/9 85/85/85 
f 9/9/9 85/85/85 85/85/85 
f 85/85/85 85/85/85 85/85/85 
f 85/85/85 92/92/92 85/85/85 
f 85/85/85 92/92/92 86/86/86 
f 92/92/92 88/88/88 86/86/86 
f 86/86/86 88/88/88 88/88/88 
f 88/88/88 95/95/95 88/88/88 
f 88/88/88 95/95/95 95/95/95 
f 95/95/95 96/96/96 95/95/95 
f 95/95/95 96/96/96 97/97/97 
f 96/96/96 98/98/98 97/97/97 
f 97/97/97 98/98/98 98/98/98 
f 98/98/98 96/96/96 98/98/98 
f 98/98/98 96/96/96 96/96/96 
f 96/96/96 99/99/99 96/96/96 
f 96/96/96 99/99/99 98/98/98 
f 99/99/99 100/100/100 98/98/98 
f 98/98/98 100/100/100 100/100/100 
f 100/100/100 99/99/99 100/100/100 
f 100/100/100 99/99/99 99/99/99 
f 99/99/99 101/101/101 99/99/99 
f 99/99/99 101/101/101 100/100/100 
f 101/101/101 102/102/102 100/100/100 
f 100/100/100 102/102/102 102/102/102 
f 102/102/102 101/101/101 102/102/102 
f 102/102/102 101/101/101 101/101/101 
f 101/101/101 103/103/103 101/101/101 
f 101/101/101 103/103/103 102/102/102 
f 103/103/103 104/104/104 102/102/102 
f 102/102/102 104/104/104 104/104/104 
f 104/104/104 105/105/105 104/104/104 
f 104/104/104 105/105/105 105/105/105 
f 105/105/105 106/106/106 105/105/105 
f 105/105/105 106/106/106 107/107/107 
f 106/106/106 108/108/108 107/107/107 
f 107/107/107 108/108/108 108/108/108 
f 108/108/108 109/109/109 108/108/108 
f 108/108/108 109/109/109 109/109/109 
f 109/109/109 110/110/110 109/109/109 
f 109/109/109 110/110/110 111/111/111 
f 110/110/110 112/112/112 111/111/111 
f 111/111/111 112/112/112 112/112/112 
f 112/112/112 113/113/113 112/112/112 
f 112/112/112 113/113/113 113/113/113 
f 113/113/113 114/114/114 113/113/113 
f 113/113/113 114/114/114 115/115/115 
f 114/114/114 116/116/116 115/115/115 
f 115/115/115 116/116/116 116/116/116 
f 116/116/116 117/117/117 116/116/116 
f 116/116/116 117/117/117 117/117/117 
f 117/117/117 118/118/118 117/117/117 
f 117/117/117 118/118/118 119/119/119 
f 118/118/118 120/120/120 119/119/119 
f 119/119/119 120/120/120 120/120/120 
f 120/120/120 118/118/118 120/120/120 
f 120/120/120 118/118/118 121/121/121 
f 118/118/118 122/122/122 121/121/121 
f 121/121/121 122/122/122 122/122/122 
f 122/122/122 118/118/118 122/122/122 
f 122/122/122 118/118/118 123/123/123 
f 118/118/118 124/124/124 123/123/123 
f 123/123/123 124/124/124 124/124/124 
f 124/124/124 118/118/118 124/124/124 
f 124/124/124 118/118/118 125/125/125 
f 118/118/118 126/126/126 125/125/125 
f 125/125/125 126/126/126 126/126/126 
f 126/126/126 127/127/127 126/126/126 
f 126/126/126 127/127/127 127/127/127 
f 127/127/127 128/128/128 127/127/127 
f 127/127/127 128/128/128 129/129/129 
f 128/128/128 130/130/130 129/129/129 
f 129/129/129 130/130/130 130/130/130 
f 130/130/130 131/131/131 130/130/130 
f 130/130/130 131/131/131 131/131/131 
f 131/131/131 132/132/132 131/131/131 
f 131/131/131 132/132/132 133/133/133 
f 132/132/132 134/134/134 133/133/133 
f 133/133/133 134/134/134 134/134/134 
f 134/134/134 132/132/132 134/134/134 
f 134/134/134 132/132/132 132/132/132 
f 132/132/132 135/135/135 132/132/132 
f 132/132/132 135/135/135 134/134/134 
f 135/135/135 136/136/136 134/134/134 
f 134/134/134 136/136/136 136/136/136 
f 136/136/136 135/135/135 136/136/136 
f 136/136/136 135/135/135 135/135/135 
f 135/135/135 137/137/137 135/135/135 
f 135/135/135 137/137/137 136/136/136 
f 137/137/137 138/138/138 136/136/136 
f 136/136/136 138/138/138 138/138/138 
f 138/138/138 137/137/137 138/138/138 
f 138/138/138 137/137/137 137/137/137 
f 137/137/137 139/139/139 137/137/137 
f 137/137/137 139/139/139 138/138/138 
f 139/139/139 140/140/140 138/138/138 
f 138/138/138 140/140/140 140/140/140 
f 140/140/140 139/139/139 140/140/140 
f 140/140/140 139/139/139 139/139/139 
f 139/139/139 141/141/141 139/139/139 
f 139/139/139 141/141/141 140/140/140 
f 141/141/141 142/142/142 140/140/140 
f 140/140/140 142/142/142 142/142/142 
f 142/142/142 141/141/141 142/142/142 
f 142/142/142 141/141/141 141/141/141 
f 141/141/141 143/143/143 141/141/141 
f 141/141/141 143/143/143 142/142/142 
f 143/143/143 144/144/144 142/142/142 
f 142/142/142 144/144/144 144/144/144 
f 144/144/144 145/145/145 144/144/144 
f 144/144/144 145/145/145 145/145/145 
f 145/145/145 146/146/146 145/145/145 
f 145/145/145 146/146/146 147/147/147 
f 146/146/146 148/148/148 147/147/147 
f 147/147/147 148/148/148 149/149/149 
f 148/148/148 150/150/150 149/149/149 
f 149/149/149 150/150/150 151/151/151 
f 150/150/150 152/152/152 151/151/151 
f 151/151/151 152/152/152 153/153/153 
f 152/152/152 154/154/154 153/153/153 
f 153/153/153 154/154/154 155/155/155 
f 154/154/154 156/156/156 155/155/155 
f 155/155/155 156/156/156 157/157/157 
f 156/156/156 158/158/158 157/157/157 
f 157/157/157 158/158/158 159/159/159 
f 158/158/158 160/160/160 159/159/159 
f 159/159/159 160/160/160 161/161/161 
f 160/160/160 161/161/161 161/161/161 
f 161/161/161 161/161/161 162/162/162 
f 161/161/161 162/162/162 162/162/162 
f 162/162/162 162/162/162 162/162/162 
f 162/162/162 163/163/163 162/162/162 
f 162/162/162 163/163/163 164/164/164 
f 163/163/163 165/165/165 164/164/164 
f 164/164/164 165/165/165 166/166/166 
f 165/165/165 167/167/167 166/166/166 
f 166/166/166 167/167/167 167/167/167 
f 167/167/167 168/168/168 167/167/167 
f 167/167/167 168/168/168 168/168/168 
f 168/168/168 169/169/169 168/168/168 
f 168/168/168 169/169/169 170/170/170 
f 169/169/169 171/171/171 170/170/170 
f 170/170/170 171/171/171 171/171/171 
f 171/171/171 169/169/169 171/171/171 
f 171/171/171 169/169/169 169/169/169 
f 169/169/169 172/172/172 169/169/169 
f 169/169/169 172/172/172 171/171/171 
f 172/172/172 173/173/173 171/171/171 
f 171/171/171 173/173/173 173/173/173 
f 173/173/173 174/174/174 173/173/173 
f 173/173/173 174/174/174 174/174/174 
f 174/174/174 175/175/175 174/174/174 
f 174/174/174 175/175/175 176/176/176 
f 175/175/175 177/177/177 176/176/176 
f 176/176/176 177/177/177 177/177/177 
f 177/177/177 175/175/175 177/177/177 
f 177/177/177 175/175/175 175/175/175 
f 175/175/175 178/178/178 175/175/175 
f 175/175/175 178/178/178 177/177/177 
f 178/178/178 179/179/179 177/177/177 
f 177/177/177 179/179/179 179/179/179 
f 179/179/179 180/180/180 179/179/179 
f 179/179/179 180/180/180 180/180/180 
f 180/180/180 181/181/181 180/180/180 
f 180/180/180 181/181/181 182/182/182 
f 181/181/181 183/183/183 182/182/182 
f 182/182/182 183/183/183 183/183/183 
f 183/183/183 184/184/184 183/183/183 
f 183/183/183 184/184/184 184/184/184 
f 184/184/184 185/185/185 184/184/184 
f 184/184/184 185/185/185 186/186/186 
f 185/185/185 187/187/187 186/186/186 
f 186/186/186 187/187/187 188/188/188 
f 187/187/187 189/189/189 188/188/188 
f 188/188/188 189/189/189 190/190/190 
f 189/189/189 191/191/191 190/190/190 
f 190/190/190 191/191/191 192/192/192 
f 191/191/191 193/193/193 192/192/192 
f 192/192/192 193/193/193 194/194/194 
f 193/193/193 195/195/195 194/194/194 
f 194/194/194 195/195/195 196/196/196 
f 195/195/195 197/197/197 196/196/196 
f 196/196/196 197/197/197 198/198/198 
f 197/197/197 199/199/199 198/198/198 
f 198/198/198 199/199/199 200/200/200 
f 199/199/199 201/201/201 200/200/200 
f 200/200/200 201/201/201 202/202/202 
f 201/201/201 203/203/203 202/202/202 
f 202/202/202 203/203/203 204/204/204 
f 203/203/203 205/205/205 204/204/204 
f 204/204/204 205/205/205 206/206/206 
f 205/205/205 207/207/207 206/206/206 
f 206/206/206 207/207/207 208/208/208 
f 207/207/207 209/209/209 208/208/208 
f 208/208/208 209/209/209 210/210/210 
f 209/209/209 211/211/211 210/210/210 
f 210/210/210 211/211/211 212/212/212 
f 211/211/211 213/213/213 212/212/212 
f 212/212/212 213/213/213 214/214/214 
f 213/213/213 215/215/215 214/214/214 
f 214/214/214 215/215/215 216/216/216 
f 215/215/215 217/217/217 216/216/216 
f 216/216/216 217/217/217 218/218/218 
f 217/217/217 219/219/219 218/218/218 
f 218/218/218 219/219/219 219/219/219 
f 219/219/219 220/220/220 219/219/219 
f 219/219/219 220/220/220 220/220/220 
f 220/220/220 221/221/221 220/220/220 
f 220/220/220 221/221/221 222/222/222 
f 221/221/221 223/223/223 222/222/222 
f 222/222/222 223/223/223 224/224/224 
f 223/223/223 225/225/225 224/224/224 
f 224/224/224 225/225/225 226/226/226 
f 225/225/225 227/227/227 226/226/226 
f 226/226/226 227/227/227 228/228/228 
f 227/227/227 229/229/229 228/228/228 
f 228/228/228 229/229/229 230/230/230 
f 229/229/229 231/231/231 230/230/230 
f 230/230/230 231/231/231 232/232/232 
f 231/231/231 233/233/233 232/232/232 
f 232/232/232 233/233/233 234/234/234 
f 233/233/233 235/235/235 234/234/234 
f 234/234/234 235/235/235 236/236/236 
f 235/235/235 237/237/237 236/236/236 
f 236/236/236 237/237/237 238/238/238 
f 237/237/237 238/238/238 238/238/238 
f 238/238/238 238/238/238 236/236/236 
f 238/238/238 236/236/236 236/236/236 
f 236/236/236 236/236/236 236/236/236 
f 236/236/236 238/238/238 236/236/236 
f 236/236/236 238/238/238 239/239/239 
f 238/238/238 240/240/240 239/239/239 
f 239/239/239 240/240/240 241/241/241 
f 240/240/240 242/242/242 241/241/241 
f 241/241/241 242/242/242 243/243/243 
f 242/242/242 243/243/243 243/243/243 
f 243/243/243 243/243/243 244/244/244 
f 243/243/243 244/244/244 244/244/244 
f 244/244/244 244/244/244 244/244/244 
f 244/244/244 245/245/245 244/244/244 
f 244/244/244 245/245/245 246/246/246 
f 245/245/245 247/247/247 246/246/246 
f 246/246/246 247/247/247 248/248/248 
f 247/247/247 249/249/249 248/248/248 
f 248/248/248 249/249/249 250/250/250 
f 249/249/249 251/251/251 250/250/250 
f 250/250/250 251/251/251 251/251/251 
f 251/251/251 252/252/252 251/251/251 
f 251/251/251 252/252/252 252/252/252 
f 252/252/252 253/253/253 252/252/252 
f 252/252/252 253/253/253 254/254/254 
f 253/253/253 255/255/255 254/254/254 
f 254/254/254 255/255/255 255/255/255 
f 255/255/255 256/256/256 255/255/255 
f 255/255/255 256/256/256 256/256/256 
f 256/256/256 257/257/257 256/256/256 
f 256/256/256 257/257/257 258/258/258 
f 257/257/257 259/259/259 258/258/258 
f 258/258/258 259/259/259 259/259/259 
f 259/259/259 257/257/257 259/259/259 
f 259/259/259 257/257/257 257/257/257 
f 257/257/257 260/260/260 257/257/257 
f 257/257/257 260/260/260 259/259/259 
f 260/260/260 261/261/261 259/259/259 
f 259/259/259 261/261/261 261/261/261 
f 261/261/261 260/260/260 261/261/261 
f 261/261/261 260/260/260 260/260/260 
f 260/260/260 262/262/262 260/260/260 
f 260/260/260 262/262/262 261/261/261 
f 262/262/262 263/263/263 261/261/261 
f 261/261/261 263/263/263 263/263/263 
f 263/263/263 262/262/262 263/263/263 
f 263/263/263 262/262/262 262/262/262 
f 262/262/262 264/264/264 262/262/262 
f 262/262/262 264/264/264 263/263/263 
f 264/264/264 265/265/265 263/263/263 
f 263/263/263 265/265/265 265/265/265 
f 265/265/265 264/264/264 265/265/265 
f 265/265/265 264/264/264 264/264/264 
f 264/264/264 266/266/266 264/264/264 
f 264/264/264 266/266/266 265/265/265 
f 266/266/266 267/267/267 265/265/265 
f 265/265/265 267/267/267 267/267/267 
f 267/267/267 266/266/266 267/267/267 
f 267/267/267 266/266/266 266/266/266 
f 266/266/266 268/268/268 266/266/266 
f 266/266/266 268/268/268 267/267/267 
f 268/268/268 269/269/269 267/267/267 
f 267/267/267 269/269/269 269/269/269 
f 269/269/269 268/268/268 269/269/269 
f 269/269/269 268/268/268 268/268/268 
f 268/268/268 270/270/270 268/268/268 
f 268/268/268 270/270/270 269/269/269 
f 270/270/270 271/271/271 269/269/269 
f 269/269/269 271/271/271 271/271/271 
f 271/271/271 270/270/270 271/271/271 
f 271/271/271 270/270/270 270/270/270 
f 270/270/270 272/272/272 270/270/270 
f 270/270/270 272/272/272 271/271/271 
f 272/272/272 273/273/273 271/271/271 
f 271/271/271 273/273/273 273/273/273 
f 273/273/273 274/274/274 273/273/273 
f 273/273/273 274/274/274 274/274/274 
f 274/274/274 275/275/275 274/274/274 
f 274/274/274 275/275/275 276/276/276 
f 275/275/275 277/277/277 276/276/276 
f 276/276/276 277/277/277 278/278/278 
f 277/277/277 279/279/279 278/278/278 
f 278/278/278 279/279/279 280/280/280 
f 279/279/279 280/280/280 280/280/280 
f 280/280/280 280/280/280 279/279/279 
f 280/280/280 279/279/279 279/279/279 
f 279/279/279 279/279/279 279/279/279 
f 279/279/279 277/277/277 279/279/279 
f 279/279/279 277/277/277 281/281/281 
f 277/277/277 275/275/275 281/281/281 
f 281/281/281 275/275/275 275/275/275 
f 275/275/275 282/282/282 275/275/275 
f 275/275/275 282/282/282 282/282/282 
f 282/282/282 283/283/283 282/282/282 
f 282/282/282 283/283/283 284/284/284 
f 283/283/283 285/285/285 284/284/284 
f 284/284/284 285/285/285 286/286/286 
f 285/285/285 287/287/287 286/286/286 
f 286/286/286 287/287/287 288/288/288 
f 287/287/287 289/289/289 288/288/288 
f 288/288/288 289/289/289 290/290/290 
f 289/289/289 291/291/291 290/290/290 
f 290/290/290 291/291/291 292/292/292 
f 291/291/291 293/293/293 292/292/292 
f 292/292/292 293/293/293 294/294/294 
f 293/293/293 295/295/295 294/294/294 
f 294/294/294 295/295/295 296/296/296 
f 295/295/295 297/297/297 296/296/296 
f 296/296/296 297/297/297 298/298/298 
f 297/297/297 299/299/299 298/298/298 
f 298/298/298 299/299/299 300/300/300 
f 299/299/299 301/301/301 300/300/300 
f 300/300/300 301/301/301 280/280/280 
f 301/301/301 278/278/278 280/280/280 
f 280/280/280 278/278/278 278/278/278 
f 278/278/278 285/285/285 278/278/278 
f 278/278/278 285/285/285 285/285/285 
f 285/285/285 302/302/302 285/285/285 
f 285/285/285 302/302/302 287/287/287 
f 302/302/302 303/303/303 287/287/287 
f 287/287/287 303/303/303 289/289/289 
f 303/303/303 304/304/304 289/289/289 
f 289/289/289 304/304/304 291/291/291 
f 304/304/304 305/305/305 291/291/291 
f 291/291/291 305/305/305 293/293/293 
f 305/305/305 306/306/306 293/293/293 
f 293/293/293 306/306/306 295/295/295 
f 306/306/306 307/307/307 295/295/295 
f 295/295/295 307/307/307 308/308/308 
f 307/307/307 309/309/309 308/308/308 
f 308/308/308 309/309/309 310/310/310 
f 309/309/309 311/311/311 310/310/310 
f 310/310/310 311/311/311 312/312/312 
f 311/311/311 313/313/313 312/312/312 
f 312/312/312 313/313/313 278/278/278 
f 313/313/313 276/276/276 278/278/278 
f 278/278/278 276/276/276 276/276/276 
f 276/276/276 314/314/314 276/276/276 
f 276/276/276 314/314/314 314/314/314 
f 314/314/314 315/315/315 314/314/314 
f 314/314/314 315/315/315 316/316/316 
f 315/315/315 317/317/317 316/316/316 
f 316/316/316 317/317/317 317/317/317 
f 317/317/317 315/315/315 317/317/317 
f 317/317/317 315/315/315 315/315/315 
f 315/315/315 318/318/318 315/315/315 
f 315/315/315 318/318/318 317/317/317 
f 318/318/318 319/319/319 317/317/317 
f 317/317/317 319/319/319 320/320/320 
f 319/319/319 321/321/321 320/320/320 
f 320/320/320 321/321/321 321/321/321 
f 321/321/321 319/319/319 321/321/321 
f 321/321/321 319/319/319 319/319/319 
f 319/319/319 322/322/322 319/319/319 
f 319/319/319 322/322/322 321/321/321 
f 322/322/322 323/323/323 321/321/321 
f 321/321/321 323/323/323 323/323/323 
f 323/323/323 322/322/322 323/323/323 
f 323/323/323 322/322/322 322/322/322 
f 322/322/322 324/324/324 322/322/322 
f 322/322/322 324/324/324 323/323/323 
f 324/324/324 325/325/325 323/323/323 
f 323/323/323 325/325/325 326/326/326 
f 325/325/325 327/327/327 326/326/326 
f 326/326/326 327/327/327 328/328/328 
f 327/327/327 329/329/329 328/328/328 
f 328/328/328 329/329/329 330/330/330 
f 329/329/329 331/331/331 330/330/330 
f 330/330/330 331/331/331 332/332/332 
f 331/331/331 333/333/333 332/332/332 
f 332/332/332 333/333/333 334/334/334 
f 333/333/333 335/335/335 334/334/334 
f 334/334/334 335/335/335 336/336/336 
f 335/335/335 337/337/337 336/336/336 
f 336/336/336 337/337/337 338/338/338 
f 337/337/337 338/338/338 338/338/338 
f 338/338/338 338/338/338 339/339/339 
f 338/338/338 339/339/339 339/339/339 
f 339/339/339 339/339/339 339/339/339 
f 339/339/339 340/340/340 339/339/339 
f 339/339/339 340/340/340 341/341/341 
f 340/340/340 342/342/342 341/341/341 
f 341/341/341 342/342/342 342/342/342 
f 342/342/342 343/343/343 342/342/342 
f 342/342/342 343/343/343 343/343/343 
f 343/343/343 344/344/344 343/343/343 
f 343/343/343 344/344/344 345/345/345 
f 344/344/344 346/346/346 345/345/345 
f 345/345/345 346/346/346 346/346/346 
f 346/346/346 344/344/344 346/346/346 
f 346/346/346 344/344/344 344/344/344 
f 344/344/344 347/347/347 344/344/344 
f 344/344/344 347/347/347 346/346/346 
f 347/347/347 348/348/348 346/346/346 
f 346/346/346 348/348/348 348/348/348 
f 348/348/348 347/347/347 348/348/348 
f 348/348/348 347/347/347 347/347/347 
f 347/347/347 349/349/349 347/347/347 
f 347/347/347 349/349/349 348/348/348 
f 349/349/349 350/350/350 348/348/348 
f 348/348/348 350/350/350 350/350/350 
f 350/350/350 349/349/349 350/350/350 
f 350/350/350 349/349/349 349/349/349 
f 349/349/349 351/351/351 349/349/349 
f 349/349/349 351/351/351 350/350/350 
f 351/351/351 352/352/352 350/350/350 
f 350/350/350 352/352/352 352/352/352 
f 352/352/352 351/351/351 352/352/352 
f 352/352/352 351/351/351 351/351/351 
f 351/351/351 353/353/353 351/351/351 
f 351/351/351 353/353/353 352/352/352 
f 353/353/353 354/354/354 352/352/352 
f 352/352/352 354/354/354 354/354/354 
f 354/354/354 353/353/353 354/354/354 
f 354/354/354 353/353/353 353/353/353 
f 353/353/353 355/355/355 353/353/353 
f 353/353/353 355/355/355 354/354/354 
f 355/355/355 356/356/356 354/354/354 
f 354/354/354 356/356/356 356/356/356 
f 356/356/356 355/355/355 356/356/356 
f 356/356/356 355/355/355 355/355/355 
f 355/355/355 357/357/357 355/355/355 
f 355/355/355 357/357/357 356/356/356 
f 357/357/357 358/358/358 356/356/356 
f 356/356/356 358/358/358 358/358/358 
f 358/358/358 357/357/357 358/358/358 
f 358/358/358 357/357/357 357/357/357 
f 357/357/357 359/359/359 357/357/357 
f 357/357/357 359/359/359 358/358/358 
f 359/359/359 360/360/360 358/358/358 
f 358/358/358 360/360/360 360/360/360 
f 360/360/360 361/361/361 360/360/360 
f 360/360/360 361/361/361 361/361/361 
f 361/361/361 362/362/362 361/361/361 
f 361/361/361 362/362/362 363/363/363 
f 362/362/362 364/364/364 363/363/363 
f 363/363/363 364/364/364 365/365/365 
f 364/364/364 366/366/366 365/365/365 
f 365/365/365 366/366/366 367/367/367 
f 366/366/366 368/368/368 367/367/367 
f 367/367/367 368/368/368 369/369/369 
f 368/368/368 370/370/370 369/369/369 
f 369/369/369 370/370/370 371/371/371 
f 370/370/370 372/372/372 371/371/371 
f 371/371/371 372/372/372 372/372/372 
f 372/372/372 373/373/373 372/372/372 
f 372/372/372 373/373/373 373/373/373 
f 373/373/373 374/374/374 373/373/373 
f 373/373/373 374/374/374 375/375/375 
f 374/374/374 376/376/376 375/375/375 
f 375/375/375 376/376/376 376/376/376 
f 376/376/376 377/377/377 376/376/376 
f 376/376/376 377/377/377 377/377/377 
f 377/377/377 378/378/378 377/377/377 
f 377/377/377 378/378/378 379/379/379 
f 378/378/378 380/380/380 379/379/379 
f 379/379/379 380/380/380 380/380/380 
f 380/380/380 381/381/381 380/380/380 
f 380/380/380 381/381/381 381/381/381 
f 381/381/381 382/382/382 381/381/381 
f 381/381/381 382/382/382 383/383/383 
f 382/382/382 384/384/384 383/383/383 
f 383/383/383 384/384/384 384/384/384 
f 384/384/384 385/385/385 384/384/384 
f 384/384/384 385/385/385 385/385/385 
f 385/385/385 386/386/386 385/385/385 
f 385/385/385 386/386/386 387/387/387 
f 386/386/386 388/388/388 387/387/387 
f 387/387/387 388/388/388 388/388/388 
f 388/388/388 389/389/389 388/388/388 
f 388/388/388 389/389/389 389/389/389 
f 389/389/389 390/390/390 389/389/389 
f 389/389/389 390/390/390 391/391/391 
f 390/390/390 392/392/392 391/391/391 
f 391/391/391 392/392/392 392/392/392 
f 392/392/392 390/390/390 392/392/392 
f 392/392/392 390/390/390 390/390/390 
f 390/390/390 393/393/393 390/390/390 
f 390/390/390 393/393/393 392/392/392 
f 393/393/393 394/394/394 392/392/392 
f 392/392/392 394/394/394 394/394/394 
f 394/394/394 393/393/393 394/394/394 
f 394/394/394 393/393/393 393/393/393 
f 393/393/393 395/395/395 393/393/393 
f 393/393/393 395/395/395 394/394/394 
f 395/395/395 396/396/396 394/394/394 
f 394/394/394 396/396/396 396/396/396 
f 396/396/396 395/395/395 396/396/396 
f 396/396/396 395/395/395 395/395/395 
f 395/395/395 397/397/397 395/395/395 
f 395/395/395 397/397/397 396/396/396 
f 397/397/397 398/398/398 396/396/396 
f 396/396/396 398/398/398 398/398/398 
f 398/398/398 399/399/399 398/398/398 
f 398/398/398 399/399/399 399/399/399 
f 399/399/399 400/400/400 399/399/399 
f 399/399/399 400/400/400 401/401/401 
f 400/400/400 402/402/402 401/401/401 
f 401/401/401 402/402/402 403/403/403 
f 402/402/402 404/404/404 403/403/403 
f 403/403/403 404/404/404 405/405/405 
f 404/404/404 406/406/406 405/405/405 
f 405/405/405 406/406/406 407/407/407 
f 406/406/406 408/408/408 407/407/407 
f 407/407/407 408/408/408 409/409/409 
f 408/408/408 410/410/410 409/409/409 
f 409/409/409 410/410/410 411/411/411 
f 410/410/410 412/412/412 411/411/411 
f 411/411/411 412/412/412 413/413/413 
f 412/412/412 414/414/414 413/413/413 
f 413/413/413 414/414/414 414/414/414 
f 414/414/414 415/415/415 414/414/414 
f 414/414/414 415/415/415 415/415/415 
f 415/415/415 416/416/416 415/415/415 
f 415/415/415 416/416/416 417/417/417 
f 416/416/416 418/418/418 417/417/417 
f 417/417/417 418/418/418 418/418/418 
f 418/418/418 419/419/419 418/418/418 
f 418/418/418 419/419/419 419/419/419 
f 419/419/419 420/420/420 419/419/419 
f 419/419/419 420/420/420 421/421/421 
f 420/420/420 422/422/422 421/421/421 
f 421/421/421 422/422/422 422/422/422 
f 422/422/422 420/420/420 422/422/422 
f 422/422/422 420/420/420 420/420/420 
f 420/420/420 423/423/423 420/420/420 
f 420/420/420 423/423/423 422/422/422 
f 423/423/423 424/424/424 422/422/422 
f 422/422/422 424/424/424 424/424/424 
f 424/424/424 423/423/423 424/424/424 
f 424/424/424 423/423/423 423/423/423 
f 423/423/423 425/425/425 423/423/423 
f 423/423/423 425/425/425 424/424/424 
f 425/425/425 426/426/426 424/424/424 
f 424/424/424 426/426/426 426/426/426 
f 426/426/426 425/425/425 426/426/426 
f 426/426/426 425/425/425 425/425/425 
f 425/425/425 427/427/427 425/425/425 
f 425/425/425 427/427/427 426/426/426 
f 427/427/427 428/428/428 426/426/426 
f 426/426/426 428/428/428 428/428/428 
f 428/428/428 427/427/427 428/428/428 
f 428/428/428 427/427/427 427/427/427 
f 427/427/427 429/429/429 427/427/427 
f 427/427/427 429/429/429 428/428/428 
f 429/429/429 430/430/430 428/428/428 
f 428/428/428 430/430/430 430/430/430 
f 430/430/430 429/429/429 430/430/430 
f 430/430/430 429/429/429 429/429/429 
f 429/429/429 431/431/431 429/429/429 
f 429/429/429 431/431/431 430/430/430 
f 431/431/431 432/432/432 430/430/430 
f 430/430/430 432/432/432 432/432/432 
f 432/432/432 431/431/431 432/432/432 
f 432/432/432 431/431/431 431/431/431 
f 431/431/431 433/433/433 431/431/431 
f 431/431/431 433/433/433 432/432/432 
f 433/433/433 434/434/434 432/432/432 
f 432/432/432 434/434/434 434/434/434 
f 434/434/434 433/433/433 434/434/434 
f 434/434/434 433/433/433 433/433/433 
f 433/433/433 435/435/435 433/433/433 
f 433/433/433 435/435/435 434/434/434 
f 435/435/435 436/436/436 434/434/434 
f 434/434/434 436/436/436 436/436/436 
f 436/436/436 435/435/435 436/436/436 
f 436/436/436 435/435/435 435/435/435 
f 435/435/435 437/437/437 435/435/435 
f 435/435/435 437/437/437 436/436/436 
f 437/437/437 438/438/438 436/436/436 
f 436/436/436 438/438/438 438/438/438 
f 438/438/438 437/437/437 438/438/438 
f 438/438/438 437/437/437 437/437/437 
f 437/437/437 439/439/439 437/437/437 
f 437/437/437 439/439/439 438/438/438 
f 439/439/439 440/440/440 438/438/438 
f 438/438/438 440/440/440 440/440/440 
f 440/440/440 439/439/439 440/440/440 
f 440/440/440 439/439/439 441/441/441 
f 439/439/439 442/442/442 441/441/441 
f 441/441/441 442/442/442 442/442/442 
f 442/442/442 443/443/443 442/442/442 
f 442/442/442 443/443/443 443/443/443 
f 443/443/443 444/444/444 443/443/443 
f 443/443/443 444/444/444 445/445/445 
f 444/444/444 446/446/446 445/445/445 
f 445/445/445 446/446/446 446/446/446 
f 446/446/446 447/447/447 446/446/446 
f 446/446/446 447/447/447 447/447/447 
f 447/447/447 448/448/448 447/447/447 
f 447/447/447 448/448/448 449/449/449 
f 448/448/448 450/450/450 449/449/449 
f 449/449/449 450/450/450 450/450/450 
f 450/450/450 448/448/448 450/450/450 
f 450/450/450 448/448/448 448/448/448 
f 448/448/448 451/451/451 448/448/448 
f 448/448/448 451/451/451 450/450/450 
f 451/451/451 452/452/452 450/450/450 
f 450/450/450 452/452/452 452/452/452 
f 452/452/452 451/451/451 452/452/452 
f 452/452/452 451/451/451 451/451/451 
f 451/451/451 453/453/453 451/451/451 
f 451/451/451 453/453/453 452/452/452 
f 453/453/453 454/454/454 452/452/452 
f 452/452/452 454/454/454 454/454/454 
f 454/454/454 453/453/453 454/454/454 
f 454/454/454 453/453/453 453/453/453 
f 453/453/453 455/455/455 453/453/453 
f 453/453/453 455/455/455 454/454/454 
f 455/455/455 456/456/456 454/454/454 
f 454/454/454 456/456/456 456/456/456 
f 456/456/456 455/455/455 456/456/456 
f 456/456/456 455/455/455 455/455/455 
f 455/455/455 457/457/457 455/455/455 
f 455/455/455 457/457/457 456/456/456 
f 457/457/457 458/458/458 456/456/456 
f 456/456/456 458/458/458 458/458/458 
f 458/458/458 457/457/457 458/458/458 
f 458/458/458 457/457/457 457/457/457 
f 457/457/457 459/459/459 457/457/457 
f 457/457/457 459/459/459 458/458/458 
f 459/459/459 460/460/460 458/458/458 
f 458/458/458 460/460/460 460/460/460 
f 460/460/460 84/84/84 460/460/460 
f 460/460/460 84/84/84 84/84/84 
f 84/84/84 87/87/87 84/84/84 
f 84/84/84 87/87/87 461/461/461 
f 87/87/87 462/462/462 461/461/461 
f 461/461/461 462/462/462 463/463/463 
f 462/462/462 463/463/463 463/463/463 
f 463/463/463 463/463/463 462/462/462 
f 463/463/463 462/462/462 462/462/462 
f 462/462/462 462/462/462 462/462/462 
f 462/462/462 87/87/87 462/462/462 
f 462/462/462 87/87/87 464/464/464 
f 87/87/87 89/89/89 464/464/464 
f 464/464/464 89/89/89 465/465/465 
f 89/89/89 466/466/466 465/465/465 
f 465/465/465 466/466/466 467/467/467 
f 466/466/466 6/6/6 467/467/467 
f 467/467/467 6/6/6 2/2/2 
f 6/6/6 2/2/2 2/2/2 
f 2/2/2 2/2/2 467/467/467 
f 2/2/2 467/467/467 467/467/467 
f 467/467/467 467/467/467 467/467/467 
f 467/467/467 468/468/468 467/467/467 
f 467/467/467 468/468/468 465/465/465 
f 468/468/468 469/469/469 465/465/465 
f 465/465/465 469/469/469 469/469/469 
f 469/469/469 468/468/468 469/469/469 
f 469/469/469 468/468/468 468/468/468 
f 468/468/468 470/470/470 468/468/468 
f 468/468/468 470/470/470 469/469/469 
f 470/470/470 471/471/471 469/469/469 
f 469/469/469 471/471/471 471/471/471 
f 471/471/471 472/472/472 471/471/471 
f 471/471/471 472/472/472 472/472/472 
f 472/472/472 473/473/473 472/472/472 
f 472/472/472 473/473/473 474/474/474 
f 473/473/473 475/475/475 474/474/474 
f 474/474/474 475/475/475 475/475/475 
f 475/475/475 473/473/473 475/475/475 
f 475/475/475 473/473/473 473/473/473 
f 473/473/473 476/476/476 473/473/473 
f 473/473/473 476/476/476 475/475/475 
f 476/476/476 477/477/477 475/475/475 
f 475/475/475 477/477/477 477/477/477 
f 477/477/477 476/476/476 477/477/477 
f 477/477/477 476/476/476 478/478/478 
f 476/476/476 479/479/479 478/478/478 
f 478/478/478 479/479/479 479/479/479 
f 479/479/479 480/480/480 479/479/479 
f 479/479/479 480/480/480 480/480/480 
f 480/480/480 481/481/481 480/480/480 
f 480/480/480 481/481/481 482/482/482 
f 481/481/481 483/483/483 482/482/482 
f 482/482/482 483/483/483 483/483/483 
f 483/483/483 481/481/481 483/483/483 
f 483/483/483 481/481/481 481/481/481 
f 481/481/481 484/484/484 481/481/481 
f 481/481/481 484/484/484 483/483/483 
f 484/484/484 485/485/485 483/483/483 
f 483/483/483 485/485/485 485/485/485 
f 485/485/485 486/486/486 485/485/485 
f 485/485/485 486/486/486 486/486/486 
f 486/486/486 487/487/487 486/486/486 
f 486/486/486 487/487/487 488/488/488 
f 487/487/487 489/489/489 488/488/488 
f 488/488/488 489/489/489 489/489/489 
f 489/489/489 487/487/487 489/489/489 
f 489/489/489 487/487/487 487/487/487 
f 487/487/487 490/490/490 487/487/487 
f 487/487/487 490/490/490 489/489/489 
f 490/490/490 491/491/491 489/489/489 
f 489/489/489 491/491/491 491/491/491 
f 491/491/491 490/490/490 491/491/491 
f 491/491/491 490/490/490 492/492/492 
f 490/490/490 493/493/493 492/492/492 
f 492/492/492 493/493/493 494/494/494 
f 493/493/493 494/494/494 494/494/494 
f 494/494/494 494/494/494 492/492/492 
f 494/494/494 492/492/492 492/492/492 
f 492/492/492 492/492/492 492/492/492 
f 492/492/492 494/494/494 492/492/492 
f 492/492/492 494/494/494 495/495/495 
f 494/494/494 496/496/496 495/495/495 
f 495/495/495 496/496/496 497/497/497 
f 496/496/496 498/498/498 497/497/497 
f 497/497/497 498/498/498 499/499/499 
f 498/498/498 500/500/500 499/499/499 
f 499/499/499 500/500/500 501/501/501 
f 500/500/500 502/502/502 501/501/501 
f 501/501/501 502/502/502 503/503/503 
f 502/502/502 503/503/503 503/503/503 
f 503/503/503 503/503/503 504/504/504 
f 503/503/503 504/504/504 504/504/504 
f 504/504/504 504/504/504 504/504/504 
f 504/504/504 505/505/505 504/504/504 
f 504/504/504 505/505/505 506/506/506 
f 505/505/505 507/507/507 506/506/506 
f 506/506/506 507/507/507 508/508/508 
f 507/507/507 509/509/509 508/508/508 
f 508/508/508 509/509/509 510/510/510 
f 509/509/509 511/511/511 510/510/510 
f 510/510/510 511/511/511 511/511/511 
f 511/511/511 512/512/512 511/511/511 
f 511/511/511 512/512/512 512/512/512 
f 512/512/512 513/513/513 512/512/512 
f 512/512/512 513/513/513 514/514/514 
f 513/513/513 515/515/515 514/514/514 
f 514/514/514 515/515/515 516/516/516 
f 515/515/515 517/517/517 516/516/516 
f 516/516/516 517/517/517 518/518/518 
f 517/517/517 519/519/519 518/518/518 
f 518/518/518 519/519/519 520/520/520 
f 519/519/519 521/521/521 520/520/520 
f 520/520/520 521/521/521 522/522/522 
f 521/521/521 523/523/523 522/522/522 
f 522/522/522 523/523/523 524/524/524 
f 523/523/523 525/525/525 524/524/524 
f 524/524/524 525/525/525 526/526/526 
f 525/525/525 527/527/527 526/526/526 
f 526/526/526 527/527/527 528/528/528 
f 527/527/527 529/529/529 528/528/528 
f 528/528/528 529/529/529 530/530/530 
f 529/529/529 531/531/531 530/530/530 
f 530/530/530 531/531/531 531/531/531 
f 531/531/531 532/532/532 531/531/531 
f 531/531/531 532/532/532 532/532/532 
f 532/532/532 533/533/533 532/532/532 
f 532/532/532 533/533/533 534/534/534 
f 533/533/533 535/535/535 534/534/534 
f 534/534/534 535/535/535 536/536/536 
f 535/535/535 537/537/537 536/536/536 
f 536/536/536 537/537/537 538/538/538 
f 537/537/537 539/539/539 538/538/538 
f 538/538/538 539/539/539 540/540/540 
f 539/539/539 541/541/541 540/540/540 
f 540/540/540 541/541/541 542/542/542 
f 541/541/541 543/543/543 542/542/542 
f 542/542/542 543/543/543 544/544/544 
f 543/543/543 545/545/545 544/544/544 
f 544/544/544 545/545/545 545/545/545 
f 545/545/545 546/546/546 545/545/545 
f 545/545/545 546/546/546 546/546/546 
f 546/546/546 547/547/547 546/546/546 
f 546/546/546 547/547/547 548/548/548 
f 547/547/547 549/549/549 548/548/548 
f 548/548/548 549/549/549 549/549/549 
f 549/549/549 550/550/550 549/549/549 
f 549/549/549 550/550/550 550/550/550 
f 550/550/550 551/551/551 550/550/550 
f 550/550/550 551/551/551 552/552/552 
f 551/551/551 553/553/553 552/552/552 
f 552/552/552 553/553/553 553/553/553 
f 553/553/553 554/554/554 553/553/553 
f 553/553/553 554/554/554 554/554/554 
f 554/554/554 555/555/555 554/554/554 
f 554/554/554 555/555/555 556/556/556 
f 555/555/555 557/557/557 556/556/556 
f 556/556/556 557/557/557 558/558/558 
f 557/557/557 558/558/558 558/558/558 
f 558/558/558 558/558/558 559/559/559 
f 558/558/558 559/559/559 559/559/559 
f 559/559/559 559/559/559 559/559/559 
f 559/559/559 560/560/560 559/559/559 
f 559/559/559 560/560/560 561/561/561 
f 560/560/560 562/562/562 561/561/561 
f 561/561/561 562/562/562 563/563/563 
f 562/562/562 564/564/564 563/563/563 
f 563/563/563 564/564/564 565/565/565 
f 564/564/564 566/566/566 565/565/565 
f 565/565/565 566/566/566 567/567/567 
f 566/566/566 568/568/568 567/567/567 
f 567/567/567 568/568/568 569/569/569 
f 568/568/568 570/570/570 569/569/569 
f 569/569/569 570/570/570 571/571/571 
f 570/570/570 572/572/572 571/571/571 
f 571/571/571 572/572/572 573/573/573 
f 572/572/572 574/574/574 573/573/573 
f 573/573/573 574/574/574 575/575/575 
f 574/574/574 576/576/576 575/575/575 
f 575/575/575 576/576/576 577/577/577 
f 576/576/576 578/578/578 577/577/577 
f 577/577/577 578/578/578 579/579/579 
f 578/578/578 580/580/580 579/579/579 
f 579/579/579 580/580/580 581/581/581 
f 580/580/580 582/582/582 581/581/581 
f 581/581/581 582/582/582 583/583/583 
f 582/582/582 584/584/584 583/583/583 
f 583/583/583 584/584/584 585/585/585 
f 584/584/584 586/586/586 585/585/585 
f 585/585/585 586/586/586 587/587/587 
f 586/586/586 588/588/588 587/587/587 
f 587/587/587 588/588/588 589/589/589 
f 588/588/588 590/590/590 589/589/589 
f 589/589/589 590/590/590 590/590/590 
f 590/590/590 579/579/579 590/590/590 
f 590/590/590 579/579/579 579/579/579 
f 579/579/579 591/591/591 579/579/579 
f 579/579/579 591/591/591 577/577/577 
f 591/591/591 592/592/592 577/577/577 
f 577/577/577 592/592/592 575/575/575 
f 592/592/592 593/593/593 575/575/575 
f 575/575/575 593/593/593 594/594/594 
f 593/593/593 595/595/595 594/594/594 
f 594/594/594 595/595/595 596/596/596 
f 595/595/595 597/597/597 596/596/596 
f 596/596/596 597/597/597 598/598/598 
f 597/597/597 599/599/599 598/598/598 
f 598/598/598 599/599/599 600/600/600 
f 599/599/599 601/601/601 600/600/600 
f 600/600/600 601/601/601 602/602/602 
f 601/601/601 603/603/603 602/602/602 
f 602/602/602 603/603/603 604/604/604 
f 603/603/603 605/605/605 604/604/604 
f 604/604/604 605/605/605 606/606/606 
f 605/605/605 607/607/607 606/606/606 
f 606/606/606 607/607/607 608/608/608 
f 607/607/607 608/608/608 608/608/608 
f 608/608/608 608/608/608 591/591/591 
f 608/608/608 591/591/591 591/591/591 
f 591/591/591 591/591/591 591/591/591 
f 591/591/591 579/579/579 591/591/591 
f 591/591/591 579/579/579 609/609/609 
f 579/579/579 610/610/610 609/609/609 
f 609/609/609 610/610/610 611/611/611 
f 610/610/610 612/612/612 611/611/611 
f 611/611/611 612/612/612 613/613/613 
f 612/612/612 614/614/614 613/613/613 
f 613/613/613 614/614/614 615/615/615 
f 614/614/614 616/616/616 615/615/615 
f 615/615/615 616/616/616 617/617/617 
f 616/616/616 618/618/618 617/617/617 
f 617/617/617 618/618/618 619/619/619 
f 618/618/618 619/619/619 619/619/619 
f 619/619/619 619/619/619 620/620/620 
f 619/619/619 620/620/620 620/620/620 
f 620/620/620 620/620/620 620/620/620 
f 620/620/620 621/621/621 620/620/620 
f 620/620/620 621/621/621 622/622/622 
f 621/621/621 623/623/623 622/622/622 
f 622/622/622 623/623/623 623/623/623 
f 623/623/623 624/624/624 623/623/623 
f 623/623/623 624/624/624 624/624/624 
f 624/624/624 625/625/625 624/624/624 
f 624/624/624 625/625/625 626/626/626 
f 625/625/625 627/627/627 626/626/626 
f 626/626/626 627/627/627 627/627/627 
f 627/627/627 628/628/628 627/627/627 
f 627/627/627 628/628/628 628/628/628 
f 628/628/628 629/629/629 628/628/628 
f 628/628/628 629/629/629 630/630/630 
f 629/629/629 631/631/631 630/630/630 
f 630/630/630 631/631/631 631/631/631 
f 631/631/631 629/629/629 631/631/631 
f 631/631/631 629/629/629 629/629/629 
f 629/629/629 632/632/632 629/629/629 
f 629/629/629 632/632/632 631/631/631 
f 632/632/632 633/633/633 631/631/631 
f 631/631/631 633/633/633 633/633/633 
f 633/633/633 634/634/634 633/633/633 
f 633/633/633 634/634/634 634/634/634 
f 634/634/634 635/635/635 634/634/634 
f 634/634/634 635/635/635 636/636/636 
f 635/635/635 637/637/637 636/636/636 
f 636/636/636 637/637/637 637/637/637 
f 637/637/637 635/635/635 637/637/637 
f 637/637/637 635/635/635 635/635/635 
f 635/635/635 638/638/638 635/635/635 
f 635/635/635 638/638/638 637/637/637 
f 638/638/638 639/639/639 637/637/637 
f 637/637/637 639/639/639 639/639/639 
f 639/639/639 638/638/638 639/639/639 
f 639/639/639 638/638/638 638/638/638 
f 638/638/638 640/640/640 638/638/638 
f 638/638/638 640/640/640 639/639/639 
f 640/640/640 641/641/641 639/639/639 
f 639/639/639 641/641/641 641/641/641 
f 641/641/641 640/640/640 641/641/641 
f 641/641/641 640/640/640 640/640/640 
f 640/640/640 642/642/642 640/640/640 
f 640/640/640 642/642/642 641/641/641 
f 642/642/642 643/643/643 641/641/641 
f 641/641/641 643/643/643 643/643/643 
f 643/643/643 642/642/642 643/643/643 
f 643/643/643 642/642/642 642/642/642 
f 642/642/642 644/644/644 642/642/642 
f 642/642/642 644/644/644 643/643/643 
f 644/644/644 645/645/645 643/643/643 
f 643/643/643 645/645/645 645/645/645 
f 645/645/645 644/644/644 645/645/645 
f 645/645/645 644/644/644 644/644/644 
f 644/644/644 646/646/646 644/644/644 
f 644/644/644 646/646/646 645/645/645 
f 646/646/646 647/647/647 645/645/645 
f 645/645/645 647/647/647 647/647/647 
f 647/647/647 646/646/646 647/647/647 
f 647/647/647 646/646/646 646/646/646 
f 646/646/646 648/648/648 646/646/646 
f 646/646/646 648/648/648 647/647/647 
f 648/648/648 649/649/649 647/647/647 
f 647/647/647 649/649/649 649/649/649 
f 649/649/649 648/648/648 649/649/649 
f 649/649/649 648/648/648 648/648/648 
f 648/648/648 650/650/650 648/648/648 
f 648/648/648 650/650/650 649/649/649 
f 650/650/650 651/651/651 649/649/649 
f 649/649/649 651/651/651 651/651/651 
f 651/651/651 650/650/650 651/651/651 
f 651/651/651 650/650/650 650/650/650 
f 650/650/650 652/652/652 650/650/650 
f 650/650/650 652/652/652 651/651/651 
f 652/652/652 653/653/653 651/651/651 
f 651/651/651 653/653/653 653/653/653 
f 653/653/653 654/654/654 653/653/653 
f 653/653/653 654/654/654 654/654/654 
f 654/654/654 655/655/655 654/654/654 
f 654/654/654 655/655/655 656/656/656 
f 655/655/655 657/657/657 656/656/656 
f 656/656/656 657/657/657 658/658/658 
f 657/657/657 659/659/659 658/658/658 
f 658/658/658 659/659/659 660/660/660 
f 659/659/659 661/661/661 660/660/660 
f 660/660/660 661/661/661 662/662/662 
f 661/661/661 663/663/663 662/662/662 
f 662/662/662 663/663/663 664/664/664 
f 663/663/663 665/665/665 664/664/664 
f 664/664/664 665/665/665 666/666/666 
f 665/665/665 667/667/667 666/666/666 
f 666/666/666 667/667/667 668/668/668 
f 667/667/667 669/669/669 668/668/668 
f 668/668/668 669/669/669 670/670/670 
f 669/669/669 671/671/671 670/670/670 
f 670/670/670 671/671/671 671/671/671 
f 671/671/671 667/667/667 671/671/671 
f 671/671/671 667/667/667 667/667/667 
f 667/667/667 672/672/672 667/667/667 
f 667/667/667 672/672/672 669/669/669 
f 672/672/672 673/673/673 669/669/669 
f 669/669/669 673/673/673 671/671/671 
f 673/673/673 671/671/671 671/671/671 
f 671/671/671 671/671/671 672/672/672 
f 671/671/671 672/672/672 672/672/672 
f 672/672/672 672/672/672 672/672/672 
f 672/672/672 667/667/667 672/672/672 
f 672/672/672 667/667/667 674/674/674 
f 667/667/667 675/675/675 674/674/674 
f 674/674/674 675/675/675 676/676/676 
f 675/675/675 677/677/677 676/676/676 
f 676/676/676 677/677/677 678/678/678 
f 677/677/677 679/679/679 678/678/678 
f 678/678/678 679/679/679 680/680/680 
f 679/679/679 681/681/681 680/680/680 
f 680/680/680 681/681/681 682/682/682 
f 681/681/681 683/683/683 682/682/682 
f 682/682/682 683/683/683 684/684/684 
f 683/683/683 685/685/685 684/684/684 
f 684/684/684 685/685/685 686/686/686 
f 685/685/685 686/686/686 686/686/686 
f 686/686/686 686/686/686 687/687/687 
f 686/686/686 687/687/687 687/687/687 
f 687/687/687 687/687/687 687/687/687 
f 687/687/687 688/688/688 687/687/687 
f 687/687/687 688/688/688 689/689/689 
f 688/688/688 690/690/690 689/689/689 
f 689/689/689 690/690/690 690/690/690 
f 690/690/690 691/691/691 690/690/690 
f 690/690/690 691/691/691 691/691/691 
f 691/691/691 692/692/692 691/691/691 
f 691/691/691 692/692/692 693/693/693 
f 692/692/692 694/694/694 693/693/693 
f 693/693/693 694/694/694 694/694/694 
f 694/694/694 692/692/692 694/694/694 
f 694/694/694 692/692/692 692/692/692 
f 692/692/692 695/695/695 692/692/692 
f 692/692/692 695/695/695 694/694/694 
f 695/695/695 696/696/696 694/694/694 
f 694/694/694 696/696/696 696/696/696 
f 696/696/696 695/695/695 696/696/696 
f 696/696/696 695/695/695 695/695/695 
f 695/695/695 697/697/697 695/695/695 
f 695/695/695 697/697/697 696/696/696 
f 697/697/697 698/698/698 696/696/696 
f 696/696/696 698/698/698 698/698/698 
f 698/698/698 697/697/697 698/698/698 
f 698/698/698 697/697/697 697/697/697 
f 697/697/697 699/699/699 697/697/697 
f 697/697/697 699/699/699 698/698/698 
f 699/699/699 700/700/700 698/698/698 
f 698/698/698 700/700/700 700/700/700 
f 700/700/700 699/699/699 700/700/700 
f 700/700/700 699/699/699 699/699/699 
f 699/699/699 701/701/701 699/699/699 
f 699/699/699 701/701/701 700/700/700 
f 701/701/701 702/702/702 700/700/700 
f 700/700/700 702/702/702 702/702/702 
f 702/702/702 701/701/701 702/702/702 
f 702/702/702 701/701/701 701/701/701 
f 701/701/701 703/703/703 701/701/701 
f 701/701/701 703/703/703 702/702/702 
f 703/703/703 704/704/704 702/702/702 
f 702/702/702 704/704/704 704/704/704 
f 704/704/704 703/703/703 704/704/704 
f 704/704/704 703/703/703 703/703/703 
f 703/703/703 705/705/705 703/703/703 
f 703/703/703 705/705/705 704/704/704 
f 705/705/705 706/706/706 704/704/704 
f 704/704/704 706/706/706 706/706/706 
f 706/706/706 705/705/705 706/706/706 
f 706/706/706 705/705/705 705/705/705 
f 705/705/705 707/707/707 705/705/705 
f 705/705/705 707/707/707 706/706/706 
f 707/707/707 708/708/708 706/706/706 
f 706/706/706 708/708/708 708/708/708 
f 708/708/708 707/707/707 708/708/708 
f 708/708/708 707/707/707 707/707/707 
f 707/707/707 709/709/709 707/707/707 
f 707/707/707 709/709/709 708/708/708 
f 709/709/709 710/710/710 708/708/708 
f 708/708/708 710/710/710 710/710/710 
f 710/710/710 318/318/318 710/710/710 
f 710/710/710 318/318/318 318/318/318 
f 318/318/318 711/711/711 318/318/318 
f 318/318/318 711/711/711 319/319/319 
f 711/711/711 712/712/712 319/319/319 
f 319/319/319 712/712/712 712/712/712 
f 712/712/712 711/711/711 712/712/712 
f 712/712/712 711/711/711 713/713/713 
f 711/711/711 714/714/714 713/713/713 
f 713/713/713 714/714/714 715/715/715 
f 714/714/714 716/716/716 715/715/715 
f 715/715/715 716/716/716 717/717/717 
f 716/716/716 718/718/718 717/717/717 
f 717/717/717 718/718/718 719/719/719 
f 718/718/718 720/720/720 719/719/719 
f 719/719/719 720/720/720 721/721/721 
f 720/720/720 722/722/722 721/721/721 
f 721/721/721 722/722/722 723/723/723 
f 722/722/722 724/724/724 723/723/723 
f 723/723/723 724/724/724 725/725/725 
f 724/724/724 726/726/726 725/725/725 
f 725/725/725 726/726/726 727/727/727 
f 726/726/726 728/728/728 727/727/727 
f 727/727/727 728/728/728 728/728/728 
f 728/728/728 729/729/729 728/728/728 
f 728/728/728 729/729/729 729/729/729 
f 729/729/729 730/730/730 729/729/729 
f 729/729/729 730/730/730 731/731/731 
f 730/730/730 732/732/732 731/731/731 
f 731/731/731 732/732/732 733/733/733 
f 732/732/732 734/734/734 733/733/733 
f 733/733/733 734/734/734 735/735/735 
f 734/734/734 736/736/736 735/735/735 
f 735/735/735 736/736/736 737/737/737 
f 736/736/736 738/738/738 737/737/737 
f 737/737/737 738/738/738 739/739/739 
f 738/738/738 739/739/739 739/739/739 
f 739/739/739 739/739/739 737/737/737 
f 739/739/739 737/737/737 737/737/737 
f 737/737/737 737/737/737 737/737/737 
f 737/737/737 739/739/739 737/737/737 
f 737/737/737 739/739/739 740/740/740 
f 739/739/739 741/741/741 740/740/740 
f 740/740/740 741/741/741 741/741/741 
f 741/741/741 739/739/739 741/741/741 
f 741/741/741 739/739/739 739/739/739 
f 739/739/739 742/742/742 739/739/739 
f 739/739/739 742/742/742 741/741/741 
f 742/742/742 743/743/743 741/741/741 
f 741/741/741 743/743/743 743/743/743 
f 743/743/743 742/742/742 743/743/743 
f 743/743/743 742/742/742 742/742/742 
f 742/742/742 744/744/744 742/742/742 
f 742/742/742 744/744/744 743/743/743 
f 744/744/744 745/745/745 743/743/743 
f 743/743/743 745/745/745 745/745/745 
f 745/745/745 746/746/746 745/745/745 
f 745/745/745 746/746/746 746/746/746 
f 746/746/746 747/747/747 746/746/746 
f 746/746/746 747/747/747 748/748/748 
f 747/747/747 749/749/749 748/748/748 
f 748/748/748 749/749/749 749/749/749 
f 749/749/749 750/750/750 749/749/749 
f 749/749/749 750/750/750 750/750/750 
f 750/750/750 751/751/751 750/750/750 
f 750/750/750 751/751/751 752/752/752 
f 751/751/751 753/753/753 752/752/752 
f 752/752/752 753/753/753 753/753/753 
f 753/753/753 754/754/754 753/753/753 
f 753/753/753 754/754/754 754/754/754 
f 754/754/754 755/755/755 754/754/754 
f 754/754/754 755/755/755 756/756/756 
f 755/755/755 757/757/757 756/756/756 
f 756/756/756 757/757/757 757/757/757 
f 757/757/757 755/755/755 757/757/757 
f 757/757/757 755/755/755 755/755/755 
f 755/755/755 758/758/758 755/755/755 
f 755/755/755 758/758/758 757/757/757 
f 758/758/758 759/759/759 757/757/757 
f 757/757/757 759/759/759 759/759/759 
f 759/759/759 760/760/760 759/759/759 
f 759/759/759 760/760/760 760/760/760 
f 760/760/760 761/761/761 760/760/760 
f 760/760/760 761/761/761 762/762/762 
f 761/761/761 763/763/763 762/762/762 
f 762/762/762 763/763/763 763/763/763 
f 763/763/763 764/764/764 763/763/763 
f 763/763/763 764/764/764 764/764/764 
f 764/764/764 765/765/765 764/764/764 
f 764/764/764 765/765/765 766/766/766 
f 765/765/765 767/767/767 766/766/766 
f 766/766/766 767/767/767 767/767/767 
f 767/767/767 768/768/768 767/767/767 
f 767/767/767 768/768/768 768/768/768 
f 768/768/768 769/769/769 768/768/768 
f 768/768/768 769/769/769 770/770/770 
f 769/769/769 771/771/771 770/770/770 
f 770/770/770 771/771/771 771/771/771 
f 771/771/771 772/772/772 771/771/771 
f 771/771/771 772/772/772 772/772/772 
f 772/772/772 773/773/773 772/772/772 
f 772/772/772 773/773/773 774/774/774 
f 773/773/773 775/775/775 774/774/774 
f 774/774/774 775/775/775 776/776/776 
f 775/775/775 777/777/777 776/776/776 
f 776/776/776 777/777/777 778/778/778 
f 777/777/777 779/779/779 778/778/778 
f 778/778/778 779/779/779 780/780/780 
f 779/779/779 781/781/781 780/780/780 
f 780/780/780 781/781/781 782/782/782 
f 781/781/781 783/783/783 782/782/782 
f 782/782/782 783/783/783 784/784/784 
f 783/783/783 785/785/785 784/784/784 
f 784/784/784 785/785/785 786/786/786 
f 785/785/785 787/787/787 786/786/786 
f 786/786/786 787/787/787 788/788/788 
f 787/787/787 788/788/788 788/788/788 
f 788/788/788 788/788/788 789/789/789 
f 788/788/788 789/789/789 789/789/789 
f 789/789/789 789/789/789 789/789/789 
f 789/789/789 790/790/790 789/789/789 
f 789/789/789 790/790/790 791/791/791 
f 790/790/790 792/792/792 791/791/791 
f 791/791/791 792/792/792 793/793/793 
f 792/792/792 794/794/794 793/793/793 
f 793/793/793 794/794/794 794/794/794 
f 794/794/794 795/795/795 794/794/794 
f 794/794/794 795/795/795 795/795/795 
f 795/795/795 796/796/796 795/795/795 
f 795/795/795 796/796/796 797/797/797 
f 796/796/796 798/798/798 797/797/797 
f 797/797/797 798/798/798 798/798/798 
f 798/798/798 799/799/799 798/798/798 
f 798/798/798 799/799/799 799/799/799 
f 799/799/799 800/800/800 799/799/799 
f 799/799/799 800/800/800 801/801/801 
f 800/800/800 802/802/802 801/801/801 
f 801/801/801 802/802/802 803/803/803 
f 802/802/802 804/804/804 803/803/803 
f 803/803/803 804/804/804 805/805/805 
f 804/804/804 806/806/806 805/805/805 
f 805/805/805 806/806/806 806/806/806 
f 806/806/806 807/807/807 806/806/806 
f 806/806/806 807/807/807 807/807/807 
f 807/807/807 808/808/808 807/807/807 
f 807/807/807 808/808/808 809/809/809 
f 808/808/808 810/810/810 809/809/809 
f 809/809/809 810/810/810 810/810/810 
f 810/810/810 808/808/808 810/810/810 
f 810/810/810 808/808/808 808/808/808 
f 808/808/808 811/811/811 808/808/808 
f 808/808/808 811/811/811 810/810/810 
f 811/811/811 812/812/812 810/810/810 
f 810/810/810 812/812/812 812/812/812 
f 812/812/812 811/811/811 812/812/812 
f 812/812/812 811/811/811 811/811/811 
f 811/811/811 813/813/813 811/811/811 
f 811/811/811 813/813/813 812/812/812 
f 813/813/813 814/814/814 812/812/812 
f 812/812/812 814/814/814 814/814/814 
f 814/814/814 813/813/813 814/814/814 
f 814/814/814 813/813/813 813/813/813 
f 813/813/813 815/815/815 813/813/813 
f 813/813/813 815/815/815 814/814/814 
f 815/815/815 816/816/816 814/814/814 
f 814/814/814 816/816/816 816/816/816 
f 816/816/816 817/817/817 816/816/816 
f 816/816/816 817/817/817 817/817/817 
f 817/817/817 818/818/818 817/817/817 
f 817/817/817 818/818/818 819/819/819 
f 818/818/818 820/820/820 819/819/819 
f 819/819/819 820/820/820 820/820/820 
f 820/820/820 818/818/818 820/820/820 
f 820/820/820 818/818/818 818/818/818 
f 818/818/818 821/821/821 818/818/818 
f 818/818/818 821/821/821 820/820/820 
f 821/821/821 822/822/822 820/820/820 
f 820/820/820 822/822/822 822/822/822 
f 822/822/822 821/821/821 822/822/822 
f 822/822/822 821/821/821 821/821/821 
f 821/821/821 823/823/823 821/821/821 
f 821/821/821 823/823/823 822/822/822 
f 823/823/823 824/824/824 822/822/822 
f 822/822/822 824/824/824 824/824/824 
f 824/824/824 823/823/823 824/824/824 
f 824/824/824 823/823/823 823/823/823 
f 823/823/823 825/825/825 823/823/823 
f 823/823/823 825/825/825 824/824/824 
f 825/825/825 826/826/826 824/824/824 
f 824/824/824 826/826/826 826/826/826 
f 826/826/826 825/825/825 826/826/826 
f 826/826/826 825/825/825 825/825/825 
f 825/825/825 827/827/827 825/825/825 
f 825/825/825 827/827/827 826/826/826 
f 827/827/827 828/828/828 826/826/826 
f 826/826/826 828/828/828 828/828/828 
f 828/828/828 829/829/829 828/828/828 
f 828/828/828 829/829/829 829/829/829 
f 829/829/829 830/830/830 829/829/829 
f 829/829/829 830/830/830 831/831/831 
f 830/830/830 832/832/832 831/831/831 
f 831/831/831 832/832/832 832/832/832 
f 832/832/832 833/833/833 832/832/832 
f 832/832/832 833/833/833 833/833/833 
f 833/833/833 834/834/834 833/833/833 
f 833/833/833 834/834/834 835/835/835 
f 834/834/834 836/836/836 835/835/835 
f 835/835/835 836/836/836 836/836/836 
f 836/836/836 834/834/834 836/836/836 
f 836/836/836 834/834/834 834/834/834 
f 834/834/834 837/837/837 834/834/834 
f 834/834/834 837/837/837 836/836/836 
f 837/837/837 838/838/838 836/836/836 
f 836/836/836 838/838/838 838/838/838 
f 838/838/838 837/837/837 838/838/838 
f 838/838/838 837/837/837 837/837/837 
f 837/837/837 839/839/839 837/837/837 
f 837/837/837 839/839/839 838/838/838 
f 839/839/839 840/840/840 838/838/838 
f 838/838/838 840/840/840 840/840/840 
f 840/840/840 841/841/841 840/840/840 
f 840/840/840 841/841/841 841/841/841 
f 841/841/841 842/842/842 841/841/841 
f 841/841/841 842/842/842 843/843/843 
f 842/842/842 844/844/844 843/843/843 
f 843/843/843 844/844/844 844/844/844 
f 844/844/844 842/842/842 844/844/844 
f 844/844/844 842/842/842 842/842/842 
f 842/842/842 845/845/845 842/842/842 
f 842/842/842 845/845/845 844/844/844 
f 845/845/845 846/846/846 844/844/844 
f 844/844/844 846/846/846 846/846/846 
f 846/846/846 845/845/845 846/846/846 
f 846/846/846 845/845/845 845/845/845 
f 845/845/845 847/847/847 845/845/845 
f 845/845/845 847/847/847 846/846/846 
f 847/847/847 848/848/848 846/846/846 
f 846/846/846 848/848/848 848/848/848 
f 848/848/848 847/847/847 848/848/848 
f 848/848/848 847/847/847 847/847/847 
f 847/847/847 849/849/849 847/847/847 
f 847/847/847 849/849/849 848/848/848 
f 849/849/849 850/850/850 848/848/848 
f 848/848/848 850/850/850 850/850/850 
f 850/850/850 849/849/849 850/850/850 
f 850/850/850 849/849/849 849/849/849 
f 849/849/849 851/851/851 849/849/849 
f 849/849/849 851/851/851 850/850/850 
f 851/851/851 852/852/852 850/850/850 
f 850/850/850 852/852/852 852/852/852 
f 852/852/852 851/851/851 852/852/852 
f 852/852/852 851/851/851 851/851/851 
f 851/851/851 853/853/853 851/851/851 
f 851/851/851 853/853/853 852/852/852 
f 853/853/853 854/854/854 852/852/852 
f 852/852/852 854/854/854 854/854/854 
f 854/854/854 853/853/853 854/854/854 
f 854/854/854 853/853/853 853/853/853 
f 853/853/853 855/855/855 853/853/853 
f 853/853/853 855/855/855 854/854/854 
f 855/855/855 856/856/856 854/854/854 
f 854/854/854 856/856/856 856/856/856 
f 856/856/856 855/855/855 856/856/856 
f 856/856/856 855/855/855 855/855/855 
f 855/855/855 857/857/857 855/855/855 
f 855/855/855 857/857/857 856/856/856 
f 857/857/857 133/133/133 856/856/856 
f 856/856/856 133/133/133 133/133/133 
f 133/133/133 858/858/858 133/133/133 
f 133/133/133 858/858/858 858/858/858 
f 858/858/858 859/859/859 858/858/858 
f 858/858/858 859/859/859 860/860/860 
f 859/859/859 861/861/861 860/860/860 
f 860/860/860 861/861/861 861/861/861 
f 861/861/861 862/862/862 861/861/861 
f 861/861/861 862/862/862 862/862/862 
f 862/862/862 863/863/863 862/862/862 
f 862/862/862 863/863/863 864/864/864 
f 863/863/863 865/865/865 864/864/864 
f 864/864/864 865/865/865 865/865/865 
f 865/865/865 866/866/866 865/865/865 
f 865/865/865 866/866/866 866/866/866 
f 866/866/866 867/867/867 866/866/866 
f 866/866/866 867/867/867 868/868/868 
f 867/867/867 869/869/869 868/868/868 
f 868/868/868 869/869/869 869/869/869 
f 869/869/869 870/870/870 869/869/869 
f 869/869/869 870/870/870 870/870/870 
f 870/870/870 871/871/871 870/870/870 
f 870/870/870 871/871/871 872/872/872 
f 871/871/871 873/873/873 872/872/872 
f 872/872/872 873/873/873 873/873/873 
f 873/873/873 874/874/874 873/873/873 
f 873/873/873 874/874/874 874/874/874 
f 874/874/874 875/875/875 874/874/874 
f 874/874/874 875/875/875 876/876/876 
f 875/875/875 877/877/877 876/876/876 
f 876/876/876 877/877/877 877/877/877 
f 877/877/877 875/875/875 877/877/877 
f 877/877/877 875/875/875 875/875/875 
f 875/875/875 878/878/878 875/875/875 
f 875/875/875 878/878/878 877/877/877 
f 878/878/878 879/879/879 877/877/877 
f 877/877/877 879/879/879 879/879/879 
f 879/879/879 878/878/878 879/879/879 
f 879/879/879 878/878/878 878/878/878 
f 878/878/878 880/880/880 878/878/878 
f 878/878/878 880/880/880 879/879/879 
f 880/880/880 881/881/881 879/879/879 
f 879/879/879 881/881/881 881/881/881 
f 881/881/881 880/880/880 881/881/881 
f 881/881/881 880/880/880 880/880/880 
f 880/880/880 882/882/882 880/880/880 
f 880/880/880 882/882/882 881/881/881 
f 882/882/882 883/883/883 881/881/881 
f 881/881/881 883/883/883 883/883/883 
f 883/883/883 882/882/882 883/883/883 
f 883/883/883 882/882/882 882/882/882 
f 882/882/882 884/884/884 882/882/882 
f 882/882/882 884/884/884 883/883/883 
f 884/884/884 885/885/885 883/883/883 
f 883/883/883 885/885/885 885/885/885 
f 885/885/885 884/884/884 885/885/885 
f 885/885/885 884/884/884 884/884/884 
f 884/884/884 886/886/886 884/884/884 
f 884/884/884 886/886/886 885/885/885 
f 886/886/886 887/887/887 885/885/885 
f 885/885/885 887/887/887 887/887/887 
f 887/887/887 886/886/886 887/887/887 
f 887/887/887 886/886/886 886/886/886 
f 886/886/886 888/888/888 886/886/886 
f 886/886/886 888/888/888 887/887/887 
f 888/888/888 889/889/889 887/887/887 
f 887/887/887 889/889/889 889/889/889 
f 889/889/889 888/888/888 889/889/889 
f 889/889/889 888/888/888 888/888/888 
f 888/888/888 890/890/890 888/888/888 
f 888/888/888 890/890/890 889/889/889 
f 890/890/890 891/891/891 889/889/889 
f 889/889/889 891/891/891 891/891/891 
f 891/891/891 892/892/892 891/891/891 
f 891/891/891 892/892/892 892/892/892 
f 892/892/892 893/893/893 892/892/892 
f 892/892/892 893/893/893 894/894/894 
f 893/893/893 895/895/895 894/894/894 
f 894/894/894 895/895/895 895/895/895 
f 895/895/895 896/896/896 895/895/895 
f 895/895/895 896/896/896 896/896/896 
f 896/896/896 897/897/897 896/896/896 
f 896/896/896 897/897/897 898/898/898 
f 897/897/897 899/899/899 898/898/898 
f 898/898/898 899/899/899 899/899/899 
f 899/899/899 900/900/900 899/899/899 
f 899/899/899 900/900/900 900/900/900 
f 900/900/900 901/901/901 900/900/900 
f 900/900/900 901/901/901 902/902/902 
f 901/901/901 903/903/903 902/902/902 
f 902/902/902 903/903/903 903/903/903 
f 903/903/903 904/904/904 903/903/903 
f 903/903/903 904/904/904 904/904/904 
f 904/904/904 905/905/905 904/904/904 
f 904/904/904 905/905/905 906/906/906 
f 905/905/905 907/907/907 906/906/906 
f 906/906/906 907/907/907 907/907/907 
f 907/907/907 905/905/905 907/907/907 
f 907/907/907 905/905/905 905/905/905 
f 905/905/905 908/908/908 905/905/905 
f 905/905/905 908/908/908 907/907/907 
f 908/908/908 909/909/909 907/907/907 
f 907/907/907 909/909/909 909/909/909 
f 909/909/909 908/908/908 909/909/909 
f 909/909/909 908/908/908 908/908/908 
f 908/908/908 910/910/910 908/908/908 
f 908/908/908 910/910/910 909/909/909 
f 910/910/910 911/911/911 909/909/909 
f 909/909/909 911/911/911 911/911/911 
f 911/911/911 910/910/910 911/911/911 
f 911/911/911 910/910/910 910/910/910 
f 910/910/910 912/912/912 910/910/910 
f 910/910/910 912/912/912 911/911/911 
f 912/912/912 913/913/913 911/911/911 
f 911/911/911 913/913/913 913/913/913 
f 913/913/913 912/912/912 913/913/913 
f 913/913/913 912/912/912 912/912/912 
f 912/912/912 914/914/914 912/912/912 
f 912/912/912 914/914/914 913/913/913 
f 914/914/914 915/915/915 913/913/913 
f 913/913/913 915/915/915 915/915/915 
f 915/915/915 914/914/914 915/915/915 
f 915/915/915 914/914/914 914/914/914 
f 914/914/914 916/916/916 914/914/914 
f 914/914/914 916/916/916 915/915/915 
f 916/916/916 917/917/917 915/915/915 
f 915/915/915 917/917/917 917/917/917 
f 917/917/917 916/916/916 917/917/917 
f 917/917/917 916/916/916 916/916/916 
f 916/916/916 918/918/918 916/916/916 
f 916/916/916 918/918/918 917/917/917 
f 918/918/918 919/919/919 917/917/917 
f 917/917/917 919/919/919 919/919/919 
f 919/919/919 918/918/918 919/919/919 
f 919/919/919 918/918/918 918/918/918 
f 918/918/918 920/920/920 918/918/918 
f 918/918/918 920/920/920 919/919/919 
f 920/920/920 921/921/921 919/919/919 
f 919/919/919 921/921/921 921/921/921 
f 921/921/921 922/922/922 921/921/921 
f 921/921/921 922/922/922 922/922/922 
f 922/922/922 923/923/923 922/922/922 
f 922/922/922 923/923/923 924/924/924 
f 923/923/923 925/925/925 924/924/924 
f 924/924/924 925/925/925 925/925/925 
f 925/925/925 926/926/926 925/925/925 
f 925/925/925 926/926/926 926/926/926 
f 926/926/926 927/927/927 926/926/926 
f 926/926/926 927/927/927 928/928/928 
f 927/927/927 929/929/929 928/928/928 
f 928/928/928 929/929/929 930/930/930 
f 929/929/929 931/931/931 930/930/930 
f 930/930/930 931/931/931 932/932/932 
f 931/931/931 933/933/933 932/932/932 
f 932/932/932 933/933/933 934/934/934 
f 933/933/933 934/934/934 934/934/934 
f 934/934/934 934/934/934 932/932/932 
f 934/934/934 932/932/932 932/932/932 
f 932/932/932 932/932/932 932/932/932 
f 932/932/932 934/934/934 932/932/932 
f 932/932/932 934/934/934 935/935/935 
f 934/934/934 936/936/936 935/935/935 
f 935/935/935 936/936/936 936/936/936 
f 936/936/936 934/934/934 936/936/936 
f 936/936/936 934/934/934 934/934/934 
f 934/934/934 937/937/937 934/934/934 
f 934/934/934 937/937/937 936/936/936 
f 937/937/937 938/938/938 936/936/936 
f 936/936/936 938/938/938 938/938/938 
f 938/938/938 937/937/937 938/938/938 
f 938/938/938 937/937/937 937/937/937 
f 937/937/937 939/939/939 937/937/937 
f 937/937/937 939/939/939 938/938/938 
f 939/939/939 940/940/940 938/938/938 
f 938/938/938 940/940/940 940/940/940 
f 940/940/940 939/939/939 940/940/940 
f 940/940/940 939/939/939 939/939/939 
f 939/939/939 941/941/941 939/939/939 
f 939/939/939 941/941/941 940/940/940 
f 941/941/941 942/942/942 940/940/940 
f 940/940/940 942/942/942 942/942/942 
f 942/942/942 943/943/943 942/942/942 
f 942/942/942 943/943/943 943/943/943 
f 943/943/943 944/944/944 943/943/943 
f 943/943/943 944/944/944 945/945/945 
f 944/944/944 946/946/946 945/945/945 
f 945/945/945 946/946/946 947/947/947 
f 946/946/946 948/948/948 947/947/947 
f 947/947/947 948/948/948 948/948/948 
f 948/948/948 949/949/949 948/948/948 
f 948/948/948 949/949/949 949/949/949 
f 949/949/949 950/950/950 949/949/949 
f 949/949/949 950/950/950 951/951/951 
f 950/950/950 952/952/952 951/951/951 
f 951/951/951 952/952/952 952/952/952 
f 952/952/952 953/953/953 952/952/952 
f 952/952/952 953/953/953 953/953/953 
f 953/953/953 954/954/954 953/953/953 
f 953/953/953 954/954/954 955/955/955 
f 954/954/954 956/956/956 955/955/955 
f 955/955/955 956/956/956 956/956/956 
f 956/956/956 957/957/957 956/956/956 
f 956/956/956 957/957/957 957/957/957 
f 957/957/957 958/958/958 957/957/957 
f 957/957/957 958/958/958 959/959/959 
f 958/958/958 960/960/960 959/959/959 
f 959/959/959 960/960/960 960/960/960 
f 960/960/960 958/958/958 960/960/960 
f 960/960/960 958/958/958 958/958/958 
f 958/958/958 961/961/961 958/958/958 
f 958/958/958 961/961/961 960/960/960 
f 961/961/961 962/962/962 960/960/960 
f 960/960/960 962/962/962 962/962/962 
f 962/962/962 961/961/961 962/962/962 
f 962/962/962 961/961/961 961/961/961 
f 961/961/961 963/963/963 961/961/961 
f 961/961/961 963/963/963 962/962/962 
f 963/963/963 964/964/964 962/962/962 
f 962/962/962 964/964/964 964/964/964 
f 964/964/964 963/963/963 964/964/964 
f 964/964/964 963/963/963 963/963/963 
f 963/963/963 965/965/965 963/963/963 
f 963/963/963 965/965/965 964/964/964 
f 965/965/965 966/966/966 964/964/964 
f 964/964/964 966/966/966 966/966/966 
f 966/966/966 965/965/965 966/966/966 
f 966/966/966 965/965/965 965/965/965 
f 965/965/965 967/967/967 965/965/965 
f 965/965/965 967/967/967 966/966/966 
f 967/967/967 968/968/968 966/966/966 
f 966/966/966 968/968/968 968/968/968 
f 968/968/968 967/967/967 968/968/968 
f 968/968/968 967/967/967 967/967/967 
f 967/967/967 969/969/969 967/967/967 
f 967/967/967 969/969/969 968/968/968 
f 969/969/969 970/970/970 968/968/968 
f 968/968/968 970/970/970 970/970/970 
f 970/970/970 969/969/969 970/970/970 
f 970/970/970 969/969/969 969/969/969 
f 969/969/969 971/971/971 969/969/969 
f 969/969/969 971/971/971 970/970/970 
f 971/971/971 972/972/972 970/970/970 
f 970/970/970 972/972/972 972/972/972 
f 972/972/972 973/973/973 972/972/972 
f 972/972/972 973/973/973 973/973/973 
f 973/973/973 974/974/974 973/973/973 
f 973/973/973 974/974/974 975/975/975 
f 974/974/974 976/976/976 975/975/975 
f 975/975/975 976/976/976 976/976/976 
f 976/976/976 977/977/977 976/976/976 
f 976/976/976 977/977/977 977/977/977 
f 977/977/977 978/978/978 977/977/977 
f 977/977/977 978/978/978 979/979/979 
f 978/978/978 980/980/980 979/979/979 
f 979/979/979 980/980/980 980/980/980 
f 980/980/980 981/981/981 980/980/980 
f 980/980/980 981/981/981 981/981/981 
f 981/981/981 982/982/982 981/981/981 
f 981/981/981 982/982/982 983/983/983 
f 982/982/982 984/984/984 983/983/983 
f 983/983/983 984/984/984 984/984/984 
f 984/984/984 982/982/982 984/984/984 
f 984/984/984 982/982/982 982/982/982 
f 982/982/982 985/985/985 982/982/982 
f 982/982/982 985/985/985 984/984/984 
f 985/985/985 986/986/986 984/984/984 
f 984/984/984 986/986/986 986/986/986 
f 986/986/986 985/985/985 986/986/986 
f 986/986/986 985/985/985 985/985/985 
f 985/985/985 987/987/987 985/985/985 
f 985/985/985 987/987/987 986/986/986 
f 987/987/987 988/988/988 986/986/986 
f 986/986/986 988/988/988 988/988/988 
f 988/988/988 989/989/989 988/988/988 
f 988/988/988 989/989/989 989/989/989 
f 989/989/989 990/990/990 989/989/989 
f 989/989/989 990/990/990 991/991/991 
f 990/990/990 992/992/992 991/991/991 
f 991/991/991 992/992/992 992/992/992 
f 992/992/992 993/993/993 992/992/992 
f 992/992/992 993/993/993 993/993/993 
f 993/993/993 994/994/994 993/993/993 
f 993/993/993 994/994/994 995/995/995 
f 994/994/994 996/996/996 995/995/995 
f 995/995/995 996/996/996 997/997/997 
f 996/996/996 998/998/998 997/997/997 
f 997/997/997 998/998/998 999/999/999 
f 998/998/998 1000/1000/1000 999/999/999 
f 999/999/999 1000/1000/1000 1001/1001/1001 
f 1000/1000/1000 1002/1002/1002 1001/1001/1001 
f 1001/1001/1001 1002/1002/1002 1003/1003/1003 
f 1002/1002/1002 1004/1004/1004 1003/1003/1003 
f 1003/1003/1003 1004/1004/1004 1005/1005/1005 
f 1004/1004/1004 1006/1006/1006 1005/1005/1005 
f 1005/1005/1005 1006/1006/1006 1006/1006/1006 
f 1006/1006/1006 1007/1007/1007 1006/1006/1006 
f 1006/1006/1006 1007/1007/1007 1007/1007/1007 
f 1007/1007/1007 1008/1008/1008 1007/1007/1007 
f 1007/1007/1007 1008/1008/1008 1009/1009/1009 
f 1008/1008/1008 1010/1010/1010 1009/1009/1009 
f 1009/1009/1009 1010/1010/1010 1010/1010/1010 
f 1010/1010/1010 1011/1011/1011 1010/1010/1010 
f 1010/1010/1010 1011/1011/1011 1011/1011/1011 
f 1011/1011/1011 1012/1012/1012 1011/1011/1011 
f 1011/1011/1011 1012/1012/1012 1013/1013/1013 
f 1012/1012/1012 1014/1014/1014 1013/1013/1013 
f 1013/1013/1013 1014/1014/1014 1015/1015/1015 
f 1014/1014/1014 1016/1016/1016 1015/1015/1015 
f 1015/1015/1015 1016/1016/1016 1016/1016/1016 
f 1016/1016/1016 1017/1017/1017 1016/1016/1016 
f 1016/1016/1016 1017/1017/1017 1017/1017/1017 
f 1017/1017/1017 1018/1018/1018 1017/1017/1017 
f 1017/1017/1017 1018/1018/1018 1019/1019/1019 
f 1018/1018/1018 1020/1020/1020 1019/1019/1019 
f 1019/1019/1019 1020/1020/1020 1020/1020/1020 
f 1020/1020/1020 1018/1018/1018 1020/1020/1020 
f 1020/1020/1020 1018/1018/1018 1018/1018/1018 
f 1018/1018/1018 1021/1021/1021 1018/1018/1018 
f 1018/1018/1018 1021/1021/1021 1020/1020/1020 
f 1021/1021/1021 1022/1022/1022 1020/1020/1020 
f 1020/1020/1020 1022/1022/1022 1022/1022/1022 
f 1022/1022/1022 1021/1021/1021 1022/1022/1022 
f 1022/1022/1022 1021/1021/1021 1021/1021/1021 
f 1021/1021/1021 1023/1023/1023 1021/1021/1021 
f 1021/1021/1021 1023/1023/1023 1022/1022/1022 
f 1023/1023/1023 1024/1024/1024 1022/1022/1022 
f 1022/1022/1022 1024/1024/1024 1024/1024/1024 
f 1024/1024/1024 1023/1023/1023 1024/1024/1024 
f 1024/1024/1024 1023/1023/1023 1023/1023/1023 
f 1023/1023/1023 1025/1025/1025 1023/1023/1023 
f 1023/1023/1023 1025/1025/1025 1024/1024/1024 
f 1025/1025/1025 1026/1026/1026 1024/1024/1024 
f 1024/1024/1024 1026/1026/1026 1026/1026/1026 
f 1026/1026/1026 1025/1025/1025 1026/1026/1026 
f 1026/1026/1026 1025/1025/1025 1025/1025/1025 
f 1025/1025/1025 1027/1027/1027 1025/1025/1025 
f 1025/1025/1025 1027/1027/1027 1026/1026/1026 
f 1027/1027/1027 1028/1028/1028 1026/1026/1026 
f 1026/1026/1026 1028/1028/1028 1028/1028/1028 
f 1028/1028/1028 1027/1027/1027 1028/1028/1028 
f 1028/1028/1028 1027/1027/1027 1027/1027/1027 
f 1027/1027/1027 1029/1029/1029 1027/1027/1027 
f 1027/1027/1027 1029/1029/1029 1028/1028/1028 
f 1029/1029/1029 1030/1030/1030 1028/1028/1028 
f 1028/1028/1028 1030/1030/1030 1030/1030/1030 
f 1030/1030/1030 1029/1029/1029 1030/1030/1030 
f 1030/1030/1030 1029/1029/1029 1029/1029/1029 
f 1029/1029/1029 1031/1031/1031 1029/1029/1029 
f 1029/1029/1029 1031/1031/1031 1030/1030/1030 
f 1031/1031/1031 1032/1032/1032 1030/1030/1030 
f 1030/1030/1030 1032/1032/1032 1032/1032/1032 
f 1032/1032/1032 1031/1031/1031 1032/1032/1032 
f 1032/1032/1032 1031/1031/1031 1031/1031/1031 
f 1031/1031/1031 1033/1033/1033 1031/1031/1031 
f 1031/1031/1031 1033/1033/1033 1032/1032/1032 
f 1033/1033/1033 1034/1034/1034 1032/1032/1032 
f 1032/1032/1032 1034/1034/1034 1034/1034/1034 
f 1034/1034/1034 1035/1035/1035 1034/1034/1034 
f 1034/1034/1034 1035/1035/1035 1035/1035/1035 
f 1035/1035/1035 1036/1036/1036 1035/1035/1035 
f 1035/1035/1035 1036/1036/1036 1037/1037/1037 
f 1036/1036/1036 1038/1038/1038 1037/1037/1037 
f 1037/1037/1037 1038/1038/1038 1038/1038/1038 
f 1038/1038/1038 1036/1036/1036 1038/1038/1038 
f 1038/1038/1038 1036/1036/1036 1036/1036/1036 
f 1036/1036/1036 1039/1039/1039 1036/1036/1036 
f 1036/1036/1036 1039/1039/1039 1038/1038/1038 
f 1039/1039/1039 1040/1040/1040 1038/1038/1038 
f 1038/1038/1038 1040/1040/1040 1040/1040/1040 
f 1040/1040/1040 1039/1039/1039 1040/1040/1040 
f 1040/1040/1040 1039/1039/1039 1039/1039/1039 
f 1039/1039/1039 1041/1041/1041 1039/1039/1039 
f 1039/1039/1039 1041/1041/1041 1040/1040/1040 
f 1041/1041/1041 1042/1042/1042 1040/1040/1040 
f 1040/1040/1040 1042/1042/1042 1042/1042/1042 
f 1042/1042/1042 1043/1043/1043 1042/1042/1042 
f 1042/1042/1042 1043/1043/1043 1043/1043/1043 
f 1043/1043/1043 1044/1044/1044 1043/1043/1043 
f 1043/1043/1043 1044/1044/1044 1045/1045/1045 
f 1044/1044/1044 1046/1046/1046 1045/1045/1045 
f 1045/1045/1045 1046/1046/1046 1046/1046/1046 
f 1046/1046/1046 1044/1044/1044 1046/1046/1046 
f 1046/1046/1046 1044/1044/1044 1044/1044/1044 
f 1044/1044/1044 1047/1047/1047 1044/1044/1044 
f 1044/1044/1044 1047/1047/1047 1046/1046/1046 
f 1047/1047/1047 1048/1048/1048 1046/1046/1046 
f 1046/1046/1046 1048/1048/1048 1048/1048/1048 
f 1048/1048/1048 1047/1047/1047 1048/1048/1048 
f 1048/1048/1048 1047/1047/1047 1047/1047/1047 
f 1047/1047/1047 1049/1049/1049 1047/1047/1047 
f 1047/1047/1047 1049/1049/1049 1048/1048/1048 
f 1049/1049/1049 1050/1050/1050 1048/1048/1048 
f 1048/1048/1048 1050/1050/1050 1050/1050/1050 
f 1050/1050/1050 1049/1049/1049 1050/1050/1050 
f 1050/1050/1050 1049/1049/1049 1049/1049/1049 
f 1049/1049/1049 1051/1051/1051 1049/1049/1049 
f 1049/1049/1049 1051/1051/1051 1050/1050/1050 
f 1051/1051/1051 1052/1052/1052 1050/1050/1050 
f 1050/1050/1050 1052/1052/1052 1052/1052/1052 
f 1052/1052/1052 1051/1051/1051 1052/1052/1052 
f 1052/1052/1052 1051/1051/1051 1051/1051/1051 
f 1051/1051/1051 1053/1053/1053 1051/1051/1051 
f 1051/1051/1051 1053/1053/1053 1052/1052/1052 
f 1053/1053/1053 1054/1054/1054 1052/1052/1052 
f 1052/1052/1052 1054/1054/1054 1054/1054/1054 
f 1054/1054/1054 1055/1055/1055 1054/1054/1054 
f 1054/1054/1054 1055/1055/1055 1055/1055/1055 
f 1055/1055/1055 1056/1056/1056 1055/1055/1055 
f 1055/1055/1055 1056/1056/1056 1057/1057/1057 
f 1056/1056/1056 1058/1058/1058 1057/1057/1057 
f 1057/1057/1057 1058/1058/1058 1058/1058/1058 
f 1058/1058/1058 1056/1056/1056 1058/1058/1058 
f 1058/1058/1058 1056/1056/1056 1056/1056/1056 
f 1056/1056/1056 1059/1059/1059 1056/1056/1056 
f 1056/1056/1056 1059/1059/1059 1058/1058/1058 
f 1059/1059/1059 1060/1060/1060 1058/1058/1058 
f 1058/1058/1058 1060/1060/1060 1060/1060/1060 
f 1060/1060/1060 1061/1061/1061 1060/1060/1060 
f 1060/1060/1060 1061/1061/1061 1061/1061/1061 
f 1061/1061/1061 1062/1062/1062 1061/1061/1061 
f 1061/1061/1061 1062/1062/1062 1063/1063/1063 
f 1062/1062/1062 1064/1064/1064 1063/1063/1063 
f 1063/1063/1063 1064/1064/1064 1064/1064/1064 
f 1064/1064/1064 1065/1065/1065 1064/1064/1064 
f 1064/1064/1064 1065/1065/1065 1065/1065/1065 
f 1065/1065/1065 1066/1066/1066 1065/1065/1065 
f 1065/1065/1065 1066/1066/1066 1067/1067/1067 
f 1066/1066/1066 1068/1068/1068 1067/1067/1067 
f 1067/1067/1067 1068/1068/1068 1069/1069/1069 
f 1068/1068/1068 1070/1070/1070 1069/1069/1069 
f 1069/1069/1069 1070/1070/1070 1071/1071/1071 
f 1070/1070/1070 1072/1072/1072 1071/1071/1071 
f 1071/1071/1071 1072/1072/1072 1073/1073/1073 
f 1072/1072/1072 1074/1074/1074 1073/1073/1073 
f 1073/1073/1073 1074/1074/1074 1075/1075/1075 
f 1074/1074/1074 1076/1076/1076 1075/1075/1075 
f 1075/1075/1075 1076/1076/1076 1077/1077/1077 
f 1076/1076/1076 1078/1078/1078 1077/1077/1077 
f 1077/1077/1077 1078/1078/1078 1078/1078/1078 
f 1078/1078/1078 1079/1079/1079 1078/1078/1078 
f 1078/1078/1078 1079/1079/1079 1079/1079/1079 
f 1079/1079/1079 1080/1080/1080 1079/1079/1079 
f 1079/1079/1079 1080/1080/1080 1081/1081/1081 
f 1080/1080/1080 1082/1082/1082 1081/1081/1081 
f 1081/1081/1081 1082/1082/1082 1082/1082/1082 
f 1082/1082/1082 1080/1080/1080 1082/1082/1082 
f 1082/1082/1082 1080/1080/1080 1080/1080/1080 
f 1080/1080/1080 1083/1083/1083 1080/1080/1080 
f 1080/1080/1080 1083/1083/1083 1082/1082/1082 
f 1083/1083/1083 1084/1084/1084 1082/1082/1082 
f 1082/1082/1082 1084/1084/1084 1084/1084/1084 
f 1084/1084/1084 1083/1083/1083 1084/1084/1084 
f 1084/1084/1084 1083/1083/1083 1083/1083/1083 
f 1083/1083/1083 93/93/93 1083/1083/1083 
f 1083/1083/1083 93/93/93 1084/1084/1084 
f 93/93/93 91/91/91 1084/1084/1084 
f 1084/1084/1084 91/91/91 91/91/91 
f 91/91/91 1085/1085/1085 91/91/91 
f 91/91/91 1085/1085/1085 1085/1085/1085 
f 1085/1085/1085 1086/1086/1086 1085/1085/1085 
f 1085/1085/1085 1086/1086/1086 1087/1087/1087 
f 1086/1086/1086 1088/1088/1088 1087/1087/1087 
f 1087/1087/1087 1088/1088/1088 1088/1088/1088 
f 1088/1088/1088 1086/1086/1086 1088/1088/1088 
f 1088/1088/1088 1086/1086/1086 1086/1086/1086 
f 1086/1086/1086 1089/1089/1089 1086/1086/1086 
f 1086/1086/1086 1089/1089/1089 1088/1088/1088 
f 1089/1089/1089 1090/1090/1090 1088/1088/1088 
f 1088/1088/1088 1090/1090/1090 1090/1090/1090 
f 1090/1090/1090 320/320/320 1090/1090/1090 
f 1090/1090/1090 320/320/320 320/320/320 
f 320/320/320 1091/1091/1091 320/320/320 
f 320/320/320 1091/1091/1091 317/317/317 
f 1091/1091/1091 1092/1092/1092 317/317/317 
f 317/317/317 1092/1092/1092 1092/1092/1092 
f 1092/1092/1092 1093/1093/1093 1092/1092/1092 
f 1092/1092/1092 1093/1093/1093 1093/1093/1093 
f 1093/1093/1093 1094/1094/1094 1093/1093/1093 
f 1093/1093/1093 1094/1094/1094 1095/1095/1095 
f 1094/1094/1094 1096/1096/1096 1095/1095/1095 
f 1095/1095/1095 1096/1096/1096 1096/1096/1096 
f 1096/1096/1096 1097/1097/1097 1096/1096/1096 
f 1096/1096/1096 1097/1097/1097 1097/1097/1097 
f 1097/1097/1097 1098/1098/1098 1097/1097/1097 
f 1097/1097/1097 1098/1098/1098 1099/1099/1099 
f 1098/1098/1098 1100/1100/1100 1099/1099/1099 
f 1099/1099/1099 1100/1100/1100 1100/1100/1100 
f 1100/1100/1100 1101/1101/1101 1100/1100/1100 
f 1100/1100/1100 1101/1101/1101 1101/1101/1101 
f 1101/1101/1101 1102/1102/1102 1101/1101/1101 
f 1101/1101/1101 1102/1102/1102 1103/1103/1103 
f 1102/1102/1102 1104/1104/1104 1103/1103/1103 
f 1103/1103/1103 1104/1104/1104 1104/1104/1104 
f 1104/1104/1104 1102/1102/1102 1104/1104/1104 
f 1104/1104/1104 1102/1102/1102 1102/1102/1102 
f 1102/1102/1102 1105/1105/1105 1102/1102/1102 
f 1102/1102/1102 1105/1105/1105 1104/1104/1104 
f 1105/1105/1105 1106/1106/1106 1104/1104/1104 
f 1104/1104/1104 1106/1106/1106 1106/1106/1106 
f 1106/1106/1106 1107/1107/1107 1106/1106/1106 
f 1106/1106/1106 1107/1107/1107 1107/1107/1107 
f 1107/1107/1107 1108/1108/1108 1107/1107/1107 
f 1107/1107/1107 1108/1108/1108 1109/1109/1109 
f 1108/1108/1108 1110/1110/1110 1109/1109/1109 
f 1109/1109/1109 1110/1110/1110 1110/1110/1110 
f 1110/1110/1110 1111/1111/1111 1110/1110/1110 
f 1110/1110/1110 1111/1111/1111 1111/1111/1111 
f 1111/1111/1111 1112/1112/1112 1111/1111/1111 
f 1111/1111/1111 1112/1112/1112 1113/1113/1113 
f 1112/1112/1112 1114/1114/1114 1113/1113/1113 
f 1113/1113/1113 1114/1114/1114 1114/1114/1114 
f 1114/1114/1114 1112/1112/1112 1114/1114/1114 
f 1114/1114/1114 1112/1112/1112 1112/1112/1112 
f 1112/1112/1112 1115/1115/1115 1112/1112/1112 
f 1112/1112/1112 1115/1115/1115 1114/1114/1114 
f 1115/1115/1115 463/463/463 1114/1114/1114 
f 90/90/90 83/83/83 1116/1116/1116 
f 302/302/302 285/285/285 1117/1117/1117 
f 461/461/461 463/463/463 1115/1115/1115 
f 941/941/941 1118/1118/1118 942/942/942 
f 745/745/745 744/744/744 1054/1054/1054 
f 558/558/558 1119/1119/1119 556/556/556 
f 1092/1092/1092 1091/1091/1091 1120/1120/1120 
f 786/786/786 788/788/788 1121/1121/1121 
f 159/159/159 161/161/161 1122/1122/1122 

