mtllib model_1.mtl
o model_1
v 3.4462740421295166 20.123939514160156 -136.9530029296875 
v 4.9662957191467285 18.198835372924805 -136.9530029296875 
v 0.009703200310468674 15.814665794372559 -136.9530029296875 
v 5.517028331756592 15.814665794372559 -136.9530029296875 
v 4.9662957191467285 13.415689468383789 -136.9530029296875 
v 3.4462740421295166 11.490584373474121 -136.9530029296875 
v 1.2213146686553955 10.424371719360352 -136.9530029296875 
v -1.2239376306533813 10.424371719360352 -136.9530029296875 
v -3.448896884918213 11.490584373474121 -136.9530029296875 
v -4.968918800354004 13.415689468383789 -136.9530029296875 
v -5.519650936126709 15.814665794372559 -136.9530029296875 
v -4.968918800354004 18.198835372924805 -136.9530029296875 
v -3.448896884918213 20.123939514160156 -136.9530029296875 
v -1.2239376306533813 21.19015121459961 -136.9530029296875 
v 1.2213146686553955 21.19015121459961 -136.9530029296875 
v 3.4462740421295166 20.123939514160156 -131.79966735839844 
v 0.009703200310468674 15.814665794372559 -131.79966735839844 
v 4.9662957191467285 18.198835372924805 -131.79966735839844 
v 5.517028331756592 15.814665794372559 -131.79966735839844 
v 4.9662957191467285 13.415689468383789 -131.79966735839844 
v 3.4462740421295166 11.490584373474121 -131.79966735839844 
v 1.2213146686553955 10.424371719360352 -131.79966735839844 
v -1.2239376306533813 10.424371719360352 -131.79966735839844 
v -3.448896884918213 11.490584373474121 -131.79966735839844 
v -4.968918800354004 13.415689468383789 -131.79966735839844 
v -5.519650936126709 15.814665794372559 -131.79966735839844 
v -4.968918800354004 18.198835372924805 -131.79966735839844 
v -3.448896884918213 20.123939514160156 -131.79966735839844 
v -1.2239376306533813 21.19015121459961 -131.79966735839844 
v 1.2213146686553955 21.19015121459961 -131.79966735839844 
v 11.156529426574707 17.339941024780273 14.632623672485352 
v 13.359458923339844 17.325132369995117 14.924321174621582 
v 13.249312400817871 19.457557678222656 15.50771713256836 
v 15.276007652282715 19.29466438293457 16.09111213684082 
v 15.011656761169434 21.14572525024414 16.966205596923828 
v 16.77400016784668 20.74589729309082 17.646833419799805 
v 16.223268508911133 22.315597534179688 18.619159698486328 
v 17.743289947509766 21.678831100463867 19.299787521362305 
v 11.156529426574707 15.118666648864746 14.43815803527832 
v 11.156529426574707 19.472366333007812 15.313251495361328 
v 13.11713695526123 21.382661819458008 16.5772762298584 
v 14.615129470825195 22.78946876525879 18.132997512817383 
v 11.156529426574707 21.441896438598633 16.382810592651367 
v 12.896843910217285 23.070831298828125 17.841299057006836 
v 11.156529426574707 23.15968132019043 17.74406623840332 
v 11.156529426574707 24.581298828125 19.494253158569336 
v 13.139165878295898 24.41840362548828 19.59148597717285 
v 11.156529426574707 25.632701873779297 21.438905715942383 
v 15.055715560913086 23.974149703979492 19.8831844329834 
v 16.796030044555664 23.263341903686523 20.272113800048828 
v 18.360109329223633 22.315597534179688 20.758277893066406 
v 18.360109329223633 20.18317413330078 18.619159698486328 
v 17.14849853515625 18.998493194580078 16.966205596923828 
v 15.474271774291992 17.236282348632812 15.50771713256836 
v 13.381487846374512 15.118666648864746 14.632623672485352 
v 11.156529426574707 12.897391319274902 14.632623672485352 
v 13.359458923339844 12.897391319274902 14.924321174621582 
v 11.156529426574707 10.75015926361084 15.313251495361328 
v 13.249312400817871 10.764967918395996 15.50771713256836 
v 11.156529426574707 8.79543685913086 16.382810592651367 
v 13.11713695526123 8.839862823486328 16.5772762298584 
v 11.156529426574707 7.06284236907959 17.74406623840332 
v 12.896843910217285 7.166501998901367 17.841299057006836 
v 13.139165878295898 5.804120063781738 19.59148597717285 
v 11.156529426574707 5.65603494644165 19.494253158569336 
v 13.293371200561523 4.797142028808594 21.5361385345459 
v 11.156529426574707 4.604631423950195 21.438905715942383 
v 13.381487846374512 4.16037654876709 23.675254821777344 
v 11.156529426574707 3.9530575275421143 23.578022003173828 
v 13.381487846374512 3.9530575275421143 25.814373016357422 
v 11.156529426574707 3.7309300899505615 25.814373016357422 
v 13.381487846374512 4.16037654876709 28.050722122192383 
v 11.156529426574707 3.9530575275421143 28.050722122192383 
v 13.293371200561523 4.797142028808594 30.18984031677246 
v 11.156529426574707 4.604631423950195 30.18984031677246 
v 13.139165878295898 5.804120063781738 32.03725814819336 
v 11.156529426574707 5.65603494644165 32.134490966796875 
v 12.896843910217285 7.166501998901367 33.787445068359375 
v 11.156529426574707 7.06284236907959 33.88467788696289 
v 11.156529426574707 8.79543685913086 35.34316635131836 
v 13.11713695526123 8.839862823486328 35.14870071411133 
v 11.156529426574707 10.75015926361084 36.315494537353516 
v 14.615129470825195 7.447863578796387 33.49574661254883 
v 15.055715560913086 6.248374938964844 31.84279441833496 
v 15.342096328735352 5.359865188598633 29.99537467956543 
v 15.49630069732666 4.797142028808594 27.953489303588867 
v 15.518330574035645 4.604631423950195 25.814373016357422 
v 15.49630069732666 4.797142028808594 23.77248764038086 
v 15.342096328735352 5.359865188598633 21.730602264404297 
v 15.055715560913086 6.248374938964844 19.8831844329834 
v 14.615129470825195 7.447863578796387 18.132997512817383 
v 15.011656761169434 9.091607093811035 16.966205596923828 
v 15.276007652282715 10.927861213684082 16.09111213684082 
v 15.474271774291992 12.986242294311523 15.50771713256836 
v 15.518330574035645 15.118666648864746 15.313251495361328 
v 17.41284942626953 17.088197708129883 16.480043411254883 
v 18.822725296020508 18.55423927307129 18.132997512817383 
v 19.307369232177734 20.74589729309082 20.272113800048828 
v 18.822725296020508 22.78946876525879 22.411231994628906 
v 17.192556381225586 23.974149703979492 22.022300720214844 
v 15.342096328735352 24.862659454345703 21.730602264404297 
v 13.293371200561523 25.425382614135742 21.5361385345459 
v 11.156529426574707 26.28427505493164 23.578022003173828 
v 13.381487846374512 26.06214714050293 23.675254821777344 
v 11.156529426574707 26.491594314575195 25.814373016357422 
v 15.49630069732666 25.425382614135742 23.77248764038086 
v 17.434879302978516 24.41840362548828 23.869720458984375 
v 19.109106063842773 23.070831298828125 24.064186096191406 
v 20.01230812072754 21.14572525024414 22.022300720214844 
v 20.03433609008789 18.998493194580078 19.8831844329834 
v 19.109106063842773 16.851261138916016 17.841299057006836 
v 17.47893714904785 15.118666648864746 16.382810592651367 
v 17.41284942626953 13.13432788848877 16.480043411254883 
v 17.14849853515625 11.238839149475098 16.966205596923828 
v 16.77400016784668 9.476628303527832 17.646833419799805 
v 16.223268508911133 7.906927108764648 18.619159698486328 
v 16.796030044555664 6.959183216094971 20.272113800048828 
v 17.192556381225586 6.248374938964844 22.022300720214844 
v 17.434879302978516 5.8189287185668945 23.869720458984375 
v 17.47893714904785 5.65603494644165 25.814373016357422 
v 17.434879302978516 5.8189287185668945 27.759023666381836 
v 17.192556381225586 6.248374938964844 29.703676223754883 
v 16.796030044555664 6.959183216094971 31.4538631439209 
v 16.223268508911133 7.906927108764648 33.009586334228516 
v 15.011656761169434 9.091607093811035 34.662540435791016 
v 13.249312400817871 10.764967918395996 36.121028900146484 
v 11.156529426574707 12.897391319274902 36.99612045288086 
v 13.359458923339844 12.897391319274902 36.80165481567383 
v 11.156529426574707 15.118666648864746 37.19058609008789 
v 15.276007652282715 10.927861213684082 35.634864807128906 
v 16.77400016784668 9.476628303527832 33.981910705566406 
v 17.743289947509766 8.543692588806152 32.42618942260742 
v 18.360109329223633 7.906927108764648 30.870468139648438 
v 18.822725296020508 7.447863578796387 29.314746856689453 
v 19.109106063842773 7.166501998901367 27.564559936523438 
v 19.219253540039062 7.06284236907959 25.814373016357422 
v 19.109106063842773 7.166501998901367 24.064186096191406 
v 18.822725296020508 7.447863578796387 22.411231994628906 
v 18.360109329223633 7.906927108764648 20.758277893066406 
v 17.743289947509766 8.543692588806152 19.299787521362305 
v 18.360109329223633 10.039351463317871 18.619159698486328 
v 18.822725296020508 11.668286323547363 18.132997512817383 
v 19.109106063842773 13.37126350402832 17.841299057006836 
v 19.219253540039062 15.118666648864746 17.74406623840332 
v 20.47492218017578 17.088197708129883 19.59148597717285 
v 20.915508270263672 19.29466438293457 21.730602264404297 
v 20.45289421081543 21.382661819458008 23.869720458984375 
v 19.219253540039062 23.15968132019043 25.814373016357422 
v 17.47893714904785 24.581298828125 25.814373016357422 
v 15.518330574035645 25.632701873779297 25.814373016357422 
v 13.381487846374512 26.28427505493164 25.814373016357422 
v 11.156529426574707 26.28427505493164 28.050722122192383 
v 13.381487846374512 26.06214714050293 28.050722122192383 
v 11.156529426574707 25.632701873779297 30.18984031677246 
v 15.49630069732666 25.425382614135742 27.953489303588867 
v 17.434879302978516 24.41840362548828 27.759023666381836 
v 19.109106063842773 23.070831298828125 27.564559936523438 
v 20.629127502441406 21.441896438598633 25.814373016357422 
v 21.46624183654785 19.457557678222656 23.77248764038086 
v 21.488269805908203 17.236282348632812 21.5361385345459 
v 20.629127502441406 15.118666648864746 19.494253158569336 
v 20.47492218017578 13.13432788848877 19.59148597717285 
v 20.03433609008789 11.238839149475098 19.8831844329834 
v 19.307369232177734 9.476628303527832 20.272113800048828 
v 20.01230812072754 9.091607093811035 22.022300720214844 
v 20.915508270263672 10.927861213684082 21.730602264404297 
v 21.488269805908203 12.986242294311523 21.5361385345459 
v 21.686534881591797 15.118666648864746 21.438905715942383 
v 22.105091094970703 17.325132369995117 23.675254821777344 
v 21.686534881591797 19.472366333007812 25.814373016357422 
v 20.45289421081543 21.382661819458008 27.759023666381836 
v 18.822725296020508 22.78946876525879 29.314746856689453 
v 17.192556381225586 23.974149703979492 29.703676223754883 
v 15.342096328735352 24.862659454345703 29.99537467956543 
v 13.293371200561523 25.425382614135742 30.18984031677246 
v 11.156529426574707 24.581298828125 32.134490966796875 
v 13.139165878295898 24.41840362548828 32.03725814819336 
v 11.156529426574707 23.15968132019043 33.88467788696289 
v 15.055715560913086 23.974149703979492 31.84279441833496 
v 16.796030044555664 23.263341903686523 31.4538631439209 
v 18.360109329223633 22.315597534179688 30.870468139648438 
v 20.01230812072754 21.14572525024414 29.703676223754883 
v 21.46624183654785 19.457557678222656 27.953489303588867 
v 22.32538414001465 17.339941024780273 25.814373016357422 
v 22.32538414001465 15.118666648864746 23.578022003173828 
v 22.105091094970703 12.897391319274902 23.675254821777344 
v 21.46624183654785 10.764967918395996 23.77248764038086 
v 20.45289421081543 8.839862823486328 23.869720458984375 
v 20.629127502441406 8.79543685913086 25.814373016357422 
v 21.686534881591797 10.75015926361084 25.814373016357422 
v 22.32538414001465 12.897391319274902 25.814373016357422 
v 22.545677185058594 15.118666648864746 25.814373016357422 
v 22.105091094970703 17.325132369995117 28.050722122192383 
v 20.915508270263672 19.29466438293457 29.99537467956543 
v 19.307369232177734 20.74589729309082 31.4538631439209 
v 17.743289947509766 21.678831100463867 32.42618942260742 
v 16.223268508911133 22.315597534179688 33.009586334228516 
v 14.615129470825195 22.78946876525879 33.49574661254883 
v 12.896843910217285 23.070831298828125 33.787445068359375 
v 13.11713695526123 21.382661819458008 35.14870071411133 
v 11.156529426574707 21.441896438598633 35.34316635131836 
v 15.011656761169434 21.14572525024414 34.662540435791016 
v 16.77400016784668 20.74589729309082 33.981910705566406 
v 18.360109329223633 20.18317413330078 33.009586334228516 
v 20.03433609008789 18.998493194580078 31.84279441833496 
v 21.488269805908203 17.236282348632812 30.18984031677246 
v 22.32538414001465 15.118666648864746 28.050722122192383 
v 22.105091094970703 12.897391319274902 28.050722122192383 
v 21.46624183654785 10.764967918395996 27.953489303588867 
v 20.45289421081543 8.839862823486328 27.759023666381836 
v 20.01230812072754 9.091607093811035 29.703676223754883 
v 20.915508270263672 10.927861213684082 29.99537467956543 
v 21.488269805908203 12.986242294311523 30.18984031677246 
v 21.686534881591797 15.118666648864746 30.18984031677246 
v 20.47492218017578 17.088197708129883 32.03725814819336 
v 18.822725296020508 18.55423927307129 33.49574661254883 
v 17.14849853515625 18.998493194580078 34.662540435791016 
v 19.109106063842773 16.851261138916016 33.787445068359375 
v 20.629127502441406 15.118666648864746 32.134490966796875 
v 20.47492218017578 13.13432788848877 32.03725814819336 
v 20.03433609008789 11.238839149475098 31.84279441833496 
v 19.307369232177734 9.476628303527832 31.4538631439209 
v 18.360109329223633 10.039351463317871 33.009586334228516 
v 17.14849853515625 11.238839149475098 34.662540435791016 
v 18.822725296020508 11.668286323547363 33.49574661254883 
v 19.109106063842773 13.37126350402832 33.787445068359375 
v 19.219253540039062 15.118666648864746 33.88467788696289 
v 17.41284942626953 17.088197708129883 35.14870071411133 
v 15.276007652282715 19.29466438293457 35.634864807128906 
v 13.249312400817871 19.457557678222656 36.121028900146484 
v 11.156529426574707 19.472366333007812 36.315494537353516 
v 13.359458923339844 17.325132369995117 36.80165481567383 
v 11.156529426574707 17.339941024780273 36.99612045288086 
v 15.474271774291992 17.236282348632812 36.121028900146484 
v 17.47893714904785 15.118666648864746 35.34316635131836 
v 17.41284942626953 13.13432788848877 35.14870071411133 
v 15.474271774291992 12.986242294311523 36.121028900146484 
v 13.381487846374512 15.118666648864746 36.99612045288086 
v 15.518330574035645 15.118666648864746 36.315494537353516 
v 11.156529426574707 12.897391319274902 36.99612045288086 
v 11.156529426574707 15.118666648864746 37.19058609008789 
v 4.56976842880249 15.118666648864746 37.19058609008789 
v 4.56976842880249 17.339941024780273 36.99612045288086 
v 11.156529426574707 17.339941024780273 36.99612045288086 
v 4.56976842880249 19.472366333007812 36.315494537353516 
v 11.156529426574707 19.472366333007812 36.315494537353516 
v 4.56976842880249 21.441896438598633 35.34316635131836 
v 11.156529426574707 21.441896438598633 35.34316635131836 
v 4.56976842880249 23.15968132019043 33.88467788696289 
v 11.156529426574707 23.15968132019043 33.88467788696289 
v 4.56976842880249 24.581298828125 32.134490966796875 
v 11.156529426574707 24.581298828125 32.134490966796875 
v 4.56976842880249 25.632701873779297 30.18984031677246 
v 11.156529426574707 25.632701873779297 30.18984031677246 
v 4.56976842880249 26.28427505493164 28.050722122192383 
v 11.156529426574707 26.28427505493164 28.050722122192383 
v 4.56976842880249 26.491594314575195 25.814373016357422 
v 11.156529426574707 26.491594314575195 25.814373016357422 
v 4.56976842880249 26.28427505493164 23.578022003173828 
v 11.156529426574707 26.28427505493164 23.578022003173828 
v 4.56976842880249 25.632701873779297 21.438905715942383 
v 11.156529426574707 25.632701873779297 21.438905715942383 
v 4.56976842880249 24.581298828125 19.494253158569336 
v 11.156529426574707 24.581298828125 19.494253158569336 
v 4.56976842880249 23.15968132019043 17.74406623840332 
v 11.156529426574707 23.15968132019043 17.74406623840332 
v 4.56976842880249 21.441896438598633 16.382810592651367 
v 11.156529426574707 21.441896438598633 16.382810592651367 
v 4.56976842880249 19.472366333007812 15.313251495361328 
v 11.156529426574707 19.472366333007812 15.313251495361328 
v 4.56976842880249 17.339941024780273 14.632623672485352 
v 11.156529426574707 17.339941024780273 14.632623672485352 
v 4.56976842880249 15.118666648864746 14.43815803527832 
v 11.156529426574707 15.118666648864746 14.43815803527832 
v 4.56976842880249 12.897391319274902 14.632623672485352 
v 11.156529426574707 12.897391319274902 14.632623672485352 
v 4.56976842880249 10.75015926361084 15.313251495361328 
v 11.156529426574707 10.75015926361084 15.313251495361328 
v 4.56976842880249 8.79543685913086 16.382810592651367 
v 11.156529426574707 8.79543685913086 16.382810592651367 
v 4.56976842880249 7.06284236907959 17.74406623840332 
v 11.156529426574707 7.06284236907959 17.74406623840332 
v 4.56976842880249 5.65603494644165 19.494253158569336 
v 11.156529426574707 5.65603494644165 19.494253158569336 
v 4.56976842880249 4.604631423950195 21.438905715942383 
v 11.156529426574707 4.604631423950195 21.438905715942383 
v 4.56976842880249 3.9530575275421143 23.578022003173828 
v 11.156529426574707 3.9530575275421143 23.578022003173828 
v 4.56976842880249 3.7309300899505615 25.814373016357422 
v 11.156529426574707 3.7309300899505615 25.814373016357422 
v 4.56976842880249 12.897391319274902 36.99612045288086 
v 11.156529426574707 10.75015926361084 36.315494537353516 
v 4.56976842880249 10.75015926361084 36.315494537353516 
v 11.156529426574707 8.79543685913086 35.34316635131836 
v 4.56976842880249 8.79543685913086 35.34316635131836 
v 11.156529426574707 7.06284236907959 33.88467788696289 
v 4.56976842880249 7.06284236907959 33.88467788696289 
v 11.156529426574707 5.65603494644165 32.134490966796875 
v 4.56976842880249 5.65603494644165 32.134490966796875 
v 11.156529426574707 4.604631423950195 30.18984031677246 
v 4.56976842880249 4.604631423950195 30.18984031677246 
v 11.156529426574707 3.9530575275421143 28.050722122192383 
v 4.56976842880249 3.9530575275421143 28.050722122192383 
v 11.156529426574707 3.7309300899505615 25.814373016357422 
v 4.56976842880249 3.7309300899505615 25.814373016357422 
v -17.745912551879883 21.678831100463867 19.299787521362305 
v -16.776622772216797 20.74589729309082 17.646833419799805 
v -18.362733840942383 20.18317413330078 18.619159698486328 
v -17.151121139526367 18.998493194580078 16.966205596923828 
v -18.825347900390625 18.55423927307129 18.132997512817383 
v -19.309993743896484 20.74589729309082 20.272113800048828 
v -18.362733840942383 22.315597534179688 20.758277893066406 
v -16.79865264892578 23.263341903686523 20.272113800048828 
v -16.22589111328125 22.315597534179688 18.619159698486328 
v -15.01427936553955 21.14572525024414 16.966205596923828 
v -15.278631210327148 19.29466438293457 16.09111213684082 
v -15.47689437866211 17.236282348632812 15.50771713256836 
v -17.41547393798828 17.088197708129883 16.480043411254883 
v -19.11172866821289 16.851261138916016 17.841299057006836 
v -20.03696060180664 18.998493194580078 19.8831844329834 
v -20.014930725097656 21.14572525024414 22.022300720214844 
v -18.825347900390625 22.78946876525879 22.411231994628906 
v -19.11172866821289 23.070831298828125 24.064186096191406 
v -17.437501907348633 24.41840362548828 23.869720458984375 
v -17.195180892944336 23.974149703979492 22.022300720214844 
v -20.455516815185547 21.382661819458008 23.869720458984375 
v -20.91813087463379 19.29466438293457 21.730602264404297 
v -20.47754669189453 17.088197708129883 19.59148597717285 
v -19.22187614440918 15.118666648864746 17.74406623840332 
v -17.4815616607666 15.118666648864746 16.382810592651367 
v -15.520953178405762 15.118666648864746 15.313251495361328 
v -13.384111404418945 15.118666648864746 14.632623672485352 
v -13.362081527709961 17.325132369995117 14.924321174621582 
v -11.159152030944824 15.118666648864746 14.43815803527832 
v -11.159152030944824 17.339941024780273 14.632623672485352 
v -13.251935005187988 19.457557678222656 15.50771713256836 
v -11.159152030944824 12.897391319274902 14.632623672485352 
v -13.362081527709961 12.897391319274902 14.924321174621582 
v -15.47689437866211 12.986242294311523 15.50771713256836 
v -11.159152030944824 10.75015926361084 15.313251495361328 
v -13.251935005187988 10.764967918395996 15.50771713256836 
v -11.159152030944824 8.79543685913086 16.382810592651367 
v -13.119759559631348 8.839862823486328 16.5772762298584 
v -11.159152030944824 7.06284236907959 17.74406623840332 
v -15.278631210327148 10.927861213684082 16.09111213684082 
v -17.41547393798828 13.13432788848877 16.480043411254883 
v -17.151121139526367 11.238839149475098 16.966205596923828 
v -19.11172866821289 13.37126350402832 17.841299057006836 
v -15.01427936553955 9.091607093811035 16.966205596923828 
v -12.899466514587402 7.166501998901367 17.841299057006836 
v -13.141788482666016 5.804120063781738 19.59148597717285 
v -11.159152030944824 5.65603494644165 19.494253158569336 
v -13.29599380493164 4.797142028808594 21.5361385345459 
v -11.159152030944824 4.604631423950195 21.438905715942383 
v -13.384111404418945 4.16037654876709 23.675254821777344 
v -11.159152030944824 3.9530575275421143 23.578022003173828 
v -13.384111404418945 3.9530575275421143 25.814373016357422 
v -11.159152030944824 3.7309300899505615 25.814373016357422 
v -13.384111404418945 4.16037654876709 28.050722122192383 
v -11.159152030944824 3.9530575275421143 28.050722122192383 
v -13.29599380493164 4.797142028808594 30.18984031677246 
v -11.159152030944824 4.604631423950195 30.18984031677246 
v -13.141788482666016 5.804120063781738 32.03725814819336 
v -11.159152030944824 5.65603494644165 32.134490966796875 
v -12.899466514587402 7.166501998901367 33.787445068359375 
v -11.159152030944824 7.06284236907959 33.88467788696289 
v -11.159152030944824 8.79543685913086 35.34316635131836 
v -13.119759559631348 8.839862823486328 35.14870071411133 
v -11.159152030944824 10.75015926361084 36.315494537353516 
v -14.617752075195312 7.447863578796387 33.49574661254883 
v -15.058338165283203 6.248374938964844 31.84279441833496 
v -15.344718933105469 5.359865188598633 29.99537467956543 
v -15.498924255371094 4.797142028808594 27.953489303588867 
v -15.520953178405762 4.604631423950195 25.814373016357422 
v -15.498924255371094 4.797142028808594 23.77248764038086 
v -15.344718933105469 5.359865188598633 21.730602264404297 
v -15.058338165283203 6.248374938964844 19.8831844329834 
v -14.617752075195312 7.447863578796387 18.132997512817383 
v -16.776622772216797 9.476628303527832 17.646833419799805 
v -18.825347900390625 11.668286323547363 18.132997512817383 
v -18.362733840942383 10.039351463317871 18.619159698486328 
v -16.22589111328125 7.906927108764648 18.619159698486328 
v -16.79865264892578 6.959183216094971 20.272113800048828 
v -17.195180892944336 6.248374938964844 22.022300720214844 
v -17.437501907348633 5.8189287185668945 23.869720458984375 
v -17.4815616607666 5.65603494644165 25.814373016357422 
v -17.437501907348633 5.8189287185668945 27.759023666381836 
v -17.195180892944336 6.248374938964844 29.703676223754883 
v -16.79865264892578 6.959183216094971 31.4538631439209 
v -16.22589111328125 7.906927108764648 33.009586334228516 
v -15.01427936553955 9.091607093811035 34.662540435791016 
v -13.251935005187988 10.764967918395996 36.121028900146484 
v -11.159152030944824 12.897391319274902 36.99612045288086 
v -13.362081527709961 12.897391319274902 36.80165481567383 
v -11.159152030944824 15.118666648864746 37.19058609008789 
v -15.278631210327148 10.927861213684082 35.634864807128906 
v -16.776622772216797 9.476628303527832 33.981910705566406 
v -17.745912551879883 8.543692588806152 32.42618942260742 
v -18.362733840942383 7.906927108764648 30.870468139648438 
v -18.825347900390625 7.447863578796387 29.314746856689453 
v -19.11172866821289 7.166501998901367 27.564559936523438 
v -19.22187614440918 7.06284236907959 25.814373016357422 
v -19.11172866821289 7.166501998901367 24.064186096191406 
v -18.825347900390625 7.447863578796387 22.411231994628906 
v -18.362733840942383 7.906927108764648 20.758277893066406 
v -17.745912551879883 8.543692588806152 19.299787521362305 
v -19.309993743896484 9.476628303527832 20.272113800048828 
v -20.014930725097656 9.091607093811035 22.022300720214844 
v -20.455516815185547 8.839862823486328 23.869720458984375 
v -20.631750106811523 8.79543685913086 25.814373016357422 
v -20.455516815185547 8.839862823486328 27.759023666381836 
v -20.014930725097656 9.091607093811035 29.703676223754883 
v -19.309993743896484 9.476628303527832 31.4538631439209 
v -18.362733840942383 10.039351463317871 33.009586334228516 
v -17.151121139526367 11.238839149475098 34.662540435791016 
v -15.47689437866211 12.986242294311523 36.121028900146484 
v -13.384111404418945 15.118666648864746 36.99612045288086 
v -11.159152030944824 17.339941024780273 36.99612045288086 
v -13.362081527709961 17.325132369995117 36.80165481567383 
v -11.159152030944824 19.472366333007812 36.315494537353516 
v -15.520953178405762 15.118666648864746 36.315494537353516 
v -17.41547393798828 13.13432788848877 35.14870071411133 
v -18.825347900390625 11.668286323547363 33.49574661254883 
v -20.03696060180664 11.238839149475098 31.84279441833496 
v -20.91813087463379 10.927861213684082 29.99537467956543 
v -21.46886444091797 10.764967918395996 27.953489303588867 
v -21.689157485961914 10.75015926361084 25.814373016357422 
v -21.46886444091797 10.764967918395996 23.77248764038086 
v -20.91813087463379 10.927861213684082 21.730602264404297 
v -20.03696060180664 11.238839149475098 19.8831844329834 
v -20.47754669189453 13.13432788848877 19.59148597717285 
v -21.490894317626953 12.986242294311523 21.5361385345459 
v -22.10771369934082 12.897391319274902 23.675254821777344 
v -22.328006744384766 12.897391319274902 25.814373016357422 
v -22.10771369934082 12.897391319274902 28.050722122192383 
v -21.490894317626953 12.986242294311523 30.18984031677246 
v -20.47754669189453 13.13432788848877 32.03725814819336 
v -19.11172866821289 13.37126350402832 33.787445068359375 
v -17.4815616607666 15.118666648864746 35.34316635131836 
v -15.47689437866211 17.236282348632812 36.121028900146484 
v -13.251935005187988 19.457557678222656 36.121028900146484 
v -11.159152030944824 21.441896438598633 35.34316635131836 
v -13.119759559631348 21.382661819458008 35.14870071411133 
v -11.159152030944824 23.15968132019043 33.88467788696289 
v -15.278631210327148 19.29466438293457 35.634864807128906 
v -17.41547393798828 17.088197708129883 35.14870071411133 
v -19.22187614440918 15.118666648864746 33.88467788696289 
v -20.631750106811523 15.118666648864746 32.134490966796875 
v -21.689157485961914 15.118666648864746 30.18984031677246 
v -22.328006744384766 15.118666648864746 28.050722122192383 
v -22.54829978942871 15.118666648864746 25.814373016357422 
v -22.328006744384766 15.118666648864746 23.578022003173828 
v -21.689157485961914 15.118666648864746 21.438905715942383 
v -20.631750106811523 15.118666648864746 19.494253158569336 
v -21.490894317626953 17.236282348632812 21.5361385345459 
v -22.10771369934082 17.325132369995117 23.675254821777344 
v -22.328006744384766 17.339941024780273 25.814373016357422 
v -22.10771369934082 17.325132369995117 28.050722122192383 
v -21.490894317626953 17.236282348632812 30.18984031677246 
v -20.47754669189453 17.088197708129883 32.03725814819336 
v -19.11172866821289 16.851261138916016 33.787445068359375 
v -17.151121139526367 18.998493194580078 34.662540435791016 
v -15.01427936553955 21.14572525024414 34.662540435791016 
v -12.899466514587402 23.070831298828125 33.787445068359375 
v -13.141788482666016 24.41840362548828 32.03725814819336 
v -11.159152030944824 24.581298828125 32.134490966796875 
v -13.29599380493164 25.425382614135742 30.18984031677246 
v -11.159152030944824 25.632701873779297 30.18984031677246 
v -13.384111404418945 26.06214714050293 28.050722122192383 
v -11.159152030944824 26.28427505493164 28.050722122192383 
v -13.384111404418945 26.28427505493164 25.814373016357422 
v -11.159152030944824 26.491594314575195 25.814373016357422 
v -13.384111404418945 26.06214714050293 23.675254821777344 
v -11.159152030944824 26.28427505493164 23.578022003173828 
v -13.29599380493164 25.425382614135742 21.5361385345459 
v -11.159152030944824 25.632701873779297 21.438905715942383 
v -13.141788482666016 24.41840362548828 19.59148597717285 
v -11.159152030944824 24.581298828125 19.494253158569336 
v -12.899466514587402 23.070831298828125 17.841299057006836 
v -11.159152030944824 23.15968132019043 17.74406623840332 
v -11.159152030944824 21.441896438598633 16.382810592651367 
v -13.119759559631348 21.382661819458008 16.5772762298584 
v -11.159152030944824 19.472366333007812 15.313251495361328 
v -14.617752075195312 22.78946876525879 18.132997512817383 
v -15.058338165283203 23.974149703979492 19.8831844329834 
v -15.344718933105469 24.862659454345703 21.730602264404297 
v -15.498924255371094 25.425382614135742 23.77248764038086 
v -15.520953178405762 25.632701873779297 25.814373016357422 
v -17.4815616607666 24.581298828125 25.814373016357422 
v -19.22187614440918 23.15968132019043 25.814373016357422 
v -20.631750106811523 21.441896438598633 25.814373016357422 
v -21.46886444091797 19.457557678222656 23.77248764038086 
v -21.689157485961914 19.472366333007812 25.814373016357422 
v -21.46886444091797 19.457557678222656 27.953489303588867 
v -20.91813087463379 19.29466438293457 29.99537467956543 
v -20.03696060180664 18.998493194580078 31.84279441833496 
v -18.825347900390625 18.55423927307129 33.49574661254883 
v -16.776622772216797 20.74589729309082 33.981910705566406 
v -14.617752075195312 22.78946876525879 33.49574661254883 
v -15.058338165283203 23.974149703979492 31.84279441833496 
v -15.344718933105469 24.862659454345703 29.99537467956543 
v -15.498924255371094 25.425382614135742 27.953489303588867 
v -17.437501907348633 24.41840362548828 27.759023666381836 
v -17.195180892944336 23.974149703979492 29.703676223754883 
v -19.11172866821289 23.070831298828125 27.564559936523438 
v -20.455516815185547 21.382661819458008 27.759023666381836 
v -20.014930725097656 21.14572525024414 29.703676223754883 
v -19.309993743896484 20.74589729309082 31.4538631439209 
v -18.362733840942383 20.18317413330078 33.009586334228516 
v -16.22589111328125 22.315597534179688 33.009586334228516 
v -16.79865264892578 23.263341903686523 31.4538631439209 
v -18.825347900390625 22.78946876525879 29.314746856689453 
v -18.362733840942383 22.315597534179688 30.870468139648438 
v -17.745912551879883 21.678831100463867 32.42618942260742 
v -4.572391033172607 15.118666648864746 37.19058609008789 
v -4.572391033172607 12.897391319274902 36.99612045288086 
v -11.159152030944824 12.897391319274902 36.99612045288086 
v -11.159152030944824 10.75015926361084 36.315494537353516 
v -4.572391033172607 10.75015926361084 36.315494537353516 
v -11.159152030944824 8.79543685913086 35.34316635131836 
v -4.572391033172607 8.79543685913086 35.34316635131836 
v -11.159152030944824 7.06284236907959 33.88467788696289 
v -4.572391033172607 7.06284236907959 33.88467788696289 
v -11.159152030944824 5.65603494644165 32.134490966796875 
v -4.572391033172607 5.65603494644165 32.134490966796875 
v -11.159152030944824 4.604631423950195 30.18984031677246 
v -4.572391033172607 4.604631423950195 30.18984031677246 
v -11.159152030944824 3.9530575275421143 28.050722122192383 
v -4.572391033172607 3.9530575275421143 28.050722122192383 
v -11.159152030944824 3.7309300899505615 25.814373016357422 
v -4.572391033172607 3.7309300899505615 25.814373016357422 
v -11.159152030944824 15.118666648864746 37.19058609008789 
v -4.572391033172607 17.339941024780273 36.99612045288086 
v -11.159152030944824 17.339941024780273 36.99612045288086 
v -4.572391033172607 19.472366333007812 36.315494537353516 
v -11.159152030944824 19.472366333007812 36.315494537353516 
v -4.572391033172607 21.441896438598633 35.34316635131836 
v -11.159152030944824 21.441896438598633 35.34316635131836 
v -4.572391033172607 23.15968132019043 33.88467788696289 
v -11.159152030944824 23.15968132019043 33.88467788696289 
v -4.572391033172607 24.581298828125 32.134490966796875 
v -11.159152030944824 24.581298828125 32.134490966796875 
v -4.572391033172607 25.632701873779297 30.18984031677246 
v -11.159152030944824 25.632701873779297 30.18984031677246 
v -4.572391033172607 26.28427505493164 28.050722122192383 
v -11.159152030944824 26.28427505493164 28.050722122192383 
v -4.572391033172607 26.491594314575195 25.814373016357422 
v -11.159152030944824 26.491594314575195 25.814373016357422 
v -4.572391033172607 26.28427505493164 23.578022003173828 
v -11.159152030944824 26.28427505493164 23.578022003173828 
v -4.572391033172607 25.632701873779297 21.438905715942383 
v -11.159152030944824 25.632701873779297 21.438905715942383 
v -4.572391033172607 24.581298828125 19.494253158569336 
v -11.159152030944824 24.581298828125 19.494253158569336 
v -4.572391033172607 23.15968132019043 17.74406623840332 
v -11.159152030944824 23.15968132019043 17.74406623840332 
v -4.572391033172607 21.441896438598633 16.382810592651367 
v -11.159152030944824 21.441896438598633 16.382810592651367 
v -4.572391033172607 19.472366333007812 15.313251495361328 
v -11.159152030944824 19.472366333007812 15.313251495361328 
v -4.572391033172607 17.339941024780273 14.632623672485352 
v -11.159152030944824 17.339941024780273 14.632623672485352 
v -4.572391033172607 15.118666648864746 14.43815803527832 
v -11.159152030944824 15.118666648864746 14.43815803527832 
v -4.572391033172607 12.897391319274902 14.632623672485352 
v -11.159152030944824 12.897391319274902 14.632623672485352 
v -4.572391033172607 10.75015926361084 15.313251495361328 
v -11.159152030944824 10.75015926361084 15.313251495361328 
v -4.572391033172607 8.79543685913086 16.382810592651367 
v -11.159152030944824 8.79543685913086 16.382810592651367 
v -4.572391033172607 7.06284236907959 17.74406623840332 
v -11.159152030944824 7.06284236907959 17.74406623840332 
v -4.572391033172607 5.65603494644165 19.494253158569336 
v -11.159152030944824 5.65603494644165 19.494253158569336 
v -4.572391033172607 4.604631423950195 21.438905715942383 
v -11.159152030944824 4.604631423950195 21.438905715942383 
v -4.572391033172607 3.9530575275421143 23.578022003173828 
v -11.159152030944824 3.9530575275421143 23.578022003173828 
v -4.572391033172607 3.7309300899505615 25.814373016357422 
v -11.159152030944824 3.7309300899505615 25.814373016357422 
v -5.387475490570068 28.66844367980957 5.687224388122559 
v -4.61644983291626 30.63797378540039 3.74257230758667 
v -4.968918800354004 30.726825714111328 5.687224388122559 
v -3.625131368637085 32.28171920776367 4.0342698097229 
v -3.096428155899048 31.76342010498047 2.5757811069488525 
v -1.6204650402069092 32.28171920776367 2.089617967605591 
v -3.625131368637085 30.297378540039062 2.089617967605591 
v -1.9509044885635376 30.63797378540039 1.02005934715271 
v -3.801365613937378 28.66844367980957 1.8951528072357178 
v -2.0610508918762207 28.66844367980957 0.7283616065979004 
v 0.009703200310468674 30.726825714111328 0.7283616065979004 
v 0.009703200310468674 28.66844367980957 0.24219860136508942 
v -4.968918800354004 28.66844367980957 3.6453394889831543 
v -4.968918800354004 28.66844367980957 7.729108810424805 
v 0.009703200310468674 32.47422790527344 1.8951528072357178 
v -1.9729337692260742 33.273887634277344 3.74257230758667 
v -3.801365613937378 32.47422790527344 5.687224388122559 
v -4.61644983291626 30.63797378540039 7.631875991821289 
v -3.801365613937378 28.66844367980957 9.47929573059082 
v -3.625131368637085 30.297378540039062 9.284830093383789 
v -2.0610508918762207 28.66844367980957 10.646086692810059 
v -1.9509044885635376 30.63797378540039 10.257156372070312 
v 0.009703200310468674 28.66844367980957 11.035017013549805 
v 0.009703200310468674 30.726825714111328 10.646086692810059 
v 2.0584280490875244 28.66844367980957 10.646086692810059 
v 1.9482816457748413 30.63797378540039 10.257156372070312 
v 3.7987427711486816 28.66844367980957 9.47929573059082 
v 3.6225082874298096 30.297378540039062 9.284830093383789 
v 4.9662957191467285 28.66844367980957 7.729108810424805 
v 4.613826751708984 30.63797378540039 7.631875991821289 
v 5.384852409362793 28.66844367980957 5.687224388122559 
v 4.9662957191467285 30.726825714111328 5.687224388122559 
v 4.9662957191467285 28.66844367980957 3.6453394889831543 
v 4.613826751708984 30.63797378540039 3.74257230758667 
v 3.7987427711486816 28.66844367980957 1.8951528072357178 
v 3.6225082874298096 30.297378540039062 2.089617967605591 
v 2.0584280490875244 28.66844367980957 0.7283616065979004 
v 1.9482816457748413 30.63797378540039 1.02005934715271 
v 1.63987135887146 32.28171920776367 2.089617967605591 
v 3.1158344745635986 31.76342010498047 2.5757811069488525 
v 3.6225082874298096 32.28171920776367 4.0342698097229 
v 1.970310926437378 33.273887634277344 3.74257230758667 
v 0.009703200310468674 33.62929153442383 3.6453394889831543 
v -2.0610508918762207 33.62929153442383 5.687224388122559 
v -3.625131368637085 32.28171920776367 7.340178489685059 
v -3.096428155899048 31.76342010498047 8.798666954040527 
v -1.6204650402069092 32.28171920776367 9.284830093383789 
v 0.009703200310468674 32.47422790527344 9.47929573059082 
v 1.63987135887146 32.28171920776367 9.284830093383789 
v 3.1158344745635986 31.76342010498047 8.798666954040527 
v 3.6225082874298096 32.28171920776367 7.340178489685059 
v 1.970310926437378 33.273887634277344 7.631875991821289 
v 0.009703200310468674 33.62929153442383 7.729108810424805 
v -1.9729337692260742 33.273887634277344 7.631875991821289 
v 0.009703200310468674 34.04393005371094 5.687224388122559 
v 2.0584280490875244 33.62929153442383 5.687224388122559 
v 3.7987427711486816 32.47422790527344 5.687224388122559 
v 0.009703200310468674 28.66844367980957 0.24219860136508942 
v 2.0584280490875244 26.447168350219727 0.7283616065979004 
v 2.0584280490875244 28.66844367980957 0.7283616065979004 
v 3.7987427711486816 26.447168350219727 1.8951528072357178 
v 3.7987427711486816 28.66844367980957 1.8951528072357178 
v 4.9662957191467285 26.447168350219727 3.6453394889831543 
v 4.9662957191467285 28.66844367980957 3.6453394889831543 
v 5.384852409362793 26.447168350219727 5.687224388122559 
v 5.384852409362793 28.66844367980957 5.687224388122559 
v 4.9662957191467285 26.447168350219727 7.729108810424805 
v 4.9662957191467285 28.66844367980957 7.729108810424805 
v 3.7987427711486816 26.447168350219727 9.47929573059082 
v 3.7987427711486816 28.66844367980957 9.47929573059082 
v 2.0584280490875244 26.447168350219727 10.646086692810059 
v 2.0584280490875244 28.66844367980957 10.646086692810059 
v 0.009703200310468674 26.447168350219727 11.035017013549805 
v 0.009703200310468674 28.66844367980957 11.035017013549805 
v 0.009703200310468674 26.447168350219727 0.24219860136508942 
v -2.0610508918762207 28.66844367980957 0.7283616065979004 
v -2.0610508918762207 26.447168350219727 0.7283616065979004 
v -3.801365613937378 28.66844367980957 1.8951528072357178 
v -3.801365613937378 26.447168350219727 1.8951528072357178 
v -4.968918800354004 28.66844367980957 3.6453394889831543 
v -4.968918800354004 26.447168350219727 3.6453394889831543 
v -5.387475490570068 28.66844367980957 5.687224388122559 
v -5.387475490570068 26.447168350219727 5.687224388122559 
v -4.968918800354004 28.66844367980957 7.729108810424805 
v -4.968918800354004 26.447168350219727 7.729108810424805 
v -3.801365613937378 28.66844367980957 9.47929573059082 
v -3.801365613937378 26.447168350219727 9.47929573059082 
v -2.0610508918762207 28.66844367980957 10.646086692810059 
v -2.0610508918762207 26.447168350219727 10.646086692810059 
v 0.009703200310468674 28.66844367980957 11.035017013549805 
v 0.009703200310468674 26.447168350219727 11.035017013549805 
v 12.43422794342041 18.58385467529297 50.80315017700195 
v 14.438894271850586 18.36172866821289 50.997615814208984 
v 12.43422794342041 16.436622619628906 49.344661712646484 
v 14.83542251586914 16.332963943481445 49.73359298706055 
v 16.26732635498047 17.72496223449707 51.58101272583008 
v 14.879480361938477 19.576025009155273 53.03950119018555 
v 16.90617561340332 18.36172866821289 53.42843246459961 
v 14.967597961425781 20.020280838012695 55.470314025878906 
v 12.43422794342041 20.52376937866211 55.470314025878906 
v 12.43422794342041 20.020280838012695 57.99836349487305 
v 12.43422794342041 20.020280838012695 52.94226837158203 
v 12.43422794342041 13.904369354248047 48.858497619628906 
v 14.967597961425781 13.904369354248047 49.344661712646484 
v 12.43422794342041 11.357307434082031 49.344661712646484 
v 14.83542251586914 11.460967063903809 49.73359298706055 
v 12.43422794342041 9.210075378417969 50.80315017700195 
v 16.90617561340332 15.90351676940918 50.997615814208984 
v 17.126468658447266 13.904369354248047 50.80315017700195 
v 18.117788314819336 16.332963943481445 53.03950119018555 
v 17.126468658447266 18.58385467529297 55.470314025878906 
v 14.879480361938477 19.576025009155273 57.803897857666016 
v 12.43422794342041 18.58385467529297 60.137481689453125 
v 14.438894271850586 18.36172866821289 59.943016052246094 
v 14.83542251586914 16.332963943481445 61.109806060791016 
v 12.43422794342041 16.436622619628906 61.595970153808594 
v 14.967597961425781 13.904369354248047 61.595970153808594 
v 12.43422794342041 13.904369354248047 62.082130432128906 
v 14.83542251586914 11.460967063903809 61.109806060791016 
v 12.43422794342041 11.357307434082031 61.595970153808594 
v 14.438894271850586 9.432202339172363 59.943016052246094 
v 12.43422794342041 9.210075378417969 60.137481689453125 
v 12.43422794342041 7.773650646209717 57.99836349487305 
v 14.879480361938477 8.217905044555664 57.803897857666016 
v 12.43422794342041 7.2701616287231445 55.470314025878906 
v 16.26732635498047 10.068967819213867 59.262386322021484 
v 16.90617561340332 11.890413284301758 59.943016052246094 
v 16.90617561340332 9.432202339172363 57.41496658325195 
v 14.967597961425781 7.773650646209717 55.470314025878906 
v 12.43422794342041 7.773650646209717 52.94226837158203 
v 14.879480361938477 8.217905044555664 53.03950119018555 
v 14.438894271850586 9.432202339172363 50.997615814208984 
v 16.90617561340332 11.890413284301758 50.997615814208984 
v 18.558374404907227 13.904369354248047 52.94226837158203 
v 18.558374404907227 16.436622619628906 55.470314025878906 
v 16.90617561340332 18.36172866821289 57.41496658325195 
v 16.26732635498047 17.72496223449707 59.262386322021484 
v 18.117788314819336 16.332963943481445 57.803897857666016 
v 19.065048217773438 13.904369354248047 55.470314025878906 
v 18.117788314819336 11.460967063903809 53.03950119018555 
v 16.26732635498047 10.068967819213867 51.58101272583008 
v 16.90617561340332 9.432202339172363 53.42843246459961 
v 18.558374404907227 11.357307434082031 55.470314025878906 
v 18.558374404907227 13.904369354248047 57.99836349487305 
v 16.90617561340332 15.90351676940918 59.943016052246094 
v 17.126468658447266 13.904369354248047 60.137481689453125 
v 18.117788314819336 11.460967063903809 57.803897857666016 
v 17.126468658447266 9.210075378417969 55.470314025878906 
v 12.43422794342041 11.357307434082031 61.595970153808594 
v 12.43422794342041 13.904369354248047 62.082130432128906 
v 8.909540176391602 13.904369354248047 62.082130432128906 
v 8.909540176391602 16.436622619628906 61.595970153808594 
v 12.43422794342041 16.436622619628906 61.595970153808594 
v 8.909540176391602 18.58385467529297 60.137481689453125 
v 12.43422794342041 18.58385467529297 60.137481689453125 
v 8.909540176391602 20.020280838012695 57.99836349487305 
v 12.43422794342041 20.020280838012695 57.99836349487305 
v 8.909540176391602 20.52376937866211 55.470314025878906 
v 12.43422794342041 20.52376937866211 55.470314025878906 
v 8.909540176391602 20.020280838012695 52.94226837158203 
v 12.43422794342041 20.020280838012695 52.94226837158203 
v 8.909540176391602 18.58385467529297 50.80315017700195 
v 12.43422794342041 18.58385467529297 50.80315017700195 
v 8.909540176391602 16.436622619628906 49.344661712646484 
v 12.43422794342041 16.436622619628906 49.344661712646484 
v 8.909540176391602 13.904369354248047 48.858497619628906 
v 12.43422794342041 13.904369354248047 48.858497619628906 
v 8.909540176391602 11.357307434082031 49.344661712646484 
v 12.43422794342041 11.357307434082031 49.344661712646484 
v 8.909540176391602 9.210075378417969 50.80315017700195 
v 12.43422794342041 9.210075378417969 50.80315017700195 
v 8.909540176391602 7.773650646209717 52.94226837158203 
v 12.43422794342041 7.773650646209717 52.94226837158203 
v 8.909540176391602 7.2701616287231445 55.470314025878906 
v 12.43422794342041 7.2701616287231445 55.470314025878906 
v 8.909540176391602 11.357307434082031 61.595970153808594 
v 12.43422794342041 9.210075378417969 60.137481689453125 
v 8.909540176391602 9.210075378417969 60.137481689453125 
v 12.43422794342041 7.773650646209717 57.99836349487305 
v 8.909540176391602 7.773650646209717 57.99836349487305 
v 12.43422794342041 7.2701616287231445 55.470314025878906 
v 8.909540176391602 7.2701616287231445 55.470314025878906 
v -12.436851501464844 18.58385467529297 50.80315017700195 
v -12.436851501464844 16.436622619628906 49.344661712646484 
v -14.44151782989502 18.36172866821289 50.997615814208984 
v -14.838045120239258 16.332963943481445 49.73359298706055 
v -16.269948959350586 17.72496223449707 51.58101272583008 
v -16.90880012512207 15.90351676940918 50.997615814208984 
v -14.970220565795898 13.904369354248047 49.344661712646484 
v -12.436851501464844 13.904369354248047 48.858497619628906 
v -12.436851501464844 11.357307434082031 49.344661712646484 
v -12.436851501464844 20.020280838012695 52.94226837158203 
v -14.88210391998291 19.576025009155273 53.03950119018555 
v -12.436851501464844 20.52376937866211 55.470314025878906 
v -14.970220565795898 20.020280838012695 55.470314025878906 
v -12.436851501464844 20.020280838012695 57.99836349487305 
v -14.88210391998291 19.576025009155273 57.803897857666016 
v -12.436851501464844 18.58385467529297 60.137481689453125 
v -16.90880012512207 18.36172866821289 53.42843246459961 
v -18.120410919189453 16.332963943481445 53.03950119018555 
v -17.129091262817383 13.904369354248047 50.80315017700195 
v -14.838045120239258 11.460967063903809 49.73359298706055 
v -12.436851501464844 9.210075378417969 50.80315017700195 
v -14.44151782989502 9.432202339172363 50.997615814208984 
v -14.88210391998291 8.217905044555664 53.03950119018555 
v -12.436851501464844 7.773650646209717 52.94226837158203 
v -14.970220565795898 7.773650646209717 55.470314025878906 
v -12.436851501464844 7.2701616287231445 55.470314025878906 
v -14.88210391998291 8.217905044555664 57.803897857666016 
v -12.436851501464844 7.773650646209717 57.99836349487305 
v -14.44151782989502 9.432202339172363 59.943016052246094 
v -12.436851501464844 9.210075378417969 60.137481689453125 
v -12.436851501464844 11.357307434082031 61.595970153808594 
v -14.838045120239258 11.460967063903809 61.109806060791016 
v -12.436851501464844 13.904369354248047 62.082130432128906 
v -17.129091262817383 18.58385467529297 55.470314025878906 
v -16.269948959350586 10.068967819213867 59.262386322021484 
v -16.90880012512207 9.432202339172363 57.41496658325195 
v -17.129091262817383 9.210075378417969 55.470314025878906 
v -16.90880012512207 9.432202339172363 53.42843246459961 
v -16.269948959350586 10.068967819213867 51.58101272583008 
v -16.90880012512207 11.890413284301758 50.997615814208984 
v -18.120410919189453 11.460967063903809 53.03950119018555 
v -18.560997009277344 13.904369354248047 52.94226837158203 
v -18.560997009277344 11.357307434082031 55.470314025878906 
v -18.120410919189453 11.460967063903809 57.803897857666016 
v -16.90880012512207 11.890413284301758 59.943016052246094 
v -14.970220565795898 13.904369354248047 61.595970153808594 
v -12.436851501464844 16.436622619628906 61.595970153808594 
v -14.838045120239258 16.332963943481445 61.109806060791016 
v -17.129091262817383 13.904369354248047 60.137481689453125 
v -18.560997009277344 13.904369354248047 57.99836349487305 
v -19.067670822143555 13.904369354248047 55.470314025878906 
v -18.560997009277344 16.436622619628906 55.470314025878906 
v -16.90880012512207 18.36172866821289 57.41496658325195 
v -18.120410919189453 16.332963943481445 57.803897857666016 
v -16.90880012512207 15.90351676940918 59.943016052246094 
v -14.44151782989502 18.36172866821289 59.943016052246094 
v -16.269948959350586 17.72496223449707 59.262386322021484 
v -8.912163734436035 7.2701616287231445 55.470314025878906 
v -12.436851501464844 7.2701616287231445 55.470314025878906 
v -8.912163734436035 7.773650646209717 57.99836349487305 
v -12.436851501464844 7.773650646209717 57.99836349487305 
v -8.912163734436035 9.210075378417969 60.137481689453125 
v -12.436851501464844 9.210075378417969 60.137481689453125 
v -8.912163734436035 11.357307434082031 61.595970153808594 
v -12.436851501464844 11.357307434082031 61.595970153808594 
v -8.912163734436035 13.904369354248047 62.082130432128906 
v -12.436851501464844 13.904369354248047 62.082130432128906 
v -8.912163734436035 16.436622619628906 61.595970153808594 
v -12.436851501464844 16.436622619628906 61.595970153808594 
v -8.912163734436035 18.58385467529297 60.137481689453125 
v -12.436851501464844 18.58385467529297 60.137481689453125 
v -8.912163734436035 20.020280838012695 57.99836349487305 
v -12.436851501464844 20.020280838012695 57.99836349487305 
v -8.912163734436035 20.52376937866211 55.470314025878906 
v -12.436851501464844 20.52376937866211 55.470314025878906 
v -8.912163734436035 20.020280838012695 52.94226837158203 
v -12.436851501464844 20.020280838012695 52.94226837158203 
v -8.912163734436035 18.58385467529297 50.80315017700195 
v -12.436851501464844 18.58385467529297 50.80315017700195 
v -8.912163734436035 16.436622619628906 49.344661712646484 
v -12.436851501464844 16.436622619628906 49.344661712646484 
v -8.912163734436035 13.904369354248047 48.858497619628906 
v -12.436851501464844 13.904369354248047 48.858497619628906 
v -8.912163734436035 11.357307434082031 49.344661712646484 
v -12.436851501464844 11.357307434082031 49.344661712646484 
v -8.912163734436035 9.210075378417969 50.80315017700195 
v -12.436851501464844 9.210075378417969 50.80315017700195 
v -8.912163734436035 7.773650646209717 52.94226837158203 
v -12.436851501464844 7.773650646209717 52.94226837158203 
v -8.912163734436035 7.2701616287231445 55.470314025878906 
v -12.436851501464844 7.2701616287231445 55.470314025878906 
vn -2.0682311115474694e-13 0 -1 
vn -2.0682311115474694e-13 0 -1 
vn 2.0682311115474694e-13 4.2775797696334704e-26 -1 
vn -2.0682311115474694e-13 0 -1 
vn -2.0682311115474694e-13 0 -1 
vn 2.0682311115474694e-13 4.2775797696334704e-26 -1 
vn 2.0682311115474694e-13 4.2775797696334704e-26 -1 
vn -2.0682311115474694e-13 0 -1 
vn -2.0682311115474694e-13 0 -1 
vn 2.0682311115474694e-13 4.2775797696334704e-26 -1 
vn -2.0682311115474694e-13 0 -1 
vn 2.0682311115474694e-13 4.2775797696334704e-26 -1 
vn -2.0682311115474694e-13 0 -1 
vn -2.0682311115474694e-13 0 -1 
vn -2.0682311115474694e-13 0 -1 
vn -2.0682311115474694e-13 0 -1 
vn -2.0682311115474694e-13 0 -1 
vn -2.0682311115474694e-13 0 -1 
vn -2.0682311115474694e-13 0 -1 
vn -2.0682311115474694e-13 0 -1 
vn -2.0682311115474694e-13 0 -1 
vn -2.0682311115474694e-13 0 -1 
vn 2.0682311115474694e-13 4.2775797696334704e-26 -1 
vn 2.0682311115474694e-13 4.2775797696334704e-26 -1 
vn -2.0682311115474694e-13 0 -1 
vn -2.0682311115474694e-13 0 -1 
vn -2.0682311115474694e-13 0 -1 
vn -2.0682311115474694e-13 0 -1 
vn -2.0682311115474694e-13 0 -1 
vn -2.0682311115474694e-13 0 -1 
vn 0.04862344637513161 0.19362975656986237 -0.97986900806427 
vn 0.19352875649929047 0.19085706770420074 -0.962351381778717 
vn 0.18285992741584778 0.3772205114364624 -0.9078915119171143 
vn 0.3579659163951874 0.36597442626953125 -0.8590245246887207 
vn 0.33318546414375305 0.5267093181610107 -0.7820260524749756 
vn 0.4895157516002655 0.4895157516002655 -0.7216291427612305 
vn 0.45410576462745667 0.6282346844673157 -0.6317508816719055 
vn 0.5779946446418762 0.5779946446418762 -0.5760593414306641 
vn 0.048044804483652115 0 -0.9988451600074768 
vn 0.04907761141657829 0.38003212213516235 -0.9236704111099243 
vn 0.1731378138065338 0.5475507378578186 -0.8186644315719604 
vn 0.30782127380371094 0.6740345358848572 -0.6715083718299866 
vn 0.041568707674741745 0.5546958446502686 -0.8310141563415527 
vn 0.15745806694030762 0.6995753049850464 -0.6969945430755615 
vn 0.03962376341223717 0.7067689299583435 -0.7063339352607727 
vn 0.04531606659293175 0.8309927582740784 -0.5544344186782837 
vn 0.1725519895553589 0.8190622329711914 -0.5471406579017639 
vn 0.047190457582473755 0.9233001470565796 -0.3811691105365753 
vn 0.33787211775779724 0.7811567783355713 -0.5250110030174255 
vn 0.4941275417804718 0.7199607491493225 -0.48733407258987427 
vn 0.6291907429695129 0.6318603754043579 -0.45262736082077026 
vn 0.6293387413024902 0.4525744318962097 -0.6317508816719055 
vn 0.5246789455413818 0.3363737463951111 -0.7820260524749756 
vn 0.3772205114364624 0.18285992741584778 -0.9078915119171143 
vn 0.19535815715789795 0 -0.9807319641113281 
vn 0.04862344637513161 -0.19362975656986237 -0.97986900806427 
vn 0.19352875649929047 -0.19085706770420074 -0.962351381778717 
vn 0.04907761141657829 -0.38003212213516235 -0.9236704111099243 
vn 0.18285992741584778 -0.3772205114364624 -0.9078915119171143 
vn 0.041568707674741745 -0.5546958446502686 -0.8310141563415527 
vn 0.1731378138065338 -0.5475507378578186 -0.8186644315719604 
vn 0.03962376341223717 -0.7067689299583435 -0.7063339352607727 
vn 0.15745806694030762 -0.6995753049850464 -0.6969945430755615 
vn 0.1725519895553589 -0.8190622329711914 -0.5471406579017639 
vn 0.04531606659293175 -0.8309927582740784 -0.5544344186782837 
vn 0.18554061651229858 -0.9073867201805115 -0.37712597846984863 
vn 0.047190457582473755 -0.9233001470565796 -0.3811691105365753 
vn 0.19511756300926208 -0.9615597128868103 -0.19321508705615997 
vn 0.04531319811940193 -0.9801095128059387 -0.19321508705615997 
vn 0.19508986175060272 -0.9807829260826111 0.002184694167226553 
vn 0.04529581964015961 -0.9989712238311768 0.002184694167226553 
vn 0.19673039019107819 -0.9612310528755188 0.19321508705615997 
vn 0.047142092138528824 -0.9800232648849487 0.19321508705615997 
vn 0.18554061651229858 -0.9073867201805115 0.37712597846984863 
vn 0.04901266098022461 -0.9232051968574524 0.3811691105365753 
vn 0.17415355145931244 -0.818723201751709 0.5471406579017639 
vn 0.0395989753305912 -0.8312848210334778 0.5544344186782837 
vn 0.15326206386089325 -0.7005065083503723 0.6969945430755615 
vn 0.04143821820616722 -0.7066648602485657 0.7063339352607727 
vn 0.045144639909267426 -0.554416298866272 0.8310141563415527 
vn 0.1688411831855774 -0.5488908886909485 0.8186644315719604 
vn 0.045038916170597076 -0.3805318772792816 0.9236704111099243 
vn 0.3090687394142151 -0.6734634637832642 0.6715083718299866 
vn 0.3391525447368622 -0.7806016802787781 0.5250110030174255 
vn 0.3616795241832733 -0.8596231937408447 0.36088213324546814 
vn 0.37871795892715454 -0.9069085121154785 0.18463370203971863 
vn 0.38268253207206726 -0.9238772988319397 0.002184694167226553 
vn 0.37871795892715454 -0.9069085121154785 -0.18463370203971863 
vn 0.36038023233413696 -0.8601686954498291 -0.36088213324546814 
vn 0.33787211775779724 -0.7811567783355713 -0.5250110030174255 
vn 0.30782127380371094 -0.6740345358848572 -0.6715083718299866 
vn 0.33318546414375305 -0.5267093181610107 -0.7820260524749756 
vn 0.3579659163951874 -0.36597442626953125 -0.8590245246887207 
vn 0.3772205114364624 -0.18285992741584778 -0.9078915119171143 
vn 0.3791484534740448 0 -0.9253358840942383 
vn 0.5443710684776306 0.17130903899669647 -0.8211658596992493 
vn 0.6740345358848572 0.30782127380371094 -0.6715083718299866 
vn 0.7220922112464905 0.4910074770450592 -0.48733407258987427 
vn 0.6728793978691101 0.6728793978691101 -0.30735430121421814 
vn 0.5263422727584839 0.7809343934059143 -0.3363112509250641 
vn 0.36038023233413696 0.8601686954498291 -0.36088213324546814 
vn 0.18554061651229858 0.9073867201805115 -0.37712597846984863 
vn 0.04531319811940193 0.9801095128059387 -0.19321508705615997 
vn 0.19511756300926208 0.9615597128868103 -0.19321508705615997 
vn 0.04529581964015961 0.9989712238311768 -0.002184694167226553 
vn 0.37871795892715454 0.9069085121154785 -0.18463370203971863 
vn 0.5485127568244934 0.8192076683044434 -0.16742929816246033 
vn 0.697281002998352 0.6999509930610657 -0.15449213981628418 
vn 0.7809343934059143 0.5263422727584839 -0.3363112509250641 
vn 0.7811567783355713 0.33787211775779724 -0.5250110030174255 
vn 0.6995753049850464 0.15745806694030762 -0.6969945430755615 
vn 0.5526149272918701 0 -0.8334367275238037 
vn 0.5443710684776306 -0.17130903899669647 -0.8211658596992493 
vn 0.5246789455413818 -0.3363737463951111 -0.7820260524749756 
vn 0.4895157516002655 -0.4895157516002655 -0.7216291427612305 
vn 0.45410576462745667 -0.6282346844673157 -0.6317508816719055 
vn 0.4941275417804718 -0.7199607491493225 -0.48733407258987427 
vn 0.5263422727584839 -0.7809343934059143 -0.3363112509250641 
vn 0.5485127568244934 -0.8192076683044434 -0.16742929816246033 
vn 0.5555689334869385 -0.8314676284790039 0.002184694167226553 
vn 0.5494909882545471 -0.8185518383979797 0.16742929816246033 
vn 0.5263422727584839 -0.7809343934059143 0.3363112509250641 
vn 0.48885196447372437 -0.7235532402992249 0.48733407258987427 
vn 0.4488988518714905 -0.6319657564163208 0.6317508816719055 
vn 0.3352224826812744 -0.5254152417182922 0.7820260524749756 
vn 0.18526911735534668 -0.37604308128356934 0.9078915119171143 
vn 0.05015791580080986 -0.19323794543743134 0.97986900806427 
vn 0.1941821277141571 -0.19019228219985962 0.962351381778717 
vn 0.048044804483652115 0 0.9988451600074768 
vn 0.3586479127407074 -0.3653060793876648 0.8590245246887207 
vn 0.4901816248893738 -0.4888489842414856 0.7216291427612305 
vn 0.5786608457565308 -0.5773276686668396 0.5760593414306641 
vn 0.6298601031303406 -0.6311931014060974 0.45262736082077026 
vn 0.6728793978691101 -0.6728793978691101 0.30735430121421814 
vn 0.697281002998352 -0.6999509930610657 0.15449213981628418 
vn 0.7071051001548767 -0.7071051001548767 0.002184694167226553 
vn 0.697281002998352 -0.6999509930610657 -0.15449213981628418 
vn 0.6728793978691101 -0.6728793978691101 -0.30735430121421814 
vn 0.6291907429695129 -0.6318603754043579 -0.45262736082077026 
vn 0.5779946446418762 -0.5779946446418762 -0.5760593414306641 
vn 0.6293387413024902 -0.4525744318962097 -0.6317508816719055 
vn 0.6740345358848572 -0.30782127380371094 -0.6715083718299866 
vn 0.6995753049850464 -0.15745806694030762 -0.6969945430755615 
vn 0.7078787684440613 0 -0.7063339352607727 
vn 0.8190622329711914 0.1725519895553589 -0.5471406579017639 
vn 0.8601686954498291 0.36038023233413696 -0.36088213324546814 
vn 0.8192076683044434 0.5485127568244934 -0.16742929816246033 
vn 0.7071051001548767 0.7071051001548767 -0.002184694167226553 
vn 0.5555689334869385 0.8314676284790039 0.002184694167226553 
vn 0.38268253207206726 0.9238772988319397 0.002184694167226553 
vn 0.19508986175060272 0.9807829260826111 -0.002184694167226553 
vn 0.047142092138528824 0.9800232648849487 0.19321508705615997 
vn 0.19673039019107819 0.9612310528755188 0.19321508705615997 
vn 0.04901266098022461 0.9232051968574524 0.3811691105365753 
vn 0.37871795892715454 0.9069085121154785 0.18463370203971863 
vn 0.5494909882545471 0.8185518383979797 0.16742929816246033 
vn 0.697281002998352 0.6999509930610657 0.15449213981628418 
vn 0.8314676284790039 0.5555689334869385 -0.002184694167226553 
vn 0.9083563685417175 0.37523213028907776 -0.18463370203971863 
vn 0.9070068597793579 0.18738888204097748 -0.37712597846984863 
vn 0.8346419930458069 0 -0.5507928133010864 
vn 0.8190622329711914 -0.1725519895553589 -0.5471406579017639 
vn 0.7811567783355713 -0.33787211775779724 -0.5250110030174255 
vn 0.7220922112464905 -0.4910074770450592 -0.48733407258987427 
vn 0.7809343934059143 -0.5263422727584839 -0.3363112509250641 
vn 0.8601686954498291 -0.36038023233413696 -0.36088213324546814 
vn 0.9070068597793579 -0.18738888204097748 -0.37712597846984863 
vn 0.924505352973938 0 -0.3811691105365753 
vn 0.9615597128868103 0.19511756300926208 -0.19321508705615997 
vn 0.9238772988319397 0.38268253207206726 -0.002184694167226553 
vn 0.8196016550064087 0.5479238629341125 0.16742929816246033 
vn 0.6728793978691101 0.6728793978691101 0.30735430121421814 
vn 0.5263422727584839 0.7809343934059143 0.3363112509250641 
vn 0.3616795241832733 0.8596231937408447 0.36088213324546814 
vn 0.18554061651229858 0.9073867201805115 0.37712597846984863 
vn 0.0395989753305912 0.8312848210334778 0.5544344186782837 
vn 0.17415355145931244 0.818723201751709 0.5471406579017639 
vn 0.04143821820616722 0.7066648602485657 0.7063339352607727 
vn 0.3391525447368622 0.7806016802787781 0.5250110030174255 
vn 0.48885196447372437 0.7235532402992249 0.48733407258987427 
vn 0.6298601031303406 0.6311931014060974 0.45262736082077026 
vn 0.7809343934059143 0.5263422727584839 0.3363112509250641 
vn 0.9083563685417175 0.37523213028907776 0.18463370203971863 
vn 0.9807829260826111 0.19508986175060272 0.002184694167226553 
vn 0.9811564087867737 0 -0.19321508705615997 
vn 0.9615597128868103 -0.19511756300926208 -0.19321508705615997 
vn 0.9083563685417175 -0.37523213028907776 -0.18463370203971863 
vn 0.8192076683044434 -0.5485127568244934 -0.16742929816246033 
vn 0.8314676284790039 -0.5555689334869385 0.002184694167226553 
vn 0.9238772988319397 -0.38268253207206726 0.002184694167226553 
vn 0.9807829260826111 -0.19508986175060272 0.002184694167226553 
vn 0.999997615814209 0 0.002184694167226553 
vn 0.9616075158119202 0.19488193094730377 0.19321508705615997 
vn 0.8574138283729553 0.36688634753227234 0.36088213324546814 
vn 0.7224952578544617 0.49041417241096497 0.48733407258987427 
vn 0.5786608457565308 0.5773276686668396 0.5760593414306641 
vn 0.4488988518714905 0.6319657564163208 0.6317508816719055 
vn 0.3090687394142151 0.6734634637832642 0.6715083718299866 
vn 0.15326206386089325 0.7005065083503723 0.6969945430755615 
vn 0.1688411831855774 0.5488908886909485 0.8186644315719604 
vn 0.045144639909267426 0.554416298866272 0.8310141563415527 
vn 0.3352224826812744 0.5254152417182922 0.7820260524749756 
vn 0.4901816248893738 0.4888489842414856 0.7216291427612305 
vn 0.6297752261161804 0.45196688175201416 0.6317508816719055 
vn 0.7813511490821838 0.33742228150367737 0.5250110030174255 
vn 0.9070068597793579 0.18738888204097748 0.37712597846984863 
vn 0.9811564087867737 0 0.19321508705615997 
vn 0.9616075158119202 -0.19488193094730377 0.19321508705615997 
vn 0.9083563685417175 -0.37523213028907776 0.18463370203971863 
vn 0.8196016550064087 -0.5479238629341125 0.16742929816246033 
vn 0.7809343934059143 -0.5263422727584839 0.3363112509250641 
vn 0.8574138283729553 -0.36688634753227234 0.36088213324546814 
vn 0.9070068597793579 -0.18738888204097748 0.37712597846984863 
vn 0.924505352973938 0 0.3811691105365753 
vn 0.819113552570343 0.17230799794197083 0.5471406579017639 
vn 0.6742480993270874 0.3073531985282898 0.6715083718299866 
vn 0.5254152417182922 0.3352224826812744 0.7820260524749756 
vn 0.699691653251648 0.1569400429725647 0.6969945430755615 
vn 0.8346419930458069 0 0.5507928133010864 
vn 0.819113552570343 -0.17230799794197083 0.5471406579017639 
vn 0.7813511490821838 -0.33742228150367737 0.5250110030174255 
vn 0.7224952578544617 -0.49041417241096497 0.48733407258987427 
vn 0.6297752261161804 -0.45196688175201416 0.6317508816719055 
vn 0.5254152417182922 -0.3352224826812744 0.7820260524749756 
vn 0.6742480993270874 -0.3073531985282898 0.6715083718299866 
vn 0.699691653251648 -0.1569400429725647 0.6969945430755615 
vn 0.7078787684440613 0 0.7063339352607727 
vn 0.5445901155471802 0.17061156034469604 0.8211658596992493 
vn 0.3586479127407074 0.3653060793876648 0.8590245246887207 
vn 0.18526911735534668 0.37604308128356934 0.9078915119171143 
vn 0.045038916170597076 0.3805318772792816 0.9236704111099243 
vn 0.1941821277141571 0.19019228219985962 0.962351381778717 
vn 0.05015791580080986 0.19323794543743134 0.97986900806427 
vn 0.3743650019168854 0.18863697350025177 0.9078915119171143 
vn 0.5526149272918701 0 0.8334367275238037 
vn 0.5445901155471802 -0.17061156034469604 0.8211658596992493 
vn 0.3743650019168854 -0.18863697350025177 0.9078915119171143 
vn 0.19535815715789795 0 0.9807319641113281 
vn 0.3791484534740448 0 0.9253358840942383 
vn 0.05015791580080986 -0.19323794543743134 0.97986900806427 
vn 0.048044804483652115 0 0.9988451600074768 
vn 0 0 1 
vn -2.0202289751562567e-14 0.19535815715789795 0.9807319641113281 
vn 0.05015791580080986 0.19323794543743134 0.97986900806427 
vn -3.962606474504013e-14 0.3831879794597626 0.9236704111099243 
vn 0.045038916170597076 0.3805318772792816 0.9236704111099243 
vn -5.752280704714174e-14 0.5562512278556824 0.8310141563415527 
vn 0.045144639909267426 0.554416298866272 0.8310141563415527 
vn 0.00376924779266119 0.707868754863739 0.7063339352607727 
vn 0.04143821820616722 0.7066648602485657 0.7063339352607727 
vn 0.001886376179754734 0.8322253227233887 0.5544344186782837 
vn 0.0395989753305912 0.8312848210334778 0.5544344186782837 
vn 0.0037719623651355505 0.9244976043701172 0.3811691105365753 
vn 0.04901266098022461 0.9232051968574524 0.3811691105365753 
vn 0.0018864087760448456 0.9811546206474304 0.19321508705615997 
vn 0.047142092138528824 0.9800232648849487 0.19321508705615997 
vn -1.0341130485562108e-13 0.999997615814209 -0.002184694167226553 
vn 0.04529581964015961 0.9989712238311768 -0.002184694167226553 
vn -1.0124504858620431e-13 0.9811564087867737 -0.19321508705615997 
vn 0.04531319811940193 0.9801095128059387 -0.19321508705615997 
vn 0.0018884376622736454 0.9245033860206604 -0.3811691105365753 
vn 0.047190457582473755 0.9233001470565796 -0.3811691105365753 
vn -8.606192879656235e-14 0.8322274088859558 -0.5544344186782837 
vn 0.04531606659293175 0.8309927582740784 -0.5544344186782837 
vn 0.0018878303235396743 0.7078762650489807 -0.7063339352607727 
vn 0.03962376341223717 0.7067689299583435 -0.7063339352607727 
vn 0.003782470477744937 0.5562383532524109 -0.8310141563415527 
vn 0.041568707674741745 0.5546958446502686 -0.8310141563415527 
vn 0.0037855375558137894 0.3831692636013031 -0.9236704111099243 
vn 0.04907761141657829 0.38003212213516235 -0.9236704111099243 
vn 0.00378825468942523 0.19532142579555511 -0.9807319641113281 
vn 0.04862344637513161 0.19362975656986237 -0.97986900806427 
vn -2.0682311115474694e-13 0 -1 
vn 0.048044804483652115 0 -0.9988451600074768 
vn 0.00378825468942523 -0.19532142579555511 -0.9807319641113281 
vn 0.04862344637513161 -0.19362975656986237 -0.97986900806427 
vn 0.0037855375558137894 -0.3831692636013031 -0.9236704111099243 
vn 0.04907761141657829 -0.38003212213516235 -0.9236704111099243 
vn 0.003782470477744937 -0.5562383532524109 -0.8310141563415527 
vn 0.041568707674741745 -0.5546958446502686 -0.8310141563415527 
vn 0.0018878303235396743 -0.7078762650489807 -0.7063339352607727 
vn 0.03962376341223717 -0.7067689299583435 -0.7063339352607727 
vn 2.578162021978775e-13 -0.8322274088859558 -0.5544344186782837 
vn 0.04531606659293175 -0.8309927582740784 -0.5544344186782837 
vn 0.0018884376622736454 -0.9245033860206604 -0.3811691105365753 
vn 0.047190457582473755 -0.9233001470565796 -0.3811691105365753 
vn 3.048244436813091e-13 -0.9811564087867737 -0.19321508705615997 
vn 0.04531319811940193 -0.9801095128059387 -0.19321508705615997 
vn 3.097898456858039e-13 -0.999997615814209 0.002184694167226553 
vn 0.04529581964015961 -0.9989712238311768 0.002184694167226553 
vn 6.069362406321138e-14 -0.19535815715789795 0.9807319641113281 
vn 0.045038916170597076 -0.3805318772792816 0.9236704111099243 
vn 1.187080219278852e-13 -0.3831879794597626 0.9236704111099243 
vn 0.045144639909267426 -0.554416298866272 0.8310141563415527 
vn 1.723213856764244e-13 -0.5562512278556824 0.8310141563415527 
vn 0.04143821820616722 -0.7066648602485657 0.7063339352607727 
vn 0.00376924779266119 -0.707868754863739 0.7063339352607727 
vn 0.0395989753305912 -0.8312848210334778 0.5544344186782837 
vn 0.001886376179754734 -0.8322253227233887 0.5544344186782837 
vn 0.04901266098022461 -0.9232051968574524 0.3811691105365753 
vn 0.0037719623651355505 -0.9244976043701172 0.3811691105365753 
vn 0.047142092138528824 -0.9800232648849487 0.19321508705615997 
vn 0.0018864087760448456 -0.9811546206474304 0.19321508705615997 
vn 0.04529581964015961 -0.9989712238311768 0.002184694167226553 
vn 3.097898456858039e-13 -0.999997615814209 0.002184694167226553 
vn -0.5779946446418762 0.5779946446418762 -0.5760593414306641 
vn -0.4895157516002655 0.4895157516002655 -0.7216291427612305 
vn -0.6315355896949768 0.4495037794113159 -0.6317508816719055 
vn -0.5246789455413818 0.3363737463951111 -0.7820260524749756 
vn -0.6740345358848572 0.30782127380371094 -0.6715083718299866 
vn -0.7220922112464905 0.4910074770450592 -0.48733407258987427 
vn -0.6291907429695129 0.6318603754043579 -0.45262736082077026 
vn -0.4941275417804718 0.7199607491493225 -0.48733407258987427 
vn -0.45104044675827026 0.630439043045044 -0.6317508816719055 
vn -0.33318546414375305 0.5267093181610107 -0.7820260524749756 
vn -0.3579659163951874 0.36597442626953125 -0.8590245246887207 
vn -0.3772205114364624 0.18285992741584778 -0.9078915119171143 
vn -0.5443710684776306 0.17130903899669647 -0.8211658596992493 
vn -0.6995753049850464 0.15745806694030762 -0.6969945430755615 
vn -0.7811567783355713 0.33787211775779724 -0.5250110030174255 
vn -0.7809343934059143 0.5263422727584839 -0.3363112509250641 
vn -0.6728793978691101 0.6728793978691101 -0.30735430121421814 
vn -0.697281002998352 0.6999509930610657 -0.15449213981628418 
vn -0.5485127568244934 0.8192076683044434 -0.16742929816246033 
vn -0.5263422727584839 0.7809343934059143 -0.3363112509250641 
vn -0.8192076683044434 0.5485127568244934 -0.16742929816246033 
vn -0.8601686954498291 0.36038023233413696 -0.36088213324546814 
vn -0.8190622329711914 0.1725519895553589 -0.5471406579017639 
vn -0.7078686952590942 -0.0037756471429020166 -0.7063339352607727 
vn -0.5526019930839539 -0.0037823037710040808 -0.8334367275238037 
vn -0.3791295886039734 -0.0037813023664057255 -0.9253358840942383 
vn -0.19535815715789795 -4.0404579503125135e-14 -0.9807319641113281 
vn -0.19352875649929047 0.19085706770420074 -0.962351381778717 
vn -0.048044804483652115 -9.936776438300692e-15 -0.9988451600074768 
vn -0.04862344637513161 0.19362975656986237 -0.97986900806427 
vn -0.18285992741584778 0.3772205114364624 -0.9078915119171143 
vn -0.04862344637513161 -0.19362975656986237 -0.97986900806427 
vn -0.19352875649929047 -0.19085706770420074 -0.962351381778717 
vn -0.3772205114364624 -0.18285992741584778 -0.9078915119171143 
vn -0.04907761141657829 -0.38003212213516235 -0.9236704111099243 
vn -0.18285992741584778 -0.3772205114364624 -0.9078915119171143 
vn -0.041568707674741745 -0.5546958446502686 -0.8310141563415527 
vn -0.1695278435945511 -0.5486791729927063 -0.8186644315719604 
vn -0.04339292645454407 -0.7065474987030029 -0.7063339352607727 
vn -0.3579659163951874 -0.36597442626953125 -0.8590245246887207 
vn -0.5443710684776306 -0.17130903899669647 -0.8211658596992493 
vn -0.5246789455413818 -0.3363737463951111 -0.7820260524749756 
vn -0.6995753049850464 -0.15745806694030762 -0.6969945430755615 
vn -0.33318546414375305 -0.5267093181610107 -0.7820260524749756 
vn -0.15745806694030762 -0.6995753049850464 -0.6969945430755615 
vn -0.1725519895553589 -0.8190622329711914 -0.5471406579017639 
vn -0.04531606659293175 -0.8309927582740784 -0.5544344186782837 
vn -0.18923638761043549 -0.9066231846809387 -0.37712597846984863 
vn -0.043418120592832565 -0.9234852194786072 -0.3811691105365753 
vn -0.19511756300926208 -0.9615597128868103 -0.19321508705615997 
vn -0.04531319811940193 -0.9801095128059387 -0.19321508705615997 
vn -0.19508986175060272 -0.9807829260826111 0.002184694167226553 
vn -0.04529581964015961 -0.9989712238311768 0.002184694167226553 
vn -0.19303274154663086 -0.961980402469635 0.19321508705615997 
vn -0.05091019719839096 -0.9798347353935242 0.19321508705615997 
vn -0.18923638761043549 -0.9066231846809387 0.37712597846984863 
vn -0.04901266098022461 -0.9232051968574524 0.3811691105365753 
vn -0.17046156525611877 -0.8194997906684875 0.5471406579017639 
vn -0.043367039412260056 -0.8310967683792114 0.5544344186782837 
vn -0.15326206386089325 -0.7005065083503723 0.6969945430755615 
vn -0.04143821820616722 -0.7066648602485657 0.7063339352607727 
vn -0.045144639909267426 -0.554416298866272 0.8310141563415527 
vn -0.17243750393390656 -0.547771692276001 0.8186644315719604 
vn -0.045038916170597076 -0.3805318772792816 0.9236704111099243 
vn -0.3056356608867645 -0.675028383731842 0.6715083718299866 
vn -0.33569034934043884 -0.782096803188324 0.5250110030174255 
vn -0.3651522397994995 -0.8581538200378418 0.36088213324546814 
vn -0.37871795892715454 -0.9069085121154785 0.18463370203971863 
vn -0.38268253207206726 -0.9238772988319397 0.002184694167226553 
vn -0.37871795892715454 -0.9069085121154785 -0.18463370203971863 
vn -0.36038023233413696 -0.8601686954498291 -0.36088213324546814 
vn -0.33787211775779724 -0.7811567783355713 -0.5250110030174255 
vn -0.30782127380371094 -0.6740345358848572 -0.6715083718299866 
vn -0.4895157516002655 -0.4895157516002655 -0.7216291427612305 
vn -0.6740345358848572 -0.30782127380371094 -0.6715083718299866 
vn -0.6315355896949768 -0.4495037794113159 -0.6317508816719055 
vn -0.45104044675827026 -0.630439043045044 -0.6317508816719055 
vn -0.4941275417804718 -0.7199607491493225 -0.48733407258987427 
vn -0.5263422727584839 -0.7809343934059143 -0.3363112509250641 
vn -0.5485127568244934 -0.8192076683044434 -0.16742929816246033 
vn -0.5555689334869385 -0.8314676284790039 0.002184694167226553 
vn -0.5463547706604004 -0.8206484913825989 0.16742929816246033 
vn -0.5263422727584839 -0.7809343934059143 0.3363112509250641 
vn -0.4919740855693817 -0.7214339971542358 0.48733407258987427 
vn -0.4488988518714905 -0.6319657564163208 0.6317508816719055 
vn -0.3352224826812744 -0.5254152417182922 0.7820260524749756 
vn -0.18526911735534668 -0.37604308128356934 0.9078915119171143 
vn -0.04651407524943352 -0.1941472589969635 0.97986900806427 
vn -0.19153141975402832 -0.1928613930940628 0.962351381778717 
vn -0.04790383204817772 0.003677794011309743 0.9988451600074768 
vn -0.36132586002349854 -0.3626575171947479 0.8590245246887207 
vn -0.4875127375125885 -0.49151062965393066 0.7216291427612305 
vn -0.5759913921356201 -0.5799909830093384 0.5760593414306641 
vn -0.6325232982635498 -0.6285242438316345 0.45262736082077026 
vn -0.6728793978691101 -0.6728793978691101 0.30735430121421814 
vn -0.697281002998352 -0.6999509930610657 0.15449213981628418 
vn -0.7071051001548767 -0.7071051001548767 0.002184694167226553 
vn -0.697281002998352 -0.6999509930610657 -0.15449213981628418 
vn -0.6728793978691101 -0.6728793978691101 -0.30735430121421814 
vn -0.6291907429695129 -0.6318603754043579 -0.45262736082077026 
vn -0.5779946446418762 -0.5779946446418762 -0.5760593414306641 
vn -0.7220922112464905 -0.4910074770450592 -0.48733407258987427 
vn -0.7809343934059143 -0.5263422727584839 -0.3363112509250641 
vn -0.8192076683044434 -0.5485127568244934 -0.16742929816246033 
vn -0.8314676284790039 -0.5555689334869385 0.002184694167226553 
vn -0.8216922879219055 -0.5447836518287659 0.16742929816246033 
vn -0.7809343934059143 -0.5263422727584839 0.3363112509250641 
vn -0.7203693389892578 -0.493531733751297 0.48733407258987427 
vn -0.6297752261161804 -0.45196688175201416 0.6317508816719055 
vn -0.5254152417182922 -0.3352224826812744 0.7820260524749756 
vn -0.3743650019168854 -0.18863697350025177 0.9078915119171143 
vn -0.19535815715789795 -4.0404579503125135e-14 0.9807319641113281 
vn -0.04651407524943352 0.1941472589969635 0.97986900806427 
vn -0.19153141975402832 0.1928613930940628 0.962351381778717 
vn -0.045038916170597076 0.3805318772792816 0.9236704111099243 
vn -0.3791298270225525 0.0037574463058263063 0.9253358840942383 
vn -0.5445901155471802 -0.17061156034469604 0.8211658596992493 
vn -0.6726744174957275 -0.3107822835445404 0.6715083718299866 
vn -0.7828385829925537 -0.3339568078517914 0.5250110030174255 
vn -0.8588902354240417 -0.3634166121482849 0.36088213324546814 
vn -0.9083563685417175 -0.37523213028907776 0.18463370203971863 
vn -0.9238772988319397 -0.38268253207206726 0.002184694167226553 
vn -0.9083563685417175 -0.37523213028907776 -0.18463370203971863 
vn -0.8601686954498291 -0.36038023233413696 -0.36088213324546814 
vn -0.7811567783355713 -0.33787211775779724 -0.5250110030174255 
vn -0.8190622329711914 -0.1725519895553589 -0.5471406579017639 
vn -0.907762885093689 -0.18369156122207642 -0.37712597846984863 
vn -0.9615597128868103 -0.19511756300926208 -0.19321508705615997 
vn -0.9807829260826111 -0.19508986175060272 0.002184694167226553 
vn -0.9623497724533081 -0.19118285179138184 0.19321508705615997 
vn -0.907762885093689 -0.18369156122207642 0.37712597846984863 
vn -0.8198819160461426 -0.1686142534017563 0.5471406579017639 
vn -0.699691653251648 -0.1569400429725647 0.6969945430755615 
vn -0.5526020526885986 -0.0037658947985619307 0.8334367275238037 
vn -0.3743650019168854 0.18863697350025177 0.9078915119171143 
vn -0.18526911735534668 0.37604308128356934 0.9078915119171143 
vn -0.045144639909267426 0.554416298866272 0.8310141563415527 
vn -0.17243750393390656 0.547771692276001 0.8186644315719604 
vn -0.04143821820616722 0.7066648602485657 0.7063339352607727 
vn -0.36132586002349854 0.3626575171947479 0.8590245246887207 
vn -0.5445901155471802 0.17061156034469604 0.8211658596992493 
vn -0.7078787684440613 -1.4640568759497624e-13 0.7063339352607727 
vn -0.834633469581604 -0.0037728005554527044 0.5507928133010864 
vn -0.924505352973938 -1.9120906843538704e-13 0.3811691105365753 
vn -0.9811491966247559 -0.0037728105671703815 0.19321508705615997 
vn -0.999997615814209 -2.0682260971124217e-13 0.002184694167226553 
vn -0.9811564087867737 -2.0249009717240862e-13 -0.19321508705615997 
vn -0.9244976043701172 -0.0037768674083054066 -0.3811691105365753 
vn -0.8346419930458069 -1.7299391628401717e-13 -0.5507928133010864 
vn -0.907762885093689 0.18369156122207642 -0.37712597846984863 
vn -0.9615597128868103 0.19511756300926208 -0.19321508705615997 
vn -0.9807829260826111 0.19508986175060272 0.002184694167226553 
vn -0.9623497724533081 0.19118285179138184 0.19321508705615997 
vn -0.907762885093689 0.18369156122207642 0.37712597846984863 
vn -0.8198819160461426 0.1686142534017563 0.5471406579017639 
vn -0.699691653251648 0.1569400429725647 0.6969945430755615 
vn -0.5254152417182922 0.3352224826812744 0.7820260524749756 
vn -0.3352224826812744 0.5254152417182922 0.7820260524749756 
vn -0.15326206386089325 0.7005065083503723 0.6969945430755615 
vn -0.17046156525611877 0.8194997906684875 0.5471406579017639 
vn -0.043367039412260056 0.8310967683792114 0.5544344186782837 
vn -0.18923638761043549 0.9066231846809387 0.37712597846984863 
vn -0.04901266098022461 0.9232051968574524 0.3811691105365753 
vn -0.19303274154663086 0.961980402469635 0.19321508705615997 
vn -0.05091019719839096 0.9798347353935242 0.19321508705615997 
vn -0.19508986175060272 0.9807829260826111 -0.002184694167226553 
vn -0.04529581964015961 0.9989712238311768 -0.002184694167226553 
vn -0.19511756300926208 0.9615597128868103 -0.19321508705615997 
vn -0.04531319811940193 0.9801095128059387 -0.19321508705615997 
vn -0.18923638761043549 0.9066231846809387 -0.37712597846984863 
vn -0.043418120592832565 0.9234852194786072 -0.3811691105365753 
vn -0.1725519895553589 0.8190622329711914 -0.5471406579017639 
vn -0.04531606659293175 0.8309927582740784 -0.5544344186782837 
vn -0.15745806694030762 0.6995753049850464 -0.6969945430755615 
vn -0.04339292645454407 0.7065474987030029 -0.7063339352607727 
vn -0.041568707674741745 0.5546958446502686 -0.8310141563415527 
vn -0.1695278435945511 0.5486791729927063 -0.8186644315719604 
vn -0.04907761141657829 0.38003212213516235 -0.9236704111099243 
vn -0.30782127380371094 0.6740345358848572 -0.6715083718299866 
vn -0.33787211775779724 0.7811567783355713 -0.5250110030174255 
vn -0.36038023233413696 0.8601686954498291 -0.36088213324546814 
vn -0.37871795892715454 0.9069085121154785 -0.18463370203971863 
vn -0.38268253207206726 0.9238772988319397 0.002184694167226553 
vn -0.5555689334869385 0.8314676284790039 0.002184694167226553 
vn -0.7071051001548767 0.7071051001548767 0.002184694167226553 
vn -0.8314676284790039 0.5555689334869385 -0.002184694167226553 
vn -0.9083563685417175 0.37523213028907776 -0.18463370203971863 
vn -0.9238772988319397 0.38268253207206726 0.002184694167226553 
vn -0.9083563685417175 0.37523213028907776 0.18463370203971863 
vn -0.8588902354240417 0.3634166121482849 0.36088213324546814 
vn -0.7828385829925537 0.3339568078517914 0.5250110030174255 
vn -0.6726744174957275 0.3107822835445404 0.6715083718299866 
vn -0.4875127375125885 0.49151062965393066 0.7216291427612305 
vn -0.3056356608867645 0.675028383731842 0.6715083718299866 
vn -0.33569034934043884 0.782096803188324 0.5250110030174255 
vn -0.3651522397994995 0.8581538200378418 0.36088213324546814 
vn -0.37871795892715454 0.9069085121154785 0.18463370203971863 
vn -0.5463547706604004 0.8206484913825989 0.16742929816246033 
vn -0.5263422727584839 0.7809343934059143 0.3363112509250641 
vn -0.697281002998352 0.6999509930610657 0.15449213981628418 
vn -0.8216922879219055 0.5447836518287659 0.16742929816246033 
vn -0.7809343934059143 0.5263422727584839 0.3363112509250641 
vn -0.7203693389892578 0.493531733751297 0.48733407258987427 
vn -0.6297752261161804 0.45196688175201416 0.6317508816719055 
vn -0.4488988518714905 0.6319657564163208 0.6317508816719055 
vn -0.4919740855693817 0.7214339971542358 0.48733407258987427 
vn -0.6728793978691101 0.6728793978691101 0.30735430121421814 
vn -0.6325232982635498 0.6285242438316345 0.45262736082077026 
vn -0.5759913921356201 0.5799909830093384 0.5760593414306641 
vn 0 0 1 
vn 6.069362406321138e-14 -0.19535815715789795 0.9807319641113281 
vn -0.04651407524943352 -0.1941472589969635 0.97986900806427 
vn -0.045038916170597076 -0.3805318772792816 0.9236704111099243 
vn 1.187080219278852e-13 -0.3831879794597626 0.9236704111099243 
vn -0.045144639909267426 -0.554416298866272 0.8310141563415527 
vn 1.723213856764244e-13 -0.5562512278556824 0.8310141563415527 
vn -0.04143821820616722 -0.7066648602485657 0.7063339352607727 
vn 0.00376924779266119 -0.707868754863739 0.7063339352607727 
vn -0.043367039412260056 -0.8310967683792114 0.5544344186782837 
vn 0.001886376179754734 -0.8322253227233887 0.5544344186782837 
vn -0.04901266098022461 -0.9232051968574524 0.3811691105365753 
vn 0.0037719623651355505 -0.9244976043701172 0.3811691105365753 
vn -0.05091019719839096 -0.9798347353935242 0.19321508705615997 
vn 0.0018864087760448456 -0.9811546206474304 0.19321508705615997 
vn -0.04529581964015961 -0.9989712238311768 0.002184694167226553 
vn 3.097898456858039e-13 -0.999997615814209 0.002184694167226553 
vn -0.04790383204817772 0.003677794011309743 0.9988451600074768 
vn -2.0202289751562567e-14 0.19535815715789795 0.9807319641113281 
vn -0.04651407524943352 0.1941472589969635 0.97986900806427 
vn -3.962606474504013e-14 0.3831879794597626 0.9236704111099243 
vn -0.045038916170597076 0.3805318772792816 0.9236704111099243 
vn -5.752280704714174e-14 0.5562512278556824 0.8310141563415527 
vn -0.045144639909267426 0.554416298866272 0.8310141563415527 
vn 0.00376924779266119 0.707868754863739 0.7063339352607727 
vn -0.04143821820616722 0.7066648602485657 0.7063339352607727 
vn 0.001886376179754734 0.8322253227233887 0.5544344186782837 
vn -0.043367039412260056 0.8310967683792114 0.5544344186782837 
vn 0.0037719623651355505 0.9244976043701172 0.3811691105365753 
vn -0.04901266098022461 0.9232051968574524 0.3811691105365753 
vn 0.0018864087760448456 0.9811546206474304 0.19321508705615997 
vn -0.05091019719839096 0.9798347353935242 0.19321508705615997 
vn -1.0341130485562108e-13 0.999997615814209 -0.002184694167226553 
vn -0.04529581964015961 0.9989712238311768 -0.002184694167226553 
vn -1.0124504858620431e-13 0.9811564087867737 -0.19321508705615997 
vn -0.04531319811940193 0.9801095128059387 -0.19321508705615997 
vn 0.0018884376622736454 0.9245033860206604 -0.3811691105365753 
vn -0.043418120592832565 0.9234852194786072 -0.3811691105365753 
vn -8.606192879656235e-14 0.8322274088859558 -0.5544344186782837 
vn -0.04531606659293175 0.8309927582740784 -0.5544344186782837 
vn 0.0018878303235396743 0.7078762650489807 -0.7063339352607727 
vn -0.04339292645454407 0.7065474987030029 -0.7063339352607727 
vn 0.003782470477744937 0.5562383532524109 -0.8310141563415527 
vn -0.041568707674741745 0.5546958446502686 -0.8310141563415527 
vn 0.0037855375558137894 0.3831692636013031 -0.9236704111099243 
vn -0.04907761141657829 0.38003212213516235 -0.9236704111099243 
vn 0.00378825468942523 0.19532142579555511 -0.9807319641113281 
vn -0.04862344637513161 0.19362975656986237 -0.97986900806427 
vn -2.0682311115474694e-13 0 -1 
vn -0.048044804483652115 -9.936776438300692e-15 -0.9988451600074768 
vn 0.00378825468942523 -0.19532142579555511 -0.9807319641113281 
vn -0.04862344637513161 -0.19362975656986237 -0.97986900806427 
vn 0.0037855375558137894 -0.3831692636013031 -0.9236704111099243 
vn -0.04907761141657829 -0.38003212213516235 -0.9236704111099243 
vn 0.003782470477744937 -0.5562383532524109 -0.8310141563415527 
vn -0.041568707674741745 -0.5546958446502686 -0.8310141563415527 
vn 0.0018878303235396743 -0.7078762650489807 -0.7063339352607727 
vn -0.04339292645454407 -0.7065474987030029 -0.7063339352607727 
vn 2.578162021978775e-13 -0.8322274088859558 -0.5544344186782837 
vn -0.04531606659293175 -0.8309927582740784 -0.5544344186782837 
vn 0.0018884376622736454 -0.9245033860206604 -0.3811691105365753 
vn -0.043418120592832565 -0.9234852194786072 -0.3811691105365753 
vn 3.048244436813091e-13 -0.9811564087867737 -0.19321508705615997 
vn -0.04531319811940193 -0.9801095128059387 -0.19321508705615997 
vn 3.097898456858039e-13 -0.999997615814209 0.002184694167226553 
vn -0.04529581964015961 -0.9989712238311768 0.002184694167226553 
vn -0.9951823353767395 0.0980169028043747 -0.002184694167226553 
vn -0.866297721862793 0.3537200093269348 -0.3527185618877411 
vn -0.9267409443855286 0.3756946325302124 -0.002184694167226553 
vn -0.6728793978691101 0.6728793978691101 -0.30735430121421814 
vn -0.5779946446418762 0.5779946446418762 -0.5760593414306641 
vn -0.30782127380371094 0.6740345358848572 -0.6715083718299866 
vn -0.6740345358848572 0.30782127380371094 -0.6715083718299866 
vn -0.3539992570877075 0.3539992570877075 -0.865661084651947 
vn -0.7056512236595154 0.08670653402805328 -0.7032341957092285 
vn -0.37665313482284546 0.08984363079071045 -0.9219872951507568 
vn -3.878985010258816e-14 0.3751016855239868 -0.926983654499054 
vn -0.0019082654034718871 0.09595967084169388 -0.9953833818435669 
vn -0.9220976829528809 0.08667110651731491 -0.37712597846984863 
vn -0.9220976829528809 0.08667110651731491 0.37712597846984863 
vn 0.0018878303235396743 0.7078762650489807 -0.7063339352607727 
vn -0.3572152554988861 0.864862322807312 -0.3527185618877411 
vn -0.7071051001548767 0.7071051001548767 -0.002184694167226553 
vn -0.8650418519973755 0.35678035020828247 0.3527185618877411 
vn -0.7061185240745544 0.0828147903084755 0.7032341957092285 
vn -0.6726744174957275 0.3107822835445404 0.6715083718299866 
vn -0.37582919001579285 0.09323032945394516 0.9219872951507568 
vn -0.3499859571456909 0.3579675257205963 0.865661084651947 
vn 0.0018611537525430322 0.0959606021642685 0.9953833818435669 
vn 0.0018824469298124313 0.37509697675704956 0.926983654499054 
vn 0.3767181634902954 0.089570552110672 0.9219872951507568 
vn 0.3499859571456909 0.3579675257205963 0.865661084651947 
vn 0.7061185240745544 0.0828147903084755 0.7032341957092285 
vn 0.6742480993270874 0.3073531985282898 0.6715083718299866 
vn 0.9217368364334106 0.09042765200138092 0.37712597846984863 
vn 0.8664736747741699 0.353288859128952 0.3527185618877411 
vn 0.9951823353767395 0.0980169028043747 -0.002184694167226553 
vn 0.9267409443855286 0.3756946325302124 -0.002184694167226553 
vn 0.9217368364334106 0.09042765200138092 -0.37712597846984863 
vn 0.866297721862793 0.3537200093269348 -0.3527185618877411 
vn 0.7061021327972412 0.0829542800784111 -0.7032341957092285 
vn 0.6740345358848572 0.30782127380371094 -0.6715083718299866 
vn 0.37665313482284546 0.08984363079071045 -0.9219872951507568 
vn 0.3539992570877075 0.3539992570877075 -0.865661084651947 
vn 0.30782127380371094 0.6740345358848572 -0.6715083718299866 
vn 0.5779946446418762 0.5779946446418762 -0.5760593414306641 
vn 0.6728793978691101 0.6728793978691101 -0.30735430121421814 
vn 0.3572152554988861 0.864862322807312 -0.3527185618877411 
vn -9.57393208765242e-14 0.9278009533882141 -0.37307560443878174 
vn -0.3756946325302124 0.9267409443855286 -0.002184694167226553 
vn -0.6728793978691101 0.6728793978691101 0.30735430121421814 
vn -0.5759913921356201 0.5799909830093384 0.5760593414306641 
vn -0.31249380111694336 0.6718810200691223 0.6715083718299866 
vn 0.00376924779266119 0.707868754863739 0.7063339352607727 
vn 0.3090687394142151 0.6734634637832642 0.6715083718299866 
vn 0.5786608457565308 0.5773276686668396 0.5760593414306641 
vn 0.6728793978691101 0.6728793978691101 0.30735430121421814 
vn 0.3585239052772522 0.8643206357955933 0.3527185618877411 
vn 0.0018853626679629087 0.9277990460395813 0.37307560443878174 
vn -0.35503533482551575 0.8657594919204712 0.3527185618877411 
vn -1.0341130485562108e-13 0.999997615814209 -0.002184694167226553 
vn 0.3756946325302124 0.9267409443855286 -0.002184694167226553 
vn 0.7071051001548767 0.7071051001548767 -0.002184694167226553 
vn -0.0019082654034718871 0.09595967084169388 -0.9953833818435669 
vn 0.3831879794597626 0 -0.9236704111099243 
vn 0.37665313482284546 0.08984363079071045 -0.9219872951507568 
vn 0.7078787684440613 0 -0.7063339352607727 
vn 0.7061021327972412 0.0829542800784111 -0.7032341957092285 
vn 0.924505352973938 0 -0.3811691105365753 
vn 0.9217368364334106 0.09042765200138092 -0.37712597846984863 
vn 0.999997615814209 0 0.002184694167226553 
vn 0.9951823353767395 0.0980169028043747 -0.002184694167226553 
vn 0.924505352973938 0 0.3811691105365753 
vn 0.9217368364334106 0.09042765200138092 0.37712597846984863 
vn 0.7078787684440613 0 0.7063339352607727 
vn 0.7061185240745544 0.0828147903084755 0.7032341957092285 
vn 0.3831879794597626 0 0.9236704111099243 
vn 0.3767181634902954 0.089570552110672 0.9219872951507568 
vn 0 0 1 
vn 0.0018611537525430322 0.0959606021642685 0.9953833818435669 
vn -2.0682311115474694e-13 0 -1 
vn -0.37665313482284546 0.08984363079071045 -0.9219872951507568 
vn -0.3831879794597626 -7.925212949008026e-14 -0.9236704111099243 
vn -0.7056512236595154 0.08670653402805328 -0.7032341957092285 
vn -0.7078686952590942 -0.0037756471429020166 -0.7063339352607727 
vn -0.9220976829528809 0.08667110651731491 -0.37712597846984863 
vn -0.9244976043701172 -0.0037768674083054066 -0.3811691105365753 
vn -0.9951823353767395 0.0980169028043747 -0.002184694167226553 
vn -0.999997615814209 -2.0682260971124217e-13 -0.002184694167226553 
vn -0.9220976829528809 0.08667110651731491 0.37712597846984863 
vn -0.924505352973938 -1.9120906843538704e-13 0.3811691105365753 
vn -0.7061185240745544 0.0828147903084755 0.7032341957092285 
vn -0.7078787684440613 -1.4640568759497624e-13 0.7063339352607727 
vn -0.37582919001579285 0.09323032945394516 0.9219872951507568 
vn -0.3831879794597626 -7.925212949008026e-14 0.9236704111099243 
vn 0.0018611537525430322 0.0959606021642685 0.9953833818435669 
vn 0 0 1 
vn 0.08107726275920868 0.7063201069831848 -0.7032341957092285 
vn 0.30782127380371094 0.6740345358848572 -0.6715083718299866 
vn 0.08616459369659424 0.37751176953315735 -0.9219872951507568 
vn 0.3539992570877075 0.3539992570877075 -0.865661084651947 
vn 0.5779946446418762 0.5779946446418762 -0.5760593414306641 
vn 0.3572152554988861 0.864862322807312 -0.3527185618877411 
vn 0.6728793978691101 0.6728793978691101 -0.30735430121421814 
vn 0.3756946325302124 0.9267409443855286 -0.002184694167226553 
vn 0.0980169028043747 0.9951823353767395 -0.002184694167226553 
vn 0.08854956179857254 0.9219191670417786 0.37712597846984863 
vn 0.08854956179857254 0.9219191670417786 -0.37712597846984863 
vn 0.09597864747047424 0 -0.9953833818435669 
vn 0.3751016855239868 0 -0.926983654499054 
vn 0.08616459369659424 -0.37751176953315735 -0.9219872951507568 
vn 0.3539992570877075 -0.3539992570877075 -0.865661084651947 
vn 0.08107726275920868 -0.7063201069831848 -0.7032341957092285 
vn 0.6740345358848572 0.30782127380371094 -0.6715083718299866 
vn 0.7078787684440613 0 -0.7063339352607727 
vn 0.866297721862793 0.3537200093269348 -0.3527185618877411 
vn 0.7071051001548767 0.7071051001548767 0.002184694167226553 
vn 0.3585239052772522 0.8643206357955933 0.3527185618877411 
vn 0.0828147903084755 0.7061185240745544 0.7032341957092285 
vn 0.3090687394142151 0.6734634637832642 0.6715083718299866 
vn 0.3499859571456909 0.3579675257205963 0.865661084651947 
vn 0.08773747086524963 0.3771493136882782 0.9219872951507568 
vn 0.3751016855239868 0 0.926983654499054 
vn 0.09597864747047424 0 0.9953833818435669 
vn 0.3499859571456909 -0.3579675257205963 0.865661084651947 
vn 0.08773747086524963 -0.3771493136882782 0.9219872951507568 
vn 0.3090687394142151 -0.6734634637832642 0.6715083718299866 
vn 0.0828147903084755 -0.7061185240745544 0.7032341957092285 
vn 0.08854956179857254 -0.9219191670417786 0.37712597846984863 
vn 0.3585239052772522 -0.8643206357955933 0.3527185618877411 
vn 0.0980169028043747 -0.9951823353767395 0.002184694167226553 
vn 0.5786608457565308 -0.5773276686668396 0.5760593414306641 
vn 0.6742480993270874 -0.3073531985282898 0.6715083718299866 
vn 0.6728793978691101 -0.6728793978691101 0.30735430121421814 
vn 0.3756946325302124 -0.9267409443855286 0.002184694167226553 
vn 0.08854956179857254 -0.9219191670417786 -0.37712597846984863 
vn 0.3572152554988861 -0.864862322807312 -0.3527185618877411 
vn 0.30782127380371094 -0.6740345358848572 -0.6715083718299866 
vn 0.6740345358848572 -0.30782127380371094 -0.6715083718299866 
vn 0.9278009533882141 0 -0.37307560443878174 
vn 0.9267409443855286 0.3756946325302124 0.002184694167226553 
vn 0.6728793978691101 0.6728793978691101 0.30735430121421814 
vn 0.5786608457565308 0.5773276686668396 0.5760593414306641 
vn 0.8664736747741699 0.353288859128952 0.3527185618877411 
vn 0.999997615814209 0 -0.002184694167226553 
vn 0.866297721862793 -0.3537200093269348 -0.3527185618877411 
vn 0.5779946446418762 -0.5779946446418762 -0.5760593414306641 
vn 0.6728793978691101 -0.6728793978691101 -0.30735430121421814 
vn 0.9267409443855286 -0.3756946325302124 0.002184694167226553 
vn 0.9278009533882141 0 0.37307560443878174 
vn 0.6742480993270874 0.3073531985282898 0.6715083718299866 
vn 0.7078787684440613 0 0.7063339352607727 
vn 0.8664736747741699 -0.353288859128952 0.3527185618877411 
vn 0.7071051001548767 -0.7071051001548767 0.002184694167226553 
vn 0.08773747086524963 -0.3771493136882782 0.9219872951507568 
vn 0.09597864747047424 0 0.9953833818435669 
vn 0 0 1 
vn -3.962606474504013e-14 0.3831879794597626 0.9236704111099243 
vn 0.08773747086524963 0.3771493136882782 0.9219872951507568 
vn 0.00376924779266119 0.707868754863739 0.7063339352607727 
vn 0.0828147903084755 0.7061185240745544 0.7032341957092285 
vn 0.0037719623651355505 0.9244976043701172 0.3811691105365753 
vn 0.08854956179857254 0.9219191670417786 0.37712597846984863 
vn -1.0341130485562108e-13 0.999997615814209 -0.002184694167226553 
vn 0.0980169028043747 0.9951823353767395 -0.002184694167226553 
vn 0.0018884376622736454 0.9245033860206604 -0.3811691105365753 
vn 0.08854956179857254 0.9219191670417786 -0.37712597846984863 
vn 0.0018878303235396743 0.7078762650489807 -0.7063339352607727 
vn 0.08107726275920868 0.7063201069831848 -0.7032341957092285 
vn 0.0037855375558137894 0.3831692636013031 -0.9236704111099243 
vn 0.08616459369659424 0.37751176953315735 -0.9219872951507568 
vn -2.0682311115474694e-13 0 -1 
vn 0.09597864747047424 0 -0.9953833818435669 
vn 0.0037855375558137894 -0.3831692636013031 -0.9236704111099243 
vn 0.08616459369659424 -0.37751176953315735 -0.9219872951507568 
vn 0.0018878303235396743 -0.7078762650489807 -0.7063339352607727 
vn 0.08107726275920868 -0.7063201069831848 -0.7032341957092285 
vn 0.0018884376622736454 -0.9245033860206604 -0.3811691105365753 
vn 0.08854956179857254 -0.9219191670417786 -0.37712597846984863 
vn 3.097898456858039e-13 -0.999997615814209 0.002184694167226553 
vn 0.0980169028043747 -0.9951823353767395 0.002184694167226553 
vn 1.187080219278852e-13 -0.3831879794597626 0.9236704111099243 
vn 0.0828147903084755 -0.7061185240745544 0.7032341957092285 
vn 0.00376924779266119 -0.707868754863739 0.7063339352607727 
vn 0.08854956179857254 -0.9219191670417786 0.37712597846984863 
vn 0.0037719623651355505 -0.9244976043701172 0.3811691105365753 
vn 0.0980169028043747 -0.9951823353767395 0.002184694167226553 
vn 3.097898456858039e-13 -0.999997615814209 0.002184694167226553 
vn -0.08483070880174637 0.7058791518211365 -0.7032341957092285 
vn -0.08616459369659424 0.37751176953315735 -0.9219872951507568 
vn -0.30782127380371094 0.6740345358848572 -0.6715083718299866 
vn -0.3539992570877075 0.3539992570877075 -0.865661084651947 
vn -0.5779946446418762 0.5779946446418762 -0.5760593414306641 
vn -0.6740345358848572 0.30782127380371094 -0.6715083718299866 
vn -0.3751016855239868 -7.757970020517632e-14 -0.926983654499054 
vn -0.09590276330709457 -0.0038157764356583357 -0.9953833818435669 
vn -0.08616459369659424 -0.37751176953315735 -0.9219872951507568 
vn -0.09230536222457886 0.9215506911277771 -0.37712597846984863 
vn -0.3572152554988861 0.864862322807312 -0.3527185618877411 
vn -0.0980169028043747 0.9951823353767395 -0.002184694167226553 
vn -0.3756946325302124 0.9267409443855286 -0.002184694167226553 
vn -0.09230536222457886 0.9215506911277771 0.37712597846984863 
vn -0.35503533482551575 0.8657594919204712 0.3527185618877411 
vn -0.0828147903084755 0.7061185240745544 0.7032341957092285 
vn -0.6728793978691101 0.6728793978691101 -0.30735430121421814 
vn -0.866297721862793 0.3537200093269348 -0.3527185618877411 
vn -0.7078686952590942 -0.0037756471429020166 -0.7063339352607727 
vn -0.3539992570877075 -0.3539992570877075 -0.865661084651947 
vn -0.08483070880174637 -0.7058791518211365 -0.7032341957092285 
vn -0.30782127380371094 -0.6740345358848572 -0.6715083718299866 
vn -0.3572152554988861 -0.864862322807312 -0.3527185618877411 
vn -0.09230536222457886 -0.9215506911277771 -0.37712597846984863 
vn -0.3756946325302124 -0.9267409443855286 0.002184694167226553 
vn -0.0980169028043747 -0.9951823353767395 0.002184694167226553 
vn -0.35503533482551575 -0.8657594919204712 0.3527185618877411 
vn -0.09230536222457886 -0.9215506911277771 0.37712597846984863 
vn -0.31249380111694336 -0.6718810200691223 0.6715083718299866 
vn -0.0828147903084755 -0.7061185240745544 0.7032341957092285 
vn -0.09140152484178543 -0.3762781322002411 0.9219872951507568 
vn -0.3499859571456909 -0.3579675257205963 0.865661084651947 
vn -0.09590646624565125 0.003721607616171241 0.9953833818435669 
vn -0.7071051001548767 0.7071051001548767 -0.002184694167226553 
vn -0.5759913921356201 -0.5799909830093384 0.5760593414306641 
vn -0.6728793978691101 -0.6728793978691101 0.30735430121421814 
vn -0.7071051001548767 -0.7071051001548767 0.002184694167226553 
vn -0.6728793978691101 -0.6728793978691101 -0.30735430121421814 
vn -0.5779946446418762 -0.5779946446418762 -0.5760593414306641 
vn -0.6740345358848572 -0.30782127380371094 -0.6715083718299866 
vn -0.866297721862793 -0.3537200093269348 -0.3527185618877411 
vn -0.9278009533882141 -1.914786417530484e-13 -0.37307560443878174 
vn -0.9267409443855286 -0.3756946325302124 -0.002184694167226553 
vn -0.8650418519973755 -0.35678035020828247 0.3527185618877411 
vn -0.6726744174957275 -0.3107822835445404 0.6715083718299866 
vn -0.375082790851593 0.0037648463621735573 0.926983654499054 
vn -0.09140152484178543 0.3762781322002411 0.9219872951507568 
vn -0.3499859571456909 0.3579675257205963 0.865661084651947 
vn -0.7078787684440613 -1.4640568759497624e-13 0.7063339352607727 
vn -0.9277932643890381 0.0037707174196839333 0.37307560443878174 
vn -0.999997615814209 -2.0682260971124217e-13 -0.002184694167226553 
vn -0.9267409443855286 0.3756946325302124 -0.002184694167226553 
vn -0.6728793978691101 0.6728793978691101 0.30735430121421814 
vn -0.8650418519973755 0.35678035020828247 0.3527185618877411 
vn -0.6726744174957275 0.3107822835445404 0.6715083718299866 
vn -0.31249380111694336 0.6718810200691223 0.6715083718299866 
vn -0.5759913921356201 0.5799909830093384 0.5760593414306641 
vn 3.097898456858039e-13 -0.999997615814209 0.002184694167226553 
vn -0.0980169028043747 -0.9951823353767395 0.002184694167226553 
vn 0.0037719623651355505 -0.9244976043701172 0.3811691105365753 
vn -0.09230536222457886 -0.9215506911277771 0.37712597846984863 
vn 0.00376924779266119 -0.707868754863739 0.7063339352607727 
vn -0.0828147903084755 -0.7061185240745544 0.7032341957092285 
vn 1.187080219278852e-13 -0.3831879794597626 0.9236704111099243 
vn -0.09140152484178543 -0.3762781322002411 0.9219872951507568 
vn 0 0 1 
vn -0.09590646624565125 0.003721607616171241 0.9953833818435669 
vn -3.962606474504013e-14 0.3831879794597626 0.9236704111099243 
vn -0.09140152484178543 0.3762781322002411 0.9219872951507568 
vn 0.00376924779266119 0.707868754863739 0.7063339352607727 
vn -0.0828147903084755 0.7061185240745544 0.7032341957092285 
vn 0.0037719623651355505 0.9244976043701172 0.3811691105365753 
vn -0.09230536222457886 0.9215506911277771 0.37712597846984863 
vn -1.0341130485562108e-13 0.999997615814209 -0.002184694167226553 
vn -0.0980169028043747 0.9951823353767395 -0.002184694167226553 
vn 0.0018884376622736454 0.9245033860206604 -0.3811691105365753 
vn -0.09230536222457886 0.9215506911277771 -0.37712597846984863 
vn 0.0018878303235396743 0.7078762650489807 -0.7063339352607727 
vn -0.08483070880174637 0.7058791518211365 -0.7032341957092285 
vn 0.0037855375558137894 0.3831692636013031 -0.9236704111099243 
vn -0.08616459369659424 0.37751176953315735 -0.9219872951507568 
vn -2.0682311115474694e-13 0 -1 
vn -0.09590276330709457 -0.0038157764356583357 -0.9953833818435669 
vn 0.0037855375558137894 -0.3831692636013031 -0.9236704111099243 
vn -0.08616459369659424 -0.37751176953315735 -0.9219872951507568 
vn 0.0018878303235396743 -0.7078762650489807 -0.7063339352607727 
vn -0.08483070880174637 -0.7058791518211365 -0.7032341957092285 
vn 0.0018884376622736454 -0.9245033860206604 -0.3811691105365753 
vn -0.09230536222457886 -0.9215506911277771 -0.37712597846984863 
vn 3.097898456858039e-13 -0.999997615814209 0.002184694167226553 
vn -0.0980169028043747 -0.9951823353767395 0.002184694167226553 
vt 0.6278132200241089 0.5083549618721008 
vt 0.6412196159362793 0.5251480937004089 
vt 0.5978459715843201 0.545994758605957 
vt 0.6459512710571289 0.545994758605957 
vt 0.6412196159362793 0.5668414235115051 
vt 0.6278132200241089 0.583634614944458 
vt 0.6085711121559143 0.5928997993469238 
vt 0.5871208906173706 0.5928997993469238 
vt 0.567878782749176 0.583634614944458 
vt 0.5544723868370056 0.5668414235115051 
vt 0.549740731716156 0.545994758605957 
vt 0.5544723868370056 0.5251480937004089 
vt 0.567878782749176 0.5083549618721008 
vt 0.5871208906173706 0.4990897476673126 
vt 0.6085711121559143 0.4990897476673126 
vt 0.6278132200241089 0.5083549618721008 
vt 0.5978459715843201 0.545994758605957 
vt 0.6412196159362793 0.5251480937004089 
vt 0.6459512710571289 0.545994758605957 
vt 0.6412196159362793 0.5668414235115051 
vt 0.6278132200241089 0.583634614944458 
vt 0.6085711121559143 0.5928997993469238 
vt 0.5871208906173706 0.5928997993469238 
vt 0.567878782749176 0.583634614944458 
vt 0.5544723868370056 0.5668414235115051 
vt 0.549740731716156 0.545994758605957 
vt 0.5544723868370056 0.5251480937004089 
vt 0.567878782749176 0.5083549618721008 
vt 0.5871208906173706 0.4990897476673126 
vt 0.6085711121559143 0.4990897476673126 
vt 0 0 
vt 0 0 
vt 0 0 
vt 0 0 
vt 0 0 
vt 0 0 
vt 0 0 
vt 0 0 
vt 0 0 
vt 0 0 
vt 0 0 
vt 0 0 
vt 0 0 
vt 0 0 
vt 0 0 
vt 0 0 
vt 0 0 
vt 0 0 
vt 0 0 
vt 0 0 
vt 0 0 
vt 0 0 
vt 0 0 
vt 0 0 
vt 0 0 
vt 0 0 
vt 0 0 
vt 0 0 
vt 0 0 
vt 0 0 
vt 0 0 
vt 0 0 
vt 0 0 
vt 0 0 
vt 0 0 
vt 0 0 
vt 0 0 
vt 0 0 
vt 0 0 
vt 0 0 
vt 0 0 
vt 0 0 
vt 0 0 
vt 0 0 
vt 0 0 
vt 0 0 
vt 0 0 
vt 0 0 
vt 0 0 
vt 0 0 
vt 0 0 
vt 0 0 
vt 0 0 
vt 0 0 
vt 0 0 
vt 0 0 
vt 0 0 
vt 0 0 
vt 0 0 
vt 0 0 
vt 0 0 
vt 0 0 
vt 0 0 
vt 0 0 
vt 0 0 
vt 0 0 
vt 0 0 
vt 0 0 
vt 0 0 
vt 0 0 
vt 0 0 
vt 0 0 
vt 0 0 
vt 0 0 
vt 0 0 
vt 0 0 
vt 0 0 
vt 0 0 
vt 0 0 
vt 0 0 
vt 0 0 
vt 0 0 
vt 0 0 
vt 0 0 
vt 0 0 
vt 0 0 
vt 0 0 
vt 0 0 
vt 0 0 
vt 0 0 
vt 0 0 
vt 0 0 
vt 0 0 
vt 0 0 
vt 0 0 
vt 0 0 
vt 0 0 
vt 0 0 
vt 0 0 
vt 0 0 
vt 0 0 
vt 0 0 
vt 0 0 
vt 0 0 
vt 0 0 
vt 0 0 
vt 0 0 
vt 0 0 
vt 0 0 
vt 0 0 
vt 0 0 
vt 0 0 
vt 0 0 
vt 0 0 
vt 0 0 
vt 0 0 
vt 0 0 
vt 0 0 
vt 0 0 
vt 0 0 
vt 0 0 
vt 0 0 
vt 0 0 
vt 0 0 
vt 0 0 
vt 0 0 
vt 0 0 
vt 0 0 
vt 0 0 
vt 0 0 
vt 0 0 
vt 0 0 
vt 0 0 
vt 0 0 
vt 0 0 
vt 0 0 
vt 0 0 
vt 0 0 
vt 0 0 
vt 0 0 
vt 0 0 
vt 0 0 
vt 0 0 
vt 0 0 
vt 0 0 
vt 0 0 
vt 0 0 
vt 0 0 
vt 0 0 
vt 0 0 
vt 0 0 
vt 0 0 
vt 0 0 
vt 0 0 
vt 0 0 
vt 0 0 
vt 0 0 
vt 0 0 
vt 0 0 
vt 0 0 
vt 0 0 
vt 0 0 
vt 0 0 
vt 0 0 
vt 0 0 
vt 0 0 
vt 0 0 
vt 0 0 
vt 0 0 
vt 0 0 
vt 0 0 
vt 0 0 
vt 0 0 
vt 0 0 
vt 0 0 
vt 0 0 
vt 0 0 
vt 0 0 
vt 0 0 
vt 0 0 
vt 0 0 
vt 0 0 
vt 0 0 
vt 0 0 
vt 0 0 
vt 0 0 
vt 0 0 
vt 0 0 
vt 0 0 
vt 0 0 
vt 0 0 
vt 0 0 
vt 0 0 
vt 0 0 
vt 0 0 
vt 0 0 
vt 0 0 
vt 0 0 
vt 0 0 
vt 0 0 
vt 0 0 
vt 0 0 
vt 0 0 
vt 0 0 
vt 0 0 
vt 0 0 
vt 0 0 
vt 0 0 
vt 0 0 
vt 0 0 
vt 0 0 
vt 0 0 
vt 0 0 
vt 0 0 
vt 0 0 
vt 0 0 
vt 0 0 
vt 0 0 
vt 0 0 
vt 0 0 
vt 0 0 
vt 0 0 
vt 0 0 
vt 0 0 
vt 0 0 
vt 0 0 
vt 0 0 
vt 0 0 
vt 0 0 
vt 0 0 
vt 0 0 
vt 0 0 
vt 0 0 
vt 0 0 
vt 0 0 
vt 0 0 
vt 0 0 
vt 0 0 
vt 0 0 
vt 0 0 
vt 0 0 
vt 0 0 
vt 0 0 
vt 0 0 
vt 0 0 
vt 0 0 
vt 0 0 
vt 0 0 
vt 0 0 
vt 0 0 
vt 0 0 
vt 0 0 
vt 0 0 
vt 0 0 
vt 0 0 
vt 0 0 
vt 0 0 
vt 0 0 
vt 0 0 
vt 0 0 
vt 0 0 
vt 0 0 
vt 0 0 
vt 0 0 
vt 0 0 
vt 0 0 
vt 0 0 
vt 0 0 
vt 0 0 
vt 0 0 
vt 0 0 
vt 0 0 
vt 0 0 
vt 0 0 
vt 0 0 
vt 0 0 
vt 0 0 
vt 0 0 
vt 0 0 
vt 0 0 
vt 0 0 
vt 0 0 
vt 0 0 
vt 0 0 
vt 0 0 
vt 0 0 
vt 0 0 
vt 0 0 
vt 0 0 
vt 0 0 
vt 0 0 
vt 0 0 
vt 0 0 
vt 0 0 
vt 0 0 
vt 0 0 
vt 0 0 
vt 0 0 
vt 0 0 
vt 0 0 
vt 0 0 
vt 0 0 
vt 0 0 
vt 0 0 
vt 0 0 
vt 0 0 
vt 0 0 
vt 0 0 
vt 0 0 
vt 0 0 
vt 0 0 
vt 0 0 
vt 0 0 
vt 0 0 
vt 0 0 
vt 0 0 
vt 0 0 
vt 0 0 
vt 0 0 
vt 0 0 
vt 0 0 
vt 0 0 
vt 0 0 
vt 0 0 
vt 0 0 
vt 0 0 
vt 0 0 
vt 0 0 
vt 0 0 
vt 0 0 
vt 0 0 
vt 0 0 
vt 0 0 
vt 0 0 
vt 0 0 
vt 0 0 
vt 0 0 
vt 0 0 
vt 0 0 
vt 0 0 
vt 0 0 
vt 0 0 
vt 0 0 
vt 0 0 
vt 0 0 
vt 0 0 
vt 0 0 
vt 0 0 
vt 0 0 
vt 0 0 
vt 0 0 
vt 0 0 
vt 0 0 
vt 0 0 
vt 0 0 
vt 0 0 
vt 0 0 
vt 0 0 
vt 0 0 
vt 0 0 
vt 0 0 
vt 0 0 
vt 0 0 
vt 0 0 
vt 0 0 
vt 0 0 
vt 0 0 
vt 0 0 
vt 0 0 
vt 0 0 
vt 0 0 
vt 0 0 
vt 0 0 
vt 0 0 
vt 0 0 
vt 0 0 
vt 0 0 
vt 0 0 
vt 0 0 
vt 0 0 
vt 0 0 
vt 0 0 
vt 0 0 
vt 0 0 
vt 0 0 
vt 0 0 
vt 0 0 
vt 0 0 
vt 0 0 
vt 0 0 
vt 0 0 
vt 0 0 
vt 0 0 
vt 0 0 
vt 0 0 
vt 0 0 
vt 0 0 
vt 0 0 
vt 0 0 
vt 0 0 
vt 0 0 
vt 0 0 
vt 0 0 
vt 0 0 
vt 0 0 
vt 0 0 
vt 0 0 
vt 0 0 
vt 0 0 
vt 0 0 
vt 0 0 
vt 0 0 
vt 0 0 
vt 0 0 
vt 0 0 
vt 0 0 
vt 0 0 
vt 0 0 
vt 0 0 
vt 0 0 
vt 0 0 
vt 0 0 
vt 0 0 
vt 0 0 
vt 0 0 
vt 0 0 
vt 0 0 
vt 0 0 
vt 0 0 
vt 0 0 
vt 0 0 
vt 0 0 
vt 0 0 
vt 0 0 
vt 0 0 
vt 0 0 
vt 0 0 
vt 0 0 
vt 0 0 
vt 0 0 
vt 0 0 
vt 0 0 
vt 0 0 
vt 0 0 
vt 0 0 
vt 0 0 
vt 0 0 
vt 0 0 
vt 0 0 
vt 0 0 
vt 0 0 
vt 0 0 
vt 0 0 
vt 0 0 
vt 0 0 
vt 0 0 
vt 0 0 
vt 0 0 
vt 0 0 
vt 0 0 
vt 0 0 
vt 0 0 
vt 0 0 
vt 0 0 
vt 0 0 
vt 0 0 
vt 0 0 
vt 0 0 
vt 0 0 
vt 0 0 
vt 0 0 
vt 0 0 
vt 0 0 
vt 0 0 
vt 0 0 
vt 0 0 
vt 0 0 
vt 0 0 
vt 0 0 
vt 0 0 
vt 0 0 
vt 0 0 
vt 0 0 
vt 0 0 
vt 0 0 
vt 0 0 
vt 0 0 
vt 0 0 
vt 0 0 
vt 0 0 
vt 0 0 
vt 0 0 
vt 0 0 
vt 0 0 
vt 0 0 
vt 0 0 
vt 0 0 
vt 0 0 
vt 0 0 
vt 0 0 
vt 0 0 
vt 0 0 
vt 0 0 
vt 0 0 
vt 0 0 
vt 0 0 
vt 0 0 
vt 0 0 
vt 0 0 
vt 0 0 
vt 0 0 
vt 0 0 
vt 0 0 
vt 0 0 
vt 0 0 
vt 0 0 
vt 0 0 
vt 0 0 
vt 0 0 
vt 0 0 
vt 0 0 
vt 0 0 
vt 0 0 
vt 0 0 
vt 0 0 
vt 0 0 
vt 0 0 
vt 0 0 
vt 0 0 
vt 0 0 
vt 0 0 
vt 0 0 
vt 0 0 
vt 0 0 
vt 0 0 
vt 0 0 
vt 0 0 
vt 0 0 
vt 0 0 
vt 0 0 
vt 0 0 
vt 0 0 
vt 0 0 
vt 0 0 
vt 0 0 
vt 0 0 
vt 0 0 
vt 0 0 
vt 0 0 
vt 0 0 
vt 0 0 
vt 0 0 
vt 0 0 
vt 0 0 
vt 0 0 
vt 0 0 
vt 0 0 
vt 0 0 
vt 0 0 
vt 0 0 
vt 0 0 
vt 0 0 
vt 0 0 
vt 0 0 
vt 0 0 
vt 0 0 
vt 0 0 
vt 0 0 
vt 0 0 
vt 0 0 
vt 0 0 
vt 0 0 
vt 0 0 
vt 0 0 
vt 0 0 
vt 0 0 
vt 0 0 
vt 0 0 
vt 0 0 
vt 0 0 
vt 0 0 
vt 0 0 
vt 0 0 
vt 0 0 
vt 0 0 
vt 0 0 
vt 0 0 
vt 0 0 
vt 0 0 
vt 0 0 
vt 0 0 
vt 0 0 
vt 0 0 
vt 0 0 
vt 0 0 
vt 0 0 
vt 0 0 
vt 0 0 
vt 0 0 
vt 0 0 
vt 0 0 
vt 0 0 
vt 0 0 
vt 0 0 
vt 0 0 
vt 0 0 
vt 0 0 
vt 0 0 
vt 0 0 
vt 0 0 
vt 0 0 
vt 0 0 
vt 0 0 
vt 0 0 
vt 0 0 
vt 0 0 
vt 0 0 
vt 0 0 
vt 0 0 
vt 0 0 
vt 0 0 
vt 0 0 
vt 0 0 
vt 0 0 
vt 0 0 
vt 0 0 
vt 0 0 
vt 0 0 
vt 0 0 
vt 0 0 
vt 0 0 
vt 0 0 
vt 0 0 
vt 0 0 
vt 0 0 
vt 0 0 
vt 0 0 
vt 0 0 
vt 0 0 
vt 0 0 
vt 0 0 
vt 0 0 
vt 0 0 
vt 0 0 
vt 0 0 
vt 0 0 
vt 0 0 
vt 0 0 
vt 0 0 
vt 0 0 
vt 0 0 
vt 0 0 
vt 0 0 
vt 0 0 
vt 0 0 
vt 0 0 
vt 0 0 
vt 0 0 
vt 0 0 
vt 0 0 
vt 0 0 
vt 0 0 
vt 0 0 
vt 0 0 
vt 0 0 
vt 0 0 
vt 0 0 
vt 0 0 
vt 0 0 
vt 0 0 
vt 0 0 
vt 0 0 
vt 0 0 
vt 0 0 
vt 0 0 
vt 0 0 
vt 0 0 
vt 0 0 
vt 0 0 
vt 0 0 
vt 0 0 
vt 0 0 
vt 0 0 
vt 0 0 
vt 0 0 
vt 0 0 
vt 0 0 
vt 0 0 
vt 0 0 
vt 0 0 
vt 0 0 
vt 0 0 
vt 0 0 
vt 0 0 
vt 0 0 
vt 0 0 
vt 0 0 
vt 0 0 
vt 0 0 
vt 0 0 
vt 0 0 
vt 0 0 
vt 0 0 
vt 0 0 
vt 0 0 
vt 0 0 
vt 0 0 
vt 0 0 
vt 0 0 
vt 0 0 
vt 0 0 
vt 0 0 
vt 0 0 
vt 0 0 
vt 0 0 
vt 0 0 
vt 0 0 
vt 0 0 
vt 0 0 
vt 0 0 
vt 0 0 
vt 0 0 
vt 0 0 
vt 0 0 
vt 0 0 
vt 0 0 
vt 0 0 
vt 0 0 
vt 0 0 
vt 0 0 
vt 0 0 
vt 0 0 
vt 0 0 
vt 0 0 
vt 0 0 
vt 0 0 
vt 0 0 
vt 0 0 
vt 0 0 
vt 0 0 
vt 0 0 
vt 0 0 
vt 0 0 
vt 0 0 
vt 0 0 
vt 0 0 
vt 0 0 
vt 0 0 
vt 0 0 
vt 0 0 
vt 0 0 
vt 0 0 
vt 0 0 
vt 0 0 
vt 0 0 
vt 0 0 
vt 0 0 
vt 0 0 
vt 0 0 
vt 0 0 
vt 0 0 
vt 0 0 
vt 0 0 
vt 0 0 
vt 0 0 
vt 0 0 
vt 0 0 
vt 0 0 
vt 0 0 
vt 0 0 
vt 0 0 
vt 0 0 
vt 0 0 
vt 0 0 
vt 0 0 
vt 0 0 
vt 0 0 
vt 0 0 
vt 0 0 
vt 0 0 
vt 0 0 
vt 0 0 
vt 0 0 
vt 0 0 
vt 0 0 
vt 0 0 
vt 0 0 
vt 0 0 
vt 0 0 
vt 0 0 
vt 0 0 
vt 0 0 
vt 0 0 
vt 0 0 
vt 0 0 
vt 0 0 
vt 0 0 
vt 0 0 
vt 0 0 
vt 0 0 
vt 0 0 
vt 0 0 
vt 0 0 
vt 0 0 
vt 0 0 
vt 0 0 
vt 0 0 
vt 0 0 
vt 0 0 
vt 0 0 
vt 0 0 
vt 0 0 
vt 0 0 
vt 0 0 
vt 0 0 
vt 0 0 
vt 0 0 
vt 0 0 
vt 0 0 
vt 0 0 
vt 0 0 
vt 0 0 
vt 0 0 
s on 
f 1/1/1 2/2/2 3/3/3 
f 2/2/2 4/4/4 3/3/3 
f 3/3/3 4/4/4 3/3/3 
f 4/4/4 5/5/5 3/3/3 
f 3/3/3 5/5/5 3/3/3 
f 5/5/5 6/6/6 3/3/3 
f 3/3/3 6/6/6 3/3/3 
f 6/6/6 7/7/7 3/3/3 
f 3/3/3 7/7/7 3/3/3 
f 7/7/7 8/8/8 3/3/3 
f 3/3/3 8/8/8 3/3/3 
f 8/8/8 9/9/9 3/3/3 
f 3/3/3 9/9/9 3/3/3 
f 9/9/9 10/10/10 3/3/3 
f 3/3/3 10/10/10 3/3/3 
f 10/10/10 11/11/11 3/3/3 
f 3/3/3 11/11/11 3/3/3 
f 11/11/11 12/12/12 3/3/3 
f 3/3/3 12/12/12 3/3/3 
f 12/12/12 13/13/13 3/3/3 
f 3/3/3 13/13/13 3/3/3 
f 13/13/13 14/14/14 3/3/3 
f 3/3/3 14/14/14 3/3/3 
f 14/14/14 15/15/15 3/3/3 
f 3/3/3 15/15/15 1/1/1 
f 15/15/15 1/1/1 1/1/1 
f 1/1/1 1/1/1 16/16/16 
f 1/1/1 16/16/16 16/16/16 
f 16/16/16 16/16/16 17/17/17 
f 16/16/16 18/18/18 17/17/17 
f 17/17/17 18/18/18 17/17/17 
f 18/18/18 19/19/19 17/17/17 
f 17/17/17 19/19/19 17/17/17 
f 19/19/19 20/20/20 17/17/17 
f 17/17/17 20/20/20 17/17/17 
f 20/20/20 21/21/21 17/17/17 
f 17/17/17 21/21/21 17/17/17 
f 21/21/21 22/22/22 17/17/17 
f 17/17/17 22/22/22 17/17/17 
f 22/22/22 23/23/23 17/17/17 
f 17/17/17 23/23/23 17/17/17 
f 23/23/23 24/24/24 17/17/17 
f 17/17/17 24/24/24 17/17/17 
f 24/24/24 25/25/25 17/17/17 
f 17/17/17 25/25/25 17/17/17 
f 25/25/25 26/26/26 17/17/17 
f 17/17/17 26/26/26 17/17/17 
f 26/26/26 27/27/27 17/17/17 
f 17/17/17 27/27/27 17/17/17 
f 27/27/27 28/28/28 17/17/17 
f 17/17/17 28/28/28 17/17/17 
f 28/28/28 29/29/29 17/17/17 
f 17/17/17 29/29/29 17/17/17 
f 29/29/29 30/30/30 17/17/17 
f 17/17/17 30/30/30 16/16/16 
f 30/30/30 16/16/16 16/16/16 
f 16/16/16 16/16/16 31/31/31 
f 16/16/16 31/31/31 31/31/31 
f 31/31/31 31/31/31 32/32/32 
f 31/31/31 33/33/33 32/32/32 
f 32/32/32 33/33/33 34/34/34 
f 33/33/33 35/35/35 34/34/34 
f 34/34/34 35/35/35 36/36/36 
f 35/35/35 37/37/37 36/36/36 
f 36/36/36 37/37/37 38/38/38 
f 37/37/37 38/38/38 38/38/38 
f 38/38/38 38/38/38 39/39/39 
f 38/38/38 39/39/39 39/39/39 
f 39/39/39 39/39/39 32/32/32 
f 39/39/39 31/31/31 32/32/32 
f 32/32/32 31/31/31 31/31/31 
f 31/31/31 31/31/31 31/31/31 
f 31/31/31 31/31/31 31/31/31 
f 31/31/31 40/40/40 31/31/31 
f 31/31/31 40/40/40 33/33/33 
f 40/40/40 41/41/41 33/33/33 
f 33/33/33 41/41/41 35/35/35 
f 41/41/41 42/42/42 35/35/35 
f 35/35/35 42/42/42 37/37/37 
f 42/42/42 37/37/37 37/37/37 
f 37/37/37 37/37/37 40/40/40 
f 37/37/37 40/40/40 40/40/40 
f 40/40/40 40/40/40 41/41/41 
f 40/40/40 43/43/43 41/41/41 
f 41/41/41 43/43/43 44/44/44 
f 43/43/43 45/45/45 44/44/44 
f 44/44/44 45/45/45 44/44/44 
f 45/45/45 46/46/46 44/44/44 
f 44/44/44 46/46/46 47/47/47 
f 46/46/46 48/48/48 47/47/47 
f 47/47/47 48/48/48 48/48/48 
f 48/48/48 41/41/41 48/48/48 
f 48/48/48 41/41/41 41/41/41 
f 41/41/41 44/44/44 41/41/41 
f 41/41/41 44/44/44 42/42/42 
f 44/44/44 47/47/47 42/42/42 
f 42/42/42 47/47/47 42/42/42 
f 47/47/47 49/49/49 42/42/42 
f 42/42/42 49/49/49 37/37/37 
f 49/49/49 50/50/50 37/37/37 
f 37/37/37 50/50/50 38/38/38 
f 50/50/50 51/51/51 38/38/38 
f 38/38/38 51/51/51 38/38/38 
f 51/51/51 52/52/52 38/38/38 
f 38/38/38 52/52/52 36/36/36 
f 52/52/52 53/53/53 36/36/36 
f 36/36/36 53/53/53 34/34/34 
f 53/53/53 54/54/54 34/34/34 
f 34/34/34 54/54/54 32/32/32 
f 54/54/54 55/55/55 32/32/32 
f 32/32/32 55/55/55 39/39/39 
f 55/55/55 55/55/55 39/39/39 
f 39/39/39 55/55/55 56/56/56 
f 55/55/55 57/57/57 56/56/56 
f 56/56/56 57/57/57 58/58/58 
f 57/57/57 59/59/59 58/58/58 
f 58/58/58 59/59/59 60/60/60 
f 59/59/59 61/61/61 60/60/60 
f 60/60/60 61/61/61 62/62/62 
f 61/61/61 63/63/63 62/62/62 
f 62/62/62 63/63/63 62/62/62 
f 63/63/63 64/64/64 62/62/62 
f 62/62/62 64/64/64 65/65/65 
f 64/64/64 66/66/66 65/65/65 
f 65/65/65 66/66/66 67/67/67 
f 66/66/66 68/68/68 67/67/67 
f 67/67/67 68/68/68 69/69/69 
f 68/68/68 70/70/70 69/69/69 
f 69/69/69 70/70/70 71/71/71 
f 70/70/70 72/72/72 71/71/71 
f 71/71/71 72/72/72 73/73/73 
f 72/72/72 74/74/74 73/73/73 
f 73/73/73 74/74/74 75/75/75 
f 74/74/74 76/76/76 75/75/75 
f 75/75/75 76/76/76 77/77/77 
f 76/76/76 78/78/78 77/77/77 
f 77/77/77 78/78/78 79/79/79 
f 78/78/78 78/78/78 79/79/79 
f 79/79/79 78/78/78 80/80/80 
f 78/78/78 81/81/81 80/80/80 
f 80/80/80 81/81/81 82/82/82 
f 81/81/81 82/82/82 82/82/82 
f 82/82/82 82/82/82 81/81/81 
f 82/82/82 81/81/81 81/81/81 
f 81/81/81 81/81/81 83/83/83 
f 81/81/81 78/78/78 83/83/83 
f 83/83/83 78/78/78 83/83/83 
f 78/78/78 76/76/76 83/83/83 
f 83/83/83 76/76/76 84/84/84 
f 76/76/76 74/74/74 84/84/84 
f 84/84/84 74/74/74 85/85/85 
f 74/74/74 72/72/72 85/85/85 
f 85/85/85 72/72/72 86/86/86 
f 72/72/72 70/70/70 86/86/86 
f 86/86/86 70/70/70 87/87/87 
f 70/70/70 68/68/68 87/87/87 
f 87/87/87 68/68/68 88/88/88 
f 68/68/68 66/66/66 88/88/88 
f 88/88/88 66/66/66 89/89/89 
f 66/66/66 64/64/64 89/89/89 
f 89/89/89 64/64/64 90/90/90 
f 64/64/64 63/63/63 90/90/90 
f 90/90/90 63/63/63 91/91/91 
f 63/63/63 63/63/63 91/91/91 
f 91/91/91 63/63/63 92/92/92 
f 63/63/63 61/61/61 92/92/92 
f 92/92/92 61/61/61 93/93/93 
f 61/61/61 59/59/59 93/93/93 
f 93/93/93 59/59/59 94/94/94 
f 59/59/59 57/57/57 94/94/94 
f 94/94/94 57/57/57 95/95/95 
f 57/57/57 55/55/55 95/95/95 
f 95/95/95 55/55/55 95/95/95 
f 55/55/55 54/54/54 95/95/95 
f 95/95/95 54/54/54 96/96/96 
f 54/54/54 53/53/53 96/96/96 
f 96/96/96 53/53/53 97/97/97 
f 53/53/53 52/52/52 97/97/97 
f 97/97/97 52/52/52 98/98/98 
f 52/52/52 51/51/51 98/98/98 
f 98/98/98 51/51/51 99/99/99 
f 51/51/51 51/51/51 99/99/99 
f 99/99/99 51/51/51 100/100/100 
f 51/51/51 50/50/50 100/100/100 
f 100/100/100 50/50/50 101/101/101 
f 50/50/50 49/49/49 101/101/101 
f 101/101/101 49/49/49 102/102/102 
f 49/49/49 47/47/47 102/102/102 
f 102/102/102 47/47/47 102/102/102 
f 47/47/47 48/48/48 102/102/102 
f 102/102/102 48/48/48 102/102/102 
f 48/48/48 103/103/103 102/102/102 
f 102/102/102 103/103/103 104/104/104 
f 103/103/103 105/105/105 104/104/104 
f 104/104/104 105/105/105 105/105/105 
f 105/105/105 102/102/102 105/105/105 
f 105/105/105 102/102/102 102/102/102 
f 102/102/102 104/104/104 102/102/102 
f 102/102/102 104/104/104 101/101/101 
f 104/104/104 106/106/106 101/101/101 
f 101/101/101 106/106/106 100/100/100 
f 106/106/106 107/107/107 100/100/100 
f 100/100/100 107/107/107 99/99/99 
f 107/107/107 108/108/108 99/99/99 
f 99/99/99 108/108/108 99/99/99 
f 108/108/108 109/109/109 99/99/99 
f 99/99/99 109/109/109 98/98/98 
f 109/109/109 110/110/110 98/98/98 
f 98/98/98 110/110/110 97/97/97 
f 110/110/110 111/111/111 97/97/97 
f 97/97/97 111/111/111 96/96/96 
f 111/111/111 112/112/112 96/96/96 
f 96/96/96 112/112/112 95/95/95 
f 112/112/112 112/112/112 95/95/95 
f 95/95/95 112/112/112 94/94/94 
f 112/112/112 113/113/113 94/94/94 
f 94/94/94 113/113/113 93/93/93 
f 113/113/113 114/114/114 93/93/93 
f 93/93/93 114/114/114 92/92/92 
f 114/114/114 115/115/115 92/92/92 
f 92/92/92 115/115/115 91/91/91 
f 115/115/115 116/116/116 91/91/91 
f 91/91/91 116/116/116 91/91/91 
f 116/116/116 117/117/117 91/91/91 
f 91/91/91 117/117/117 90/90/90 
f 117/117/117 118/118/118 90/90/90 
f 90/90/90 118/118/118 89/89/89 
f 118/118/118 119/119/119 89/89/89 
f 89/89/89 119/119/119 88/88/88 
f 119/119/119 120/120/120 88/88/88 
f 88/88/88 120/120/120 87/87/87 
f 120/120/120 121/121/121 87/87/87 
f 87/87/87 121/121/121 86/86/86 
f 121/121/121 122/122/122 86/86/86 
f 86/86/86 122/122/122 85/85/85 
f 122/122/122 123/123/123 85/85/85 
f 85/85/85 123/123/123 84/84/84 
f 123/123/123 124/124/124 84/84/84 
f 84/84/84 124/124/124 83/83/83 
f 124/124/124 125/125/125 83/83/83 
f 83/83/83 125/125/125 81/81/81 
f 125/125/125 126/126/126 81/81/81 
f 81/81/81 126/126/126 82/82/82 
f 126/126/126 126/126/126 82/82/82 
f 82/82/82 126/126/126 127/127/127 
f 126/126/126 128/128/128 127/127/127 
f 127/127/127 128/128/128 129/129/129 
f 128/128/128 129/129/129 129/129/129 
f 129/129/129 129/129/129 128/128/128 
f 129/129/129 128/128/128 128/128/128 
f 128/128/128 128/128/128 130/130/130 
f 128/128/128 126/126/126 130/130/130 
f 130/130/130 126/126/126 130/130/130 
f 126/126/126 125/125/125 130/130/130 
f 130/130/130 125/125/125 131/131/131 
f 125/125/125 124/124/124 131/131/131 
f 131/131/131 124/124/124 132/132/132 
f 124/124/124 123/123/123 132/132/132 
f 132/132/132 123/123/123 133/133/133 
f 123/123/123 122/122/122 133/133/133 
f 133/133/133 122/122/122 134/134/134 
f 122/122/122 121/121/121 134/134/134 
f 134/134/134 121/121/121 135/135/135 
f 121/121/121 120/120/120 135/135/135 
f 135/135/135 120/120/120 136/136/136 
f 120/120/120 119/119/119 136/136/136 
f 136/136/136 119/119/119 137/137/137 
f 119/119/119 118/118/118 137/137/137 
f 137/137/137 118/118/118 138/138/138 
f 118/118/118 117/117/117 138/138/138 
f 138/138/138 117/117/117 139/139/139 
f 117/117/117 116/116/116 139/139/139 
f 139/139/139 116/116/116 140/140/140 
f 116/116/116 116/116/116 140/140/140 
f 140/140/140 116/116/116 141/141/141 
f 116/116/116 115/115/115 141/141/141 
f 141/141/141 115/115/115 142/142/142 
f 115/115/115 114/114/114 142/142/142 
f 142/142/142 114/114/114 143/143/143 
f 114/114/114 113/113/113 143/143/143 
f 143/143/143 113/113/113 144/144/144 
f 113/113/113 112/112/112 144/144/144 
f 144/144/144 112/112/112 144/144/144 
f 112/112/112 111/111/111 144/144/144 
f 144/144/144 111/111/111 145/145/145 
f 111/111/111 110/110/110 145/145/145 
f 145/145/145 110/110/110 146/146/146 
f 110/110/110 109/109/109 146/146/146 
f 146/146/146 109/109/109 147/147/147 
f 109/109/109 108/108/108 147/147/147 
f 147/147/147 108/108/108 148/148/148 
f 108/108/108 108/108/108 148/148/148 
f 148/148/148 108/108/108 149/149/149 
f 108/108/108 107/107/107 149/149/149 
f 149/149/149 107/107/107 150/150/150 
f 107/107/107 106/106/106 150/150/150 
f 150/150/150 106/106/106 151/151/151 
f 106/106/106 104/104/104 151/151/151 
f 151/151/151 104/104/104 151/151/151 
f 104/104/104 105/105/105 151/151/151 
f 151/151/151 105/105/105 151/151/151 
f 105/105/105 152/152/152 151/151/151 
f 151/151/151 152/152/152 153/153/153 
f 152/152/152 154/154/154 153/153/153 
f 153/153/153 154/154/154 154/154/154 
f 154/154/154 151/151/151 154/154/154 
f 154/154/154 151/151/151 151/151/151 
f 151/151/151 153/153/153 151/151/151 
f 151/151/151 153/153/153 150/150/150 
f 153/153/153 155/155/155 150/150/150 
f 150/150/150 155/155/155 149/149/149 
f 155/155/155 156/156/156 149/149/149 
f 149/149/149 156/156/156 148/148/148 
f 156/156/156 157/157/157 148/148/148 
f 148/148/148 157/157/157 148/148/148 
f 157/157/157 158/158/158 148/148/148 
f 148/148/148 158/158/158 147/147/147 
f 158/158/158 159/159/159 147/147/147 
f 147/147/147 159/159/159 146/146/146 
f 159/159/159 160/160/160 146/146/146 
f 146/146/146 160/160/160 145/145/145 
f 160/160/160 161/161/161 145/145/145 
f 145/145/145 161/161/161 144/144/144 
f 161/161/161 161/161/161 144/144/144 
f 144/144/144 161/161/161 143/143/143 
f 161/161/161 162/162/162 143/143/143 
f 143/143/143 162/162/162 142/142/142 
f 162/162/162 163/163/163 142/142/142 
f 142/142/142 163/163/163 141/141/141 
f 163/163/163 164/164/164 141/141/141 
f 141/141/141 164/164/164 140/140/140 
f 164/164/164 164/164/164 140/140/140 
f 140/140/140 164/164/164 139/139/139 
f 164/164/164 165/165/165 139/139/139 
f 139/139/139 165/165/165 138/138/138 
f 165/165/165 138/138/138 138/138/138 
f 138/138/138 138/138/138 165/165/165 
f 138/138/138 165/165/165 165/165/165 
f 165/165/165 165/165/165 166/166/166 
f 165/165/165 164/164/164 166/166/166 
f 166/166/166 164/164/164 166/166/166 
f 164/164/164 163/163/163 166/166/166 
f 166/166/166 163/163/163 167/167/167 
f 163/163/163 162/162/162 167/167/167 
f 167/167/167 162/162/162 168/168/168 
f 162/162/162 161/161/161 168/168/168 
f 168/168/168 161/161/161 168/168/168 
f 161/161/161 160/160/160 168/168/168 
f 168/168/168 160/160/160 169/169/169 
f 160/160/160 159/159/159 169/169/169 
f 169/169/169 159/159/159 170/170/170 
f 159/159/159 158/158/158 170/170/170 
f 170/170/170 158/158/158 171/171/171 
f 158/158/158 157/157/157 171/171/171 
f 171/171/171 157/157/157 172/172/172 
f 157/157/157 157/157/157 172/172/172 
f 172/172/172 157/157/157 173/173/173 
f 157/157/157 156/156/156 173/173/173 
f 173/173/173 156/156/156 174/174/174 
f 156/156/156 155/155/155 174/174/174 
f 174/174/174 155/155/155 175/175/175 
f 155/155/155 153/153/153 175/175/175 
f 175/175/175 153/153/153 175/175/175 
f 153/153/153 154/154/154 175/175/175 
f 175/175/175 154/154/154 175/175/175 
f 154/154/154 176/176/176 175/175/175 
f 175/175/175 176/176/176 177/177/177 
f 176/176/176 178/178/178 177/177/177 
f 177/177/177 178/178/178 178/178/178 
f 178/178/178 175/175/175 178/178/178 
f 178/178/178 175/175/175 175/175/175 
f 175/175/175 177/177/177 175/175/175 
f 175/175/175 177/177/177 174/174/174 
f 177/177/177 179/179/179 174/174/174 
f 174/174/174 179/179/179 173/173/173 
f 179/179/179 180/180/180 173/173/173 
f 173/173/173 180/180/180 172/172/172 
f 180/180/180 181/181/181 172/172/172 
f 172/172/172 181/181/181 172/172/172 
f 181/181/181 182/182/182 172/172/172 
f 172/172/172 182/182/182 171/171/171 
f 182/182/182 183/183/183 171/171/171 
f 171/171/171 183/183/183 170/170/170 
f 183/183/183 184/184/184 170/170/170 
f 170/170/170 184/184/184 169/169/169 
f 184/184/184 185/185/185 169/169/169 
f 169/169/169 185/185/185 168/168/168 
f 185/185/185 185/185/185 168/168/168 
f 168/168/168 185/185/185 167/167/167 
f 185/185/185 186/186/186 167/167/167 
f 167/167/167 186/186/186 166/166/166 
f 186/186/186 187/187/187 166/166/166 
f 166/166/166 187/187/187 165/165/165 
f 187/187/187 188/188/188 165/165/165 
f 165/165/165 188/188/188 138/138/138 
f 188/188/188 188/188/188 138/138/138 
f 138/138/138 188/188/188 137/137/137 
f 188/188/188 189/189/189 137/137/137 
f 137/137/137 189/189/189 136/136/136 
f 189/189/189 136/136/136 136/136/136 
f 136/136/136 136/136/136 189/189/189 
f 136/136/136 189/189/189 189/189/189 
f 189/189/189 189/189/189 190/190/190 
f 189/189/189 188/188/188 190/190/190 
f 190/190/190 188/188/188 190/190/190 
f 188/188/188 187/187/187 190/190/190 
f 190/190/190 187/187/187 191/191/191 
f 187/187/187 186/186/186 191/191/191 
f 191/191/191 186/186/186 192/192/192 
f 186/186/186 185/185/185 192/192/192 
f 192/192/192 185/185/185 192/192/192 
f 185/185/185 184/184/184 192/192/192 
f 192/192/192 184/184/184 193/193/193 
f 184/184/184 183/183/183 193/193/193 
f 193/193/193 183/183/183 194/194/194 
f 183/183/183 182/182/182 194/194/194 
f 194/194/194 182/182/182 195/195/195 
f 182/182/182 181/181/181 195/195/195 
f 195/195/195 181/181/181 196/196/196 
f 181/181/181 181/181/181 196/196/196 
f 196/196/196 181/181/181 197/197/197 
f 181/181/181 180/180/180 197/197/197 
f 197/197/197 180/180/180 198/198/198 
f 180/180/180 179/179/179 198/198/198 
f 198/198/198 179/179/179 199/199/199 
f 179/179/179 177/177/177 199/199/199 
f 199/199/199 177/177/177 199/199/199 
f 177/177/177 178/178/178 199/199/199 
f 199/199/199 178/178/178 200/200/200 
f 178/178/178 201/201/201 200/200/200 
f 200/200/200 201/201/201 201/201/201 
f 201/201/201 200/200/200 201/201/201 
f 201/201/201 200/200/200 200/200/200 
f 200/200/200 202/202/202 200/200/200 
f 200/200/200 202/202/202 199/199/199 
f 202/202/202 202/202/202 199/199/199 
f 199/199/199 202/202/202 198/198/198 
f 202/202/202 203/203/203 198/198/198 
f 198/198/198 203/203/203 197/197/197 
f 203/203/203 204/204/204 197/197/197 
f 197/197/197 204/204/204 196/196/196 
f 204/204/204 204/204/204 196/196/196 
f 196/196/196 204/204/204 195/195/195 
f 204/204/204 205/205/205 195/195/195 
f 195/195/195 205/205/205 194/194/194 
f 205/205/205 206/206/206 194/194/194 
f 194/194/194 206/206/206 193/193/193 
f 206/206/206 207/207/207 193/193/193 
f 193/193/193 207/207/207 192/192/192 
f 207/207/207 207/207/207 192/192/192 
f 192/192/192 207/207/207 191/191/191 
f 207/207/207 208/208/208 191/191/191 
f 191/191/191 208/208/208 190/190/190 
f 208/208/208 209/209/209 190/190/190 
f 190/190/190 209/209/209 189/189/189 
f 209/209/209 210/210/210 189/189/189 
f 189/189/189 210/210/210 136/136/136 
f 210/210/210 210/210/210 136/136/136 
f 136/136/136 210/210/210 135/135/135 
f 210/210/210 211/211/211 135/135/135 
f 135/135/135 211/211/211 134/134/134 
f 211/211/211 134/134/134 134/134/134 
f 134/134/134 134/134/134 211/211/211 
f 134/134/134 211/211/211 211/211/211 
f 211/211/211 211/211/211 212/212/212 
f 211/211/211 210/210/210 212/212/212 
f 212/212/212 210/210/210 212/212/212 
f 210/210/210 209/209/209 212/212/212 
f 212/212/212 209/209/209 213/213/213 
f 209/209/209 208/208/208 213/213/213 
f 213/213/213 208/208/208 214/214/214 
f 208/208/208 207/207/207 214/214/214 
f 214/214/214 207/207/207 214/214/214 
f 207/207/207 206/206/206 214/214/214 
f 214/214/214 206/206/206 215/215/215 
f 206/206/206 205/205/205 215/215/215 
f 215/215/215 205/205/205 216/216/216 
f 205/205/205 204/204/204 216/216/216 
f 216/216/216 204/204/204 216/216/216 
f 204/204/204 203/203/203 216/216/216 
f 216/216/216 203/203/203 217/217/217 
f 203/203/203 202/202/202 217/217/217 
f 217/217/217 202/202/202 202/202/202 
f 202/202/202 217/217/217 202/202/202 
f 202/202/202 217/217/217 217/217/217 
f 217/217/217 218/218/218 217/217/217 
f 217/217/217 218/218/218 216/216/216 
f 218/218/218 218/218/218 216/216/216 
f 216/216/216 218/218/218 215/215/215 
f 218/218/218 219/219/219 215/215/215 
f 215/215/215 219/219/219 214/214/214 
f 219/219/219 219/219/219 214/214/214 
f 214/214/214 219/219/219 213/213/213 
f 219/219/219 220/220/220 213/213/213 
f 213/213/213 220/220/220 212/212/212 
f 220/220/220 221/221/221 212/212/212 
f 212/212/212 221/221/221 211/211/211 
f 221/221/221 222/222/222 211/211/211 
f 211/211/211 222/222/222 134/134/134 
f 222/222/222 222/222/222 134/134/134 
f 134/134/134 222/222/222 133/133/133 
f 222/222/222 223/223/223 133/133/133 
f 133/133/133 223/223/223 132/132/132 
f 223/223/223 223/223/223 132/132/132 
f 132/132/132 223/223/223 131/131/131 
f 223/223/223 224/224/224 131/131/131 
f 131/131/131 224/224/224 130/130/130 
f 224/224/224 130/130/130 130/130/130 
f 130/130/130 130/130/130 224/224/224 
f 130/130/130 224/224/224 224/224/224 
f 224/224/224 224/224/224 225/225/225 
f 224/224/224 223/223/223 225/225/225 
f 225/225/225 223/223/223 225/225/225 
f 223/223/223 222/222/222 225/225/225 
f 225/225/225 222/222/222 225/225/225 
f 222/222/222 221/221/221 225/225/225 
f 225/225/225 221/221/221 226/226/226 
f 221/221/221 220/220/220 226/226/226 
f 226/226/226 220/220/220 227/227/227 
f 220/220/220 219/219/219 227/227/227 
f 227/227/227 219/219/219 227/227/227 
f 219/219/219 218/218/218 227/227/227 
f 227/227/227 218/218/218 228/228/228 
f 218/218/218 217/217/217 228/228/228 
f 228/228/228 217/217/217 229/229/229 
f 217/217/217 202/202/202 229/229/229 
f 229/229/229 202/202/202 229/229/229 
f 202/202/202 200/200/200 229/229/229 
f 229/229/229 200/200/200 230/230/230 
f 200/200/200 201/201/201 230/230/230 
f 230/230/230 201/201/201 230/230/230 
f 201/201/201 231/231/231 230/230/230 
f 230/230/230 231/231/231 232/232/232 
f 231/231/231 233/233/233 232/232/232 
f 232/232/232 233/233/233 233/233/233 
f 233/233/233 232/232/232 233/233/233 
f 233/233/233 232/232/232 232/232/232 
f 232/232/232 234/234/234 232/232/232 
f 232/232/232 234/234/234 230/230/230 
f 234/234/234 234/234/234 230/230/230 
f 230/230/230 234/234/234 229/229/229 
f 234/234/234 234/234/234 229/229/229 
f 229/229/229 234/234/234 228/228/228 
f 234/234/234 235/235/235 228/228/228 
f 228/228/228 235/235/235 227/227/227 
f 235/235/235 235/235/235 227/227/227 
f 227/227/227 235/235/235 226/226/226 
f 235/235/235 236/236/236 226/226/226 
f 226/226/226 236/236/236 225/225/225 
f 236/236/236 236/236/236 225/225/225 
f 225/225/225 236/236/236 224/224/224 
f 236/236/236 237/237/237 224/224/224 
f 224/224/224 237/237/237 130/130/130 
f 237/237/237 237/237/237 130/130/130 
f 130/130/130 237/237/237 128/128/128 
f 237/237/237 238/238/238 128/128/128 
f 128/128/128 238/238/238 129/129/129 
f 238/238/238 238/238/238 129/129/129 
f 129/129/129 238/238/238 233/233/233 
f 238/238/238 238/238/238 233/233/233 
f 233/233/233 238/238/238 232/232/232 
f 238/238/238 239/239/239 232/232/232 
f 232/232/232 239/239/239 234/234/234 
f 239/239/239 239/239/239 234/234/234 
f 234/234/234 239/239/239 235/235/235 
f 239/239/239 239/239/239 235/235/235 
f 235/235/235 239/239/239 236/236/236 
f 239/239/239 239/239/239 236/236/236 
f 236/236/236 239/239/239 237/237/237 
f 239/239/239 238/238/238 237/237/237 
f 237/237/237 238/238/238 238/238/238 
f 238/238/238 240/240/240 238/238/238 
f 238/238/238 240/240/240 240/240/240 
f 240/240/240 241/241/241 240/240/240 
f 240/240/240 241/241/241 242/242/242 
f 241/241/241 241/241/241 242/242/242 
f 242/242/242 241/241/241 243/243/243 
f 241/241/241 244/244/244 243/243/243 
f 243/243/243 244/244/244 245/245/245 
f 244/244/244 246/246/246 245/245/245 
f 245/245/245 246/246/246 247/247/247 
f 246/246/246 248/248/248 247/247/247 
f 247/247/247 248/248/248 249/249/249 
f 248/248/248 250/250/250 249/249/249 
f 249/249/249 250/250/250 251/251/251 
f 250/250/250 252/252/252 251/251/251 
f 251/251/251 252/252/252 253/253/253 
f 252/252/252 254/254/254 253/253/253 
f 253/253/253 254/254/254 255/255/255 
f 254/254/254 256/256/256 255/255/255 
f 255/255/255 256/256/256 257/257/257 
f 256/256/256 258/258/258 257/257/257 
f 257/257/257 258/258/258 259/259/259 
f 258/258/258 260/260/260 259/259/259 
f 259/259/259 260/260/260 261/261/261 
f 260/260/260 262/262/262 261/261/261 
f 261/261/261 262/262/262 263/263/263 
f 262/262/262 264/264/264 263/263/263 
f 263/263/263 264/264/264 265/265/265 
f 264/264/264 266/266/266 265/265/265 
f 265/265/265 266/266/266 267/267/267 
f 266/266/266 268/268/268 267/267/267 
f 267/267/267 268/268/268 269/269/269 
f 268/268/268 270/270/270 269/269/269 
f 269/269/269 270/270/270 271/271/271 
f 270/270/270 272/272/272 271/271/271 
f 271/271/271 272/272/272 273/273/273 
f 272/272/272 274/274/274 273/273/273 
f 273/273/273 274/274/274 275/275/275 
f 274/274/274 276/276/276 275/275/275 
f 275/275/275 276/276/276 277/277/277 
f 276/276/276 278/278/278 277/277/277 
f 277/277/277 278/278/278 279/279/279 
f 278/278/278 280/280/280 279/279/279 
f 279/279/279 280/280/280 281/281/281 
f 280/280/280 282/282/282 281/281/281 
f 281/281/281 282/282/282 283/283/283 
f 282/282/282 284/284/284 283/283/283 
f 283/283/283 284/284/284 285/285/285 
f 284/284/284 286/286/286 285/285/285 
f 285/285/285 286/286/286 287/287/287 
f 286/286/286 288/288/288 287/287/287 
f 287/287/287 288/288/288 289/289/289 
f 288/288/288 290/290/290 289/289/289 
f 289/289/289 290/290/290 290/290/290 
f 290/290/290 242/242/242 290/290/290 
f 290/290/290 242/242/242 242/242/242 
f 242/242/242 291/291/291 242/242/242 
f 242/242/242 291/291/291 240/240/240 
f 291/291/291 291/291/291 240/240/240 
f 240/240/240 291/291/291 292/292/292 
f 291/291/291 293/293/293 292/292/292 
f 292/292/292 293/293/293 294/294/294 
f 293/293/293 295/295/295 294/294/294 
f 294/294/294 295/295/295 296/296/296 
f 295/295/295 297/297/297 296/296/296 
f 296/296/296 297/297/297 298/298/298 
f 297/297/297 299/299/299 298/298/298 
f 298/298/298 299/299/299 300/300/300 
f 299/299/299 301/301/301 300/300/300 
f 300/300/300 301/301/301 302/302/302 
f 301/301/301 303/303/303 302/302/302 
f 302/302/302 303/303/303 304/304/304 
f 303/303/303 305/305/305 304/304/304 
f 304/304/304 305/305/305 305/305/305 
f 305/305/305 306/306/306 305/305/305 
f 305/305/305 306/306/306 306/306/306 
f 306/306/306 307/307/307 306/306/306 
f 306/306/306 307/307/307 308/308/308 
f 307/307/307 309/309/309 308/308/308 
f 308/308/308 309/309/309 308/308/308 
f 309/309/309 310/310/310 308/308/308 
f 308/308/308 310/310/310 308/308/308 
f 310/310/310 311/311/311 308/308/308 
f 308/308/308 311/311/311 308/308/308 
f 311/311/311 312/312/312 308/308/308 
f 308/308/308 312/312/312 306/306/306 
f 312/312/312 313/313/313 306/306/306 
f 306/306/306 313/313/313 306/306/306 
f 313/313/313 314/314/314 306/306/306 
f 306/306/306 314/314/314 307/307/307 
f 314/314/314 315/315/315 307/307/307 
f 307/307/307 315/315/315 307/307/307 
f 315/315/315 316/316/316 307/307/307 
f 307/307/307 316/316/316 309/309/309 
f 316/316/316 317/317/317 309/309/309 
f 309/309/309 317/317/317 309/309/309 
f 317/317/317 318/318/318 309/309/309 
f 309/309/309 318/318/318 310/310/310 
f 318/318/318 319/319/319 310/310/310 
f 310/310/310 319/319/319 310/310/310 
f 319/319/319 320/320/320 310/310/310 
f 310/310/310 320/320/320 311/311/311 
f 320/320/320 321/321/321 311/311/311 
f 311/311/311 321/321/321 322/322/322 
f 321/321/321 323/323/323 322/322/322 
f 322/322/322 323/323/323 322/322/322 
f 323/323/323 324/324/324 322/322/322 
f 322/322/322 324/324/324 322/322/322 
f 324/324/324 325/325/325 322/322/322 
f 322/322/322 325/325/325 312/312/312 
f 325/325/325 313/313/313 312/312/312 
f 312/312/312 313/313/313 313/313/313 
f 313/313/313 311/311/311 313/313/313 
f 313/313/313 311/311/311 311/311/311 
f 311/311/311 322/322/322 311/311/311 
f 311/311/311 322/322/322 312/312/312 
f 322/322/322 312/312/312 312/312/312 
f 312/312/312 312/312/312 323/323/323 
f 312/312/312 323/323/323 323/323/323 
f 323/323/323 323/323/323 326/326/326 
f 323/323/323 321/321/321 326/326/326 
f 326/326/326 321/321/321 327/327/327 
f 321/321/321 320/320/320 327/327/327 
f 327/327/327 320/320/320 328/328/328 
f 320/320/320 319/319/319 328/328/328 
f 328/328/328 319/319/319 329/329/329 
f 319/319/319 319/319/319 329/329/329 
f 329/329/329 319/319/319 330/330/330 
f 319/319/319 318/318/318 330/330/330 
f 330/330/330 318/318/318 331/331/331 
f 318/318/318 317/317/317 331/331/331 
f 331/331/331 317/317/317 332/332/332 
f 317/317/317 333/333/333 332/332/332 
f 332/332/332 333/333/333 334/334/334 
f 333/333/333 333/333/333 334/334/334 
f 334/334/334 333/333/333 335/335/335 
f 333/333/333 333/333/333 335/335/335 
f 335/335/335 333/333/333 336/336/336 
f 333/333/333 316/316/316 336/336/336 
f 336/336/336 316/316/316 315/315/315 
f 316/316/316 315/315/315 315/315/315 
f 315/315/315 315/315/315 333/333/333 
f 315/315/315 333/333/333 333/333/333 
f 333/333/333 333/333/333 316/316/316 
f 333/333/333 317/317/317 316/316/316 
f 316/316/316 317/317/317 317/317/317 
f 317/317/317 334/334/334 317/317/317 
f 317/317/317 334/334/334 334/334/334 
f 334/334/334 337/337/337 334/334/334 
f 334/334/334 337/337/337 332/332/332 
f 337/337/337 338/338/338 332/332/332 
f 332/332/332 338/338/338 331/331/331 
f 338/338/338 339/339/339 331/331/331 
f 331/331/331 339/339/339 330/330/330 
f 339/339/339 330/330/330 330/330/330 
f 330/330/330 330/330/330 337/337/337 
f 330/330/330 337/337/337 337/337/337 
f 337/337/337 337/337/337 338/338/338 
f 337/337/337 340/340/340 338/338/338 
f 338/338/338 340/340/340 341/341/341 
f 340/340/340 342/342/342 341/341/341 
f 341/341/341 342/342/342 343/343/343 
f 342/342/342 344/344/344 343/343/343 
f 343/343/343 344/344/344 344/344/344 
f 344/344/344 338/338/338 344/344/344 
f 344/344/344 338/338/338 338/338/338 
f 338/338/338 341/341/341 338/338/338 
f 338/338/338 341/341/341 339/339/339 
f 341/341/341 345/345/345 339/339/339 
f 339/339/339 345/345/345 346/346/346 
f 345/345/345 347/347/347 346/346/346 
f 346/346/346 347/347/347 346/346/346 
f 347/347/347 348/348/348 346/346/346 
f 346/346/346 348/348/348 346/346/346 
f 348/348/348 329/329/329 346/346/346 
f 346/346/346 329/329/329 346/346/346 
f 329/329/329 330/330/330 346/346/346 
f 346/346/346 330/330/330 339/339/339 
f 330/330/330 339/339/339 339/339/339 
f 339/339/339 339/339/339 341/341/341 
f 339/339/339 341/341/341 341/341/341 
f 341/341/341 341/341/341 345/345/345 
f 341/341/341 343/343/343 345/345/345 
f 345/345/345 343/343/343 349/349/349 
f 343/343/343 343/343/343 349/349/349 
f 349/349/349 343/343/343 350/350/350 
f 343/343/343 344/344/344 350/350/350 
f 350/350/350 344/344/344 351/351/351 
f 344/344/344 352/352/352 351/351/351 
f 351/351/351 352/352/352 353/353/353 
f 352/352/352 354/354/354 353/353/353 
f 353/353/353 354/354/354 355/355/355 
f 354/354/354 356/356/356 355/355/355 
f 355/355/355 356/356/356 357/357/357 
f 356/356/356 358/358/358 357/357/357 
f 357/357/357 358/358/358 359/359/359 
f 358/358/358 360/360/360 359/359/359 
f 359/359/359 360/360/360 361/361/361 
f 360/360/360 362/362/362 361/361/361 
f 361/361/361 362/362/362 363/363/363 
f 362/362/362 364/364/364 363/363/363 
f 363/363/363 364/364/364 365/365/365 
f 364/364/364 366/366/366 365/365/365 
f 365/365/365 366/366/366 365/365/365 
f 366/366/366 367/367/367 365/365/365 
f 365/365/365 367/367/367 368/368/368 
f 367/367/367 369/369/369 368/368/368 
f 368/368/368 369/369/369 369/369/369 
f 369/369/369 349/349/349 369/369/369 
f 369/369/369 349/349/349 349/349/349 
f 349/349/349 347/347/347 349/349/349 
f 349/349/349 347/347/347 345/345/345 
f 347/347/347 345/345/345 345/345/345 
f 345/345/345 345/345/345 368/368/368 
f 345/345/345 368/368/368 368/368/368 
f 368/368/368 368/368/368 365/365/365 
f 368/368/368 370/370/370 365/365/365 
f 365/365/365 370/370/370 363/363/363 
f 370/370/370 371/371/371 363/363/363 
f 363/363/363 371/371/371 361/361/361 
f 371/371/371 372/372/372 361/361/361 
f 361/361/361 372/372/372 359/359/359 
f 372/372/372 373/373/373 359/359/359 
f 359/359/359 373/373/373 357/357/357 
f 373/373/373 374/374/374 357/357/357 
f 357/357/357 374/374/374 355/355/355 
f 374/374/374 375/375/375 355/355/355 
f 355/355/355 375/375/375 353/353/353 
f 375/375/375 376/376/376 353/353/353 
f 353/353/353 376/376/376 351/351/351 
f 376/376/376 377/377/377 351/351/351 
f 351/351/351 377/377/377 350/350/350 
f 377/377/377 378/378/378 350/350/350 
f 350/350/350 378/378/378 349/349/349 
f 378/378/378 379/379/379 349/349/349 
f 349/349/349 379/379/379 347/347/347 
f 379/379/379 380/380/380 347/347/347 
f 347/347/347 380/380/380 348/348/348 
f 380/380/380 348/348/348 348/348/348 
f 348/348/348 348/348/348 380/380/380 
f 348/348/348 380/380/380 380/380/380 
f 380/380/380 380/380/380 381/381/381 
f 380/380/380 379/379/379 381/381/381 
f 381/381/381 379/379/379 382/382/382 
f 379/379/379 378/378/378 382/382/382 
f 382/382/382 378/378/378 383/383/383 
f 378/378/378 377/377/377 383/383/383 
f 383/383/383 377/377/377 384/384/384 
f 377/377/377 376/376/376 384/384/384 
f 384/384/384 376/376/376 385/385/385 
f 376/376/376 375/375/375 385/385/385 
f 385/385/385 375/375/375 386/386/386 
f 375/375/375 374/374/374 386/386/386 
f 386/386/386 374/374/374 387/387/387 
f 374/374/374 373/373/373 387/387/387 
f 387/387/387 373/373/373 388/388/388 
f 373/373/373 372/372/372 388/388/388 
f 388/388/388 372/372/372 389/389/389 
f 372/372/372 371/371/371 389/389/389 
f 389/389/389 371/371/371 390/390/390 
f 371/371/371 370/370/370 390/390/390 
f 390/390/390 370/370/370 391/391/391 
f 370/370/370 368/368/368 391/391/391 
f 391/391/391 368/368/368 392/392/392 
f 368/368/368 369/369/369 392/392/392 
f 392/392/392 369/369/369 392/392/392 
f 369/369/369 393/393/393 392/392/392 
f 392/392/392 393/393/393 394/394/394 
f 393/393/393 395/395/395 394/394/394 
f 394/394/394 395/395/395 395/395/395 
f 395/395/395 394/394/394 395/395/395 
f 395/395/395 394/394/394 394/394/394 
f 394/394/394 396/396/396 394/394/394 
f 394/394/394 396/396/396 392/392/392 
f 396/396/396 396/396/396 392/392/392 
f 392/392/392 396/396/396 391/391/391 
f 396/396/396 397/397/397 391/391/391 
f 391/391/391 397/397/397 390/390/390 
f 397/397/397 398/398/398 390/390/390 
f 390/390/390 398/398/398 389/389/389 
f 398/398/398 399/399/399 389/389/389 
f 389/389/389 399/399/399 388/388/388 
f 399/399/399 400/400/400 388/388/388 
f 388/388/388 400/400/400 387/387/387 
f 400/400/400 401/401/401 387/387/387 
f 387/387/387 401/401/401 386/386/386 
f 401/401/401 402/402/402 386/386/386 
f 386/386/386 402/402/402 385/385/385 
f 402/402/402 403/403/403 385/385/385 
f 385/385/385 403/403/403 384/384/384 
f 403/403/403 404/404/404 384/384/384 
f 384/384/384 404/404/404 383/383/383 
f 404/404/404 405/405/405 383/383/383 
f 383/383/383 405/405/405 382/382/382 
f 405/405/405 406/406/406 382/382/382 
f 382/382/382 406/406/406 381/381/381 
f 406/406/406 406/406/406 381/381/381 
f 381/381/381 406/406/406 407/407/407 
f 406/406/406 405/405/405 407/407/407 
f 407/407/407 405/405/405 408/408/408 
f 405/405/405 404/404/404 408/408/408 
f 408/408/408 404/404/404 409/409/409 
f 404/404/404 403/403/403 409/409/409 
f 409/409/409 403/403/403 410/410/410 
f 403/403/403 402/402/402 410/410/410 
f 410/410/410 402/402/402 411/411/411 
f 402/402/402 401/401/401 411/411/411 
f 411/411/411 401/401/401 412/412/412 
f 401/401/401 400/400/400 412/412/412 
f 412/412/412 400/400/400 413/413/413 
f 400/400/400 399/399/399 413/413/413 
f 413/413/413 399/399/399 414/414/414 
f 399/399/399 398/398/398 414/414/414 
f 414/414/414 398/398/398 414/414/414 
f 398/398/398 397/397/397 414/414/414 
f 414/414/414 397/397/397 415/415/415 
f 397/397/397 396/396/396 415/415/415 
f 415/415/415 396/396/396 416/416/416 
f 396/396/396 394/394/394 416/416/416 
f 416/416/416 394/394/394 417/417/417 
f 394/394/394 395/395/395 417/417/417 
f 417/417/417 395/395/395 417/417/417 
f 395/395/395 418/418/418 417/417/417 
f 417/417/417 418/418/418 419/419/419 
f 418/418/418 420/420/420 419/419/419 
f 419/419/419 420/420/420 420/420/420 
f 420/420/420 419/419/419 420/420/420 
f 420/420/420 419/419/419 419/419/419 
f 419/419/419 421/421/421 419/419/419 
f 419/419/419 421/421/421 417/417/417 
f 421/421/421 421/421/421 417/417/417 
f 417/417/417 421/421/421 416/416/416 
f 421/421/421 422/422/422 416/416/416 
f 416/416/416 422/422/422 415/415/415 
f 422/422/422 423/423/423 415/415/415 
f 415/415/415 423/423/423 414/414/414 
f 423/423/423 423/423/423 414/414/414 
f 414/414/414 423/423/423 413/413/413 
f 423/423/423 424/424/424 413/413/413 
f 413/413/413 424/424/424 412/412/412 
f 424/424/424 425/425/425 412/412/412 
f 412/412/412 425/425/425 411/411/411 
f 425/425/425 426/426/426 411/411/411 
f 411/411/411 426/426/426 410/410/410 
f 426/426/426 427/427/427 410/410/410 
f 410/410/410 427/427/427 409/409/409 
f 427/427/427 428/428/428 409/409/409 
f 409/409/409 428/428/428 408/408/408 
f 428/428/428 429/429/429 408/408/408 
f 408/408/408 429/429/429 407/407/407 
f 429/429/429 430/430/430 407/407/407 
f 407/407/407 430/430/430 381/381/381 
f 430/430/430 430/430/430 381/381/381 
f 381/381/381 430/430/430 380/380/380 
f 430/430/430 431/431/431 380/380/380 
f 380/380/380 431/431/431 348/348/348 
f 431/431/431 348/348/348 348/348/348 
f 348/348/348 348/348/348 431/431/431 
f 348/348/348 431/431/431 431/431/431 
f 431/431/431 431/431/431 432/432/432 
f 431/431/431 430/430/430 432/432/432 
f 432/432/432 430/430/430 432/432/432 
f 430/430/430 429/429/429 432/432/432 
f 432/432/432 429/429/429 433/433/433 
f 429/429/429 428/428/428 433/433/433 
f 433/433/433 428/428/428 434/434/434 
f 428/428/428 427/427/427 434/434/434 
f 434/434/434 427/427/427 435/435/435 
f 427/427/427 426/426/426 435/435/435 
f 435/435/435 426/426/426 436/436/436 
f 426/426/426 425/425/425 436/436/436 
f 436/436/436 425/425/425 437/437/437 
f 425/425/425 424/424/424 437/437/437 
f 437/437/437 424/424/424 438/438/438 
f 424/424/424 423/423/423 438/438/438 
f 438/438/438 423/423/423 438/438/438 
f 423/423/423 422/422/422 438/438/438 
f 438/438/438 422/422/422 439/439/439 
f 422/422/422 421/421/421 439/439/439 
f 439/439/439 421/421/421 440/440/440 
f 421/421/421 419/419/419 440/440/440 
f 440/440/440 419/419/419 441/441/441 
f 419/419/419 420/420/420 441/441/441 
f 441/441/441 420/420/420 441/441/441 
f 420/420/420 442/442/442 441/441/441 
f 441/441/441 442/442/442 443/443/443 
f 442/442/442 444/444/444 443/443/443 
f 443/443/443 444/444/444 444/444/444 
f 444/444/444 443/443/443 444/444/444 
f 444/444/444 443/443/443 443/443/443 
f 443/443/443 445/445/445 443/443/443 
f 443/443/443 445/445/445 441/441/441 
f 445/445/445 445/445/445 441/441/441 
f 441/441/441 445/445/445 440/440/440 
f 445/445/445 446/446/446 440/440/440 
f 440/440/440 446/446/446 439/439/439 
f 446/446/446 447/447/447 439/439/439 
f 439/439/439 447/447/447 438/438/438 
f 447/447/447 447/447/447 438/438/438 
f 438/438/438 447/447/447 437/437/437 
f 447/447/447 448/448/448 437/437/437 
f 437/437/437 448/448/448 436/436/436 
f 448/448/448 449/449/449 436/436/436 
f 436/436/436 449/449/449 435/435/435 
f 449/449/449 450/450/450 435/435/435 
f 435/435/435 450/450/450 434/434/434 
f 450/450/450 451/451/451 434/434/434 
f 434/434/434 451/451/451 433/433/433 
f 451/451/451 452/452/452 433/433/433 
f 433/433/433 452/452/452 432/432/432 
f 452/452/452 453/453/453 432/432/432 
f 432/432/432 453/453/453 431/431/431 
f 453/453/453 454/454/454 431/431/431 
f 431/431/431 454/454/454 348/348/348 
f 454/454/454 454/454/454 348/348/348 
f 348/348/348 454/454/454 329/329/329 
f 454/454/454 454/454/454 329/329/329 
f 329/329/329 454/454/454 328/328/328 
f 454/454/454 455/455/455 328/328/328 
f 328/328/328 455/455/455 327/327/327 
f 455/455/455 327/327/327 327/327/327 
f 327/327/327 327/327/327 454/454/454 
f 327/327/327 454/454/454 454/454/454 
f 454/454/454 454/454/454 455/455/455 
f 454/454/454 453/453/453 455/455/455 
f 455/455/455 453/453/453 456/456/456 
f 453/453/453 452/452/452 456/456/456 
f 456/456/456 452/452/452 457/457/457 
f 452/452/452 451/451/451 457/457/457 
f 457/457/457 451/451/451 458/458/458 
f 451/451/451 450/450/450 458/458/458 
f 458/458/458 450/450/450 459/459/459 
f 450/450/450 449/449/449 459/459/459 
f 459/459/459 449/449/449 460/460/460 
f 449/449/449 448/448/448 460/460/460 
f 460/460/460 448/448/448 461/461/461 
f 448/448/448 447/447/447 461/461/461 
f 461/461/461 447/447/447 461/461/461 
f 447/447/447 446/446/446 461/461/461 
f 461/461/461 446/446/446 462/462/462 
f 446/446/446 445/445/445 462/462/462 
f 462/462/462 445/445/445 463/463/463 
f 445/445/445 443/443/443 463/463/463 
f 463/463/463 443/443/443 464/464/464 
f 443/443/443 444/444/444 464/464/464 
f 464/464/464 444/444/444 465/465/465 
f 444/444/444 466/466/466 465/465/465 
f 465/465/465 466/466/466 467/467/467 
f 466/466/466 468/468/468 467/467/467 
f 467/467/467 468/468/468 469/469/469 
f 468/468/468 470/470/470 469/469/469 
f 469/469/469 470/470/470 471/471/471 
f 470/470/470 472/472/472 471/471/471 
f 471/471/471 472/472/472 473/473/473 
f 472/472/472 474/474/474 473/473/473 
f 473/473/473 474/474/474 475/475/475 
f 474/474/474 476/476/476 475/475/475 
f 475/475/475 476/476/476 477/477/477 
f 476/476/476 478/478/478 477/477/477 
f 477/477/477 478/478/478 479/479/479 
f 478/478/478 480/480/480 479/479/479 
f 479/479/479 480/480/480 479/479/479 
f 480/480/480 481/481/481 479/479/479 
f 479/479/479 481/481/481 482/482/482 
f 481/481/481 483/483/483 482/482/482 
f 482/482/482 483/483/483 336/336/336 
f 483/483/483 335/335/335 336/336/336 
f 336/336/336 335/335/335 335/335/335 
f 335/335/335 336/336/336 335/335/335 
f 335/335/335 336/336/336 336/336/336 
f 336/336/336 315/315/315 336/336/336 
f 336/336/336 315/315/315 482/482/482 
f 315/315/315 484/484/484 482/482/482 
f 482/482/482 484/484/484 479/479/479 
f 484/484/484 484/484/484 479/479/479 
f 479/479/479 484/484/484 477/477/477 
f 484/484/484 485/485/485 477/477/477 
f 477/477/477 485/485/485 475/475/475 
f 485/485/485 486/486/486 475/475/475 
f 475/475/475 486/486/486 473/473/473 
f 486/486/486 487/487/487 473/473/473 
f 473/473/473 487/487/487 471/471/471 
f 487/487/487 488/488/488 471/471/471 
f 471/471/471 488/488/488 469/469/469 
f 488/488/488 469/469/469 469/469/469 
f 469/469/469 469/469/469 315/315/315 
f 469/469/469 315/315/315 315/315/315 
f 315/315/315 315/315/315 484/484/484 
f 315/315/315 314/314/314 484/484/484 
f 484/484/484 314/314/314 485/485/485 
f 314/314/314 313/313/313 485/485/485 
f 485/485/485 313/313/313 486/486/486 
f 313/313/313 325/325/325 486/486/486 
f 486/486/486 325/325/325 487/487/487 
f 325/325/325 324/324/324 487/487/487 
f 487/487/487 324/324/324 488/488/488 
f 324/324/324 324/324/324 488/488/488 
f 488/488/488 324/324/324 489/489/489 
f 324/324/324 323/323/323 489/489/489 
f 489/489/489 323/323/323 490/490/490 
f 323/323/323 326/326/326 490/490/490 
f 490/490/490 326/326/326 491/491/491 
f 326/326/326 492/492/492 491/491/491 
f 491/491/491 492/492/492 493/493/493 
f 492/492/492 456/456/456 493/493/493 
f 493/493/493 456/456/456 493/493/493 
f 456/456/456 457/457/457 493/493/493 
f 493/493/493 457/457/457 494/494/494 
f 457/457/457 458/458/458 494/494/494 
f 494/494/494 458/458/458 495/495/495 
f 458/458/458 459/459/459 495/495/495 
f 495/495/495 459/459/459 496/496/496 
f 459/459/459 460/460/460 496/496/496 
f 496/496/496 460/460/460 497/497/497 
f 460/460/460 461/461/461 497/497/497 
f 497/497/497 461/461/461 497/497/497 
f 461/461/461 462/462/462 497/497/497 
f 497/497/497 462/462/462 498/498/498 
f 462/462/462 463/463/463 498/498/498 
f 498/498/498 463/463/463 499/499/499 
f 463/463/463 464/464/464 499/499/499 
f 499/499/499 464/464/464 500/500/500 
f 464/464/464 465/465/465 500/500/500 
f 500/500/500 465/465/465 501/501/501 
f 465/465/465 467/467/467 501/501/501 
f 501/501/501 467/467/467 502/502/502 
f 467/467/467 469/469/469 502/502/502 
f 502/502/502 469/469/469 502/502/502 
f 469/469/469 488/488/488 502/502/502 
f 502/502/502 488/488/488 502/502/502 
f 488/488/488 489/489/489 502/502/502 
f 502/502/502 489/489/489 503/503/503 
f 489/489/489 490/490/490 503/503/503 
f 503/503/503 490/490/490 490/490/490 
f 490/490/490 326/326/326 490/490/490 
f 490/490/490 326/326/326 326/326/326 
f 326/326/326 327/327/327 326/326/326 
f 326/326/326 327/327/327 492/492/492 
f 327/327/327 455/455/455 492/492/492 
f 492/492/492 455/455/455 456/456/456 
f 455/455/455 456/456/456 456/456/456 
f 456/456/456 456/456/456 502/502/502 
f 456/456/456 502/502/502 502/502/502 
f 502/502/502 502/502/502 501/501/501 
f 502/502/502 503/503/503 501/501/501 
f 501/501/501 503/503/503 504/504/504 
f 503/503/503 503/503/503 504/504/504 
f 504/504/504 503/503/503 505/505/505 
f 503/503/503 490/490/490 505/505/505 
f 505/505/505 490/490/490 505/505/505 
f 490/490/490 491/491/491 505/505/505 
f 505/505/505 491/491/491 506/506/506 
f 491/491/491 493/493/493 506/506/506 
f 506/506/506 493/493/493 506/506/506 
f 493/493/493 494/494/494 506/506/506 
f 506/506/506 494/494/494 507/507/507 
f 494/494/494 495/495/495 507/507/507 
f 507/507/507 495/495/495 508/508/508 
f 495/495/495 496/496/496 508/508/508 
f 508/508/508 496/496/496 509/509/509 
f 496/496/496 497/497/497 509/509/509 
f 509/509/509 497/497/497 509/509/509 
f 497/497/497 498/498/498 509/509/509 
f 509/509/509 498/498/498 510/510/510 
f 498/498/498 499/499/499 510/510/510 
f 510/510/510 499/499/499 511/511/511 
f 499/499/499 500/500/500 511/511/511 
f 511/511/511 500/500/500 504/504/504 
f 500/500/500 501/501/501 504/504/504 
f 504/504/504 501/501/501 501/501/501 
f 501/501/501 511/511/511 501/501/501 
f 501/501/501 511/511/511 511/511/511 
f 511/511/511 504/504/504 511/511/511 
f 511/511/511 504/504/504 512/512/512 
f 504/504/504 505/505/505 512/512/512 
f 512/512/512 505/505/505 512/512/512 
f 505/505/505 506/506/506 512/512/512 
f 512/512/512 506/506/506 512/512/512 
f 506/506/506 507/507/507 512/512/512 
f 512/512/512 507/507/507 513/513/513 
f 507/507/507 508/508/508 513/513/513 
f 513/513/513 508/508/508 514/514/514 
f 508/508/508 509/509/509 514/514/514 
f 514/514/514 509/509/509 514/514/514 
f 509/509/509 510/510/510 514/514/514 
f 514/514/514 510/510/510 513/513/513 
f 510/510/510 511/511/511 513/513/513 
f 513/513/513 511/511/511 512/512/512 
f 511/511/511 512/512/512 512/512/512 
f 512/512/512 512/512/512 515/515/515 
f 512/512/512 515/515/515 515/515/515 
f 515/515/515 515/515/515 516/516/516 
f 515/515/515 517/517/517 516/516/516 
f 516/516/516 517/517/517 516/516/516 
f 517/517/517 518/518/518 516/516/516 
f 516/516/516 518/518/518 519/519/519 
f 518/518/518 520/520/520 519/519/519 
f 519/519/519 520/520/520 521/521/521 
f 520/520/520 522/522/522 521/521/521 
f 521/521/521 522/522/522 523/523/523 
f 522/522/522 524/524/524 523/523/523 
f 523/523/523 524/524/524 525/525/525 
f 524/524/524 526/526/526 525/525/525 
f 525/525/525 526/526/526 527/527/527 
f 526/526/526 528/528/528 527/527/527 
f 527/527/527 528/528/528 529/529/529 
f 528/528/528 530/530/530 529/529/529 
f 529/529/529 530/530/530 531/531/531 
f 530/530/530 531/531/531 531/531/531 
f 531/531/531 531/531/531 517/517/517 
f 531/531/531 517/517/517 517/517/517 
f 517/517/517 517/517/517 532/532/532 
f 517/517/517 515/515/515 532/532/532 
f 532/532/532 515/515/515 532/532/532 
f 515/515/515 533/533/533 532/532/532 
f 532/532/532 533/533/533 534/534/534 
f 533/533/533 535/535/535 534/534/534 
f 534/534/534 535/535/535 536/536/536 
f 535/535/535 537/537/537 536/536/536 
f 536/536/536 537/537/537 538/538/538 
f 537/537/537 539/539/539 538/538/538 
f 538/538/538 539/539/539 540/540/540 
f 539/539/539 541/541/541 540/540/540 
f 540/540/540 541/541/541 542/542/542 
f 541/541/541 543/543/543 542/542/542 
f 542/542/542 543/543/543 544/544/544 
f 543/543/543 545/545/545 544/544/544 
f 544/544/544 545/545/545 546/546/546 
f 545/545/545 547/547/547 546/546/546 
f 546/546/546 547/547/547 548/548/548 
f 547/547/547 549/549/549 548/548/548 
f 548/548/548 549/549/549 550/550/550 
f 549/549/549 551/551/551 550/550/550 
f 550/550/550 551/551/551 552/552/552 
f 551/551/551 553/553/553 552/552/552 
f 552/552/552 553/553/553 554/554/554 
f 553/553/553 555/555/555 554/554/554 
f 554/554/554 555/555/555 556/556/556 
f 555/555/555 557/557/557 556/556/556 
f 556/556/556 557/557/557 558/558/558 
f 557/557/557 559/559/559 558/558/558 
f 558/558/558 559/559/559 560/560/560 
f 559/559/559 561/561/561 560/560/560 
f 560/560/560 561/561/561 562/562/562 
f 561/561/561 563/563/563 562/562/562 
f 562/562/562 563/563/563 564/564/564 
f 563/563/563 565/565/565 564/564/564 
f 564/564/564 565/565/565 566/566/566 
f 565/565/565 567/567/567 566/566/566 
f 566/566/566 567/567/567 568/568/568 
f 567/567/567 569/569/569 568/568/568 
f 568/568/568 569/569/569 570/570/570 
f 569/569/569 571/571/571 570/570/570 
f 570/570/570 571/571/571 572/572/572 
f 571/571/571 573/573/573 572/572/572 
f 572/572/572 573/573/573 574/574/574 
f 573/573/573 575/575/575 574/574/574 
f 574/574/574 575/575/575 576/576/576 
f 575/575/575 577/577/577 576/576/576 
f 576/576/576 577/577/577 578/578/578 
f 577/577/577 579/579/579 578/578/578 
f 578/578/578 579/579/579 580/580/580 
f 579/579/579 580/580/580 580/580/580 
f 580/580/580 580/580/580 581/581/581 
f 580/580/580 581/581/581 581/581/581 
f 581/581/581 581/581/581 582/582/582 
f 581/581/581 583/583/583 582/582/582 
f 582/582/582 583/583/583 582/582/582 
f 583/583/583 584/584/584 582/582/582 
f 582/582/582 584/584/584 585/585/585 
f 584/584/584 586/586/586 585/585/585 
f 585/585/585 586/586/586 587/587/587 
f 586/586/586 588/588/588 587/587/587 
f 587/587/587 588/588/588 589/589/589 
f 588/588/588 588/588/588 589/589/589 
f 589/589/589 588/588/588 590/590/590 
f 588/588/588 591/591/591 590/590/590 
f 590/590/590 591/591/591 592/592/592 
f 591/591/591 592/592/592 592/592/592 
f 592/592/592 592/592/592 585/585/585 
f 592/592/592 585/585/585 585/585/585 
f 585/585/585 585/585/585 582/582/582 
f 585/585/585 587/587/587 582/582/582 
f 582/582/582 587/587/587 593/593/593 
f 587/587/587 589/589/589 593/593/593 
f 593/593/593 589/589/589 589/589/589 
f 589/589/589 581/581/581 589/589/589 
f 589/589/589 581/581/581 581/581/581 
f 581/581/581 582/582/582 581/581/581 
f 581/581/581 582/582/582 593/593/593 
f 582/582/582 593/593/593 593/593/593 
f 593/593/593 593/593/593 594/594/594 
f 593/593/593 594/594/594 594/594/594 
f 594/594/594 594/594/594 581/581/581 
f 594/594/594 583/583/583 581/581/581 
f 581/581/581 583/583/583 583/583/583 
f 583/583/583 591/591/591 583/583/583 
f 583/583/583 591/591/591 591/591/591 
f 591/591/591 588/588/588 591/591/591 
f 591/591/591 588/588/588 595/595/595 
f 588/588/588 586/586/586 595/595/595 
f 595/595/595 586/586/586 596/596/596 
f 586/586/586 584/584/584 596/596/596 
f 596/596/596 584/584/584 597/597/597 
f 584/584/584 583/583/583 597/597/597 
f 597/597/597 583/583/583 598/598/598 
f 583/583/583 594/594/594 598/598/598 
f 598/598/598 594/594/594 598/598/598 
f 594/594/594 599/599/599 598/598/598 
f 598/598/598 599/599/599 600/600/600 
f 599/599/599 601/601/601 600/600/600 
f 600/600/600 601/601/601 602/602/602 
f 601/601/601 603/603/603 602/602/602 
f 602/602/602 603/603/603 604/604/604 
f 603/603/603 605/605/605 604/604/604 
f 604/604/604 605/605/605 606/606/606 
f 605/605/605 607/607/607 606/606/606 
f 606/606/606 607/607/607 608/608/608 
f 607/607/607 609/609/609 608/608/608 
f 608/608/608 609/609/609 610/610/610 
f 609/609/609 611/611/611 610/610/610 
f 610/610/610 611/611/611 612/612/612 
f 611/611/611 613/613/613 612/612/612 
f 612/612/612 613/613/613 614/614/614 
f 613/613/613 615/615/615 614/614/614 
f 614/614/614 615/615/615 616/616/616 
f 615/615/615 617/617/617 616/616/616 
f 616/616/616 617/617/617 618/618/618 
f 617/617/617 592/592/592 618/618/618 
f 618/618/618 592/592/592 618/618/618 
f 592/592/592 591/591/591 618/618/618 
f 618/618/618 591/591/591 619/619/619 
f 591/591/591 595/595/595 619/619/619 
f 619/619/619 595/595/595 595/595/595 
f 595/595/595 619/619/619 595/595/595 
f 595/595/595 619/619/619 619/619/619 
f 619/619/619 620/620/620 619/619/619 
f 619/619/619 620/620/620 618/618/618 
f 620/620/620 620/620/620 618/618/618 
f 618/618/618 620/620/620 616/616/616 
f 620/620/620 621/621/621 616/616/616 
f 616/616/616 621/621/621 614/614/614 
f 621/621/621 614/614/614 614/614/614 
f 614/614/614 614/614/614 621/621/621 
f 614/614/614 621/621/621 621/621/621 
f 621/621/621 621/621/621 622/622/622 
f 621/621/621 620/620/620 622/622/622 
f 622/622/622 620/620/620 622/622/622 
f 620/620/620 619/619/619 622/622/622 
f 622/622/622 619/619/619 623/623/623 
f 619/619/619 595/595/595 623/623/623 
f 623/623/623 595/595/595 623/623/623 
f 595/595/595 596/596/596 623/623/623 
f 623/623/623 596/596/596 624/624/624 
f 596/596/596 597/597/597 624/624/624 
f 624/624/624 597/597/597 625/625/625 
f 597/597/597 598/598/598 625/625/625 
f 625/625/625 598/598/598 625/625/625 
f 598/598/598 600/600/600 625/625/625 
f 625/625/625 600/600/600 626/626/626 
f 600/600/600 602/602/602 626/626/626 
f 626/626/626 602/602/602 627/627/627 
f 602/602/602 604/604/604 627/627/627 
f 627/627/627 604/604/604 628/628/628 
f 604/604/604 606/606/606 628/628/628 
f 628/628/628 606/606/606 629/629/629 
f 606/606/606 608/608/608 629/629/629 
f 629/629/629 608/608/608 630/630/630 
f 608/608/608 610/610/610 630/630/630 
f 630/630/630 610/610/610 631/631/631 
f 610/610/610 612/612/612 631/631/631 
f 631/631/631 612/612/612 612/612/612 
f 612/612/612 630/630/630 612/612/612 
f 612/612/612 630/630/630 630/630/630 
f 630/630/630 631/631/631 630/630/630 
f 630/630/630 631/631/631 629/629/629 
f 631/631/631 632/632/632 629/629/629 
f 629/629/629 632/632/632 628/628/628 
f 632/632/632 633/633/633 628/628/628 
f 628/628/628 633/633/633 627/627/627 
f 633/633/633 634/634/634 627/627/627 
f 627/627/627 634/634/634 626/626/626 
f 634/634/634 634/634/634 626/626/626 
f 626/626/626 634/634/634 625/625/625 
f 634/634/634 634/634/634 625/625/625 
f 625/625/625 634/634/634 624/624/624 
f 634/634/634 635/635/635 624/624/624 
f 624/624/624 635/635/635 623/623/623 
f 635/635/635 635/635/635 623/623/623 
f 623/623/623 635/635/635 622/622/622 
f 635/635/635 635/635/635 622/622/622 
f 622/622/622 635/635/635 636/636/636 
f 635/635/635 633/633/633 636/636/636 
f 636/636/636 633/633/633 636/636/636 
f 633/633/633 632/632/632 636/636/636 
f 636/636/636 632/632/632 637/637/637 
f 632/632/632 631/631/631 637/637/637 
f 637/637/637 631/631/631 637/637/637 
f 631/631/631 612/612/612 637/637/637 
f 637/637/637 612/612/612 637/637/637 
f 612/612/612 614/614/614 637/637/637 
f 637/637/637 614/614/614 637/637/637 
f 614/614/614 621/621/621 637/637/637 
f 637/637/637 621/621/621 636/636/636 
f 621/621/621 622/622/622 636/636/636 
f 636/636/636 622/622/622 622/622/622 
f 622/622/622 635/635/635 622/622/622 
f 622/622/622 635/635/635 635/635/635 
f 635/635/635 634/634/634 635/635/635 
f 635/635/635 634/634/634 633/633/633 
f 634/634/634 633/633/633 633/633/633 
f 633/633/633 633/633/633 638/638/638 
f 633/633/633 638/638/638 638/638/638 
f 638/638/638 638/638/638 639/639/639 
f 638/638/638 640/640/640 639/639/639 
f 639/639/639 640/640/640 641/641/641 
f 640/640/640 642/642/642 641/641/641 
f 641/641/641 642/642/642 643/643/643 
f 642/642/642 644/644/644 643/643/643 
f 643/643/643 644/644/644 645/645/645 
f 644/644/644 646/646/646 645/645/645 
f 645/645/645 646/646/646 647/647/647 
f 646/646/646 648/648/648 647/647/647 
f 647/647/647 648/648/648 649/649/649 
f 648/648/648 650/650/650 649/649/649 
f 649/649/649 650/650/650 651/651/651 
f 650/650/650 652/652/652 651/651/651 
f 651/651/651 652/652/652 653/653/653 
f 652/652/652 654/654/654 653/653/653 
f 653/653/653 654/654/654 654/654/654 
f 654/654/654 639/639/639 654/654/654 
f 654/654/654 639/639/639 639/639/639 
f 639/639/639 655/655/655 639/639/639 
f 639/639/639 655/655/655 638/638/638 
f 655/655/655 655/655/655 638/638/638 
f 638/638/638 655/655/655 656/656/656 
f 655/655/655 657/657/657 656/656/656 
f 656/656/656 657/657/657 658/658/658 
f 657/657/657 659/659/659 658/658/658 
f 658/658/658 659/659/659 660/660/660 
f 659/659/659 661/661/661 660/660/660 
f 660/660/660 661/661/661 662/662/662 
f 661/661/661 663/663/663 662/662/662 
f 662/662/662 663/663/663 664/664/664 
f 663/663/663 665/665/665 664/664/664 
f 664/664/664 665/665/665 666/666/666 
f 665/665/665 667/667/667 666/666/666 
f 666/666/666 667/667/667 668/668/668 
f 667/667/667 669/669/669 668/668/668 
f 668/668/668 669/669/669 670/670/670 
f 669/669/669 671/671/671 670/670/670 
f 670/670/670 671/671/671 671/671/671 
f 671/671/671 672/672/672 671/671/671 
f 671/671/671 672/672/672 672/672/672 
f 672/672/672 673/673/673 672/672/672 
f 672/672/672 673/673/673 674/674/674 
f 673/673/673 673/673/673 674/674/674 
f 674/674/674 673/673/673 675/675/675 
f 673/673/673 673/673/673 675/675/675 
f 675/675/675 673/673/673 676/676/676 
f 673/673/673 677/677/677 676/676/676 
f 676/676/676 677/677/677 678/678/678 
f 677/677/677 677/677/677 678/678/678 
f 678/678/678 677/677/677 679/679/679 
f 677/677/677 680/680/680 679/679/679 
f 679/679/679 680/680/680 681/681/681 
f 680/680/680 681/681/681 681/681/681 
f 681/681/681 681/681/681 672/672/672 
f 681/681/681 672/672/672 672/672/672 
f 672/672/672 672/672/672 673/673/673 
f 672/672/672 682/682/682 673/673/673 
f 673/673/673 682/682/682 677/677/677 
f 682/682/682 680/680/680 677/677/677 
f 677/677/677 680/680/680 680/680/680 
f 680/680/680 674/674/674 680/680/680 
f 680/680/680 674/674/674 674/674/674 
f 674/674/674 675/675/675 674/674/674 
f 674/674/674 675/675/675 683/683/683 
f 675/675/675 684/684/684 683/683/683 
f 683/683/683 684/684/684 685/685/685 
f 684/684/684 686/686/686 685/685/685 
f 685/685/685 686/686/686 687/687/687 
f 686/686/686 687/687/687 687/687/687 
f 687/687/687 687/687/687 678/678/678 
f 687/687/687 678/678/678 678/678/678 
f 678/678/678 678/678/678 676/676/676 
f 678/678/678 688/688/688 676/676/676 
f 676/676/676 688/688/688 675/675/675 
f 688/688/688 688/688/688 675/675/675 
f 675/675/675 688/688/688 684/684/684 
f 688/688/688 689/689/689 684/684/684 
f 684/684/684 689/689/689 686/686/686 
f 689/689/689 686/686/686 686/686/686 
f 686/686/686 686/686/686 689/689/689 
f 686/686/686 689/689/689 689/689/689 
f 689/689/689 689/689/689 690/690/690 
f 689/689/689 688/688/688 690/690/690 
f 690/690/690 688/688/688 690/690/690 
f 688/688/688 678/678/678 690/690/690 
f 690/690/690 678/678/678 691/691/691 
f 678/678/678 679/679/679 691/691/691 
f 691/691/691 679/679/679 692/692/692 
f 679/679/679 681/681/681 692/692/692 
f 692/692/692 681/681/681 692/692/692 
f 681/681/681 693/693/693 692/692/692 
f 692/692/692 693/693/693 694/694/694 
f 693/693/693 693/693/693 694/694/694 
f 694/694/694 693/693/693 695/695/695 
f 693/693/693 696/696/696 695/695/695 
f 695/695/695 696/696/696 697/697/697 
f 696/696/696 698/698/698 697/697/697 
f 697/697/697 698/698/698 699/699/699 
f 698/698/698 700/700/700 699/699/699 
f 699/699/699 700/700/700 701/701/701 
f 700/700/700 702/702/702 701/701/701 
f 701/701/701 702/702/702 701/701/701 
f 702/702/702 703/703/703 701/701/701 
f 701/701/701 703/703/703 704/704/704 
f 703/703/703 705/705/705 704/704/704 
f 704/704/704 705/705/705 705/705/705 
f 705/705/705 704/704/704 705/705/705 
f 705/705/705 704/704/704 704/704/704 
f 704/704/704 706/706/706 704/704/704 
f 704/704/704 706/706/706 701/701/701 
f 706/706/706 706/706/706 701/701/701 
f 701/701/701 706/706/706 699/699/699 
f 706/706/706 707/707/707 699/699/699 
f 699/699/699 707/707/707 697/697/697 
f 707/707/707 697/697/697 697/697/697 
f 697/697/697 697/697/697 707/707/707 
f 697/697/697 707/707/707 707/707/707 
f 707/707/707 707/707/707 708/708/708 
f 707/707/707 706/706/706 708/708/708 
f 708/708/708 706/706/706 708/708/708 
f 706/706/706 704/704/704 708/708/708 
f 708/708/708 704/704/704 709/709/709 
f 704/704/704 705/705/705 709/709/709 
f 709/709/709 705/705/705 709/709/709 
f 705/705/705 710/710/710 709/709/709 
f 709/709/709 710/710/710 711/711/711 
f 710/710/710 687/687/687 711/711/711 
f 711/711/711 687/687/687 712/712/712 
f 687/687/687 686/686/686 712/712/712 
f 712/712/712 686/686/686 713/713/713 
f 686/686/686 689/689/689 713/713/713 
f 713/713/713 689/689/689 714/714/714 
f 689/689/689 690/690/690 714/714/714 
f 714/714/714 690/690/690 715/715/715 
f 690/690/690 691/691/691 715/715/715 
f 715/715/715 691/691/691 716/716/716 
f 691/691/691 692/692/692 716/716/716 
f 716/716/716 692/692/692 716/716/716 
f 692/692/692 694/694/694 716/716/716 
f 716/716/716 694/694/694 716/716/716 
f 694/694/694 717/717/717 716/716/716 
f 716/716/716 717/717/717 716/716/716 
f 717/717/717 718/718/718 716/716/716 
f 716/716/716 718/718/718 715/715/715 
f 718/718/718 719/719/719 715/715/715 
f 715/715/715 719/719/719 714/714/714 
f 719/719/719 720/720/720 714/714/714 
f 714/714/714 720/720/720 713/713/713 
f 720/720/720 721/721/721 713/713/713 
f 713/713/713 721/721/721 712/712/712 
f 721/721/721 722/722/722 712/712/712 
f 712/712/712 722/722/722 711/711/711 
f 722/722/722 711/711/711 711/711/711 
f 711/711/711 711/711/711 721/721/721 
f 711/711/711 721/721/721 721/721/721 
f 721/721/721 721/721/721 722/722/722 
f 721/721/721 720/720/720 722/722/722 
f 722/722/722 720/720/720 723/723/723 
f 720/720/720 719/719/719 723/723/723 
f 723/723/723 719/719/719 724/724/724 
f 719/719/719 718/718/718 724/724/724 
f 724/724/724 718/718/718 725/725/725 
f 718/718/718 717/717/717 725/725/725 
f 725/725/725 717/717/717 725/725/725 
f 717/717/717 694/694/694 725/725/725 
f 725/725/725 694/694/694 725/725/725 
f 694/694/694 695/695/695 725/725/725 
f 725/725/725 695/695/695 726/726/726 
f 695/695/695 697/697/697 726/726/726 
f 726/726/726 697/697/697 726/726/726 
f 697/697/697 707/707/707 726/726/726 
f 726/726/726 707/707/707 726/726/726 
f 707/707/707 727/727/727 726/726/726 
f 726/726/726 727/727/727 724/724/724 
f 727/727/727 727/727/727 724/724/724 
f 724/724/724 727/727/727 723/723/723 
f 727/727/727 728/728/728 723/723/723 
f 723/723/723 728/728/728 722/722/722 
f 728/728/728 728/728/728 722/722/722 
f 722/722/722 728/728/728 711/711/711 
f 728/728/728 728/728/728 711/711/711 
f 711/711/711 728/728/728 709/709/709 
f 728/728/728 728/728/728 709/709/709 
f 709/709/709 728/728/728 708/708/708 
f 728/728/728 727/727/727 708/708/708 
f 708/708/708 727/727/727 707/707/707 
f 727/727/727 707/707/707 707/707/707 
f 707/707/707 707/707/707 724/724/724 
f 707/707/707 724/724/724 724/724/724 
f 724/724/724 724/724/724 726/726/726 
f 724/724/724 725/725/725 726/726/726 
f 726/726/726 725/725/725 725/725/725 
f 725/725/725 729/729/729 725/725/725 
f 725/725/725 729/729/729 729/729/729 
f 729/729/729 730/730/730 729/729/729 
f 729/729/729 730/730/730 731/731/731 
f 730/730/730 730/730/730 731/731/731 
f 731/731/731 730/730/730 732/732/732 
f 730/730/730 733/733/733 732/732/732 
f 732/732/732 733/733/733 734/734/734 
f 733/733/733 735/735/735 734/734/734 
f 734/734/734 735/735/735 736/736/736 
f 735/735/735 737/737/737 736/736/736 
f 736/736/736 737/737/737 738/738/738 
f 737/737/737 739/739/739 738/738/738 
f 738/738/738 739/739/739 740/740/740 
f 739/739/739 741/741/741 740/740/740 
f 740/740/740 741/741/741 742/742/742 
f 741/741/741 743/743/743 742/742/742 
f 742/742/742 743/743/743 744/744/744 
f 743/743/743 745/745/745 744/744/744 
f 744/744/744 745/745/745 746/746/746 
f 745/745/745 747/747/747 746/746/746 
f 746/746/746 747/747/747 748/748/748 
f 747/747/747 749/749/749 748/748/748 
f 748/748/748 749/749/749 750/750/750 
f 749/749/749 751/751/751 750/750/750 
f 750/750/750 751/751/751 752/752/752 
f 751/751/751 753/753/753 752/752/752 
f 752/752/752 753/753/753 754/754/754 
f 753/753/753 755/755/755 754/754/754 
f 754/754/754 755/755/755 755/755/755 
f 755/755/755 731/731/731 755/755/755 
f 755/755/755 731/731/731 731/731/731 
f 731/731/731 756/756/756 731/731/731 
f 731/731/731 756/756/756 729/729/729 
f 756/756/756 756/756/756 729/729/729 
f 729/729/729 756/756/756 757/757/757 
f 756/756/756 758/758/758 757/757/757 
f 757/757/757 758/758/758 759/759/759 
f 758/758/758 760/760/760 759/759/759 
f 759/759/759 760/760/760 761/761/761 
f 760/760/760 762/762/762 761/761/761 
f 761/761/761 762/762/762 762/762/762 
f 762/762/762 763/763/763 762/762/762 
f 762/762/762 763/763/763 763/763/763 
f 763/763/763 764/764/764 763/763/763 
f 763/763/763 764/764/764 765/765/765 
f 764/764/764 766/766/766 765/765/765 
f 765/765/765 766/766/766 767/767/767 
f 766/766/766 766/766/766 767/767/767 
f 767/767/767 766/766/766 768/768/768 
f 766/766/766 766/766/766 768/768/768 
f 768/768/768 766/766/766 769/769/769 
f 766/766/766 770/770/770 769/769/769 
f 769/769/769 770/770/770 771/771/771 
f 770/770/770 771/771/771 771/771/771 
f 771/771/771 771/771/771 770/770/770 
f 771/771/771 770/770/770 770/770/770 
f 770/770/770 770/770/770 764/764/764 
f 770/770/770 766/766/766 764/764/764 
f 764/764/764 766/766/766 766/766/766 
f 766/766/766 763/763/763 766/766/766 
f 766/766/766 763/763/763 763/763/763 
f 763/763/763 765/765/765 763/763/763 
f 763/763/763 765/765/765 772/772/772 
f 765/765/765 773/773/773 772/772/772 
f 772/772/772 773/773/773 774/774/774 
f 773/773/773 775/775/775 774/774/774 
f 774/774/774 775/775/775 776/776/776 
f 775/775/775 777/777/777 776/776/776 
f 776/776/776 777/777/777 778/778/778 
f 777/777/777 778/778/778 778/778/778 
f 778/778/778 778/778/778 765/765/765 
f 778/778/778 765/765/765 765/765/765 
f 765/765/765 765/765/765 773/773/773 
f 765/765/765 767/767/767 773/773/773 
f 773/773/773 767/767/767 779/779/779 
f 767/767/767 768/768/768 779/779/779 
f 779/779/779 768/768/768 780/780/780 
f 768/768/768 768/768/768 780/780/780 
f 780/780/780 768/768/768 781/781/781 
f 768/768/768 769/769/769 781/781/781 
f 781/781/781 769/769/769 782/782/782 
f 769/769/769 771/771/771 782/782/782 
f 782/782/782 771/771/771 782/782/782 
f 771/771/771 783/783/783 782/782/782 
f 782/782/782 783/783/783 784/784/784 
f 783/783/783 783/783/783 784/784/784 
f 784/784/784 783/783/783 785/785/785 
f 783/783/783 786/786/786 785/785/785 
f 785/785/785 786/786/786 787/787/787 
f 786/786/786 788/788/788 787/787/787 
f 787/787/787 788/788/788 789/789/789 
f 788/788/788 790/790/790 789/789/789 
f 789/789/789 790/790/790 791/791/791 
f 790/790/790 792/792/792 791/791/791 
f 791/791/791 792/792/792 791/791/791 
f 792/792/792 793/793/793 791/791/791 
f 791/791/791 793/793/793 794/794/794 
f 793/793/793 795/795/795 794/794/794 
f 794/794/794 795/795/795 795/795/795 
f 795/795/795 773/773/773 795/795/795 
f 795/795/795 773/773/773 773/773/773 
f 773/773/773 779/779/779 773/773/773 
f 773/773/773 779/779/779 775/775/775 
f 779/779/779 796/796/796 775/775/775 
f 775/775/775 796/796/796 777/777/777 
f 796/796/796 777/777/777 777/777/777 
f 777/777/777 777/777/777 780/780/780 
f 777/777/777 780/780/780 780/780/780 
f 780/780/780 780/780/780 779/779/779 
f 780/780/780 796/796/796 779/779/779 
f 779/779/779 796/796/796 796/796/796 
f 796/796/796 794/794/794 796/796/796 
f 796/796/796 794/794/794 794/794/794 
f 794/794/794 797/797/797 794/794/794 
f 794/794/794 797/797/797 791/791/791 
f 797/797/797 797/797/797 791/791/791 
f 791/791/791 797/797/797 789/789/789 
f 797/797/797 798/798/798 789/789/789 
f 789/789/789 798/798/798 787/787/787 
f 798/798/798 799/799/799 787/787/787 
f 787/787/787 799/799/799 785/785/785 
f 799/799/799 800/800/800 785/785/785 
f 785/785/785 800/800/800 784/784/784 
f 800/800/800 801/801/801 784/784/784 
f 784/784/784 801/801/801 802/802/802 
f 801/801/801 803/803/803 802/802/802 
f 802/802/802 803/803/803 802/802/802 
f 803/803/803 804/804/804 802/802/802 
f 802/802/802 804/804/804 781/781/781 
f 804/804/804 780/780/780 781/781/781 
f 781/781/781 780/780/780 780/780/780 
f 780/780/780 784/784/784 780/780/780 
f 780/780/780 784/784/784 784/784/784 
f 784/784/784 802/802/802 784/784/784 
f 784/784/784 802/802/802 782/782/782 
f 802/802/802 781/781/781 782/782/782 
f 782/782/782 781/781/781 781/781/781 
f 781/781/781 801/801/801 781/781/781 
f 781/781/781 801/801/801 801/801/801 
f 801/801/801 800/800/800 801/801/801 
f 801/801/801 800/800/800 803/803/803 
f 800/800/800 800/800/800 803/803/803 
f 803/803/803 800/800/800 805/805/805 
f 800/800/800 799/799/799 805/805/805 
f 805/805/805 799/799/799 806/806/806 
f 799/799/799 798/798/798 806/806/806 
f 806/806/806 798/798/798 807/807/807 
f 798/798/798 797/797/797 807/807/807 
f 807/807/807 797/797/797 807/807/807 
f 797/797/797 794/794/794 807/807/807 
f 807/807/807 794/794/794 808/808/808 
f 794/794/794 795/795/795 808/808/808 
f 808/808/808 795/795/795 808/808/808 
f 795/795/795 809/809/809 808/808/808 
f 808/808/808 809/809/809 810/810/810 
f 809/809/809 778/778/778 810/810/810 
f 810/810/810 778/778/778 778/778/778 
f 778/778/778 810/810/810 778/778/778 
f 778/778/778 810/810/810 810/810/810 
f 810/810/810 811/811/811 810/810/810 
f 810/810/810 811/811/811 808/808/808 
f 811/811/811 811/811/811 808/808/808 
f 808/808/808 811/811/811 807/807/807 
f 811/811/811 811/811/811 807/807/807 
f 807/807/807 811/811/811 806/806/806 
f 811/811/811 812/812/812 806/806/806 
f 806/806/806 812/812/812 805/805/805 
f 812/812/812 813/813/813 805/805/805 
f 805/805/805 813/813/813 803/803/803 
f 813/813/813 813/813/813 803/803/803 
f 803/803/803 813/813/813 804/804/804 
f 813/813/813 814/814/814 804/804/804 
f 804/804/804 814/814/814 780/780/780 
f 814/814/814 814/814/814 780/780/780 
f 780/780/780 814/814/814 796/796/796 
f 814/814/814 815/815/815 796/796/796 
f 796/796/796 815/815/815 777/777/777 
f 815/815/815 777/777/777 777/777/777 
f 777/777/777 777/777/777 815/815/815 
f 777/777/777 815/815/815 815/815/815 
f 815/815/815 815/815/815 816/816/816 
f 815/815/815 814/814/814 816/816/816 
f 816/816/816 814/814/814 816/816/816 
f 814/814/814 813/813/813 816/816/816 
f 816/816/816 813/813/813 816/816/816 
f 813/813/813 812/812/812 816/816/816 
f 816/816/816 812/812/812 817/817/817 
f 812/812/812 811/811/811 817/817/817 
f 817/817/817 811/811/811 817/817/817 
f 811/811/811 810/810/810 817/817/817 
f 817/817/817 810/810/810 818/818/818 
f 810/810/810 778/778/778 818/818/818 
f 818/818/818 778/778/778 818/818/818 
f 778/778/778 777/777/777 818/818/818 
f 818/818/818 777/777/777 818/818/818 
f 777/777/777 815/815/815 818/818/818 
f 818/818/818 815/815/815 819/819/819 
f 815/815/815 816/816/816 819/819/819 
f 819/819/819 816/816/816 819/819/819 
f 816/816/816 817/817/817 819/819/819 
f 819/819/819 817/817/817 818/818/818 
f 817/817/817 818/818/818 818/818/818 
f 818/818/818 818/818/818 820/820/820 
f 818/818/818 820/820/820 820/820/820 
f 820/820/820 820/820/820 821/821/821 
f 820/820/820 822/822/822 821/821/821 
f 821/821/821 822/822/822 823/823/823 
f 822/822/822 824/824/824 823/823/823 
f 823/823/823 824/824/824 825/825/825 
f 824/824/824 826/826/826 825/825/825 
f 825/825/825 826/826/826 827/827/827 
f 826/826/826 828/828/828 827/827/827 
f 827/827/827 828/828/828 829/829/829 
f 828/828/828 830/830/830 829/829/829 
f 829/829/829 830/830/830 831/831/831 
f 830/830/830 832/832/832 831/831/831 
f 831/831/831 832/832/832 833/833/833 
f 832/832/832 834/834/834 833/833/833 
f 833/833/833 834/834/834 835/835/835 
f 834/834/834 836/836/836 835/835/835 
f 835/835/835 836/836/836 837/837/837 
f 836/836/836 838/838/838 837/837/837 
f 837/837/837 838/838/838 839/839/839 
f 838/838/838 840/840/840 839/839/839 
f 839/839/839 840/840/840 841/841/841 
f 840/840/840 842/842/842 841/841/841 
f 841/841/841 842/842/842 843/843/843 
f 842/842/842 844/844/844 843/843/843 
f 843/843/843 844/844/844 845/845/845 
f 844/844/844 846/846/846 845/845/845 
f 845/845/845 846/846/846 847/847/847 
f 846/846/846 848/848/848 847/847/847 
f 847/847/847 848/848/848 849/849/849 
f 848/848/848 850/850/850 849/849/849 
f 849/849/849 850/850/850 851/851/851 
f 850/850/850 852/852/852 851/851/851 
f 851/851/851 852/852/852 853/853/853 

