# Blender 4.3.2
# www.blender.org
mtllib Synth_Machine.mtl
o Synth_Machine
v -0.381494 0.597668 -0.046499
v -0.385951 0.589579 -0.057633
v -0.382636 0.593415 -0.052352
v -0.381494 0.600350 -0.047145
v -0.397622 0.599478 -0.069343
v -0.385951 0.599811 -0.060864
v -0.382636 0.600066 -0.054357
v -0.381494 0.706037 -0.046499
v -0.385951 0.714126 -0.057633
v -0.382636 0.710289 -0.052352
v -0.381494 0.703355 -0.047145
v -0.397622 0.704227 -0.069343
v -0.385951 0.703894 -0.060864
v -0.382636 0.703638 -0.054357
v -0.381494 0.703355 -0.040995
v -0.397622 0.704227 -0.018796
v -0.385951 0.703894 -0.027275
v -0.382636 0.703638 -0.033782
v -0.381494 0.706037 -0.041640
v -0.385951 0.714126 -0.030507
v -0.382636 0.710289 -0.035787
v -0.381494 0.707128 -0.043142
v -0.385951 0.720216 -0.038889
v -0.382636 0.714009 -0.040906
v -0.381494 0.707128 -0.044998
v -0.385951 0.720216 -0.049250
v -0.382636 0.714009 -0.047233
v -0.381494 0.600350 -0.040995
v -0.397622 0.599478 -0.018796
v -0.385951 0.599811 -0.027275
v -0.382636 0.600066 -0.033782
v -0.381494 0.597668 -0.041640
v -0.385951 0.589579 -0.030507
v -0.382636 0.593415 -0.035787
v -0.381494 0.596577 -0.043142
v -0.385951 0.583488 -0.038889
v -0.382636 0.589696 -0.040906
v -0.381494 0.596577 -0.044998
v -0.385951 0.583488 -0.049250
v -0.382636 0.589696 -0.047233
v -0.377519 0.734000 -0.103798
v 0.092292 0.734000 -0.103798
v 0.092292 0.268688 -0.066647
v 0.092292 0.088538 -0.284730
v 0.092292 0.031378 0.039059
v 0.092292 0.120017 -0.272448
v 0.092292 0.145862 -0.250680
v 0.566078 0.597668 -0.046499
v 0.570536 0.589579 -0.057633
v 0.567221 0.593415 -0.052352
v 0.566078 0.600350 -0.047145
v 0.582207 0.599478 -0.069343
v 0.570536 0.599811 -0.060864
v 0.567221 0.600066 -0.054357
v 0.566078 0.706037 -0.046499
v 0.570536 0.714126 -0.057633
v 0.567221 0.710289 -0.052352
v 0.566078 0.703355 -0.047145
v 0.582207 0.704227 -0.069343
v 0.570536 0.703894 -0.060864
v 0.567221 0.703638 -0.054357
v 0.566078 0.703355 -0.040995
v 0.582207 0.704227 -0.018796
v 0.570536 0.703894 -0.027275
v 0.567221 0.703638 -0.033782
v 0.566078 0.706037 -0.041640
v 0.570536 0.714126 -0.030507
v 0.567221 0.710289 -0.035787
v 0.566078 0.707128 -0.043142
v 0.570536 0.720216 -0.038889
v 0.567221 0.714009 -0.040906
v 0.566078 0.707128 -0.044998
v 0.570536 0.720216 -0.049250
v 0.567221 0.714009 -0.047233
v 0.566078 0.600350 -0.040995
v 0.582207 0.599478 -0.018796
v 0.570536 0.599811 -0.027275
v 0.567221 0.600066 -0.033782
v 0.566078 0.597668 -0.041640
v 0.570536 0.589579 -0.030507
v 0.567221 0.593415 -0.035787
v 0.566078 0.596577 -0.043142
v 0.570536 0.583488 -0.038889
v 0.567221 0.589696 -0.040906
v 0.566078 0.596577 -0.044998
v 0.570536 0.583488 -0.049250
v 0.567221 0.589696 -0.047233
v 0.562104 0.734000 -0.103798
v -0.417883 0.389018 -0.060128
v -0.414883 0.392018 -0.060128
v -0.417883 0.392018 -0.063128
v -0.414883 0.392018 -0.024936
v -0.417883 0.389018 -0.024936
v -0.417883 0.392018 -0.021936
v -0.397622 0.587436 -0.065440
v -0.397622 0.582814 -0.062084
v -0.395198 0.585618 -0.063084
v -0.397622 0.720891 -0.062084
v -0.397622 0.716268 -0.065440
v -0.395198 0.718087 -0.063084
v -0.397622 0.716268 -0.022699
v -0.397622 0.720891 -0.026056
v -0.395197 0.718087 -0.025055
v -0.397622 0.726540 -0.033831
v -0.397622 0.728305 -0.039264
v -0.395197 0.726625 -0.036807
v -0.397622 0.728305 -0.048875
v -0.397622 0.726540 -0.054308
v -0.395197 0.726625 -0.051333
v -0.397622 0.582814 -0.026056
v -0.397622 0.587436 -0.022699
v -0.395198 0.585618 -0.025055
v -0.397622 0.575399 -0.039264
v -0.397622 0.577165 -0.033831
v -0.395198 0.577080 -0.036807
v -0.397622 0.577165 -0.054308
v -0.397622 0.575399 -0.048875
v -0.395198 0.577080 -0.051333
v -0.053895 -0.089208 -0.171066
v -0.050895 -0.088414 -0.174414
v -0.053895 -0.091414 -0.176099
v -0.053895 0.028484 -0.062611
v -0.053895 0.032986 -0.062509
v -0.050895 0.030781 -0.064574
v -0.053895 -0.093336 -0.222206
v -0.053895 -0.091414 -0.216902
v -0.050895 -0.088414 -0.216902
v -0.050895 -0.091032 -0.224128
v -0.053895 -0.140752 -0.279042
v -0.050895 -0.138448 -0.280963
v -0.050895 -0.145087 -0.284834
v -0.053895 -0.145625 -0.281883
v -0.053895 0.161950 -0.170996
v -0.053895 0.167245 -0.172848
v -0.050895 0.167324 -0.175847
v -0.050895 0.160019 -0.173292
v -0.354061 0.153435 -0.111873
v -0.354061 0.158715 -0.113823
v -0.351061 0.158715 -0.116823
v -0.351061 0.151485 -0.114152
v -0.380519 0.743046 0.011628
v -0.377519 0.743229 0.008625
v -0.377519 -0.134979 0.198329
v -0.377519 -0.134650 0.203022
v -0.427417 -0.134979 0.198329
v -0.427417 -0.134650 0.203022
v -0.430417 -0.132173 0.204715
v -0.430417 -0.132763 0.196307
v -0.377519 0.779933 -0.105739
v -0.377519 0.776502 -0.108384
v -0.377519 0.781067 -0.075622
v -0.374519 0.781009 -0.078697
v -0.374519 0.783756 -0.081738
v -0.380519 0.783871 -0.075675
v -0.427417 -0.142516 0.292941
v -0.430417 -0.142119 0.289474
v -0.427417 -0.145352 0.288159
v -0.380519 -0.142516 0.292941
v -0.380519 -0.145352 0.288159
v -0.377519 -0.142119 0.289474
v -0.377519 -0.152257 0.228772
v -0.377519 -0.153502 0.234215
v -0.430417 -0.150808 0.231968
v -0.427417 -0.152257 0.228772
v -0.427417 -0.153502 0.234215
v -0.377519 -0.146290 0.261869
v -0.380519 -0.149256 0.262317
v -0.374519 -0.149875 0.258221
v -0.374519 -0.147533 0.258860
v -0.430417 -0.146461 0.260739
v -0.427417 -0.149427 0.261187
v -0.377519 0.782082 -0.022021
v -0.380519 0.785089 -0.021638
v -0.377519 0.776440 -0.001869
v -0.380519 0.779119 -0.000310
v -0.377519 0.767825 0.006824
v -0.380519 0.769446 0.009450
v -0.377519 0.756737 0.010448
v -0.380519 0.757016 0.013513
v -0.377519 0.267155 -0.096643
v -0.377519 0.262329 -0.098977
v -0.427417 0.267147 -0.096634
v -0.427417 0.262320 -0.098968
v -0.430417 0.259940 -0.097141
v -0.430417 0.267193 -0.093634
v -0.377519 0.269299 -0.063582
v -0.374519 0.268688 -0.066647
v -0.348060 -0.266006 0.057344
v -0.351061 -0.265054 0.053969
v -0.354061 -0.165186 0.160785
v -0.351061 -0.167234 0.158589
v -0.348061 -0.169426 0.160638
v -0.354061 -0.165416 0.164927
v -0.427417 0.247916 -0.113823
v -0.430417 0.249436 -0.110823
v -0.427417 0.252743 -0.111443
v -0.354061 0.252758 -0.111443
v -0.348061 0.247225 -0.118650
v -0.351061 0.244846 -0.116823
v -0.354061 0.247931 -0.113823
v -0.377519 0.247931 -0.113823
v -0.377519 0.252757 -0.111443
v -0.377519 -0.165186 0.160785
v -0.377519 -0.165443 0.164951
v -0.430417 0.087288 0.098704
v -0.427417 0.088668 0.101376
v -0.430417 0.055515 0.122899
v -0.427417 0.057723 0.124941
v -0.430417 0.070301 0.109066
v -0.427417 0.072128 0.111465
v -0.377519 0.055373 0.123075
v -0.380519 0.057757 0.124898
v -0.377519 0.087089 0.098769
v -0.380519 0.088718 0.101337
v -0.380519 0.072162 0.111429
v -0.377519 0.070670 0.108776
v -0.374519 0.031371 0.039059
v -0.377519 0.032879 0.041734
v -0.430417 0.263330 0.023646
v -0.427417 0.264350 0.026472
v -0.430417 0.308177 0.014186
v -0.427417 0.308386 0.017183
v -0.427417 0.285987 0.020025
v -0.430417 0.285366 0.017080
v -0.377519 0.308158 0.014185
v -0.380519 0.308389 0.017182
v -0.377519 0.263312 0.023652
v -0.380519 0.264352 0.026470
v -0.380519 0.285991 0.020024
v -0.377519 0.285402 0.017072
v -0.402970 0.743229 0.008625
v -0.399970 0.743046 0.011628
v -0.402970 0.782082 -0.022021
v -0.399970 0.785089 -0.021638
v -0.399970 0.784008 -0.078768
v -0.402970 0.781013 -0.078514
v -0.399970 0.776502 -0.108384
v -0.402970 0.776888 -0.105810
v -0.399970 0.779933 -0.105739
v -0.402970 0.776440 -0.001869
v -0.399970 0.779119 -0.000310
v -0.399970 0.734000 -0.103798
v -0.402970 0.728415 -0.100595
v -0.402970 0.756737 0.010448
v -0.399970 0.757016 0.013513
v -0.402970 0.767825 0.006824
v -0.399970 0.769446 0.009450
v -0.430417 0.483507 0.011945
v -0.427417 0.485537 0.014919
v -0.428661 0.488939 0.011875
v -0.428660 0.488939 -0.096969
v -0.427417 0.485537 -0.099985
v -0.430417 0.483507 -0.096954
v -0.050895 0.118464 -0.269833
v -0.047895 0.120017 -0.272448
v -0.053895 0.203412 -0.171891
v -0.053895 0.208238 -0.169432
v -0.047895 0.202578 -0.176804
v -0.050895 0.200199 -0.174977
v -0.047895 0.145862 -0.250680
v -0.050895 0.143681 -0.248595
v -0.047895 0.088538 -0.284730
v -0.050895 0.087750 -0.281816
v -0.047895 -0.264803 -0.340247
v -0.050895 -0.264769 -0.337205
v -0.053895 -0.264841 -0.303605
v -0.050895 -0.264791 -0.306645
v -0.336940 0.208238 -0.169433
v -0.335409 0.203412 -0.171891
v -0.340530 0.204617 -0.169737
v -0.351061 0.214820 -0.155932
v -0.348061 0.216955 -0.158078
v -0.348939 0.211210 -0.161151
v -0.351061 0.169773 -0.157124
v -0.348939 0.167965 -0.162295
v -0.335409 0.167245 -0.172848
v -0.335409 0.161950 -0.170996
v -0.340530 0.164995 -0.170786
v -0.348939 0.027774 -0.048945
v -0.351061 0.024304 -0.045179
v -0.351061 0.036374 -0.044906
v -0.348939 0.033077 -0.048825
v -0.340530 0.028027 -0.060147
v -0.340530 0.033331 -0.060027
v -0.335409 0.032986 -0.062509
v -0.335409 0.028484 -0.062611
v -0.348939 -0.101944 -0.171624
v -0.351060 -0.107066 -0.171624
v -0.351060 -0.103105 -0.162588
v -0.348939 -0.099635 -0.166355
v -0.340530 -0.093535 -0.175310
v -0.340530 -0.091225 -0.170041
v -0.335409 -0.089208 -0.171066
v -0.335409 -0.091414 -0.176099
v -0.351060 -0.151059 -0.266964
v -0.348939 -0.148315 -0.271669
v -0.335409 -0.140752 -0.279042
v -0.335409 -0.145625 -0.281883
v -0.340530 -0.143810 -0.279396
v -0.351060 -0.107066 -0.214231
v -0.348939 -0.101944 -0.216086
v -0.335409 -0.093336 -0.222206
v -0.340530 -0.093535 -0.219133
v -0.335409 -0.091414 -0.216902
v -0.351060 -0.264805 -0.287688
v -0.348939 -0.264825 -0.292898
v -0.335409 -0.264841 -0.303605
v -0.340530 -0.264819 -0.301444
v -0.419780 0.158715 -0.113823
v -0.418408 0.153435 -0.111873
v -0.423529 0.156020 -0.111293
v -0.427417 0.170461 -0.113823
v -0.428296 0.163352 -0.111293
v -0.430417 0.170680 -0.110823
v -0.427417 -0.160551 0.170311
v -0.430417 -0.157084 0.169659
v -0.428296 -0.160539 0.165875
v -0.418408 -0.165186 0.160785
v -0.420165 -0.165443 0.164951
v -0.423529 -0.163754 0.162352
v -0.430417 -0.114910 0.310170
v -0.427417 -0.116489 0.312738
v -0.430417 -0.091713 0.306350
v -0.427417 -0.089488 0.308370
v -0.430417 -0.108835 0.313121
v -0.427417 -0.109590 0.316090
v -0.430417 -0.102526 0.313411
v -0.427417 -0.102037 0.316436
v -0.430417 -0.096630 0.311146
v -0.427417 -0.094978 0.313726
v -0.377519 -0.091713 0.306350
v -0.380519 -0.089488 0.308370
v -0.377519 -0.114910 0.310170
v -0.380519 -0.116489 0.312738
v -0.377519 -0.096630 0.311146
v -0.380519 -0.094978 0.313726
v -0.377519 -0.102526 0.313411
v -0.380519 -0.102037 0.316436
v -0.377519 -0.108835 0.313121
v -0.380519 -0.109590 0.316090
v -0.399970 0.527642 0.014380
v -0.402970 0.527912 0.011377
v -0.402376 0.520203 0.014476
v -0.404966 0.521740 0.011456
v -0.400674 0.523761 0.014430
v -0.403554 0.524693 0.011418
v -0.402376 0.520203 -0.100521
v -0.404966 0.521740 -0.097473
v -0.399970 0.527642 -0.100636
v -0.402970 0.527912 -0.097545
v -0.400674 0.523761 -0.100576
v -0.403554 0.524693 -0.097510
v -0.400003 0.728665 -0.048992
v -0.402970 0.732113 -0.048992
v -0.402970 0.729689 -0.056452
v -0.400003 0.726900 -0.054425
v -0.400003 0.726900 -0.033714
v -0.402970 0.729689 -0.031687
v -0.402970 0.732113 -0.039147
v -0.400003 0.728665 -0.039147
v -0.400005 0.716491 -0.065748
v -0.400003 0.721113 -0.062390
v -0.402970 0.723903 -0.064417
v -0.402970 0.717556 -0.069027
v -0.400004 0.716491 -0.022392
v -0.402970 0.717556 -0.019112
v -0.402970 0.723903 -0.023723
v -0.400003 0.721113 -0.025749
v -0.402970 0.704735 -0.073190
v -0.400005 0.704242 -0.069721
v -0.402970 0.707244 -0.015764
v -0.400005 0.704242 -0.018418
v -0.402970 0.680623 -0.073190
v -0.400005 0.675391 -0.069721
v -0.402970 0.598969 -0.073190
v -0.400005 0.599463 -0.069721
v -0.400005 0.599463 -0.018418
v -0.402970 0.594681 -0.015796
v -0.400003 0.582591 -0.025749
v -0.402970 0.579802 -0.023723
v -0.402970 0.585995 -0.018638
v -0.400004 0.587214 -0.022392
v -0.400003 0.582591 -0.062390
v -0.400005 0.587213 -0.065748
v -0.402970 0.586149 -0.069027
v -0.402970 0.579802 -0.064417
v -0.400003 0.575039 -0.039147
v -0.402970 0.571591 -0.039147
v -0.402970 0.574015 -0.031687
v -0.400003 0.576805 -0.033714
v -0.400003 0.576805 -0.054425
v -0.402970 0.574015 -0.056452
v -0.402970 0.571591 -0.048992
v -0.400003 0.575039 -0.048992
v -0.427417 0.392018 -0.021936
v -0.427417 0.389018 -0.024936
v -0.430417 0.386018 -0.024936
v -0.430417 0.392018 -0.018936
v -0.428660 0.488939 -0.066128
v -0.430417 0.483507 -0.066128
v -0.427417 0.485536 -0.063128
v -0.417883 0.498735 -0.021936
v -0.420315 0.500492 -0.018936
v -0.413126 0.510443 -0.024936
v -0.414883 0.505011 -0.024936
v -0.430417 0.483507 -0.018936
v -0.428660 0.488939 -0.018936
v -0.427417 0.485536 -0.021936
v -0.417883 0.498735 -0.063128
v -0.414883 0.505011 -0.060128
v -0.413126 0.510443 -0.060128
v -0.420315 0.500492 -0.066128
v -0.427417 0.392018 -0.063128
v -0.430417 0.392018 -0.066128
v -0.430417 0.386018 -0.060128
v -0.427417 0.389018 -0.060128
v 0.092292 -0.134998 0.198348
v 0.092292 -0.134650 0.203022
v 0.092292 0.781009 -0.078697
v 0.092292 0.783560 -0.081734
v 0.092292 0.779933 -0.105739
v 0.092292 0.776502 -0.108384
v 0.092292 -0.152257 0.228772
v 0.092292 -0.153502 0.234215
v 0.092292 -0.149875 0.258221
v 0.092292 -0.147533 0.258860
v 0.092292 0.267155 -0.096643
v 0.092292 0.262329 -0.098977
v 0.092292 -0.266013 0.057350
v 0.092292 -0.264803 -0.340247
v 0.602468 0.389018 -0.060128
v 0.599468 0.392018 -0.060128
v 0.602468 0.392018 -0.063128
v 0.599468 0.392018 -0.024936
v 0.602468 0.389018 -0.024936
v 0.602468 0.392018 -0.021936
v 0.582207 0.587436 -0.065440
v 0.582207 0.582814 -0.062084
v 0.579782 0.585618 -0.063084
v 0.582207 0.720891 -0.062084
v 0.582207 0.716268 -0.065440
v 0.579782 0.718087 -0.063084
v 0.582207 0.716268 -0.022699
v 0.582207 0.720891 -0.026056
v 0.579782 0.718087 -0.025055
v 0.582207 0.726540 -0.033831
v 0.582207 0.728305 -0.039264
v 0.579782 0.726625 -0.036807
v 0.582207 0.728305 -0.048875
v 0.582207 0.726540 -0.054308
v 0.579782 0.726625 -0.051333
v 0.582207 0.582814 -0.026056
v 0.582207 0.587436 -0.022699
v 0.579782 0.585618 -0.025055
v 0.582207 0.575399 -0.039264
v 0.582207 0.577165 -0.033831
v 0.579782 0.577080 -0.036807
v 0.582207 0.577165 -0.054308
v 0.582207 0.575399 -0.048875
v 0.579782 0.577080 -0.051333
v 0.238480 -0.089208 -0.171066
v 0.235480 -0.088414 -0.174414
v 0.238480 -0.091414 -0.176099
v 0.238480 0.028484 -0.062611
v 0.238480 0.032986 -0.062509
v 0.235480 0.030781 -0.064574
v 0.238480 -0.093336 -0.222206
v 0.238480 -0.091414 -0.216902
v 0.235480 -0.088414 -0.216902
v 0.235480 -0.091032 -0.224128
v 0.238480 -0.140752 -0.279042
v 0.235480 -0.138448 -0.280963
v 0.235480 -0.145087 -0.284834
v 0.238480 -0.145625 -0.281883
v 0.238480 0.161950 -0.170996
v 0.238480 0.167245 -0.172848
v 0.235480 0.167324 -0.175847
v 0.235480 0.160019 -0.173292
v 0.538645 0.153435 -0.111873
v 0.538645 0.158715 -0.113823
v 0.535645 0.158715 -0.116823
v 0.535645 0.151485 -0.114152
v 0.565104 0.743046 0.011628
v 0.562104 0.743229 0.008625
v 0.562104 -0.134979 0.198329
v 0.562104 -0.134650 0.203022
v 0.612002 -0.134979 0.198329
v 0.612002 -0.134650 0.203022
v 0.615002 -0.132173 0.204715
v 0.615002 -0.132763 0.196307
v 0.562104 0.779933 -0.105739
v 0.562104 0.776502 -0.108384
v 0.562104 0.781067 -0.075622
v 0.559104 0.781009 -0.078697
v 0.559104 0.783756 -0.081738
v 0.565104 0.783871 -0.075675
v 0.612002 -0.142516 0.292941
v 0.615002 -0.142119 0.289474
v 0.612002 -0.145352 0.288159
v 0.565104 -0.142516 0.292941
v 0.565104 -0.145352 0.288159
v 0.562104 -0.142119 0.289474
v 0.562104 -0.152257 0.228772
v 0.562104 -0.153502 0.234215
v 0.615002 -0.150808 0.231968
v 0.612002 -0.152257 0.228772
v 0.612002 -0.153502 0.234215
v 0.562104 -0.146290 0.261869
v 0.565104 -0.149256 0.262317
v 0.559104 -0.149875 0.258221
v 0.559104 -0.147533 0.258860
v 0.615002 -0.146461 0.260739
v 0.612002 -0.149427 0.261187
v 0.562104 0.782082 -0.022021
v 0.565104 0.785089 -0.021638
v 0.562104 0.776440 -0.001869
v 0.565104 0.779119 -0.000310
v 0.562104 0.767825 0.006824
v 0.565104 0.769446 0.009450
v 0.562104 0.756737 0.010448
v 0.565104 0.757016 0.013513
v 0.562104 0.267155 -0.096643
v 0.562104 0.262329 -0.098977
v 0.612002 0.267147 -0.096634
v 0.612002 0.262320 -0.098968
v 0.615002 0.259940 -0.097141
v 0.615002 0.267193 -0.093634
v 0.562104 0.269299 -0.063582
v 0.559104 0.268688 -0.066647
v 0.532645 -0.266006 0.057344
v 0.535645 -0.265054 0.053969
v 0.538645 -0.165186 0.160785
v 0.535645 -0.167234 0.158589
v 0.532645 -0.169426 0.160638
v 0.538645 -0.165416 0.164927
v 0.612002 0.247916 -0.113823
v 0.615002 0.249436 -0.110823
v 0.612002 0.252743 -0.111443
v 0.538645 0.252758 -0.111443
v 0.532645 0.247225 -0.118650
v 0.535645 0.244846 -0.116823
v 0.538645 0.247931 -0.113823
v 0.562103 0.247931 -0.113823
v 0.562104 0.252757 -0.111443
v 0.562104 -0.165186 0.160785
v 0.562104 -0.165443 0.164951
v 0.615002 0.087288 0.098704
v 0.612002 0.088668 0.101376
v 0.615002 0.055515 0.122899
v 0.612002 0.057723 0.124941
v 0.615002 0.070301 0.109066
v 0.612002 0.072128 0.111465
v 0.562104 0.055373 0.123075
v 0.565104 0.057757 0.124898
v 0.562104 0.087089 0.098769
v 0.565104 0.088718 0.101337
v 0.565104 0.072162 0.111429
v 0.562104 0.070670 0.108776
v 0.559104 0.031371 0.039059
v 0.562104 0.032879 0.041734
v 0.615002 0.263330 0.023646
v 0.612002 0.264350 0.026472
v 0.615002 0.308177 0.014186
v 0.612002 0.308386 0.017183
v 0.612002 0.285987 0.020025
v 0.615002 0.285366 0.017080
v 0.562104 0.308158 0.014185
v 0.565104 0.308389 0.017182
v 0.562104 0.263312 0.023652
v 0.565104 0.264352 0.026470
v 0.565104 0.285991 0.020024
v 0.562104 0.285402 0.017072
v 0.587554 0.743229 0.008625
v 0.584554 0.743046 0.011628
v 0.587554 0.782082 -0.022021
v 0.584554 0.785089 -0.021638
v 0.584554 0.784008 -0.078768
v 0.587554 0.781013 -0.078514
v 0.584554 0.776502 -0.108384
v 0.587554 0.776888 -0.105810
v 0.584554 0.779933 -0.105739
v 0.587554 0.776440 -0.001869
v 0.584554 0.779119 -0.000310
v 0.584554 0.734000 -0.103798
v 0.587554 0.728415 -0.100595
v 0.587554 0.756737 0.010448
v 0.584554 0.757016 0.013513
v 0.587554 0.767825 0.006824
v 0.584554 0.769446 0.009450
v 0.615002 0.483507 0.011945
v 0.612002 0.485537 0.014919
v 0.613245 0.488939 0.011875
v 0.613245 0.488939 -0.096969
v 0.612002 0.485537 -0.099985
v 0.615002 0.483507 -0.096954
v 0.235480 0.118464 -0.269833
v 0.232480 0.120017 -0.272448
v 0.238480 0.203412 -0.171891
v 0.238480 0.208238 -0.169432
v 0.232480 0.202578 -0.176804
v 0.235480 0.200199 -0.174977
v 0.232480 0.145862 -0.250680
v 0.235480 0.143681 -0.248595
v 0.232480 0.088538 -0.284730
v 0.235480 0.087750 -0.281816
v 0.232480 -0.264803 -0.340247
v 0.235480 -0.264769 -0.337205
v 0.238480 -0.264841 -0.303605
v 0.235480 -0.264791 -0.306645
v 0.521525 0.208238 -0.169433
v 0.519993 0.203412 -0.171891
v 0.525115 0.204617 -0.169737
v 0.535645 0.214820 -0.155932
v 0.532645 0.216955 -0.158078
v 0.533524 0.211210 -0.161151
v 0.535645 0.169773 -0.157124
v 0.533524 0.167965 -0.162295
v 0.519993 0.167245 -0.172848
v 0.519993 0.161950 -0.170996
v 0.525115 0.164995 -0.170786
v 0.533524 0.027774 -0.048945
v 0.535645 0.024304 -0.045179
v 0.535645 0.036374 -0.044906
v 0.533524 0.033077 -0.048825
v 0.525115 0.028027 -0.060147
v 0.525115 0.033331 -0.060027
v 0.519993 0.032986 -0.062509
v 0.519993 0.028484 -0.062611
v 0.533524 -0.101944 -0.171624
v 0.535645 -0.107066 -0.171624
v 0.535645 -0.103105 -0.162588
v 0.533524 -0.099635 -0.166355
v 0.525115 -0.093535 -0.175310
v 0.525115 -0.091225 -0.170041
v 0.519993 -0.089208 -0.171066
v 0.519993 -0.091414 -0.176099
v 0.535645 -0.151059 -0.266964
v 0.533524 -0.148315 -0.271669
v 0.519993 -0.140752 -0.279042
v 0.519993 -0.145625 -0.281883
v 0.525115 -0.143810 -0.279396
v 0.535645 -0.107066 -0.214231
v 0.533524 -0.101944 -0.216086
v 0.519993 -0.093336 -0.222206
v 0.525115 -0.093535 -0.219133
v 0.519993 -0.091414 -0.216902
v 0.535645 -0.264805 -0.287688
v 0.533524 -0.264825 -0.292898
v 0.519993 -0.264841 -0.303605
v 0.525115 -0.264819 -0.301444
v 0.604365 0.158715 -0.113823
v 0.602992 0.153435 -0.111873
v 0.608114 0.156020 -0.111293
v 0.612002 0.170461 -0.113823
v 0.612881 0.163352 -0.111293
v 0.615002 0.170680 -0.110823
v 0.612002 -0.160551 0.170311
v 0.615002 -0.157084 0.169659
v 0.612881 -0.160539 0.165875
v 0.602993 -0.165186 0.160785
v 0.604749 -0.165443 0.164951
v 0.608114 -0.163754 0.162352
v 0.615002 -0.114910 0.310170
v 0.612002 -0.116489 0.312738
v 0.615002 -0.091713 0.306350
v 0.612002 -0.089488 0.308370
v 0.615002 -0.108835 0.313121
v 0.612002 -0.109590 0.316090
v 0.615002 -0.102526 0.313411
v 0.612002 -0.102037 0.316436
v 0.615002 -0.096630 0.311146
v 0.612002 -0.094978 0.313726
v 0.562104 -0.091713 0.306350
v 0.565104 -0.089488 0.308370
v 0.562104 -0.114910 0.310170
v 0.565104 -0.116489 0.312738
v 0.562104 -0.096630 0.311146
v 0.565104 -0.094978 0.313726
v 0.562104 -0.102526 0.313411
v 0.565104 -0.102037 0.316436
v 0.562104 -0.108835 0.313121
v 0.565104 -0.109590 0.316090
v 0.584554 0.527642 0.014380
v 0.587554 0.527912 0.011377
v 0.586960 0.520203 0.014476
v 0.589550 0.521740 0.011456
v 0.585259 0.523761 0.014430
v 0.588139 0.524693 0.011418
v 0.586960 0.520203 -0.100521
v 0.589550 0.521740 -0.097473
v 0.584554 0.527642 -0.100636
v 0.587554 0.527912 -0.097545
v 0.585259 0.523761 -0.100576
v 0.588139 0.524693 -0.097510
v 0.584588 0.728665 -0.048992
v 0.587554 0.732113 -0.048992
v 0.587554 0.729689 -0.056452
v 0.584588 0.726900 -0.054425
v 0.584588 0.726900 -0.033714
v 0.587554 0.729689 -0.031687
v 0.587554 0.732113 -0.039147
v 0.584588 0.728665 -0.039147
v 0.584589 0.716491 -0.065748
v 0.584588 0.721113 -0.062390
v 0.587554 0.723903 -0.064417
v 0.587554 0.717556 -0.069027
v 0.584589 0.716491 -0.022392
v 0.587554 0.717556 -0.019112
v 0.587554 0.723903 -0.023723
v 0.584588 0.721113 -0.025749
v 0.587554 0.704735 -0.073190
v 0.584590 0.704242 -0.069721
v 0.587554 0.707244 -0.015764
v 0.584590 0.704242 -0.018418
v 0.587554 0.680623 -0.073190
v 0.584590 0.675391 -0.069721
v 0.587554 0.598969 -0.073190
v 0.584590 0.599463 -0.069721
v 0.584590 0.599463 -0.018418
v 0.587554 0.594681 -0.015796
v 0.584588 0.582591 -0.025749
v 0.587554 0.579802 -0.023723
v 0.587554 0.585995 -0.018638
v 0.584589 0.587214 -0.022392
v 0.584588 0.582591 -0.062390
v 0.584589 0.587213 -0.065748
v 0.587554 0.586149 -0.069027
v 0.587554 0.579802 -0.064417
v 0.584588 0.575039 -0.039147
v 0.587554 0.571591 -0.039147
v 0.587554 0.574015 -0.031687
v 0.584588 0.576805 -0.033714
v 0.584588 0.576805 -0.054425
v 0.587554 0.574015 -0.056452
v -0.320135 -0.271840 0.017556
v -0.322945 -0.270948 0.014736
v -0.039005 -0.270712 -0.314714
v -0.041815 -0.270681 -0.312172
v -0.044625 -0.270749 -0.284092
v -0.041815 -0.270702 -0.286633
v -0.322945 -0.270715 -0.270791
v -0.320958 -0.270734 -0.275144
v -0.308286 -0.270749 -0.284092
v -0.313082 -0.270728 -0.282287
v 0.092292 -0.271846 0.017561
v 0.092292 -0.270712 -0.314714
v 0.587554 0.571591 -0.048992
v 0.584588 0.575039 -0.048992
v 0.612002 0.392018 -0.021936
v 0.612002 0.389018 -0.024936
v 0.615002 0.386018 -0.024936
v 0.615002 0.392018 -0.018936
v 0.613245 0.488939 -0.066128
v 0.615002 0.483507 -0.066128
v 0.612002 0.485536 -0.063128
v 0.602468 0.498735 -0.021936
v 0.604900 0.500492 -0.018936
v 0.597711 0.510443 -0.024936
v 0.599468 0.505011 -0.024936
v 0.615002 0.483507 -0.018936
v 0.613245 0.488939 -0.018936
v 0.612002 0.485536 -0.021936
v 0.602468 0.498735 -0.063128
v 0.599468 0.505011 -0.060128
v 0.597711 0.510443 -0.060128
v 0.604900 0.500492 -0.066128
v 0.612002 0.392018 -0.063128
v 0.615002 0.392018 -0.066128
v 0.615002 0.386018 -0.060128
v 0.612002 0.389018 -0.060128
v 0.504720 -0.271840 0.017556
v 0.507530 -0.270948 0.014736
v 0.223590 -0.270712 -0.314714
v 0.226400 -0.270681 -0.312172
v 0.229209 -0.270749 -0.284092
v 0.226400 -0.270702 -0.286633
v 0.507530 -0.270715 -0.270791
v 0.505543 -0.270734 -0.275144
v 0.492870 -0.270749 -0.284092
v 0.497667 -0.270728 -0.282287
v -0.381762 0.699259 -0.059418
v -0.381762 0.690704 -0.056639
v -0.381762 0.685417 -0.049361
v -0.381762 0.685417 -0.040366
v -0.381762 0.690704 -0.033089
v -0.381762 0.699259 -0.030310
v -0.381762 0.707814 -0.033089
v -0.381762 0.713101 -0.040366
v -0.381762 0.713101 -0.049361
v -0.381762 0.707814 -0.056639
v -0.400113 0.699259 -0.056680
v -0.397509 0.699259 -0.059418
v -0.397509 0.690704 -0.056639
v -0.400113 0.692313 -0.054423
v -0.397509 0.685417 -0.049361
v -0.400113 0.688021 -0.048515
v -0.397509 0.685417 -0.040366
v -0.400113 0.688021 -0.041213
v -0.397509 0.690704 -0.033089
v -0.400113 0.692313 -0.035305
v -0.397509 0.699259 -0.030310
v -0.400113 0.699259 -0.033048
v -0.397509 0.707814 -0.033089
v -0.400113 0.706204 -0.035305
v -0.397509 0.713101 -0.040366
v -0.400113 0.710496 -0.041213
v -0.397509 0.713101 -0.049361
v -0.400113 0.710496 -0.048515
v -0.397509 0.707814 -0.056639
v -0.400113 0.706204 -0.054423
v 0.566346 0.699259 -0.059418
v 0.566346 0.690704 -0.056639
v 0.566346 0.685417 -0.049361
v 0.566346 0.685417 -0.040366
v 0.566346 0.690704 -0.033089
v 0.566346 0.699259 -0.030310
v 0.566346 0.707814 -0.033089
v 0.566346 0.713101 -0.040366
v 0.566346 0.713101 -0.049361
v 0.566346 0.707814 -0.056639
v 0.584698 0.699259 -0.056680
v 0.582094 0.699259 -0.059418
v 0.582094 0.690704 -0.056639
v 0.584698 0.692313 -0.054423
v 0.582094 0.685417 -0.049361
v 0.584698 0.688021 -0.048515
v 0.582094 0.685417 -0.040366
v 0.584698 0.688021 -0.041213
v 0.582094 0.690704 -0.033089
v 0.584698 0.692313 -0.035305
v 0.582094 0.699259 -0.030310
v 0.584698 0.699259 -0.033048
v 0.582094 0.707814 -0.033089
v 0.584698 0.706204 -0.035305
v 0.582094 0.713101 -0.040366
v 0.584698 0.710496 -0.041213
v 0.582094 0.713101 -0.049361
v 0.584698 0.710496 -0.048515
v 0.582094 0.707814 -0.056639
v 0.584698 0.706204 -0.054423
v -0.381762 0.651919 -0.059418
v -0.381762 0.643364 -0.056639
v -0.381762 0.638077 -0.049361
v -0.381762 0.638077 -0.040366
v -0.381762 0.643364 -0.033089
v -0.381762 0.651919 -0.030310
v -0.381762 0.660474 -0.033089
v -0.381762 0.665761 -0.040366
v -0.381762 0.665761 -0.049361
v -0.381762 0.660474 -0.056639
v -0.400113 0.651919 -0.056680
v -0.397509 0.651919 -0.059418
v -0.397509 0.643364 -0.056639
v -0.400113 0.644974 -0.054423
v -0.397509 0.638077 -0.049361
v -0.400113 0.640681 -0.048515
v -0.397509 0.638077 -0.040366
v -0.400113 0.640681 -0.041213
v -0.397509 0.643364 -0.033089
v -0.400113 0.644974 -0.035305
v -0.397509 0.651919 -0.030310
v -0.400113 0.651919 -0.033048
v -0.397509 0.660474 -0.033089
v -0.400113 0.658864 -0.035305
v -0.397509 0.665761 -0.040366
v -0.400113 0.663157 -0.041213
v -0.397509 0.665761 -0.049361
v -0.400113 0.663157 -0.048515
v -0.397509 0.660474 -0.056639
v -0.400113 0.658864 -0.054423
v 0.566346 0.651919 -0.059418
v 0.566346 0.643364 -0.056639
v 0.566346 0.638077 -0.049361
v 0.566346 0.638077 -0.040366
v 0.566346 0.643364 -0.033089
v 0.566346 0.651919 -0.030310
v 0.566346 0.660474 -0.033089
v 0.566346 0.665761 -0.040366
v 0.566346 0.665761 -0.049361
v 0.566346 0.660474 -0.056639
v 0.584698 0.651919 -0.056680
v 0.582094 0.651919 -0.059418
v 0.582094 0.643364 -0.056639
v 0.584698 0.644974 -0.054423
v 0.582094 0.638077 -0.049361
v 0.584698 0.640681 -0.048515
v 0.582094 0.638077 -0.040366
v 0.584698 0.640681 -0.041213
v 0.582094 0.643364 -0.033089
v 0.584698 0.644974 -0.035305
v 0.582094 0.651919 -0.030310
v 0.584698 0.651919 -0.033048
v 0.582094 0.660474 -0.033089
v 0.584698 0.658864 -0.035305
v 0.582094 0.665761 -0.040366
v 0.584698 0.663156 -0.041213
v 0.582094 0.665761 -0.049361
v 0.584698 0.663156 -0.048515
v 0.582094 0.660474 -0.056639
v 0.584698 0.658864 -0.054423
v -0.381762 0.604579 -0.059418
v -0.381762 0.596024 -0.056639
v -0.381762 0.590737 -0.049361
v -0.381762 0.590737 -0.040366
v -0.381762 0.596024 -0.033089
v -0.381762 0.604579 -0.030310
v -0.381762 0.613134 -0.033089
v -0.381762 0.618421 -0.040366
v -0.381762 0.618421 -0.049361
v -0.381762 0.613134 -0.056639
v -0.400113 0.604579 -0.056680
v -0.397509 0.604579 -0.059418
v -0.397509 0.596024 -0.056639
v -0.400113 0.597634 -0.054423
v -0.397509 0.590737 -0.049361
v -0.400113 0.593342 -0.048515
v -0.397509 0.590737 -0.040366
v -0.400113 0.593342 -0.041213
v -0.397509 0.596024 -0.033089
v -0.400113 0.597634 -0.035305
v -0.397509 0.604579 -0.030310
v -0.400113 0.604579 -0.033048
v -0.397509 0.613134 -0.033089
v -0.400113 0.611524 -0.035305
v -0.397509 0.618421 -0.040366
v -0.400113 0.615817 -0.041213
v -0.397509 0.618421 -0.049361
v -0.400113 0.615817 -0.048515
v -0.397509 0.613134 -0.056639
v -0.400113 0.611524 -0.054423
v 0.566346 0.604579 -0.059418
v 0.566346 0.596024 -0.056639
v 0.566346 0.590737 -0.049361
v 0.566346 0.590737 -0.040366
v 0.566346 0.596024 -0.033089
v 0.566346 0.604579 -0.030310
v 0.566346 0.613134 -0.033089
v 0.566346 0.618421 -0.040366
v 0.566346 0.618421 -0.049361
v 0.566346 0.613134 -0.056639
v 0.584698 0.604579 -0.056680
v 0.582094 0.604579 -0.059418
v 0.582094 0.596024 -0.056639
v 0.584698 0.597634 -0.054423
v 0.582094 0.590737 -0.049361
v 0.584698 0.593342 -0.048515
v 0.582094 0.590737 -0.040366
v 0.584698 0.593342 -0.041213
v 0.582094 0.596024 -0.033089
v 0.584698 0.597634 -0.035305
v 0.582094 0.604579 -0.030310
v 0.584698 0.604579 -0.033048
v 0.582094 0.613134 -0.033089
v 0.584698 0.611524 -0.035305
v 0.582094 0.618421 -0.040366
v 0.584698 0.615817 -0.041213
v 0.582094 0.618421 -0.049361
v 0.584698 0.615817 -0.048515
v 0.582094 0.613134 -0.056639
v 0.584698 0.611524 -0.054423
v -0.436825 0.156377 -0.080926
v -0.436825 0.153426 -0.069698
v -0.436825 0.156485 -0.058500
v -0.436825 0.164733 -0.050331
v -0.436825 0.175960 -0.047381
v -0.436825 0.187158 -0.050439
v -0.436825 0.195327 -0.058687
v -0.436825 0.198277 -0.069914
v -0.436825 0.195219 -0.081113
v -0.436825 0.186971 -0.089281
v -0.436825 0.175744 -0.092232
v -0.436825 0.164545 -0.089173
v -0.428916 0.150968 -0.084014
v -0.428916 0.147198 -0.069668
v -0.428916 0.151106 -0.055360
v -0.428916 0.161645 -0.044923
v -0.428916 0.175990 -0.041153
v -0.428916 0.190298 -0.045061
v -0.428916 0.200735 -0.055599
v -0.428916 0.204505 -0.069945
v -0.428916 0.200597 -0.084253
v -0.428916 0.190059 -0.094690
v -0.428916 0.175714 -0.098460
v -0.428916 0.161406 -0.094552
v -0.451222 0.158552 -0.079683
v -0.448803 0.156377 -0.080926
v -0.451222 0.155931 -0.069710
v -0.448803 0.153426 -0.069698
v -0.451222 0.158648 -0.059763
v -0.448803 0.156485 -0.058500
v -0.451222 0.165975 -0.052507
v -0.448803 0.164733 -0.050331
v -0.451222 0.175948 -0.049886
v -0.448803 0.175960 -0.047381
v -0.451222 0.185895 -0.052603
v -0.448803 0.187158 -0.050439
v -0.451222 0.193151 -0.059929
v -0.448803 0.195327 -0.058687
v -0.451222 0.195772 -0.069902
v -0.448803 0.198277 -0.069914
v -0.451222 0.193055 -0.079850
v -0.448803 0.195219 -0.081113
v -0.451222 0.185729 -0.087106
v -0.448803 0.186971 -0.089281
v -0.451222 0.175756 -0.089727
v -0.448803 0.175744 -0.092232
v -0.451222 0.165808 -0.087010
v -0.448803 0.164545 -0.089173
v -0.436825 0.152565 -0.083102
v -0.435049 0.150968 -0.084014
v -0.435049 0.147198 -0.069668
v -0.436825 0.149037 -0.069677
v -0.435049 0.151106 -0.055360
v -0.436825 0.152694 -0.056287
v -0.435049 0.161645 -0.044923
v -0.436825 0.162556 -0.046519
v -0.435049 0.175990 -0.041153
v -0.436825 0.175981 -0.042991
v -0.435049 0.190298 -0.045061
v -0.436825 0.189371 -0.046649
v -0.435049 0.200735 -0.055599
v -0.436825 0.199139 -0.056511
v -0.435049 0.204505 -0.069945
v -0.436825 0.202667 -0.069936
v -0.435049 0.200597 -0.084253
v -0.436825 0.199010 -0.083326
v -0.435049 0.190059 -0.094690
v -0.436825 0.189147 -0.093094
v -0.435049 0.175714 -0.098460
v -0.436825 0.175723 -0.096621
v -0.435049 0.161406 -0.094552
v -0.436825 0.162332 -0.092964
v 0.621409 0.156377 -0.080926
v 0.621409 0.153426 -0.069698
v 0.621409 0.156485 -0.058500
v 0.621409 0.164733 -0.050331
v 0.621409 0.175960 -0.047381
v 0.621409 0.187158 -0.050439
v 0.621409 0.195327 -0.058687
v 0.621409 0.198277 -0.069915
v 0.621409 0.195219 -0.081113
v 0.621409 0.186971 -0.089281
v 0.621409 0.175744 -0.092232
v 0.621409 0.164545 -0.089173
v 0.613501 0.150968 -0.084014
v 0.613501 0.147198 -0.069668
v 0.613501 0.151106 -0.055360
v 0.613501 0.161645 -0.044923
v 0.613501 0.175990 -0.041153
v 0.613501 0.190298 -0.045061
v 0.613501 0.200735 -0.055599
v 0.613501 0.204505 -0.069945
v 0.613501 0.200597 -0.084253
v 0.613501 0.190059 -0.094690
v 0.613501 0.175714 -0.098460
v 0.613501 0.161406 -0.094552
v 0.635807 0.158552 -0.079683
v 0.633387 0.156377 -0.080926
v 0.635807 0.155931 -0.069710
v 0.633387 0.153426 -0.069698
v 0.635807 0.158648 -0.059763
v 0.633387 0.156485 -0.058500
v 0.635807 0.165975 -0.052507
v 0.633387 0.164733 -0.050331
v 0.635807 0.175948 -0.049886
v 0.633387 0.175960 -0.047381
v 0.635807 0.185895 -0.052603
v 0.633387 0.187158 -0.050439
v 0.635807 0.193151 -0.059929
v 0.633387 0.195327 -0.058687
v 0.635807 0.195772 -0.069902
v 0.633387 0.198277 -0.069915
v 0.635807 0.193055 -0.079850
v 0.633387 0.195219 -0.081113
v 0.635807 0.185729 -0.087106
v 0.633387 0.186971 -0.089281
v 0.635807 0.175756 -0.089727
v 0.633387 0.175744 -0.092232
v 0.635807 0.165808 -0.087010
v 0.633387 0.164545 -0.089173
v 0.621409 0.152565 -0.083102
v 0.619634 0.150968 -0.084014
v 0.619634 0.147198 -0.069668
v 0.621409 0.149037 -0.069677
v 0.619634 0.151106 -0.055360
v 0.621409 0.152694 -0.056287
v 0.619634 0.161645 -0.044923
v 0.621409 0.162556 -0.046519
v 0.619634 0.175990 -0.041153
v 0.621409 0.175981 -0.042991
v 0.619634 0.190298 -0.045061
v 0.621409 0.189371 -0.046649
v 0.619634 0.200735 -0.055599
v 0.621409 0.199139 -0.056511
v 0.619634 0.204505 -0.069945
v 0.621409 0.202667 -0.069936
v 0.619634 0.200597 -0.084253
v 0.621409 0.199010 -0.083326
v 0.619634 0.190059 -0.094690
v 0.621409 0.189147 -0.093094
v 0.619634 0.175714 -0.098460
v 0.621409 0.175723 -0.096621
v 0.619634 0.161406 -0.094552
v 0.621409 0.162332 -0.092964
v -0.436825 -0.126559 0.245000
v -0.436825 -0.129509 0.256227
v -0.436825 -0.126451 0.267426
v -0.436825 -0.118203 0.275594
v -0.436825 -0.106976 0.278545
v -0.436825 -0.095778 0.275486
v -0.436825 -0.087609 0.267239
v -0.436825 -0.084658 0.256011
v -0.436825 -0.087717 0.244813
v -0.436825 -0.095965 0.236644
v -0.436825 -0.107192 0.233694
v -0.436825 -0.118390 0.236752
v -0.428916 -0.131967 0.241912
v -0.428916 -0.135737 0.256257
v -0.428916 -0.131829 0.270566
v -0.428916 -0.121291 0.281003
v -0.428916 -0.106946 0.284773
v -0.428916 -0.092638 0.280865
v -0.428916 -0.082200 0.270326
v -0.428916 -0.078431 0.255981
v -0.428916 -0.082338 0.241673
v -0.428916 -0.092877 0.231236
v -0.428916 -0.107222 0.227466
v -0.428916 -0.121530 0.231374
v -0.451222 -0.124383 0.246242
v -0.448803 -0.126559 0.245000
v -0.451222 -0.127004 0.256215
v -0.448803 -0.129509 0.256227
v -0.451222 -0.124287 0.266163
v -0.448803 -0.126451 0.267426
v -0.451222 -0.116961 0.273419
v -0.448803 -0.118203 0.275594
v -0.451222 -0.106988 0.276040
v -0.448803 -0.106976 0.278545
v -0.451222 -0.097041 0.273323
v -0.448803 -0.095778 0.275486
v -0.451222 -0.089784 0.265996
v -0.448803 -0.087609 0.267239
v -0.451222 -0.087164 0.256023
v -0.448803 -0.084658 0.256011
v -0.451222 -0.089880 0.246076
v -0.448803 -0.087717 0.244813
v -0.451222 -0.097207 0.238820
v -0.448803 -0.095965 0.236644
v -0.451222 -0.107180 0.236199
v -0.448803 -0.107192 0.233694
v -0.451222 -0.117127 0.238916
v -0.448803 -0.118390 0.236752
v -0.436825 -0.130371 0.242824
v -0.435049 -0.131967 0.241912
v -0.435049 -0.135737 0.256257
v -0.436825 -0.133899 0.256249
v -0.435049 -0.131829 0.270566
v -0.436825 -0.130242 0.269639
v -0.435049 -0.121291 0.281003
v -0.436825 -0.120379 0.279406
v -0.435049 -0.106946 0.284773
v -0.436825 -0.106955 0.282934
v -0.435049 -0.092638 0.280865
v -0.436825 -0.093564 0.279277
v -0.435049 -0.082200 0.270326
v -0.436825 -0.083797 0.269415
v -0.435049 -0.078431 0.255981
v -0.436825 -0.080269 0.255990
v -0.435049 -0.082338 0.241673
v -0.436825 -0.083926 0.242600
v -0.435049 -0.092877 0.231236
v -0.436825 -0.093788 0.232832
v -0.435049 -0.107222 0.227466
v -0.436825 -0.107213 0.229304
v -0.435049 -0.121530 0.231374
v -0.436825 -0.120603 0.232962
v 0.621409 -0.126559 0.245000
v 0.621409 -0.129509 0.256227
v 0.621409 -0.126451 0.267426
v 0.621409 -0.118203 0.275594
v 0.621409 -0.106976 0.278545
v 0.621409 -0.095777 0.275486
v 0.621409 -0.087609 0.267238
v 0.621409 -0.084658 0.256011
v 0.621409 -0.087717 0.244813
v 0.621409 -0.095965 0.236644
v 0.621409 -0.107192 0.233694
v 0.621409 -0.118390 0.236752
v 0.613501 -0.131967 0.241912
v 0.613501 -0.135737 0.256257
v 0.613501 -0.131829 0.270566
v 0.613501 -0.121291 0.281003
v 0.613501 -0.106946 0.284773
v 0.613501 -0.092638 0.280865
v 0.613501 -0.082200 0.270326
v 0.613501 -0.078431 0.255981
v 0.613501 -0.082338 0.241673
v 0.613501 -0.092877 0.231236
v 0.613501 -0.107222 0.227466
v 0.613501 -0.121530 0.231374
v 0.635807 -0.124383 0.246242
v 0.633387 -0.126559 0.245000
v 0.635807 -0.127004 0.256215
v 0.633387 -0.129509 0.256227
v 0.635807 -0.124287 0.266163
v 0.633387 -0.126451 0.267426
v 0.635807 -0.116961 0.273419
v 0.633387 -0.118203 0.275594
v 0.635807 -0.106988 0.276040
v 0.633387 -0.106976 0.278545
v 0.635807 -0.097041 0.273323
v 0.633387 -0.095777 0.275486
v 0.635807 -0.089784 0.265996
v 0.633387 -0.087609 0.267238
v 0.635807 -0.087163 0.256023
v 0.633387 -0.084658 0.256011
v 0.635807 -0.089880 0.246076
v 0.633387 -0.087717 0.244813
v 0.635807 -0.097207 0.238820
v 0.633387 -0.095965 0.236644
v 0.635807 -0.107180 0.236199
v 0.633387 -0.107192 0.233694
v 0.635807 -0.117127 0.238916
v 0.633387 -0.118390 0.236752
v 0.621409 -0.130371 0.242824
v 0.619634 -0.131967 0.241912
v 0.619634 -0.135737 0.256257
v 0.621409 -0.133899 0.256249
v 0.619634 -0.131829 0.270566
v 0.621409 -0.130242 0.269639
v 0.619634 -0.121291 0.281003
v 0.621409 -0.120379 0.279406
v 0.619634 -0.106946 0.284773
v 0.621409 -0.106955 0.282934
v 0.619634 -0.092638 0.280865
v 0.621409 -0.093564 0.279277
v 0.619634 -0.082200 0.270326
v 0.621409 -0.083797 0.269415
v 0.619634 -0.078431 0.255981
v 0.621409 -0.080269 0.255990
v 0.619634 -0.082338 0.241673
v 0.621409 -0.083926 0.242600
v 0.619634 -0.092877 0.231236
v 0.621409 -0.093788 0.232832
v 0.619634 -0.107222 0.227466
v 0.621409 -0.107213 0.229304
v 0.619634 -0.121530 0.231374
v 0.621409 -0.120603 0.232961
v 0.562104 0.527642 -0.100635
v 0.092292 0.527642 -0.100635
v -0.377519 0.527642 -0.100635
v 0.565104 0.520203 0.014476
v 0.562104 0.519529 0.011484
v 0.562104 0.501386 -0.069042
v 0.559104 0.500696 -0.072104
v 0.092292 0.500696 -0.072104
v -0.374519 0.500696 -0.072104
v -0.377519 0.501386 -0.069042
v -0.377519 0.519529 0.011484
v -0.380519 0.520203 0.014476
vn -0.2257 0.9718 -0.0680
vn -0.2385 0.9675 0.0845
vn -0.2385 0.9675 -0.0845
vn -0.2458 0.0245 -0.9690
vn -0.2438 0.0223 -0.9696
vn -0.2806 0.0234 -0.9595
vn -0.5001 0.6829 -0.5325
vn -0.5879 0.7078 -0.3917
vn -0.5976 0.5901 -0.5428
vn -0.5001 -0.6829 -0.5326
vn -0.5879 -0.7078 -0.3917
vn -0.5000 -0.7175 -0.4849
vn -0.6822 0.4239 0.5958
vn -0.9333 0.3415 0.1109
vn -0.9354 0.2018 0.2904
vn -0.9999 0.0117 0.0038
vn -0.9999 0.0073 0.0111
vn -0.5879 -0.7078 0.3917
vn -0.5000 -0.6829 0.5326
vn -0.5001 -0.7175 0.4849
vn -0.4941 -0.2923 0.8188
vn -0.5330 -0.0286 0.8456
vn -0.7043 -0.0225 0.7096
vn -0.7043 0.0225 0.7096
vn -0.9501 0.0065 0.3120
vn -0.9964 0.0011 0.0848
vn -0.9999 -0.0117 0.0038
vn -0.9354 -0.2018 0.2904
vn -0.9999 -0.0073 0.0111
vn -0.5839 -0.7721 0.2509
vn -0.5852 -0.4711 0.6600
vn -0.5330 -0.0286 -0.8456
vn -0.7043 0.0224 -0.7096
vn -0.5330 0.0286 -0.8456
vn -0.5839 -0.7721 -0.2509
vn -0.6804 -0.6970 -0.2265
vn -0.5852 -0.4711 -0.6600
vn -0.9501 -0.0065 0.3120
vn -0.9964 -0.0011 0.0848
vn -0.7043 -0.0225 -0.7096
vn -0.4941 -0.2924 -0.8188
vn -0.5001 -0.8655 -0.0295
vn -0.5879 -0.8029 0.0991
vn -0.5001 -0.8655 0.0294
vn -0.9501 -0.0065 -0.3120
vn -0.9501 0.0065 -0.3120
vn -0.9354 -0.2018 -0.2904
vn -0.9999 -0.0073 -0.0111
vn -0.9964 -0.0011 -0.0848
vn -0.5056 -0.0275 -0.8624
vn -0.5097 0.0266 -0.8599
vn -0.4940 0.2923 -0.8188
vn -0.6137 0.3298 -0.7173
vn -0.6821 -0.4240 -0.5958
vn -0.9333 -0.3414 -0.1109
vn -0.9999 -0.0117 -0.0038
vn -0.6804 -0.6970 0.2265
vn -0.5852 0.4711 -0.6600
vn -0.6822 0.4239 -0.5958
vn -0.6804 0.6970 -0.2265
vn -0.9333 -0.3414 0.1109
vn -0.6822 -0.4239 0.5958
vn -0.9354 0.2018 -0.2904
vn -0.9999 0.0073 -0.0111
vn -0.0105 0.6642 -0.7475
vn -0.0076 0.6875 -0.7261
vn -0.0076 0.6640 -0.7477
vn -0.9333 0.3414 -0.1109
vn -0.9999 0.0117 -0.0038
vn -0.5879 0.7078 0.3917
vn -0.5001 0.6829 0.5326
vn -0.5879 0.5912 0.5521
vn -0.6804 0.6970 0.2265
vn 0.8201 0.5711 0.0366
vn 0.8230 0.5680 0.0062
vn 0.8206 0.5704 -0.0366
vn -0.9964 0.0011 -0.0848
vn -0.4178 -0.0495 0.9072
vn -0.0102 0.9988 -0.0479
vn -0.0072 0.9991 -0.0414
vn -0.0079 0.9988 -0.0482
vn -0.0611 0.6046 0.7942
vn 0.0603 0.7715 0.6333
vn 0.0614 0.6057 0.7933
vn -0.0089 -0.7798 0.6260
vn 0.0008 -0.7344 0.6787
vn -0.0005 -0.7443 0.6678
vn 0.9995 0.0006 0.0327
vn 0.9993 0.0058 0.0364
vn 0.9993 0.0054 0.0364
vn -1.0000 0.0003 0.0005
vn -1.0000 0.0068 0.0055
vn -1.0000 -0.0009 0.0013
vn -0.0000 -0.0421 -0.9991
vn -0.0000 -0.0229 -0.9997
vn -0.0000 -0.0420 -0.9991
vn -0.0000 -0.9968 0.0803
vn 0.0007 -0.9739 0.2269
vn -0.0000 -0.9967 0.0813
vn 1.0000 -0.0005 0.0021
vn 1.0000 -0.0036 0.0051
vn 1.0000 0.0011 0.0019
vn -0.0007 -0.7333 0.6799
vn -0.0058 -0.7327 0.6805
vn -0.1323 0.8856 0.4452
vn 0.1301 0.5257 0.8406
vn 0.1323 0.8856 0.4452
vn -0.1300 0.5257 0.8406
vn 0.1320 0.0809 0.9879
vn -0.0367 -0.0152 -0.9992
vn -0.0000 -0.0172 -0.9999
vn 0.0001 -0.8698 -0.4934
vn -0.0533 -0.8539 -0.5177
vn -0.0600 -0.8689 -0.4914
vn -0.9999 -0.0128 -0.0074
vn -1.0000 -0.0027 -0.0036
vn -1.0000 0.0029 -0.0034
vn -0.1315 0.9894 0.0618
vn 0.1304 0.9895 0.0621
vn -0.0004 0.7857 -0.6187
vn -0.0008 0.7855 -0.6189
vn -0.0032 0.7930 -0.6092
vn -0.0570 -0.9757 0.2117
vn 0.0328 -0.9876 0.1538
vn 0.0549 -0.9758 0.2119
vn -0.0000 -0.8559 -0.5171
vn -0.0000 -0.8698 -0.4933
vn -0.0396 -0.0188 -0.9990
vn -0.0397 -0.0028 -0.9992
vn -0.0000 0.0256 -0.9997
vn 0.0564 -0.6462 0.7611
vn -0.0608 -0.5741 0.8165
vn -0.0564 -0.6462 0.7611
vn -0.0602 0.3804 0.9229
vn 0.0606 0.4036 0.9129
vn 0.0605 0.3804 0.9229
vn -0.0603 0.7715 0.6333
vn 0.0601 0.7761 0.6278
vn -0.0509 -0.9946 0.0907
vn -1.0000 -0.0047 -0.0005
vn -1.0000 -0.0041 -0.0022
vn -0.9998 0.0212 0.0013
vn -0.0387 0.0210 0.9990
vn 0.0609 0.2060 0.9767
vn 0.0843 0.0206 0.9962
vn -0.0212 0.5106 -0.8596
vn -0.0000 0.1735 -0.9848
vn -0.0211 0.1735 -0.9846
vn 0.0011 0.9990 -0.0440
vn -0.0000 0.9657 -0.2598
vn 0.0001 0.9661 -0.2580
vn 0.0067 0.0984 0.9951
vn -0.0000 0.1552 0.9879
vn -0.0000 0.0984 0.9951
vn -0.0000 -0.0174 -0.9998
vn 0.0001 -0.0099 -1.0000
vn -0.1320 0.0809 0.9879
vn 0.0869 0.0097 0.9962
vn -0.0075 -0.6349 -0.7725
vn -0.0105 -0.6304 -0.7762
vn -0.0077 -0.6303 -0.7764
vn -0.9997 0.0041 -0.0228
vn -1.0000 0.0037 -0.0033
vn -1.0000 0.0039 -0.0031
vn -0.0108 0.7832 -0.6217
vn -0.0074 0.7522 -0.6589
vn -0.0074 0.7831 -0.6219
vn -0.0108 0.0219 -0.9997
vn -0.0074 0.1941 -0.9809
vn -0.0108 0.1942 -0.9809
vn -0.0105 -0.0217 -0.9997
vn -0.0073 0.0826 -0.9966
vn -0.0104 0.0834 -0.9965
vn -0.8021 -0.3195 -0.5045
vn -0.6219 -0.4923 -0.6090
vn -0.7934 -0.3814 -0.4745
vn -0.7925 0.4197 -0.4425
vn -0.6233 0.5181 -0.5857
vn -0.6190 0.5401 -0.5703
vn -0.8035 0.5385 -0.2538
vn -0.6240 0.7806 -0.0369
vn -0.6338 0.6983 -0.3326
vn -0.5702 -0.5302 -0.6275
vn -0.8227 -0.3744 -0.4279
vn -0.8179 -0.3699 -0.4406
vn -0.6156 -0.1031 -0.7813
vn -0.8038 0.2551 -0.5374
vn -0.6340 0.3329 -0.6981
vn 0.0608 -0.5742 0.8165
vn -0.0574 -0.2476 0.9672
vn -0.0447 -0.6459 -0.7621
vn -0.0449 -0.6518 -0.7571
vn -0.0000 -0.6557 -0.7550
vn 0.0576 0.5400 0.8397
vn -0.0601 0.7761 0.6277
vn -0.0576 0.5386 0.8406
vn 0.0567 0.1595 0.9856
vn -0.0567 0.1594 0.9856
vn -0.9512 0.3072 -0.0299
vn -0.9995 0.0037 0.0328
vn -0.9977 0.0061 -0.0669
vn 0.0574 -0.2460 0.9676
vn -0.1227 0.9903 -0.0656
vn -0.5845 -0.0000 0.8114
vn -0.8206 0.5704 -0.0366
vn -0.9494 0.3128 0.0299
vn -0.8230 0.5680 0.0062
vn -0.8230 0.5680 -0.0062
vn -0.8201 0.5710 0.0366
vn -0.0609 0.2061 0.9766
vn -0.0454 0.0129 0.9989
vn -0.0016 0.0133 0.9999
vn 0.0856 0.0153 0.9962
vn -1.0000 0.0060 0.0008
vn -1.0000 0.0053 0.0029
vn -0.5879 0.8029 -0.0991
vn -0.5001 0.8655 0.0294
vn -0.5878 0.8029 0.0991
vn -0.5852 0.4711 0.6600
vn -0.5840 0.7720 -0.2509
vn -0.5839 0.7721 0.2509
vn -0.4940 0.2924 0.8188
vn -0.5510 0.0327 0.8339
vn -0.5893 0.3266 0.7389
vn -0.2459 0.0245 0.9690
vn -0.2438 0.0223 0.9696
vn -0.2226 0.0323 0.9744
vn -0.0213 0.0850 -0.9962
vn -0.0000 0.0855 -0.9963
vn -0.0066 0.7823 -0.6229
vn -0.0000 0.5107 -0.8598
vn -0.6014 0.0746 -0.7954
vn -0.6304 -0.4172 -0.6547
vn 0.9994 0.0126 0.0308
vn 0.9995 0.0132 0.0300
vn 0.9992 0.0243 0.0311
vn -0.0000 0.6160 0.7877
vn 0.0068 0.1552 0.9879
vn 0.0066 0.6160 0.7877
vn -0.0000 0.7706 0.6373
vn -0.1039 -0.0459 -0.9935
vn 0.0887 0.9945 -0.0557
vn -0.0001 0.7911 -0.6116
vn -0.0617 0.7147 -0.6967
vn -0.0000 0.7796 -0.6263
vn 0.0509 -0.9946 0.0907
vn 0.0594 -0.9870 0.1492
vn -0.0328 -0.9876 0.1538
vn 1.0000 0.0046 -0.0057
vn 0.0105 -0.0217 -0.9997
vn 1.0000 -0.0001 -0.0026
vn 0.5728 -0.5377 -0.6187
vn 0.0577 -0.7434 0.6663
vn 0.0089 -0.7798 0.6260
vn 0.5879 -0.8029 0.0991
vn 1.0000 -0.0041 0.0022
vn 1.0000 -0.0046 0.0006
vn 0.9354 -0.2018 0.2904
vn 0.7043 -0.0224 0.7096
vn 0.6822 -0.4239 0.5958
vn 0.1040 -0.0459 -0.9935
vn 0.1037 0.9692 -0.2232
vn 0.9999 0.0064 -0.0140
vn 0.9999 -0.0117 0.0038
vn 0.9333 -0.3414 -0.1109
vn 0.9999 -0.0117 -0.0038
vn 0.0211 0.1735 -0.9846
vn 1.0000 0.0021 -0.0035
vn 0.9997 0.0040 -0.0229
vn 0.2806 0.0234 -0.9595
vn 0.8201 0.5720 -0.0153
vn 0.2438 0.0223 -0.9696
vn -0.0869 0.0097 0.9962
vn -1.0000 0.0001 0.0019
vn -0.9995 0.0003 0.0321
vn 0.7925 0.4197 -0.4425
vn 1.0000 0.0029 -0.0034
vn 1.0000 0.0032 -0.0032
vn 0.8126 0.5825 0.0204
vn 0.9969 0.0150 0.0774
vn 0.2806 0.0234 0.9595
vn 0.9501 0.0065 0.3120
vn 0.9999 0.0073 0.0111
vn 0.9354 0.2018 0.2904
vn 0.9999 -0.0073 0.0111
vn 0.5879 0.7078 0.3917
vn 0.5001 0.8655 0.0294
vn 0.5879 0.8029 0.0991
vn 0.7043 0.0225 -0.7096
vn 0.5330 -0.0286 -0.8456
vn 0.5330 0.0286 -0.8456
vn 0.8035 0.5385 -0.2538
vn 0.6240 0.7806 -0.0369
vn 0.7939 0.6073 -0.0304
vn 0.9999 0.0073 -0.0111
vn 0.9501 0.0065 -0.3120
vn 0.9354 0.2018 -0.2904
vn -1.0000 0.0010 0.0016
vn 0.4941 -0.2924 0.8188
vn 0.5852 -0.4711 0.6600
vn 0.0004 0.7857 -0.6187
vn 0.0073 0.0826 -0.9966
vn 0.0104 0.0834 -0.9965
vn 0.2459 0.0245 0.9690
vn 0.2385 0.9675 0.0844
vn 0.2226 0.0323 0.9744
vn 0.6233 0.5181 -0.5857
vn 0.0077 -0.6303 -0.7763
vn 0.6219 -0.4924 -0.6090
vn -0.0011 0.9990 -0.0441
vn -0.0887 0.9945 -0.0558
vn 0.1227 0.9903 -0.0656
vn 0.0074 0.1942 -0.9809
vn 0.0108 0.0220 -0.9997
vn 0.0108 0.1942 -0.9809
vn 0.5001 -0.6829 -0.5325
vn 0.5879 -0.7078 -0.3917
vn 0.5879 -0.5912 -0.5521
vn 0.9999 0.0117 0.0038
vn 0.4941 0.2924 -0.8188
vn 0.9999 -0.0080 -0.0071
vn 0.8179 -0.3699 -0.4406
vn 0.9999 -0.0069 -0.0110
vn 1.0000 -0.0011 0.0012
vn 0.0608 -0.5741 0.8165
vn 0.9501 -0.0065 0.3120
vn 0.9964 0.0011 0.0848
vn 0.5097 0.0266 -0.8599
vn 0.6157 -0.1031 -0.7812
vn 0.0077 0.0213 -0.9997
vn 0.0396 -0.0188 -0.9990
vn 1.0000 0.0013 -0.0041
vn 0.0407 0.0095 -0.9991
vn 0.5001 -0.8655 -0.0294
vn 0.5879 -0.8029 -0.0991
vn 0.8201 0.5720 0.0153
vn 0.2439 0.0223 0.9696
vn 0.9995 0.0037 0.0328
vn 0.0466 0.0096 0.9989
vn 0.0454 0.0129 0.9989
vn 0.9354 -0.2018 -0.2904
vn 0.9999 -0.0072 -0.0110
vn -0.0001 0.9661 -0.2580
vn 0.4941 0.2924 0.8188
vn 0.5852 0.4711 0.6600
vn 0.5001 0.6829 0.5325
vn 1.0000 0.0008 0.0065
vn 0.0387 0.0210 0.9990
vn 1.0000 0.0002 0.0072
vn 1.0000 -0.0022 0.0004
vn 0.0617 0.7147 -0.6967
vn 0.0001 0.7911 -0.6116
vn 1.0000 -0.0041 -0.0022
vn 0.0376 -0.0081 -0.9993
vn 1.0000 0.0006 -0.0079
vn 1.0000 -0.0000 -0.0081
vn 0.0081 0.0184 0.9998
vn 0.9509 0.3079 0.0299
vn 0.0017 0.0132 0.9999
vn 0.0570 -0.9757 0.2117
vn 1.0000 -0.0018 0.0012
vn 0.0006 -0.7344 0.6787
vn 0.0306 -0.6534 -0.7564
vn 1.0000 0.0036 0.0058
vn 1.0000 0.0006 0.0070
vn -0.9994 0.0275 0.0224
vn -0.0603 0.7715 0.6334
vn -0.9993 0.0288 0.0237
vn -0.0549 -0.9758 0.2119
vn 0.8038 0.2551 -0.5374
vn 0.6340 0.3329 -0.6981
vn 0.0611 0.6043 0.7944
vn -0.0614 0.6047 0.7941
vn 1.0000 0.0014 -0.0023
vn 0.0032 0.7930 -0.6092
vn 0.4941 -0.2924 -0.8188
vn 0.7043 -0.0224 -0.7096
vn 0.5852 -0.4711 -0.6600
vn 0.0345 0.0176 -0.9993
vn 0.0507 0.7188 -0.6933
vn 1.0000 0.0005 -0.0032
vn 0.0602 0.4036 0.9129
vn 1.0000 0.0030 0.0072
vn 0.0602 0.3804 0.9229
vn 1.0000 0.0014 -0.0001
vn 0.5509 0.0327 0.8339
vn 0.5893 0.3266 0.7390
vn 0.5879 -0.5912 0.5521
vn 0.5893 -0.3265 0.7390
vn 0.0397 -0.0027 -0.9992
vn -0.9992 0.0244 0.0311
vn -0.9995 0.0133 0.0299
vn -0.9994 0.0126 0.0307
vn 0.0448 -0.6518 -0.7571
vn 0.9999 -0.0094 -0.0110
vn 0.0447 -0.6459 -0.7621
vn 0.7043 0.0225 0.7096
vn 0.6822 0.4239 0.5958
vn 0.5001 0.6829 -0.5326
vn 0.5852 0.4711 -0.6600
vn 1.0000 0.0025 -0.0011
vn 0.9999 0.0117 -0.0038
vn 0.9333 0.3414 -0.1109
vn 0.0213 0.0850 -0.9962
vn 0.2458 0.0245 -0.9690
vn 0.2385 0.9675 -0.0845
vn 0.2257 0.9718 -0.0680
vn 0.0111 0.9991 -0.0418
vn 0.0074 0.7831 -0.6219
vn 0.0108 0.7831 -0.6217
vn 0.0367 -0.0152 -0.9992
vn 0.5879 0.7078 -0.3917
vn 0.5976 0.5901 -0.5428
vn 0.1315 0.9894 0.0618
vn -0.1301 0.5257 0.8407
vn -1.0000 0.0022 0.0011
vn -0.0060 0.7706 0.6373
vn -0.0066 0.6160 0.7877
vn -0.9992 0.0276 0.0272
vn 1.0000 0.0040 -0.0031
vn 0.0108 0.7520 -0.6591
vn 1.0000 0.0037 -0.0033
vn 0.9512 0.3072 -0.0299
vn 0.0068 -0.0106 -0.9999
vn 0.0015 -0.0149 -0.9999
vn 0.5001 -0.7175 0.4849
vn 0.5879 -0.7078 0.3917
vn -1.0000 0.0020 0.0026
vn -0.0605 0.4037 0.9129
vn 0.0576 0.5399 0.8397
vn 1.0000 -0.0000 0.0005
vn 1.0000 0.0005 0.0003
vn 0.0403 -0.0207 -0.9990
vn 1.0000 -0.0034 0.0032
vn 1.0000 0.0068 0.0055
vn 0.5845 -0.0000 0.8114
vn 0.5330 -0.0286 0.8456
vn 0.5330 0.0286 0.8456
vn 0.5001 0.7175 -0.4849
vn 0.9968 0.0250 0.0754
vn 0.2257 0.9718 0.0680
vn 0.0212 0.5106 -0.8596
vn -0.0066 0.0292 0.9996
vn -0.0000 0.9992 -0.0399
vn 0.0001 0.0294 0.9996
vn 0.6804 -0.6970 0.2265
vn 0.7948 0.4009 -0.4556
vn 1.0000 -0.0027 -0.0036
vn 0.9501 -0.0065 -0.3120
vn 0.4178 -0.0495 0.9072
vn 1.0000 -0.0022 0.0051
vn 1.0000 0.0016 -0.0002
vn 1.0000 0.0002 -0.0036
vn -0.0609 0.2062 0.9766
vn -0.0843 0.0206 0.9962
vn 1.0000 -0.0001 0.0005
vn -0.9993 0.0054 0.0364
vn -0.0067 0.0983 0.9951
vn 0.0106 0.6874 -0.7262
vn 0.0079 0.9988 -0.0482
vn 0.0102 0.9988 -0.0479
vn -1.0000 0.0012 0.0018
vn -0.0601 0.7761 0.6278
vn 0.0004 -0.7443 0.6678
vn -0.0602 0.4037 0.9129
vn -0.2257 0.9718 0.0680
vn -0.9968 0.0249 0.0755
vn -0.9968 0.0249 -0.0755
vn -0.5001 0.8655 -0.0294
vn -0.5001 0.7175 -0.4849
vn -0.5000 0.7175 0.4849
vn -0.0106 0.6874 -0.7262
vn -0.9999 0.0092 -0.0071
vn -0.9999 -0.0000 -0.0148
vn -0.0111 0.9991 -0.0418
vn -0.0108 0.7520 -0.6591
vn -0.9999 -0.0067 -0.0082
vn -0.0108 -0.6348 -0.7726
vn -1.0000 -0.0001 -0.0033
vn -0.9999 -0.0093 -0.0111
vn -0.0497 -0.7781 0.6262
vn -1.0000 -0.0013 -0.0007
vn -1.0000 -0.0014 0.0009
vn 0.0066 0.0292 0.9996
vn 0.9993 0.0049 0.0363
vn -1.0000 -0.0018 0.0012
vn 1.0000 -0.0074 0.0048
vn -1.0000 -0.0021 -0.0005
vn 0.9993 0.0275 0.0272
vn 0.0008 -0.9739 0.2269
vn 0.0060 0.7706 0.6373
vn -1.0000 -0.0000 -0.0081
vn -0.0375 -0.0081 -0.9993
vn -0.0344 0.0176 -0.9993
vn -1.0000 0.0005 -0.0032
vn -0.0507 0.7189 -0.6933
vn -0.0407 0.0095 -0.9991
vn -0.0004 0.7923 -0.6101
vn -0.9999 0.0064 -0.0140
vn -0.1038 0.9692 -0.2232
vn -1.0000 0.0008 0.0065
vn -0.0440 0.0180 0.9989
vn -0.8192 0.5723 0.0374
vn -0.8197 0.5716 -0.0373
vn -0.0431 -0.0110 -0.9990
vn -1.0000 0.0006 -0.0079
vn -0.0056 0.7930 -0.6092
vn -1.0000 0.0046 -0.0057
vn -1.0000 0.0014 -0.0022
vn -0.0036 0.7929 -0.6094
vn -0.7677 0.0698 -0.6370
vn -0.0072 -0.0213 -0.9997
vn -0.7948 0.4009 -0.4556
vn -0.7939 0.6073 -0.0304
vn -1.0000 0.0031 -0.0032
vn -0.0042 -0.0216 -0.9998
vn -0.0305 -0.6464 -0.7624
vn -0.9999 -0.0069 -0.0110
vn -0.0577 -0.7434 0.6663
vn -0.9999 -0.0080 -0.0071
vn -0.0306 -0.6534 -0.7564
vn -0.5728 -0.5377 -0.6187
vn -1.0000 -0.0041 0.0023
vn -0.5878 -0.8029 -0.0991
vn -0.5893 -0.3266 0.7390
vn -1.0000 -0.0034 0.0032
vn -1.0000 -0.0022 0.0051
vn -0.5800 -0.3323 -0.7437
vn -1.0000 -0.0033 -0.0032
vn -0.5879 -0.5912 -0.5521
vn -1.0000 0.0045 -0.0041
vn -1.0000 0.0044 0.0041
vn -1.0000 0.0053 -0.0029
vn -0.2226 0.0323 -0.9744
vn -1.0000 0.0016 -0.0002
vn -1.0000 0.0002 -0.0036
vn -0.8201 0.5720 0.0153
vn -1.0000 0.0007 0.0035
vn -0.8126 0.5825 -0.0204
vn -0.9969 0.0150 -0.0774
vn -1.0000 0.0007 -0.0035
vn -0.8201 0.5720 -0.0153
vn -0.9969 0.0150 0.0774
vn -0.8125 0.5826 0.0204
vn -0.2806 0.0234 0.9595
vn -1.0000 0.0016 0.0002
vn -0.0000 -0.0101 -0.9999
vn -0.0000 0.7807 -0.6249
vn 0.5001 -0.8655 0.0294
vn 0.5839 -0.7721 -0.2508
vn 0.9333 0.3415 0.1109
vn -0.0856 0.0152 0.9962
vn -0.9995 0.0004 0.0324
vn 0.8210 -0.3759 -0.4297
vn 0.0074 0.7522 -0.6589
vn 0.0497 -0.7781 0.6262
vn 1.0000 -0.0013 -0.0007
vn 0.0600 -0.8689 -0.4913
vn 1.0000 0.0082 0.0041
vn 0.9998 0.0212 0.0013
vn 0.9964 0.0011 -0.0848
vn -0.0574 -0.2475 0.9672
vn -1.0000 0.0003 0.0021
vn -1.0000 -0.0006 0.0021
vn 1.0000 0.0058 -0.0051
vn 0.0056 0.7930 -0.6092
vn 1.0000 0.0031 0.0070
vn 1.0000 0.0009 0.0013
vn 0.9999 -0.0128 -0.0075
vn 1.0000 -0.0047 -0.0005
vn 0.0008 0.7854 -0.6189
vn 0.6014 0.0746 -0.7954
vn -0.9993 0.0049 0.0363
vn 1.0000 0.0007 -0.0007
vn 0.5001 -0.6829 0.5326
vn 0.5800 -0.3323 -0.7438
vn 1.0000 -0.0034 -0.0032
vn 1.0000 -0.0021 -0.0047
vn 0.6822 0.4239 -0.5958
vn 0.6804 0.6970 -0.2265
vn 1.0000 -0.0002 -0.0033
vn 0.0074 -0.6349 -0.7725
vn 0.0108 -0.6348 -0.7726
vn 0.1300 0.5257 0.8407
vn -0.0000 -0.9719 0.2352
vn -0.0006 -0.9739 0.2269
vn 0.8197 0.5716 -0.0373
vn 0.0430 -0.0109 -0.9990
vn 0.9995 -0.0010 -0.0321
vn 0.5055 -0.0276 -0.8624
vn 0.6138 0.3298 -0.7173
vn 1.0000 0.0044 -0.0041
vn 0.0072 0.9991 -0.0414
vn 0.6338 0.6983 -0.3326
vn 0.2226 0.0323 -0.9744
vn 1.0000 0.0007 -0.0035
vn 0.0567 0.1593 0.9856
vn 0.0574 -0.2476 0.9672
vn 0.0305 -0.6464 -0.7624
vn 1.0000 -0.0021 -0.0005
vn 0.0533 -0.8539 -0.5177
vn 0.5001 -0.7175 -0.4849
vn 0.9969 0.0151 -0.0774
vn 0.8125 0.5826 -0.0204
vn 0.5840 -0.7720 0.2509
vn 0.9999 -0.0067 -0.0082
vn 1.0000 0.0029 0.0065
vn 0.9995 0.0014 0.0316
vn 0.5879 0.8029 -0.0991
vn 1.0000 0.0053 -0.0029
vn 1.0000 0.0060 -0.0008
vn 0.5001 0.8655 -0.0295
vn 0.5840 0.7721 -0.2509
vn 0.0066 0.7823 -0.6228
vn 1.0000 0.0007 0.0035
vn -0.5879 -0.5912 0.5521
vn -1.0000 0.0030 -0.0001
vn -1.0000 0.0015 -0.0077
vn -1.0000 -0.0052 -0.0075
vn -1.0000 -0.0022 0.0003
vn -0.0594 -0.9870 0.1492
vn 1.0000 0.0055 0.0004
vn 1.0000 0.0022 0.0011
vn 1.0000 0.0010 0.0016
vn 1.0000 0.0001 0.0019
vn 0.9995 0.0002 0.0321
vn -0.0053 -0.7955 0.6059
vn -0.9947 -0.1029 0.0031
vn -1.0000 0.0014 -0.0041
vn -1.0000 0.0007 -0.0007
vn 1.0000 0.0020 0.0026
vn -1.0000 0.0031 0.0070
vn 0.9993 0.0288 0.0237
vn -1.0000 0.0071 0.0058
vn -1.0000 0.0009 0.0013
vn -1.0000 0.0030 0.0072
vn -1.0000 0.0002 0.0072
vn -1.0000 0.0005 0.0018
vn 1.0000 0.0045 0.0016
vn 0.9995 0.0004 0.0324
vn -0.9997 0.0228 -0.0014
vn -1.0000 0.0082 0.0041
vn -1.0000 0.0036 0.0058
vn -0.0403 -0.0207 -0.9990
vn -0.0466 0.0096 0.9989
vn -1.0000 0.0006 0.0070
vn -0.9982 0.0002 0.0598
vn -1.0000 0.0021 -0.0035
vn -1.0000 0.0058 -0.0050
vn -0.9998 -0.0034 -0.0211
vn -1.0000 -0.0027 -0.0044
vn -1.0000 0.0019 -0.0040
vn -1.0000 0.0025 -0.0011
vn -0.7836 -0.1440 -0.6043
vn -0.9951 -0.0985 -0.0031
vn -1.0000 -0.0001 0.0005
vn -1.0000 0.0001 0.0005
vn 1.0000 0.0004 0.0021
vn 0.9994 0.0276 0.0223
vn -0.0068 -0.0106 -0.9999
vn -0.0015 -0.0149 -0.9999
vn -0.0081 0.0184 0.9998
vn -0.9993 -0.0012 -0.0377
vn -1.0000 -0.0046 0.0006
vn -0.9999 -0.0011 0.0107
vn -0.9995 -0.0010 -0.0321
vn -1.0000 -0.0022 -0.0047
vn -0.9999 -0.0000 0.0162
vn -0.9995 0.0014 0.0316
vn -0.9998 0.0006 -0.0184
vn -1.0000 0.0030 0.0065
vn -1.0000 0.0060 -0.0008
vn -1.0000 0.0003 0.0036
vn -0.0000 -0.7434 0.6689
vn 0.6821 -0.4240 -0.5958
vn 0.9968 0.0250 -0.0755
vn 0.9333 -0.3414 0.1109
vn 0.0007 -0.7333 0.6799
vn 0.9998 -0.0034 -0.0211
vn -0.0007 -0.9739 0.2269
vn 0.8192 0.5723 0.0373
vn 0.0042 -0.0216 -0.9998
vn 0.0072 -0.0213 -0.9997
vn 0.6304 -0.4172 -0.6547
vn -1.0000 0.0055 0.0004
vn -0.0000 -0.8698 -0.4934
vn 0.6804 -0.6970 -0.2265
vn 1.0000 0.0030 -0.0002
vn 0.9998 0.0006 -0.0184
vn -1.0000 -0.0036 0.0051
vn 0.8021 -0.3195 -0.5045
vn 0.7678 0.0698 -0.6369
vn 1.0000 0.0016 -0.0076
vn 0.7934 -0.3814 -0.4744
vn 0.5000 0.7175 0.4849
vn 0.5839 0.7721 0.2508
vn -0.9993 0.0057 0.0364
vn -1.0000 0.0045 0.0016
vn -0.9995 0.0006 0.0327
vn 0.0105 -0.6304 -0.7762
vn 0.7836 -0.1440 -0.6043
vn 1.0000 0.0019 -0.0040
vn 0.9951 -0.0984 -0.0031
vn 0.6804 0.6969 0.2265
vn -0.0605 0.3803 0.9229
vn 0.6190 0.5401 -0.5703
vn 0.9977 0.0061 -0.0669
vn 1.0000 0.0052 0.0029
vn 1.0000 0.0060 0.0008
vn 0.9999 -0.0000 -0.0148
vn 0.9999 0.0091 -0.0072
vn 0.0076 0.6640 -0.7477
vn 0.0076 0.6875 -0.7261
vn 0.9999 -0.0000 0.0162
vn 0.9999 -0.0011 0.0107
vn 1.0000 0.0016 0.0002
vn 1.0000 0.0002 0.0036
vn 0.5879 0.5912 0.5521
vn -0.0068 0.1552 0.9879
vn 1.0000 -0.0027 -0.0044
vn 0.0105 0.6642 -0.7475
vn -0.1304 0.9895 0.0621
vn 0.0004 0.7923 -0.6101
vn 0.8230 0.5680 -0.0062
vn 0.9997 0.0228 -0.0015
vn 1.0000 0.0070 0.0058
vn 0.0036 0.7929 -0.6094
vn -1.0000 -0.0074 0.0048
vn 1.0000 0.0043 0.0041
vn 0.0054 -0.7955 0.6060
vn 0.0057 -0.7328 0.6805
vn 0.9993 -0.0013 -0.0377
vn 0.5702 -0.5302 -0.6275
vn 0.9964 -0.0011 -0.0848
vn 0.0440 0.0180 0.9989
vn -0.6157 -0.1035 -0.7811
vn -0.0019 -1.0000 -0.0041
vn -0.7836 -0.1444 -0.6043
vn -0.0109 0.0219 -0.9997
vn -0.0027 -1.0000 -0.0037
vn -0.0013 -0.9999 -0.0157
vn 0.0013 -0.9999 -0.0157
vn 0.0107 0.0219 -0.9997
vn 0.0075 0.0212 -0.9997
vn 0.0019 -1.0000 -0.0041
vn 0.6157 -0.1035 -0.7812
vn 0.7836 -0.1444 -0.6043
vn 0.0014 -1.0000 -0.0098
vn -0.0000 0.0856 -0.9963
vn 0.0212 0.0851 -0.9961
vn 1.0000 -0.0052 -0.0075
vn 0.0028 -1.0000 -0.0037
vn -0.9951 -0.0987 -0.0029
vn -0.0148 -0.9999 -0.0035
vn -0.0076 0.0212 -0.9997
vn 0.0150 -0.9999 -0.0035
vn 0.9951 -0.0987 -0.0029
vn 0.9947 -0.1029 0.0031
vn 0.0027 -1.0000 -0.0037
vn -0.0000 -0.7950 0.6066
vn -0.0015 -0.9999 0.0138
vn -0.0000 -0.9999 0.0139
vn -0.0017 -1.0000 -0.0043
vn -0.0028 -1.0000 -0.0037
vn -0.0014 -1.0000 -0.0098
vn -0.0210 0.0851 -0.9961
vn 0.0017 -1.0000 -0.0043
vn 0.0015 -0.9999 0.0138
vn -0.0150 -0.9999 -0.0034
vn 0.0148 -0.9999 -0.0035
vn -0.0000 -0.0000 -1.0000
vn -0.1359 -0.5823 -0.8015
vn -0.1359 -0.0000 -0.9907
vn -0.0000 -0.9511 0.3090
vn -0.1359 -0.5823 0.8015
vn -0.1359 -0.9422 0.3061
vn -0.0000 -0.5878 0.8090
vn -0.1359 -0.0000 0.9907
vn -0.0000 -0.0000 1.0000
vn -0.1359 0.5823 0.8015
vn -0.0000 0.5878 0.8090
vn -0.1359 0.9422 0.3061
vn -0.0000 0.9511 0.3090
vn -0.1360 0.9422 -0.3061
vn -0.0000 0.9511 -0.3090
vn -0.1359 0.5823 -0.8015
vn -0.0000 -0.9511 -0.3090
vn -0.1359 -0.9422 -0.3061
vn -0.0000 -0.5878 -0.8090
vn -0.0000 0.5878 -0.8090
vn -0.9960 -0.0523 -0.0720
vn -0.9960 -0.0000 -0.0890
vn -0.9960 -0.0847 -0.0275
vn -0.9960 -0.0846 0.0275
vn -0.9960 -0.0523 0.0720
vn -0.9960 0.0523 0.0720
vn -0.9960 -0.0000 0.0890
vn -0.9960 0.0847 0.0275
vn -0.9960 0.0847 -0.0275
vn -0.9960 0.0523 -0.0720
vn 0.1359 -0.5823 -0.8015
vn 0.1359 -0.0000 -0.9907
vn 0.1359 -0.5823 0.8015
vn 0.1359 -0.9422 0.3062
vn 0.1359 -0.0000 0.9907
vn 0.1359 0.5823 0.8015
vn 0.1359 0.9422 0.3061
vn 0.1360 0.9422 -0.3062
vn 0.1359 0.5823 -0.8015
vn 0.1359 -0.9422 -0.3061
vn 0.7246 -0.0000 -0.6892
vn 0.7246 -0.4051 -0.5575
vn 0.7246 -0.6554 -0.2130
vn 0.7246 -0.4051 0.5575
vn 0.7246 -0.0000 0.6891
vn 0.7246 0.4051 0.5575
vn 0.7246 0.6554 0.2130
vn 0.7246 0.6554 -0.2130
vn 0.7246 0.4051 -0.5575
vn 1.0000 -0.0000 -0.0000
vn -0.1360 0.5823 0.8015
vn -0.1359 0.9422 -0.3061
vn -0.1360 0.5823 -0.8015
vn -0.1360 -0.9422 -0.3061
vn -0.9960 -0.0847 0.0275
vn -0.9960 -0.0524 0.0720
vn -0.9960 0.0846 -0.0275
vn -0.9960 0.0846 0.0275
vn 0.1359 0.9422 -0.3062
vn 0.7246 -0.6554 0.2130
vn -0.1360 -0.9422 0.3061
vn -0.1360 -0.0000 0.9907
vn -0.0000 -0.5042 -0.8636
vn -0.1638 -0.8567 -0.4891
vn -0.1638 -0.4974 -0.8519
vn -0.0000 -0.8636 0.5042
vn -0.1638 -0.4891 0.8567
vn -0.1638 -0.8519 0.4974
vn -0.0000 -0.4958 0.8684
vn -0.1638 0.0047 0.9865
vn -0.0000 0.0048 1.0000
vn -0.1638 0.4974 0.8519
vn -0.0000 0.5042 0.8636
vn -0.1638 0.8567 0.4891
vn -0.0000 0.8684 0.4958
vn -0.1638 0.9865 -0.0047
vn -0.0000 1.0000 -0.0048
vn -0.1638 0.8519 -0.4974
vn -0.0000 0.8636 -0.5042
vn -0.1638 0.4891 -0.8567
vn -0.0000 0.4958 -0.8684
vn -0.1638 -0.0047 -0.9865
vn -0.0000 -0.0048 -1.0000
vn -0.0000 -1.0000 0.0048
vn -0.1638 -0.9865 0.0047
vn -0.0000 -0.8684 -0.4958
vn -0.2212 -0.0047 -0.9752
vn -0.2212 -0.4917 -0.8422
vn -0.2212 0.4835 -0.8469
vn -0.2212 0.8422 -0.4917
vn -0.2212 0.9752 -0.0047
vn -0.2212 0.8469 0.4835
vn -0.2212 0.4917 0.8422
vn -0.2212 0.0047 0.9752
vn -0.2212 -0.9752 0.0047
vn -0.2212 -0.8422 0.4917
vn -0.2212 -0.8469 -0.4835
vn -0.2212 -0.4835 0.8469
vn -1.0000 -0.0000 -0.0000
vn -0.9552 -0.0014 -0.2959
vn -0.9552 -0.1492 -0.2556
vn -0.9552 -0.2959 0.0014
vn -0.9552 0.2959 -0.0014
vn -0.9552 0.2556 -0.1492
vn -0.9552 0.0014 0.2959
vn -0.9552 0.1492 0.2556
vn -0.9552 -0.2570 -0.1467
vn -0.9552 -0.2556 0.1492
vn -0.9552 0.1467 -0.2570
vn -0.9552 0.2570 0.1467
vn -0.9552 -0.1467 0.2570
vn -0.9991 -0.0413 0.0002
vn -0.9991 -0.0358 -0.0208
vn -0.9991 -0.0357 0.0208
vn -0.9991 0.0002 0.0414
vn -0.9991 -0.0206 0.0358
vn -0.9991 0.0208 0.0357
vn -0.9991 0.0359 0.0205
vn -0.9991 0.0357 -0.0208
vn -0.9991 0.0414 -0.0002
vn -0.9991 -0.0002 -0.0414
vn -0.9991 0.0205 -0.0359
vn -0.9991 -0.0208 -0.0357
vn 0.1638 -0.8567 -0.4891
vn 0.1638 -0.4974 -0.8519
vn 0.1638 -0.4891 0.8567
vn 0.1638 -0.8519 0.4974
vn 0.1638 0.0047 0.9865
vn 0.1638 0.4974 0.8519
vn 0.1638 0.8567 0.4891
vn 0.1638 0.9865 -0.0048
vn 0.1638 0.8519 -0.4974
vn 0.1638 0.4891 -0.8567
vn 0.1638 -0.0048 -0.9865
vn 0.1638 -0.9865 0.0047
vn 0.2212 -0.0047 -0.9752
vn 0.2212 -0.4917 -0.8422
vn 0.2212 0.4835 -0.8469
vn 0.2212 0.8422 -0.4917
vn 0.2212 0.9752 -0.0047
vn 0.2212 0.8469 0.4835
vn 0.2212 0.4917 0.8422
vn 0.2212 0.0047 0.9752
vn 0.2212 -0.9752 0.0047
vn 0.2212 -0.8422 0.4917
vn 0.2212 -0.8469 -0.4835
vn 0.2212 -0.4835 0.8469
vn 0.9552 -0.0014 -0.2959
vn 0.9552 -0.2959 0.0014
vn 0.9552 0.2556 -0.1492
vn 0.9552 0.1492 0.2556
vn 0.9552 -0.2570 -0.1467
vn 0.9552 -0.2556 0.1492
vn 0.9552 0.1467 -0.2570
vn 0.9552 0.2960 -0.0014
vn 0.9552 0.0014 0.2960
vn 0.9991 -0.0413 0.0003
vn 0.9991 -0.0359 0.0206
vn 0.9991 -0.0205 0.0359
vn 0.9991 0.0004 0.0413
vn 0.9991 0.0210 0.0356
vn 0.9991 0.0359 0.0205
vn 0.9991 0.0413 -0.0002
vn 0.9991 0.0205 -0.0359
vn 0.9991 -0.0004 -0.0413
vn 0.9991 -0.0209 -0.0357
vn 0.9552 -0.1468 0.2570
vn 0.9552 0.2570 0.1468
vn 0.9552 -0.1492 -0.2556
vn -0.1638 0.4973 0.8519
vn -0.1638 -0.0048 -0.9865
vn -0.9991 -0.0358 -0.0207
vn -0.9991 -0.0414 0.0002
vn -0.9991 -0.0205 0.0359
vn -0.9991 0.0002 0.0413
vn 0.1638 0.9865 -0.0047
vn 0.1638 -0.0047 -0.9865
vn 0.1638 -0.9865 0.0048
vn 0.9552 -0.2960 0.0014
vn 0.9552 0.2959 -0.0014
vn 0.9991 -0.0357 0.0209
vn 0.9991 0.0005 0.0414
vn 0.9991 0.0209 0.0357
vn 0.9991 0.0413 -0.0003
vn 0.9991 0.0357 -0.0209
vn 0.9991 -0.0002 -0.0413
vn 0.9991 -0.0360 -0.0204
vn 0.9552 -0.1467 0.2570
vn 0.9552 0.2570 0.1467
vn -0.0000 -0.0231 -0.9997
vn -0.5330 0.0286 0.8456
vn -0.0000 -0.9720 0.2351
vn -1.0000 0.0014 -0.0001
vn -0.0000 0.7825 -0.6227
vn -1.0000 -0.0001 -0.0026
vn -0.0077 0.0213 -0.9997
vn -1.0000 0.0028 -0.0058
vn 0.9964 -0.0011 0.0848
vn 0.9982 0.0002 0.0598
vn 1.0000 -0.0013 0.0010
vn 1.0000 0.0003 0.0018
vn -0.0000 0.7705 0.6374
vn 1.0000 0.0028 -0.0058
vn -0.0000 -1.0000 -0.0096
vn 0.7246 -0.0000 -0.6891
vn 0.9991 -0.0359 -0.0205
vn 0.9991 0.0358 -0.0207
vt 0.863800 0.290531
vt 0.868329 0.274506
vt 0.868322 0.293729
vt 0.862527 0.291893
vt 0.819914 0.299345
vt 0.812373 0.294931
vt 0.952978 0.080185
vt 0.956988 0.084438
vt 0.951992 0.081251
vt 0.952991 0.010942
vt 0.956955 0.006622
vt 0.957522 0.007950
vt 0.969247 0.074680
vt 0.964524 0.074079
vt 0.966814 0.072559
vt 0.963606 0.071045
vt 0.964278 0.070574
vt 0.969511 0.006651
vt 0.973431 0.010897
vt 0.968953 0.007933
vt 0.975492 0.013191
vt 0.978206 0.019417
vt 0.971319 0.021006
vt 0.971333 0.070146
vt 0.967916 0.069655
vt 0.964597 0.069378
vt 0.963600 0.020060
vt 0.966816 0.018556
vt 0.964270 0.020536
vt 0.967084 0.008704
vt 0.973521 0.012905
vt 0.948222 0.019496
vt 0.955111 0.070006
vt 0.948264 0.071512
vt 0.959379 0.008714
vt 0.960869 0.014033
vt 0.952900 0.012967
vt 0.967901 0.021473
vt 0.964584 0.021731
vt 0.955113 0.021068
vt 0.950918 0.013257
vt 0.960546 0.007055
vt 0.966198 0.005615
vt 0.965944 0.007037
vt 0.958517 0.021519
vt 0.958519 0.069572
vt 0.959571 0.018629
vt 0.962124 0.020551
vt 0.961820 0.021744
vt 0.946978 0.019221
vt 0.946980 0.071776
vt 0.950876 0.077855
vt 0.949763 0.078598
vt 0.957153 0.016618
vt 0.961800 0.017063
vt 0.962785 0.020068
vt 0.965498 0.013928
vt 0.952878 0.078143
vt 0.957139 0.074476
vt 0.960819 0.077063
vt 0.964528 0.017016
vt 0.969274 0.016532
vt 0.959567 0.072470
vt 0.962131 0.070552
vt 0.427802 0.418003
vt 0.504662 0.557181
vt 0.426090 0.556208
vt 0.961800 0.074048
vt 0.962790 0.071038
vt 0.969522 0.084359
vt 0.973454 0.080176
vt 0.974394 0.081175
vt 0.965356 0.077135
vt 0.130573 0.522679
vt 0.136721 0.557789
vt 0.129565 0.575909
vt 0.961830 0.069356
vt 0.979480 0.019141
vt 0.506167 0.420346
vt 0.527659 0.556949
vt 0.507375 0.557158
vt 0.949942 0.399107
vt 0.926131 0.409144
vt 0.926037 0.399257
vt 0.790245 0.023156
vt 0.771004 0.025460
vt 0.769755 0.004128
vt 0.728407 0.503295
vt 0.686245 0.508581
vt 0.721417 0.400698
vt 0.381186 0.749542
vt 0.377978 0.748550
vt 0.388921 0.745044
vt 0.251741 0.258668
vt 0.231920 0.028404
vt 0.252823 0.028932
vt 0.577038 0.923485
vt 0.344206 0.935347
vt 0.343728 0.922941
vt 0.798503 0.744082
vt 0.796157 0.746403
vt 0.799575 0.738134
vt 0.759365 0.027022
vt 0.756475 0.030212
vt 0.936454 0.040556
vt 0.927989 0.046391
vt 0.927976 0.040252
vt 0.936344 0.046708
vt 0.927872 0.052107
vt 0.130661 0.018195
vt 0.130701 0.029232
vt 0.344292 0.904714
vt 0.320703 0.918733
vt 0.319149 0.904056
vt 0.309730 0.914549
vt 0.171566 0.888051
vt 0.176374 0.884631
vt 0.936867 0.030222
vt 0.927681 0.030090
vt 0.310503 0.342141
vt 0.307287 0.484934
vt 0.275352 0.492290
vt 0.316943 0.945000
vt 0.340926 0.937171
vt 0.337315 0.949097
vt 0.577038 0.920730
vt 0.577035 0.905372
vt 0.965540 0.606085
vt 0.928865 0.606237
vt 0.944762 0.561797
vt 0.926309 0.553502
vt 0.948611 0.537610
vt 0.949644 0.553171
vt 0.949677 0.293228
vt 0.926145 0.389454
vt 0.926121 0.293337
vt 0.949838 0.409057
vt 0.927152 0.523414
vt 0.320571 0.921246
vt 0.451193 0.368758
vt 0.449940 0.365134
vt 0.475454 0.359926
vt 0.949708 0.270609
vt 0.926042 0.282022
vt 0.926075 0.270763
vt 0.376771 0.333961
vt 0.391869 0.268460
vt 0.392543 0.334131
vt 0.017847 0.982503
vt 0.248088 0.994177
vt 0.017101 0.994553
vt 0.849753 0.560162
vt 0.793083 0.446171
vt 0.849753 0.446171
vt 0.130255 0.258668
vt 0.002932 0.030277
vt 0.936371 0.052398
vt 0.927264 0.058744
vt 0.342679 0.556702
vt 0.425591 0.417975
vt 0.423880 0.556180
vt 0.644038 0.784908
vt 0.729551 0.854986
vt 0.694044 0.861916
vt 0.528064 0.420459
vt 0.564047 0.556678
vt 0.530286 0.556905
vt 0.625068 0.425270
vt 0.566678 0.556682
vt 0.566966 0.420146
vt 0.335959 0.410723
vt 0.321968 0.557297
vt 0.317292 0.412973
vt 0.751182 0.190734
vt 0.753898 0.108414
vt 0.760209 0.105347
vt 0.722270 0.200107
vt 0.725819 0.115750
vt 0.728252 0.198042
vt 0.735537 0.220586
vt 0.729168 0.200864
vt 0.740906 0.218660
vt 0.932144 0.612882
vt 0.918296 0.812531
vt 0.929131 0.610028
vt 0.725066 0.309473
vt 0.739491 0.253892
vt 0.745287 0.254565
vt 0.927166 0.537504
vt 0.948351 0.534099
vt 0.965969 0.608901
vt 0.955830 0.814575
vt 0.944325 0.814007
vt 0.927409 0.526915
vt 0.948627 0.523528
vt 0.948352 0.527099
vt 0.927507 0.530410
vt 0.948258 0.530604
vt 0.350340 0.399199
vt 0.350932 0.345955
vt 0.351940 0.399185
vt 0.927421 0.533921
vt 0.005291 0.982265
vt 0.979453 0.034147
vt 0.348740 0.399211
vt 0.349333 0.345965
vt 0.341584 0.381089
vt 0.341259 0.363890
vt 0.347733 0.345977
vt 0.949766 0.281879
vt 0.936047 0.163978
vt 0.936378 0.165889
vt 0.926655 0.167444
vt 0.372837 0.375053
vt 0.374090 0.378677
vt 0.960295 0.085423
vt 0.965957 0.084009
vt 0.966223 0.085430
vt 0.973513 0.078181
vt 0.959366 0.082396
vt 0.967079 0.082339
vt 0.975473 0.077892
vt 0.979418 0.072041
vt 0.976543 0.078622
vt 0.863096 0.276082
vt 0.821465 0.265799
vt 0.866573 0.272502
vt 0.562172 0.337646
vt 0.563054 0.268460
vt 0.360929 0.334740
vt 0.375489 0.268460
vt 0.752581 0.209369
vt 0.745362 0.191546
vt 0.725489 0.525507
vt 0.731501 0.618947
vt 0.696403 0.634677
vt 0.838480 0.145750
vt 0.775206 0.031646
vt 0.837547 0.034724
vt 0.910873 0.144708
vt 0.253115 0.018051
vt 0.927754 0.004241
vt 0.937627 0.002871
vt 0.270019 0.507178
vt 0.261421 0.531899
vt 0.262472 0.506861
vt 0.830574 0.921344
vt 0.832568 0.933091
vt 0.810419 0.937038
vt 0.564451 0.106666
vt 0.564415 0.123977
vt 0.562248 0.123498
vt 0.280924 0.023929
vt 0.279891 0.019801
vt 0.282856 0.023156
vt 0.513318 0.106044
vt 0.508530 0.104726
vt 0.513232 0.103273
vt 0.512632 0.119048
vt 0.508135 0.121477
vt 0.510203 0.117003
vt 0.489750 0.996722
vt 0.489504 0.994694
vt 0.491361 0.995451
vt 0.515844 0.120534
vt 0.517634 0.117540
vt 0.516658 0.120539
vt 0.392543 0.202788
vt 0.376811 0.200900
vt 0.392510 0.200784
vt 0.487783 0.350636
vt 0.493523 0.344813
vt 0.495320 0.346227
vt 0.842581 0.969437
vt 0.849337 0.970801
vt 0.842700 0.971510
vt 0.781515 0.471466
vt 0.786963 0.383563
vt 0.784272 0.471386
vt 0.488388 0.378153
vt 0.485290 0.374117
vt 0.489139 0.375966
vt 0.511543 0.170126
vt 0.515185 0.171036
vt 0.512649 0.173028
vt 0.515177 0.121011
vt 0.509982 0.184892
vt 0.513553 0.184497
vt 0.513310 0.185872
vt 0.524343 0.170460
vt 0.531214 0.119985
vt 0.531173 0.171958
vt 0.768361 0.491883
vt 0.774656 0.472282
vt 0.780653 0.474228
vt 0.517331 0.171016
vt 0.520939 0.170028
vt 0.519894 0.172927
vt 0.849218 0.968830
vt 0.854949 0.970733
vt 0.503961 0.113637
vt 0.505941 0.113353
vt 0.310503 0.194779
vt 0.309984 0.052638
vt 0.313208 0.194522
vt 0.538539 0.369470
vt 0.543775 0.371040
vt 0.542019 0.373047
vt 0.777999 0.386866
vt 0.774367 0.385676
vt 0.776869 0.384416
vt 0.478328 0.982503
vt 0.481685 0.979888
vt 0.490884 0.982265
vt 0.710122 0.354208
vt 0.579150 0.413742
vt 0.573544 0.355664
vt 0.526484 0.111453
vt 0.522570 0.107171
vt 0.527443 0.110445
vt 0.515857 0.171508
vt 0.528579 0.178282
vt 0.027822 0.964881
vt 0.230101 0.951358
vt 0.233222 0.953799
vt 0.348152 0.947060
vt 0.363876 0.946047
vt 0.363713 0.948092
vt 0.511551 0.121949
vt 0.514860 0.169844
vt 0.532454 0.172220
vt 0.756363 0.527392
vt 0.778800 0.580599
vt 0.776384 0.581699
vt 0.895732 0.680577
vt 0.915497 0.643786
vt 0.918027 0.643566
vt 0.518987 0.107551
vt 0.519254 0.106159
vt 0.495231 0.381296
vt 0.496895 0.379777
vt 0.737572 0.958622
vt 0.842518 0.959870
vt 0.737346 0.960655
vt 0.519879 0.119089
vt 0.517322 0.121020
vt 0.479063 0.996648
vt 0.479074 0.994553
vt 0.503981 0.178387
vt 0.505949 0.178672
vt 0.506015 0.180674
vt 0.715628 0.945925
vt 0.630715 0.946994
vt 0.630740 0.944935
vt 0.834486 0.932806
vt 0.261421 0.005021
vt 0.270019 0.029741
vt 0.262472 0.030058
vt 0.524021 0.104845
vt 0.002859 0.512399
vt 0.108379 0.514076
vt 0.002867 0.514468
vt 0.733657 0.959518
vt 0.736062 0.958350
vt 0.735436 0.960324
vt 0.834744 0.947278
vt 0.834087 0.944832
vt 0.836044 0.945516
vt 0.302097 0.025460
vt 0.283244 0.025148
vt 0.854593 0.958340
vt 0.848927 0.960330
vt 0.849009 0.958394
vt 0.377798 0.971594
vt 0.492179 0.970572
vt 0.492007 0.972623
vt 0.813957 0.948825
vt 0.814282 0.951313
vt 0.764370 0.525066
vt 0.758585 0.525730
vt 0.502216 0.946761
vt 0.502066 0.970666
vt 0.300663 0.044106
vt 0.275352 0.044630
vt 0.275642 0.042472
vt 0.528536 0.113764
vt 0.524340 0.121545
vt 0.526565 0.113469
vt 0.271736 0.005355
vt 0.269136 0.005629
vt 0.270162 0.003690
vt 0.512021 0.946827
vt 0.608080 0.944940
vt 0.608095 0.947025
vt 0.782783 0.475919
vt 0.500024 0.172524
vt 0.502907 0.179120
vt 0.505081 0.110321
vt 0.502876 0.112894
vt 0.278332 0.935728
vt 0.233892 0.951625
vt 0.234045 0.914949
vt 0.711223 0.110664
vt 0.566755 0.105299
vt 0.367610 0.565262
vt 0.351880 0.600360
vt 0.258440 0.594348
vt 0.918227 0.888123
vt 0.893084 0.683346
vt 0.895173 0.683214
vt 0.508123 0.170619
vt 0.510217 0.175156
vt 0.526500 0.180609
vt 0.526592 0.178577
vt 0.770912 0.492854
vt 0.516673 0.171501
vt 0.517666 0.174508
vt 0.562172 0.199273
vt 0.538039 0.353709
vt 0.543799 0.351790
vt 0.539240 0.355130
vt 0.573762 0.313913
vt 0.710029 0.317805
vt 0.573564 0.316709
vt 0.231920 0.488931
vt 0.130661 0.499141
vt 0.130701 0.488103
vt 0.522525 0.184927
vt 0.527467 0.181637
vt 0.897084 0.968947
vt 0.871104 0.959835
vt 0.898454 0.959074
vt 0.854934 0.968712
vt 0.861025 0.970840
vt 0.257815 0.003445
vt 0.258713 0.005292
vt 0.994497 0.004478
vt 0.986203 0.140507
vt 0.984169 0.140718
vt 0.468021 0.667021
vt 0.370449 0.606415
vt 0.485958 0.637652
vt 0.571578 0.316967
vt 0.573413 0.352855
vt 0.571406 0.352559
vt 0.129307 0.501522
vt 0.126885 0.500288
vt 0.128708 0.499472
vt 0.510533 0.108361
vt 0.509975 0.107067
vt 0.502265 0.972766
vt 0.511870 0.970557
vt 0.511746 0.972696
vt 0.374223 0.948351
vt 0.370717 0.946210
vt 0.374132 0.946238
vt 0.253231 0.501214
vt 0.232055 0.499947
vt 0.253115 0.499284
vt 0.503522 0.108090
vt 0.377673 0.946013
vt 0.492266 0.946864
vt 0.377794 0.948077
vt 0.499987 0.134623
vt 0.501234 0.119879
vt 0.501274 0.172245
vt 0.521961 0.183598
vt 0.538022 0.367828
vt 0.539678 0.368075
vt 0.376771 0.202958
vt 0.457289 0.819745
vt 0.421780 0.812816
vt 0.507291 0.742733
vt 0.478189 0.980458
vt 0.248088 0.982671
vt 0.248088 0.980716
vt 0.513982 0.114369
vt 0.127966 0.575897
vt 0.127374 0.522657
vt 0.128973 0.522667
vt 0.784196 0.383320
vt 0.783766 0.378546
vt 0.520933 0.121991
vt 0.499958 0.119602
vt 0.500471 0.111758
vt 0.690668 0.742990
vt 0.691941 0.746937
vt 0.648088 0.742666
vt 0.619302 0.970661
vt 0.630561 0.970627
vt 0.367309 0.946250
vt 0.607960 0.972664
vt 0.997017 0.584842
vt 0.994917 0.721591
vt 0.994917 0.584540
vt 0.573494 0.292011
vt 0.710208 0.296281
vt 0.573397 0.294578
vt 0.374321 0.971389
vt 0.377908 0.969551
vt 0.840744 0.256758
vt 0.303347 0.004128
vt 0.949876 0.389302
vt 0.864239 0.277479
vt 0.862578 0.277727
vt 0.862125 0.290182
vt 0.960541 0.084030
vt 0.957512 0.083184
vt 0.968961 0.083074
vt 0.503608 0.420445
vt 0.504805 0.418536
vt 0.802560 0.025601
vt 0.800685 0.026768
vt 0.800686 0.024679
vt 0.525276 0.420674
vt 0.528307 0.418478
vt 0.563846 0.418031
vt 0.564156 0.420035
vt 0.339342 0.408483
vt 0.338937 0.410608
vt 0.104528 0.893527
vt 0.100910 0.892278
vt 0.104660 0.891437
vt 0.319459 0.901686
vt 0.317100 0.904478
vt 0.317852 0.900526
vt 0.017987 0.980458
vt 0.014491 0.979888
vt 0.016349 0.979170
vt 0.316271 0.947474
vt 0.314960 0.945686
vt 0.336980 0.951615
vt 0.338894 0.950528
vt 0.318867 0.919926
vt 0.342839 0.937940
vt 0.344414 0.936577
vt 0.257815 0.533474
vt 0.258713 0.531627
vt 0.758530 0.030531
vt 0.759914 0.029065
vt 0.271736 0.531564
vt 0.270162 0.533229
vt 0.269136 0.531290
vt 0.273384 0.495660
vt 0.270687 0.495350
vt 0.006426 0.996722
vt 0.004814 0.995451
vt 0.006672 0.994694
vt 0.950777 0.185697
vt 0.948733 0.184906
vt 0.949965 0.183060
vt 0.111083 0.004047
vt 0.109236 0.005340
vt 0.108379 0.003260
vt 0.313208 0.342397
vt 0.315167 0.339088
vt 0.315486 0.341178
vt 0.309984 0.484281
vt 0.308878 0.486892
vt 0.300663 0.492813
vt 0.300593 0.490724
vt 0.303734 0.491414
vt 0.743144 0.193292
vt 0.742749 0.190493
vt 0.719651 0.112282
vt 0.720103 0.107463
vt 0.721041 0.110046
vt 0.729382 0.114604
vt 0.728551 0.116597
vt 0.723191 0.202860
vt 0.719503 0.199999
vt 0.730979 0.197329
vt 0.731797 0.199848
vt 0.747767 0.253474
vt 0.747480 0.256192
vt 0.743666 0.219136
vt 0.742686 0.216516
vt 0.933784 0.611041
vt 0.934763 0.613636
vt 0.926690 0.606907
vt 0.793210 0.019802
vt 0.795128 0.019143
vt 0.794220 0.021516
vt 0.789858 0.025148
vt 0.792178 0.023929
vt 0.970974 0.004332
vt 0.955525 0.004259
vt 0.960301 0.005698
vt 0.976573 0.012452
vt 0.975939 0.007685
vt 0.978966 0.011325
vt 0.949829 0.012520
vt 0.950442 0.007666
vt 0.952028 0.009919
vt 0.950408 0.083509
vt 0.975939 0.083351
vt 0.955544 0.086809
vt 0.970992 0.086685
vt 0.866455 0.295931
vt 0.870713 0.294139
vt 0.867069 0.298176
vt 0.819802 0.264282
vt 0.822562 0.263935
vt 0.811447 0.297080
vt 0.808673 0.292790
vt 0.820889 0.301326
vt 0.818114 0.300759
vt 0.809870 0.271460
vt 0.812964 0.267426
vt 0.813715 0.269612
vt 0.870713 0.274169
vt 0.264097 0.268460
vt 0.266817 0.268460
vt 0.513563 0.107479
vt 0.520142 0.109212
vt 0.514944 0.174545
vt 0.002932 0.487058
vt 0.619445 0.946936
vt 0.733881 0.970047
vt 0.733626 0.972110
vt 0.278881 0.021516
vt 0.277973 0.019143
vt 0.710095 0.351577
vt 0.831780 0.901846
vt 0.834207 0.904686
vt 0.832159 0.904183
vt 0.860691 0.958114
vt 0.871031 0.957795
vt 0.517627 0.169817
vt 0.367401 0.969282
vt 0.370914 0.971435
vt 0.367490 0.971412
vt 0.361075 0.200163
vt 0.315167 0.197831
vt 0.315486 0.195741
vt 0.512044 0.944724
vt 0.502207 0.944628
vt 0.916195 0.888414
vt 0.886278 0.755059
vt 0.889698 0.750251
vt 0.028373 0.541835
vt 0.027120 0.545458
vt 0.002860 0.536627
vt 0.307287 0.051986
vt 0.308878 0.050027
vt 0.479827 0.979170
vt 0.261729 0.002881
vt 0.506034 0.111337
vt 0.529622 0.113033
vt 0.529020 0.108219
vt 0.532065 0.111928
vt 0.522324 0.174926
vt 0.518652 0.177518
vt 0.893925 0.679597
vt 0.710530 0.131396
vt 0.564285 0.126958
vt 0.854617 0.960358
vt 0.806975 0.936446
vt 0.577054 0.934772
vt 0.807182 0.935231
vt 0.026122 0.936162
vt 0.025555 0.924656
vt 0.231228 0.914521
vt 0.111083 0.513288
vt 0.109236 0.511996
vt 0.821302 0.023305
vt 0.903401 0.012153
vt 0.903030 0.014908
vt 0.347820 0.970395
vt 0.534465 0.117901
vt 0.532456 0.119712
vt 0.529684 0.179018
vt 0.529051 0.183908
vt 0.760363 0.490430
vt 0.761278 0.487874
vt 0.763024 0.489960
vt 0.541794 0.349713
vt 0.496295 0.344250
vt 0.542375 0.347437
vt 0.370719 0.948445
vt 0.367223 0.948352
vt 0.226493 0.945726
vt 0.832266 0.920048
vt 0.830453 0.918853
vt 0.522008 0.108450
vt 0.546163 0.351360
vt 0.484083 0.352777
vt 0.486858 0.348487
vt 0.512409 0.109142
vt 0.562157 0.127353
vt 0.500536 0.180231
vt 0.497625 0.173028
vt 0.519178 0.185839
vt 0.523936 0.187281
vt 0.519265 0.188597
vt 0.518938 0.184486
vt 0.520108 0.182831
vt 0.360929 0.202179
vt 0.497993 0.381641
vt 0.807680 0.922971
vt 0.807581 0.920257
vt 0.374407 0.969294
vt 0.974384 0.009885
vt 0.427800 0.415885
vt 0.524756 0.418669
vt 0.567370 0.418135
vt 0.625484 0.423265
vt 0.318668 0.410677
vt 0.309439 0.916581
vt 0.344331 0.902447
vt 0.343832 0.920196
vt 0.316573 0.932824
vt 0.318513 0.933120
vt 0.925659 0.030118
vt 0.925861 0.040300
vt 0.925969 0.046376
vt 0.925900 0.051988
vt 0.925191 0.058625
vt 0.986516 0.755732
vt 0.984416 0.618983
vt 0.986516 0.618681
vt 0.750893 0.100134
vt 0.752916 0.101195
vt 0.272702 0.507314
vt 0.771254 0.027386
vt 0.101890 0.894086
vt 0.065099 0.913850
vt 0.261729 0.534038
vt 0.923937 0.399058
vt 0.951978 0.389279
vt 0.924080 0.409316
vt 0.951906 0.409093
vt 0.952075 0.399116
vt 0.986521 0.239423
vt 0.994814 0.375452
vt 0.984469 0.238829
vt 0.996848 0.375664
vt 0.984355 0.499641
vt 0.951763 0.293244
vt 0.951767 0.270584
vt 0.951883 0.281880
vt 0.924026 0.270760
vt 0.924038 0.293364
vt 0.923929 0.282008
vt 0.924592 0.167698
vt 0.924007 0.389577
vt 0.938907 0.030294
vt 0.939672 0.003024
vt 0.938587 0.040634
vt 0.003188 0.982612
vt 0.938361 0.046732
vt 0.232055 0.017388
vt 0.253231 0.016122
vt 0.936831 0.058807
vt 0.938307 0.052316
vt 0.938869 0.058729
vt 0.328675 0.384267
vt 0.326171 0.399384
vt 0.325886 0.384320
vt 0.002859 0.004937
vt 0.002867 0.002867
vt 0.376811 0.336019
vt 0.392510 0.336135
vt 0.361075 0.336757
vt 0.561883 0.339704
vt 0.753962 0.190315
vt 0.759491 0.210194
vt 0.749816 0.209815
vt 0.726939 0.113377
vt 0.762901 0.105631
vt 0.716895 0.112515
vt 0.736784 0.253569
vt 0.733013 0.221558
vt 0.719855 0.306752
vt 0.717529 0.305401
vt 0.921555 0.812780
vt 0.915606 0.812306
vt 0.918721 0.567607
vt 0.793223 0.002859
vt 0.950453 0.534013
vt 0.925292 0.533833
vt 0.925073 0.537344
vt 0.950494 0.530605
vt 0.925268 0.530409
vt 0.950466 0.527191
vt 0.950691 0.523649
vt 0.925315 0.527002
vt 0.950657 0.537447
vt 0.951742 0.553894
vt 0.924160 0.554272
vt 0.925109 0.523525
vt 0.126885 0.017047
vt 0.129307 0.015814
vt 0.128708 0.017863
vt 0.937184 0.167668
vt 0.938352 0.165262
vt 0.938995 0.166670
vt 0.130851 0.016081
vt 0.229235 0.015321
vt 0.938080 0.163752
vt 0.127868 0.015168
vt 0.966303 0.002867
vt 0.981948 0.018653
vt 0.944965 0.017404
vt 0.947372 0.011406
vt 0.981776 0.031499
vt 0.981813 0.072545
vt 0.944964 0.074585
vt 0.978904 0.079726
vt 0.960213 0.088184
vt 0.867225 0.270324
vt 0.805382 0.292405
vt 0.806633 0.271544
vt 0.327954 0.346146
vt 0.325449 0.361256
vt 0.325163 0.346165
vt 0.577037 0.903064
vt 0.017112 0.996648
vt 0.522324 0.117094
vt 0.537584 0.355427
vt 0.514905 0.117480
vt 0.313736 0.027022
vt 0.301848 0.027386
vt 0.561883 0.197215
vt 0.718265 0.946737
vt 0.734654 0.957707
vt 0.229088 0.946705
vt 0.860769 0.960248
vt 0.861073 0.968725
vt 0.818502 0.022909
vt 0.820249 0.020691
vt 0.871207 0.971042
vt 0.897093 0.970929
vt 0.807169 0.904965
vt 0.807128 0.902720
vt 0.518609 0.114530
vt 0.252823 0.488404
vt 0.571740 0.313399
vt 0.363819 0.969538
vt 0.534465 0.175019
vt 0.314572 0.030531
vt 0.313188 0.029065
vt 0.363978 0.971631
vt 0.821061 0.014869
vt 0.802421 0.013471
vt 0.801597 0.006559
vt 0.772028 0.471285
vt 0.571536 0.356084
vt 0.906469 0.005841
vt 0.915019 0.017915
vt 0.912231 0.002864
vt 0.915019 0.002864
vt 0.510548 0.183563
vt 0.512423 0.182824
vt 0.241513 0.555104
vt 0.247188 0.594902
vt 0.236228 0.597266
vt 0.849753 0.332180
vt 0.571251 0.213746
vt 0.784004 0.577868
vt 0.767033 0.524737
vt 0.786327 0.576516
vt 0.514121 0.177603
vt 0.607987 0.970581
vt 0.893640 0.267927
vt 0.876437 0.323160
vt 0.876437 0.267927
vt 0.279879 0.002859
vt 0.775551 0.469463
vt 0.126366 0.575884
vt 0.104217 0.555377
vt 0.105471 0.551754
vt 0.569143 0.215951
vt 0.571572 0.293211
vt 0.775221 0.387717
vt 0.772824 0.468764
vt 0.497662 0.131975
vt 0.497484 0.119114
vt 0.546163 0.371376
vt 0.542674 0.375226
vt 0.505070 0.181683
vt 0.259775 0.030142
vt 0.996660 0.264695
vt 0.994524 0.265225
vt 0.821480 0.012089
vt 0.906184 0.003147
vt 0.808529 0.937794
vt 0.911821 0.024949
vt 0.914610 0.040004
vt 0.911821 0.040011
vt 0.027349 0.958931
vt 0.027173 0.956247
vt 0.778518 0.261629
vt 0.709640 0.214901
vt 0.571268 0.215959
vt 0.871236 0.969021
vt 0.270687 0.041570
vt 0.272702 0.029605
vt 0.273384 0.041259
vt 0.480790 0.353162
vt 0.898302 0.957029
vt 0.492230 0.944797
vt 0.569086 0.214104
vt 0.303734 0.045505
vt 0.300593 0.046195
vt 0.710050 0.315177
vt 0.347051 0.972544
vt 0.503519 0.183880
vt 0.508539 0.187237
vt 0.492987 0.982612
vt 0.370912 0.969196
vt 0.322208 0.100134
vt 0.316626 0.030212
vt 0.801975 0.016236
vt 0.756029 0.524617
vt 0.229235 0.502015
vt 0.272522 0.961769
vt 0.272730 0.964096
vt 0.630564 0.972676
vt 0.227247 0.948345
vt 0.710241 0.293567
vt 0.127039 0.004482
vt 0.125173 0.005398
vt 0.125173 0.003320
vt 0.812395 0.950235
vt 0.800972 0.003306
vt 0.027598 0.962190
vt 0.517624 0.122216
vt 0.716418 0.947969
vt 0.899367 0.269928
vt 0.916570 0.325162
vt 0.899367 0.325162
vt 0.608245 0.565359
vt 0.605166 0.581352
vt 0.602387 0.565131
vt 0.705238 0.666527
vt 0.702948 0.676857
vt 0.701106 0.676667
vt 0.096921 0.803782
vt 0.013394 0.711155
vt 0.113399 0.805643
vt 0.098537 0.811193
vt 0.114524 0.808116
vt 0.114751 0.813971
vt 0.644387 0.425427
vt 0.631577 0.489601
vt 0.631577 0.421082
vt 0.647935 0.418567
vt 0.645602 0.424029
vt 0.633033 0.419584
vt 0.599799 0.566061
vt 0.602934 0.582052
vt 0.612580 0.582968
vt 0.610718 0.566484
vt 0.005258 0.917836
vt 0.113822 0.816558
vt 0.003046 0.941497
vt 0.003069 0.713444
vt 0.013294 0.709070
vt 0.978445 0.330927
vt 0.958789 0.532496
vt 0.958791 0.330927
vt 0.610341 0.581844
vt 0.976813 0.547704
vt 0.978442 0.546144
vt 0.647935 0.560636
vt 0.645602 0.555173
vt 0.658056 0.556023
vt 0.644387 0.553776
vt 0.631577 0.558121
vt 0.633033 0.559619
vt 0.098045 0.806020
vt 0.958789 0.129357
vt 0.978442 0.115709
vt 0.498483 0.674662
vt 0.474813 0.676875
vt 0.976813 0.114149
vt 0.347308 0.775572
vt 0.347312 0.786078
vt 0.346768 0.775083
vt 0.327093 0.774989
vt 0.327093 0.774049
vt 0.327197 0.773956
vt 0.478729 0.185037
vt 0.463854 0.158996
vt 0.478729 0.158996
vt 0.434104 0.185037
vt 0.419229 0.158996
vt 0.434104 0.158996
vt 0.419229 0.185037
vt 0.404354 0.158996
vt 0.404354 0.185037
vt 0.389479 0.158996
vt 0.389479 0.185037
vt 0.374604 0.158996
vt 0.374604 0.185037
vt 0.359729 0.158996
vt 0.359729 0.185037
vt 0.344853 0.158996
vt 0.448979 0.185037
vt 0.448979 0.158996
vt 0.463854 0.185037
vt 0.344854 0.185037
vt 0.329979 0.158996
vt 0.364036 0.110171
vt 0.371442 0.123633
vt 0.362018 0.116444
vt 0.376934 0.119800
vt 0.374879 0.134827
vt 0.376096 0.149681
vt 0.381256 0.134996
vt 0.363454 0.158996
vt 0.370836 0.145903
vt 0.347633 0.158996
vt 0.361303 0.152863
vt 0.340051 0.145744
vt 0.349538 0.152745
vt 0.334801 0.149679
vt 0.336628 0.134384
vt 0.329979 0.134454
vt 0.340385 0.123054
vt 0.348198 0.109969
vt 0.334942 0.119018
vt 0.350095 0.116176
vt 0.824749 0.632172
vt 0.812381 0.644159
vt 0.812381 0.632172
vt 0.824749 0.668132
vt 0.812381 0.680119
vt 0.812381 0.668132
vt 0.824749 0.680119
vt 0.812381 0.692105
vt 0.824749 0.692105
vt 0.812381 0.704092
vt 0.824749 0.704092
vt 0.812381 0.716079
vt 0.824749 0.716079
vt 0.812381 0.728065
vt 0.824749 0.728065
vt 0.812381 0.740052
vt 0.824749 0.740052
vt 0.812381 0.752039
vt 0.824749 0.608199
vt 0.812381 0.620186
vt 0.812381 0.608199
vt 0.824749 0.620186
vt 0.824749 0.656146
vt 0.812381 0.656146
vt 0.824749 0.644159
vt 0.844915 0.736723
vt 0.838582 0.721408
vt 0.844915 0.721408
vt 0.844915 0.752039
vt 0.838582 0.736723
vt 0.844915 0.583569
vt 0.838582 0.568253
vt 0.844915 0.568253
vt 0.844915 0.598884
vt 0.838582 0.583569
vt 0.844915 0.614200
vt 0.838582 0.598884
vt 0.844915 0.629515
vt 0.838582 0.614200
vt 0.844915 0.644831
vt 0.838582 0.629515
vt 0.844915 0.690777
vt 0.838582 0.675461
vt 0.844915 0.675461
vt 0.838582 0.706092
vt 0.844915 0.706092
vt 0.838582 0.660146
vt 0.838582 0.644831
vt 0.844915 0.660146
vt 0.831617 0.692076
vt 0.827085 0.704062
vt 0.827085 0.692076
vt 0.831617 0.680089
vt 0.827085 0.668102
vt 0.831617 0.668102
vt 0.831617 0.584196
vt 0.827085 0.596183
vt 0.827085 0.584196
vt 0.831617 0.620156
vt 0.827085 0.632142
vt 0.827085 0.620156
vt 0.827085 0.680089
vt 0.827085 0.656116
vt 0.831617 0.656116
vt 0.831617 0.572209
vt 0.827085 0.572209
vt 0.827085 0.608169
vt 0.831617 0.608169
vt 0.827085 0.644129
vt 0.831617 0.644129
vt 0.831617 0.716049
vt 0.831617 0.704062
vt 0.831617 0.596183
vt 0.831617 0.632142
vt 0.832965 0.702809
vt 0.836604 0.692327
vt 0.836604 0.702809
vt 0.832965 0.681845
vt 0.832965 0.692327
vt 0.832965 0.671363
vt 0.836604 0.681845
vt 0.836604 0.660881
vt 0.836604 0.671363
vt 0.832965 0.650399
vt 0.832965 0.660881
vt 0.832965 0.639918
vt 0.836604 0.650399
vt 0.832965 0.629436
vt 0.836604 0.639918
vt 0.836604 0.618954
vt 0.836604 0.629436
vt 0.832965 0.608472
vt 0.832965 0.618954
vt 0.836604 0.597990
vt 0.836604 0.608472
vt 0.832965 0.587508
vt 0.832965 0.597990
vt 0.836604 0.713291
vt 0.832965 0.713291
vt 0.880355 0.578075
vt 0.911224 0.608944
vt 0.869056 0.620242
vt 0.848941 0.690776
vt 0.846302 0.706092
vt 0.846302 0.690776
vt 0.848941 0.675461
vt 0.846302 0.675461
vt 0.846302 0.660145
vt 0.848941 0.660145
vt 0.846302 0.644830
vt 0.848941 0.644830
vt 0.848941 0.629515
vt 0.846302 0.629515
vt 0.848941 0.614199
vt 0.846302 0.614199
vt 0.848941 0.598883
vt 0.846302 0.598883
vt 0.846302 0.583568
vt 0.848941 0.583568
vt 0.846302 0.568253
vt 0.848941 0.568253
vt 0.848941 0.752038
vt 0.846302 0.736723
vt 0.848941 0.736723
vt 0.848941 0.721407
vt 0.846302 0.721407
vt 0.848941 0.706092
vt 0.838582 0.690777
vt 0.827085 0.716049
vt 0.862533 0.595897
vt 0.893402 0.626766
vt 0.846302 0.752038
vt 0.836604 0.587508
vt 0.904700 0.584599
vt 0.230828 0.258668
vt 0.796498 0.301818
vt 0.797053 0.284803
vt 0.799532 0.295887
vt 0.984415 0.505511
vt 0.986516 0.505247
vt 0.918222 0.560162
vt 0.918222 0.446171
vt 0.918222 0.332180
vt 0.997018 0.471370
vt 0.994917 0.471106
vt 0.133631 0.590276
vt 0.138344 0.630347
vt 0.034751 0.665357
vt 0.978169 0.071763
vt 0.150350 0.522848
vt 0.143101 0.537773
vt 0.150065 0.537905
vt 0.149629 0.560967
vt 0.149344 0.576037
vt 0.142664 0.560835
vt 0.137046 0.540592
vt 0.761488 0.405411
vt 0.726043 0.514255
vt 0.138909 0.710540
vt 0.062133 0.748629
vt 0.095055 0.714810
vt 0.055252 0.735194
vt 0.149478 0.706717
vt 0.132717 0.654501
vt 0.096328 0.710863
vt 0.088487 0.695552
vt 0.160528 0.704664
vt 0.253839 0.698095
vt 0.170876 0.625520
vt 0.084540 0.694279
vt 0.044738 0.714663
vt 0.037870 0.701252
vt 0.135091 0.651360
vt 0.136613 0.643067
vt 0.375963 0.674517
vt 0.263538 0.698819
vt 0.371319 0.691530
vt 0.273052 0.701542
vt 0.372936 0.695319
vt 0.387115 0.703024
vt 0.391634 0.716509
vt 0.396147 0.729978
vt 0.386935 0.747681
vt 0.384255 0.749213
vt 0.768793 0.753026
vt 0.737556 0.637516
vt 0.733448 0.628142
vt 0.798162 0.735088
vt 0.782197 0.755586
vt 0.799662 0.741220
vt 0.536551 0.097240
vt 0.536551 0.006509
vt 0.067603 0.890673
vt 0.085460 0.878720
vt 0.226840 0.707255
vt 0.320618 0.845404
vt 0.194850 0.797459
vt 0.195725 0.802200
vt 0.183168 0.780222
vt 0.186507 0.746827
vt 0.359168 0.268460
vt 0.956998 0.559551
vt 0.473691 0.400922
vt 0.449954 0.398822
vt 0.475454 0.387544
vt 0.426345 0.385871
vt 0.438128 0.385648
vt 0.444355 0.383495
vt 0.451284 0.373569
vt 0.468220 0.345961
vt 0.472511 0.350130
vt 0.462768 0.344293
vt 0.456184 0.345308
vt 0.383814 0.358617
vt 0.438823 0.357560
vt 0.447414 0.381183
vt 0.443894 0.359101
vt 0.447038 0.361296
vt 0.450168 0.377237
vt 0.793083 0.560162
vt 0.003302 0.258668
vt 0.677720 0.879961
vt 0.598649 0.884856
vt 0.583167 0.803775
vt 0.628696 0.779981
vt 0.581185 0.800554
vt 0.568450 0.790746
vt 0.612584 0.780259
vt 0.690823 0.863849
vt 0.794796 0.872613
vt 0.733262 0.855565
vt 0.785381 0.884208
vt 0.623530 0.557345
vt 0.339884 0.556776
vt 0.924240 0.812955
vt 0.328961 0.399339
vt 0.335641 0.384135
vt 0.328239 0.361204
vt 0.335204 0.361072
vt 0.379595 0.360086
vt 0.376615 0.362628
vt 0.386440 0.386626
vt 0.373861 0.366574
vt 0.372746 0.370242
vt 0.380136 0.384710
vt 0.376992 0.382516
vt 0.775204 0.146662
vt 0.905398 0.027276
vt 0.482051 0.374035
vt 0.711268 0.411079
vt 0.347428 0.944962
vt 0.514861 0.122203
vt 0.842597 0.957833
vt 0.248088 0.996307
vt 0.280578 0.923493
vt 0.710617 0.128599
vt 0.361075 0.602307
vt 0.996550 0.003884
vt 0.488519 0.651056
vt 0.479335 0.665016
vt 0.477014 0.667362
vt 0.471067 0.668434
vt 0.474153 0.668521
vt 0.127868 0.502167
vt 0.568165 0.761598
vt 0.552686 0.842681
vt 0.473613 0.837789
vt 0.460510 0.821678
vt 0.538746 0.738082
vt 0.582881 0.748567
vt 0.570147 0.758376
vt 0.522634 0.737805
vt 0.356534 0.830447
vt 0.418069 0.813396
vt 0.365950 0.842042
vt 0.519372 0.103378
vt 0.782838 0.381115
vt 0.513948 0.733668
vt 0.409025 0.780674
vt 0.414068 0.727444
vt 0.405817 0.781665
vt 0.398083 0.777168
vt 0.395370 0.748634
vt 0.402748 0.781337
vt 0.400068 0.779805
vt 0.390856 0.762102
vt 0.399889 0.735149
vt 0.523463 0.730945
vt 0.411041 0.706643
vt 0.415684 0.723655
vt 0.616123 0.657648
vt 0.533161 0.730221
vt 0.650385 0.675195
vt 0.651906 0.683488
vt 0.626469 0.736790
vt 0.654280 0.686629
vt 0.749125 0.733380
vt 0.702456 0.726406
vt 0.742257 0.746790
vt 0.698509 0.727680
vt 0.637519 0.738843
vt 0.731743 0.767321
vt 0.724863 0.780755
vt 0.997016 0.721585
vt 0.908781 0.262249
vt 0.335491 0.408557
vt 0.275642 0.494448
vt 0.721028 0.204559
vt 0.960240 0.002918
vt 0.947031 0.079797
vt 0.966336 0.088183
vt 0.619444 0.944819
vt 0.833460 0.900607
vt 0.847051 0.899302
vt 0.708904 0.805525
vt 0.799106 0.773535
vt 0.748475 0.765192
vt 0.781870 0.761853
vt 0.892320 0.646289
vt 0.880366 0.664146
vt 0.803847 0.774410
vt 0.051967 0.562570
vt 0.028359 0.575520
vt 0.040184 0.562347
vt 0.004623 0.577620
vt 0.002860 0.564243
vt 0.033957 0.560194
vt 0.027029 0.550269
vt 0.005803 0.526832
vt 0.010093 0.522663
vt 0.015546 0.520995
vt 0.022129 0.522011
vt 0.094495 0.535318
vt 0.039489 0.534262
vt 0.030898 0.557883
vt 0.028144 0.553937
vt 0.034419 0.535803
vt 0.031275 0.537997
vt 0.577054 0.935941
vt 0.532406 0.180210
vt 0.425959 0.415815
vt 0.925772 0.004233
vt 0.259775 0.506778
vt 0.984416 0.755725
vt 0.064880 0.916381
vt 0.986491 0.500170
vt 0.762743 0.210818
vt 0.751144 0.108784
vt 0.727486 0.310572
vt 0.916394 0.567399
vt 0.795137 0.002860
vt 0.577147 0.414174
vt 0.912231 0.017949
vt 0.793083 0.332180
vt 0.709623 0.212688
vt 0.513238 0.188623
vt 0.893640 0.323160
vt 0.277964 0.002860
vt 0.091868 0.563326
vt 0.098713 0.536788
vt 0.101692 0.539329
vt 0.098172 0.561410
vt 0.101316 0.559215
vt 0.104446 0.543275
vt 0.105562 0.546943
vt 0.619316 0.972773
vt 0.914610 0.024949
vt 0.320186 0.101195
vt 0.130851 0.501255
vt 0.916570 0.269928
vt 0.707324 0.666628
vt 0.003258 0.715286
vt 0.644387 0.489601
vt 0.658056 0.423180
vt 0.097837 0.813425
vt 0.957429 0.533955
vt 0.957429 0.127899
vt 0.347204 0.786182
vt 0.332028 0.786182
vt 0.337066 0.775083
vt 0.332028 0.773956
vt 0.336859 0.773956
vt 0.336963 0.774989
vt 0.336963 0.774049
vt 0.346945 0.775149
vt 0.347234 0.775412
vt 0.316852 0.786182
vt 0.326990 0.775083
vt 0.316744 0.786078
vt 0.317288 0.775083
vt 0.316748 0.775572
vt 0.316822 0.775412
vt 0.317112 0.775149
vt 0.329979 0.185037
vt 0.824749 0.752039
vt 0.838582 0.752039
vt 0.862533 0.608944
vt 0.869056 0.584599
vt 0.893402 0.578075
vt 0.911224 0.595897
vt 0.904700 0.620242
vt 0.880355 0.626766
vt 0.763803 0.270692
vt 0.788679 0.278929
vt 0.799662 0.290186
vt 0.028820 0.668390
vt 0.017736 0.665912
vt 0.023119 0.668520
vt 0.011862 0.657537
vt 0.003625 0.632662
s 1
usemtl Synth_Machine
f 93/1/1 416/2/2 396/3/3
f 94/4/4 408/5/5 402/6/6
f 110/7/7 390/8/8 379/9/9
f 102/10/10 357/11/11 104/12/12
f 2/13/13 40/14/14 3/15/15
f 3/15/15 38/16/16 1/17/17
f 356/18/18 98/19/19 108/20/20
f 99/21/21 12/22/22 13/23/23
f 6/24/24 3/15/15 7/25/25
f 7/25/25 1/17/17 4/26/26
f 25/27/27 10/28/28 8/29/29
f 12/22/22 6/24/24 13/23/23
f 109/30/30 108/20/20 100/31/31
f 16/32/32 30/33/33 29/34/34
f 106/35/35 23/36/36 103/37/37
f 10/28/28 13/23/23 14/38/38
f 8/29/29 14/38/38 11/39/39
f 103/37/37 17/40/40 101/41/41
f 105/42/42 353/43/43 107/44/44
f 30/33/33 18/45/45 31/46/46
f 17/40/40 21/47/47 18/45/45
f 18/45/45 19/48/48 15/49/49
f 372/50/50 101/41/41 16/32/32
f 377/51/51 111/52/52 382/53/53
f 20/54/54 24/55/55 21/47/47
f 21/47/47 22/56/56 19/48/48
f 109/30/30 26/57/57 106/35/35
f 112/58/58 33/59/59 36/60/60
f 23/36/36 27/61/61 24/55/55
f 24/55/55 25/27/27 22/56/56
f 27/61/61 9/62/62 10/28/28
f 30/33/33 34/63/63 33/59/59
f 31/46/46 32/64/64 34/63/63
f 122/65/65 293/66/66 286/67/67
f 33/59/59 37/68/68 36/60/60
f 34/63/63 35/69/69 37/68/68
f 391/70/70 96/71/71 383/72/72
f 39/73/73 37/68/68 40/14/14
f 40/14/14 35/69/69 38/16/16
f 4/26/26 14/38/38 7/25/25
f 6/24/24 14/38/38 13/23/23
f 686/74/74 765/75/75 690/76/76
f 18/45/45 28/77/77 31/46/46
f 11/39/39 4/26/26 15/49/49
f 99/21/21 370/78/78 12/22/22
f 121/79/79 304/80/80 294/81/81
f 210/82/82 212/83/83 215/84/84
f 319/85/85 204/86/86 143/87/87
f 225/88/88 186/89/89 1258/90/90
f 329/91/91 323/92/92 321/93/93
f 422/94/94 41/95/95 150/96/96
f 424/97/97 168/98/98 162/99/99
f 339/100/100 333/101/101 335/102/102
f 143/87/87 193/103/103 192/104/104
f 241/105/105 177/106/106 175/107/107
f 247/108/108 179/109/109 177/106/106
f 349/110/110 41/95/95 1251/111/111
f 144/112/112 164/113/113 146/114/114
f 191/115/115 281/116/116 280/117/117
f 234/118/118 175/107/107 173/119/119
f 257/120/120 268/121/121 198/122/122
f 157/123/123 167/124/124 159/125/125
f 423/126/126 144/112/112 418/127/127
f 138/128/128 312/129/129 201/130/130
f 158/131/131 322/132/132 155/133/133
f 220/134/134 214/135/135 228/136/136
f 208/137/137 332/138/138 212/83/83
f 167/124/124 165/139/139 162/99/99
f 359/140/140 358/141/141 233/142/142
f 222/143/143 229/144/144 226/145/145
f 255/146/146 44/147/147 262/148/148
f 153/149/149 421/150/150 149/151/151
f 1257/152/152 43/153/153 1256/154/154
f 1250/155/155 180/156/156 1251/111/111
f 245/157/157 141/158/158 179/109/109
f 277/159/159 123/160/160 285/161/161
f 263/162/162 130/163/163 128/164/164
f 125/165/165 297/166/166 302/167/167
f 266/168/168 298/169/169 132/170/170
f 134/171/171 269/172/172 256/173/173
f 275/174/174 284/175/175 282/176/176
f 290/177/177 283/178/178 292/179/179
f 301/180/180 291/181/181 303/182/182
f 311/183/183 317/184/184 313/185/185
f 308/186/186 296/187/187 299/188/188
f 296/187/187 303/182/182 299/188/188
f 334/189/189 326/190/190 322/132/132
f 137/191/191 190/192/192 203/193/193
f 336/194/194 324/195/195 330/196/196
f 338/197/197 330/196/196 328/198/198
f 352/199/199 342/200/200 350/201/201
f 340/202/202 328/198/198 326/190/190
f 235/203/203 153/149/149 149/151/151
f 12/22/22 370/78/78 374/204/204
f 348/205/205 346/206/206 352/199/199
f 411/207/207 404/208/208 344/209/209
f 223/210/210 228/136/136 229/144/144
f 341/211/211 345/212/212 1260/213/213
f 377/51/51 16/32/32 29/34/34
f 350/201/201 393/214/214 392/215/215
f 387/216/216 117/217/217 394/218/218
f 111/52/52 29/34/34 30/33/33
f 97/219/219 2/13/13 6/24/24
f 115/220/220 36/60/60 39/73/73
f 97/219/219 96/71/71 118/221/221
f 95/222/222 376/223/223 384/224/224
f 91/225/225 401/226/226 413/227/227
f 264/228/228 44/147/147 430/229/229
f 260/230/230 46/231/231 255/146/146
f 275/174/174 270/232/232 278/233/233
f 227/234/234 213/235/235 218/236/236
f 45/237/237 187/238/238 217/239/239
f 217/239/239 426/240/240 45/237/237
f 41/95/95 237/241/241 150/96/96
f 234/118/118 154/242/242 235/243/203
f 202/244/243 183/245/244 181/246/245
f 507/247/246 513/248/247 509/249/248
f 601/250/249 476/251/250 477/252/251
f 662/253/252 657/254/253 661/255/254
f 695/256/255 697/257/256 696/258/257
f 57/259/258 60/260/259 56/261/260
f 579/262/261 581/263/262 580/264/263
f 72/265/264 71/266/265 69/267/266
f 604/268/267 596/269/268 605/270/269
f 756/271/270 761/272/271 762/273/272
f 483/274/273 520/275/274 484/276/275
f 632/277/276 622/278/277 631/279/278
f 766/280/279 764/281/280 763/282/281
f 54/283/282 48/284/283 50/285/284
f 57/259/258 72/265/264 55/286/285
f 733/287/286 459/288/287 748/289/288
f 77/290/289 63/291/290 76/292/291
f 643/293/292 633/294/293 629/295/294
f 79/296/295 78/297/296 81/298/297
f 521/299/157 518/300/298 520/275/274
f 60/260/259 441/301/299 442/302/300
f 599/303/301 611/304/302 598/305/303
f 433/306/304 770/307/305 767/308/306
f 625/309/307 627/310/308 626/311/309
f 495/312/310 496/313/311 577/314/312
f 640/315/313 608/316/314 474/317/315
f 444/318/316 699/319/317 710/320/318
f 85/321/319 50/285/284 48/284/283
f 77/290/289 76/292/291 453/322/320
f 658/323/321 655/324/322 656/325/323
f 497/326/131 663/327/324 664/328/325
f 61/329/326 51/330/327 54/283/282
f 719/331/328 453/322/320 76/292/291
f 640/332/313 650/333/329 649/334/330
f 480/335/331 541/336/332 542/337/333
f 447/338/334 695/256/255 702/339/335
f 753/340/336 763/282/281 755/341/337
f 684/342/338 574/343/339 683/344/340
f 69/267/266 68/345/341 66/346/342
f 492/347/96 421/150/150 491/348/343
f 437/349/344 439/350/345 438/351/346
f 590/352/347 564/353/348 563/354/349
f 507/247/246 512/355/350 513/248/247
f 525/356/351 544/357/352 523/358/245
f 700/359/353 710/320/318 699/319/317
f 524/360/354 595/361/355 527/362/356
f 685/363/357 688/364/358 687/365/359
f 497/366/131 499/367/360 498/368/361
f 546/369/362 660/370/363 661/255/254
f 588/371/364 587/372/109 586/373/365
f 673/374/366 554/375/367 553/376/368
f 501/377/369 497/366/131 500/378/133
f 638/379/370 650/333/329 641/380/371
f 554/375/367 552/381/372 557/382/373
f 613/383/374 540/384/375 541/385/332
f 443/386/376 64/387/377 445/388/378
f 536/389/379 538/390/380 537/391/381
f 548/392/382 561/393/383 562/394/384
f 629/295/294 631/279/278 630/395/385
f 718/396/386 437/349/344 726/397/387
f 704/398/388 441/301/299 703/399/389
f 543/400/130 654/401/390 480/402/331
f 611/403/302 476/251/250 598/404/303
f 560/405/391 555/406/392 569/407/393
f 532/408/394 482/409/395 479/410/396
f 53/411/397 50/285/284 49/412/398
f 452/413/399 454/414/400 453/322/320
f 642/415/401 629/295/294 630/395/385
f 82/416/402 81/298/297 84/417/403
f 606/418/404 44/147/147 604/268/267
f 436/419/405 750/420/406 435/421/407
f 468/422/408 644/423/409 467/424/410
f 88/425/95 691/426/411 1249/427/111
f 732/428/412 452/413/399 721/429/413
f 509/249/248 499/367/360 501/377/369
f 61/329/326 53/411/397 60/260/259
f 496/430/311 576/431/414 577/432/312
f 519/433/415 516/434/416 518/300/298
f 527/435/356 525/356/351 524/436/354
f 511/437/417 560/438/391 559/439/418
f 673/440/366 553/441/368 508/442/419
f 470/443/420 471/444/421 472/445/422
f 694/446/423 689/447/424 693/448/425
f 695/256/255 450/449/426 698/450/427
f 654/401/390 656/325/323 655/324/322
f 558/451/428 556/452/429 555/453/392
f 63/291/290 719/331/328 76/292/291
f 470/443/420 468/422/408 467/424/410
f 672/454/430 669/455/431 671/456/432
f 580/457/263 584/458/433 579/459/261
f 703/399/389 705/460/434 704/398/388
f 665/461/435 550/462/83 666/463/138
f 716/464/436 59/465/437 52/466/438
f 454/414/400 452/413/399 456/467/439
f 432/468/440 435/421/407 431/469/441
f 44/147/147 597/470/442 604/268/267
f 470/471/420 472/472/422 605/473/269
f 494/474/443 420/475/444 419/476/445
f 73/477/446 56/261/260 442/302/300
f 702/339/335 700/359/353 699/319/317
f 694/478/423 684/479/338 688/480/358
f 621/481/447 623/482/448 622/278/277
f 68/345/341 64/387/377 65/483/449
f 712/484/450 706/485/451 703/399/389
f 53/411/397 439/350/345 437/349/344
f 751/486/452 752/487/453 563/488/349
f 571/489/454 564/353/348 568/490/455
f 667/491/456 664/328/325 663/327/324
f 556/452/429 569/492/393 555/453/392
f 1254/493/457 494/494/443 1255/495/458
f 471/444/421 640/315/313 474/317/315
f 461/496/459 636/497/460 463/498/461
f 677/499/462 674/500/463 673/374/366
f 433/306/304 755/341/337 763/282/281
f 431/469/441 433/306/304 432/468/440
f 426/240/240 559/501/418 45/237/237
f 485/502/464 661/255/254 657/254/253
f 206/503/465 215/84/84 214/135/135
f 89/504/466 90/505/467 91/225/225
f 92/506/468 93/1/1 94/4/4
f 95/222/222 96/71/71 97/219/219
f 98/19/19 99/21/21 100/31/31
f 101/41/41 102/10/10 103/37/37
f 104/12/12 105/42/42 106/35/35
f 107/44/44 108/20/20 109/30/30
f 110/7/7 111/52/52 112/58/58
f 113/507/469 114/508/470 115/220/220
f 116/509/471 117/217/217 118/221/221
f 119/510/472 120/511/473 121/79/79
f 122/512/65 123/513/160 124/514/474
f 126/515/475 128/516/164 125/165/165
f 130/517/163 132/170/170 129/518/476
f 134/171/171 136/519/477 133/520/478
f 137/521/191 139/522/479 140/523/480
f 145/524/481 147/525/482 148/526/483
f 152/527/484 154/528/242 151/529/485
f 155/530/133 156/531/486 157/123/123
f 158/532/131 159/125/125 160/533/487
f 163/534/488 164/113/113 165/139/139
f 166/535/489 168/98/490 169/536/491
f 183/245/244 185/537/492 182/538/493
f 191/539/115 193/103/103 190/540/192
f 194/541/494 195/542/495 196/543/496
f 198/122/122 200/544/497 197/545/498
f 237/546/241 238/547/499 239/548/500
f 248/549/501 249/550/502 250/551/503
f 251/552/504 252/553/505 253/554/506
f 256/555/173 258/556/507 259/557/508
f 268/121/121 269/558/172 270/559/232
f 271/560/509 272/561/510 273/562/511
f 276/563/512 277/564/159 278/233/233
f 279/565/513 281/566/116 282/567/176
f 283/178/178 285/568/161 286/569/67
f 287/570/514 289/571/515 290/177/177
f 291/181/181 293/572/66 294/573/81
f 297/574/166 298/575/169 299/188/188
f 302/576/167 303/182/182 304/577/80
f 309/578/516 310/579/517 311/183/183
f 312/129/129 313/185/185 314/580/518
f 315/581/519 316/582/520 317/583/184
f 318/584/521 319/85/85 320/585/522
f 353/43/43 355/586/523 356/18/18
f 358/587/141 360/588/524 357/11/11
f 361/589/525 363/590/526 364/591/527
f 365/592/528 367/593/529 368/594/530
f 380/595/531 382/53/53 379/9/9
f 384/224/224 386/596/532 383/72/72
f 387/216/216 389/597/533 390/8/8
f 392/598/215 394/218/218 391/70/70
f 395/599/534 397/600/535 398/601/536
f 399/602/537 400/603/538 401/226/226
f 403/604/539 405/605/540 402/6/6
f 406/606/541 407/607/542 408/5/5
f 410/608/543 412/609/544 409/610/545
f 413/227/227 415/611/546 416/2/2
f 427/612/547 523/358/245 428/613/548
f 449/614/549 447/338/334 448/615/550
f 87/616/551 49/412/398 50/285/284
f 522/617/156 1250/155/155 1249/427/111
f 762/273/272 436/419/405 756/271/270
f 435/421/407 770/307/305 431/469/441
f 561/393/383 565/618/144 562/394/384
f 1252/619/552 484/276/275 1253/620/553
f 657/254/253 659/621/554 658/622/321
f 639/623/555 467/424/410 644/423/409
f 443/386/376 445/388/378 444/318/316
f 487/624/556 489/625/557 488/626/558
f 576/431/414 582/627/559 575/628/560
f 75/629/561 65/483/449 78/297/296
f 682/630/562 679/631/563 681/632/564
f 603/633/565 600/634/566 601/635/249
f 547/636/567 552/381/372 551/637/568
f 533/638/569 622/639/277 623/640/448
f 700/641/353 701/642/570 575/643/560
f 610/644/571 612/645/572 611/304/302
f 496/313/311 494/474/443 493/646/573
f 553/376/368 557/382/373 558/451/428
f 526/647/574 538/390/380 525/356/351
f 440/648/575 698/450/427 450/449/426
f 707/649/576 709/650/577 708/651/578
f 84/417/403 80/652/579 83/653/580
f 479/410/396 481/654/581 480/335/331
f 476/251/250 619/655/582 475/656/583
f 582/627/559 589/657/584 588/371/364
f 511/658/417 425/659/585 510/660/586
f 545/661/193 532/662/394 479/663/396
f 593/664/587 595/361/355 594/665/588
f 619/666/582 626/667/309 627/668/308
f 664/328/325 500/669/133 497/326/131
f 713/670/589 719/331/328 714/671/590
f 724/672/591 722/673/592 721/429/413
f 644/674/409 646/675/593 645/676/594
f 749/677/595 760/678/596 752/679/453
f 670/680/597 682/630/562 668/681/598
f 87/616/551 82/416/402 84/417/403
f 480/402/331 652/682/599 479/663/396
f 505/683/600 507/247/246 506/684/601
f 446/685/602 444/318/316 445/388/378
f 574/343/339 586/373/365 587/372/109
f 749/677/595 751/686/452 750/420/406
f 759/687/603 757/688/604 756/271/270
f 449/614/549 451/689/605 450/449/426
f 478/690/606 476/251/250 475/656/583
f 432/468/440 763/282/281 764/281/280
f 718/396/386 727/691/607 717/692/608
f 440/648/575 442/302/300 441/301/299
f 729/693/609 731/694/610 730/695/611
f 455/696/612 457/697/613 456/467/439
f 596/269/268 602/698/614 603/633/565
f 767/308/306 754/699/615 755/341/337
f 504/700/99 423/126/126 503/701/126
f 666/463/138 678/702/196 672/454/430
f 93/1/1 90/505/467 89/504/466
f 383/72/72 95/222/222 384/224/224
f 99/21/21 362/703/616 361/589/525
f 368/594/530 101/41/41 365/592/528
f 105/42/42 357/11/11 360/588/524
f 108/20/20 353/43/43 356/18/18
f 111/52/52 379/9/9 382/53/53
f 114/508/470 387/216/216 390/8/8
f 117/217/217 391/70/70 394/218/218
f 124/704/474 119/510/472 122/65/65
f 136/519/477 123/160/160 133/520/478
f 128/516/164 129/518/476 125/165/165
f 121/79/79 127/705/617 126/515/475
f 266/168/168 131/706/618 267/707/619
f 259/708/508 134/171/171 256/173/173
f 190/709/192 140/523/480 191/115/115
f 146/114/114 143/710/87 144/112/112
f 164/113/113 147/525/482 146/114/114
f 149/151/151 237/546/241 239/548/500
f 155/530/133 159/125/125 158/532/131
f 165/139/139 161/711/126 162/99/99
f 157/123/123 170/712/620 171/713/621
f 159/125/125 166/535/489 160/533/487
f 165/139/139 170/712/620 163/534/488
f 172/714/622 154/242/242 173/119/119
f 174/715/623 173/119/119 175/107/107
f 174/715/623 177/106/106 176/716/624
f 176/716/624 179/109/109 178/717/625
f 178/717/625 141/158/158 142/718/626
f 182/538/493 181/246/245 183/245/244
f 152/719/484 1258/720/90 1257/721/152
f 188/722/627 191/539/115 189/723/628
f 201/724/130 196/543/496 202/244/243
f 201/724/130 197/545/498 200/544/497
f 193/103/103 203/725/193 190/540/192
f 138/726/128 199/727/629 139/522/479
f 196/543/496 184/728/630 183/245/244
f 181/246/245 427/612/547 428/613/548
f 216/729/631 214/135/135 215/84/84
f 205/730/632 210/82/82 206/503/465
f 211/731/633 215/84/84 212/83/83
f 207/732/634 210/82/82 209/733/635
f 169/734/491 218/735/236 166/736/489
f 217/737/239 186/738/89 218/735/236
f 223/210/210 219/739/636 220/134/134
f 223/210/210 221/740/637 224/741/638
f 229/144/144 225/742/88 226/145/145
f 229/144/144 227/743/234 230/744/639
f 248/549/501 222/143/143 249/550/502
f 142/718/626 1260/213/213 1259/745/640
f 206/503/465 219/739/636 205/730/632
f 227/743/234 214/135/135 213/746/235
f 233/747/142 235/243/203 236/748/641
f 240/749/642 234/118/118 233/747/142
f 236/750/641 239/548/500 238/547/499
f 246/751/643 245/157/157 247/108/108
f 242/752/644 238/753/499 237/241/241
f 240/749/642 247/108/108 241/105/105
f 232/754/645 244/755/646 231/756/647
f 399/757/537 253/758/506 400/759/538
f 253/554/506 182/760/493 185/761/492
f 254/762/648 262/148/148 263/763/162
f 261/764/649 258/556/507 260/230/230
f 254/762/648 260/230/230 255/146/146
f 265/765/650 262/148/148 264/228/228
f 274/766/651 273/767/511 275/174/174
f 268/121/121 273/562/511 272/561/510
f 276/563/512 270/232/232 269/768/172
f 279/565/513 284/769/175 283/178/178
f 274/766/651 282/176/176 281/770/116
f 277/564/159 284/175/175 278/233/233
f 287/570/514 292/179/179 291/181/181
f 280/771/117 290/177/177 289/571/515
f 286/569/67 292/179/179 283/178/178
f 295/772/652 301/180/180 296/187/187
f 302/576/167 299/188/188 303/182/182
f 300/773/653 287/570/514 301/180/180
f 304/577/80 291/181/181 294/573/81
f 298/575/169 308/186/186 299/188/188
f 295/772/652 306/774/654 305/775/655
f 269/558/172 257/120/120 256/555/173
f 271/560/509 198/122/122 272/561/510
f 277/159/159 134/171/171 133/520/478
f 286/67/67 123/160/160 122/65/65
f 294/81/81 119/510/472 121/79/79
f 302/167/167 126/515/475 125/165/165
f 298/169/169 129/518/476 132/170/170
f 309/578/516 313/185/185 312/129/129
f 310/579/517 320/776/522 311/183/183
f 315/581/519 320/585/522 319/85/85
f 316/777/520 313/185/185 317/184/184
f 310/579/517 138/128/128 137/191/191
f 314/580/518 194/778/494 312/129/129
f 145/779/481 316/582/520 315/581/519
f 204/86/86 318/584/521 203/725/193
f 325/780/656 322/132/132 326/190/190
f 339/781/100 334/189/189 333/782/101
f 327/783/657 326/190/190 328/198/198
f 337/784/658 340/202/202 339/781/100
f 327/783/657 330/196/196 329/785/91
f 337/784/658 336/194/194 338/197/197
f 329/785/91 324/195/195 323/786/92
f 335/787/102 332/138/138 336/194/194
f 155/133/133 321/788/93 156/789/486
f 208/137/137 323/786/92 324/195/195
f 333/782/101 158/131/131 160/790/487
f 331/791/659 212/83/83 332/138/138
f 347/792/660 352/793/199 351/794/661
f 343/795/662 346/796/206 344/797/209
f 349/110/110 352/793/199 350/798/201
f 341/211/211 346/796/206 345/212/212
f 349/110/110 243/799/663 242/752/644
f 232/754/645 342/800/200 341/211/211
f 250/551/503 343/795/662 344/797/209
f 347/792/660 251/552/504 348/801/205
f 362/703/616 355/586/523 363/590/526
f 360/588/524 354/802/664 353/43/43
f 368/594/530 358/587/141 357/11/11
f 370/78/78 364/591/527 369/803/665
f 365/592/528 371/804/666 366/805/667
f 373/806/668 370/78/78 369/803/665
f 374/204/204 375/807/669 376/223/223
f 377/51/51 371/804/666 372/50/50
f 382/53/53 378/808/670 377/51/51
f 385/809/671 376/223/223 375/807/669
f 379/9/9 389/597/533 380/595/531
f 394/218/218 388/810/672 387/216/216
f 386/596/532 391/70/70 383/72/72
f 406/606/541 395/599/534 398/601/536
f 413/227/227 400/603/538 414/811/673
f 402/6/6 407/607/542 403/604/539
f 409/610/545 399/602/537 401/226/226
f 410/608/543 404/812/208 411/813/207
f 397/600/535 416/2/2 415/611/546
f 250/814/503 406/815/541 248/816/501
f 90/505/467 409/610/545 91/225/225
f 91/225/225 416/2/2 89/504/466
f 396/3/3 94/4/4 93/1/1
f 402/6/6 92/506/468 94/4/4
f 417/817/674 144/112/112 143/710/87
f 152/527/484 420/475/444 153/149/149
f 421/150/150 150/818/96 149/151/151
f 423/126/126 162/99/99 161/711/126
f 425/659/585 169/536/491 168/98/490
f 71/266/265 67/819/675 68/345/341
f 483/274/273 587/372/109 521/299/157
f 434/820/676 756/271/270 436/419/405
f 56/261/260 74/821/677 57/259/258
f 535/822/678 545/823/193 546/369/362
f 607/824/679 604/268/267 605/270/269
f 510/660/680 424/97/97 504/700/99
f 685/363/357 592/825/681 686/826/74
f 655/324/322 651/827/682 654/401/390
f 457/697/613 455/696/612 459/288/287
f 519/433/415 583/828/107 517/829/105
f 618/830/683 620/831/684 619/666/582
f 514/832/685 496/430/311 493/833/573
f 441/301/299 712/484/450 703/399/389
f 486/834/686 417/817/674 485/835/464
f 74/821/677 70/836/687 71/266/265
f 88/425/95 422/94/94 492/837/96
f 469/838/688 463/498/461 468/422/408
f 668/681/598 676/839/132 664/328/325
f 443/386/376 714/671/590 63/291/290
f 720/840/689 724/672/591 719/331/328
f 535/822/678 533/841/569 532/842/394
f 676/839/132 681/632/564 675/843/690
f 617/844/691 612/845/572 615/846/692
f 633/294/293 646/675/593 636/847/460
f 679/631/563 678/702/196 677/499/462
f 608/316/314 473/848/693 474/317/315
f 88/425/95 579/459/261 584/458/433
f 598/305/303 600/634/566 599/303/301
f 626/667/309 617/844/691 624/849/694
f 540/384/375 610/644/571 599/303/301
f 592/850/681 760/851/596 761/852/271
f 458/853/695 460/854/696 459/288/287
f 528/855/697 572/856/698 567/857/699
f 707/649/576 713/670/589 714/671/590
f 565/618/144 563/354/349 564/353/348
f 474/317/315 472/445/422 471/444/421
f 43/153/153 1255/858/458 1256/154/154
f 619/655/582 465/859/700 475/656/583
f 648/860/701 637/861/702 647/862/703
f 535/822/678 546/369/362 485/502/464
f 49/412/398 86/863/704 460/854/696
f 59/465/437 53/411/397 52/466/438
f 730/695/611 748/289/288 729/693/609
f 86/863/704 84/417/403 83/653/580
f 55/286/285 61/329/326 57/259/258
f 556/452/429 562/394/384 570/864/705
f 579/262/261 491/348/343 581/263/262
f 759/865/603 432/866/440 764/867/280
f 506/684/601 486/834/686 488/626/558
f 658/622/321 487/868/556 657/254/253
f 634/869/706 629/295/294 633/294/293
f 692/870/707 734/871/708 747/872/709
f 79/296/295 82/416/402 85/321/319
f 466/873/710 461/496/459 462/874/711
f 628/875/712 634/869/706 635/876/713
f 712/484/450 715/877/714 711/878/715
f 767/308/306 769/879/716 768/880/717
f 725/881/718 437/349/344 438/351/346
f 710/320/318 443/386/376 444/318/316
f 699/319/317 447/338/334 702/339/335
f 524/436/354 523/358/245 522/882/156
f 571/489/454 569/492/393 570/864/705
f 559/439/418 528/883/697 529/884/719
f 696/258/257 702/339/335 695/256/255
f 760/678/596 762/273/272 761/272/271
f 46/231/231 602/698/614 597/470/442
f 624/849/694 616/885/720 623/886/448
f 690/76/76 688/480/358 686/74/74
f 770/307/305 751/686/452 769/879/716
f 570/864/705 565/618/144 571/489/454
f 557/382/373 548/392/382 556/452/429
f 508/887/419 510/660/586 509/249/248
f 729/693/609 459/288/287 455/696/612
f 753/888/336 595/889/355 593/890/587
f 632/277/276 625/309/307 621/481/447
f 652/682/599 662/891/252 660/892/363
f 434/820/676 436/419/405 435/421/407
f 503/701/126 507/247/246 504/700/99
f 529/893/719 45/237/237 559/501/418
f 465/859/700 628/894/712 464/895/721
f 485/835/464 488/626/558 486/834/686
f 717/692/608 716/464/436 718/396/386
f 516/434/416 515/896/722 514/832/685
f 539/897/723 543/898/130 542/899/333
f 1252/619/552 683/344/340 483/274/273
f 764/281/280 758/900/724 759/687/603
f 577/432/312 575/628/560 578/901/725
f 753/340/336 755/341/337 754/699/615
f 77/290/289 65/483/449 64/387/377
f 489/625/557 506/684/601 488/626/558
f 552/381/372 549/902/726 551/637/568
f 721/429/413 731/694/610 732/428/412
f 543/898/130 538/390/380 536/389/379
f 461/496/459 463/498/461 462/874/711
f 478/690/606 465/859/700 466/903/710
f 615/904/692 610/644/571 614/905/727
f 646/906/593 463/498/461 636/497/460
f 660/370/363 662/253/252 661/255/254
f 689/447/424 593/664/587 594/665/588
f 500/669/133 675/843/690 502/907/728
f 542/899/333 540/384/375 539/897/723
f 626/311/309 621/481/447 625/309/307
f 501/377/369 508/887/419 509/249/248
f 728/908/729 726/397/387 725/881/718
f 748/289/288 734/909/708 733/287/286
f 581/263/262 578/910/725 580/264/263
f 672/454/430 680/911/198 670/680/597
f 530/912/730 533/841/569 534/913/731
f 512/355/350 499/367/360 513/248/247
f 486/834/686 423/126/126 418/127/127
f 612/845/572 618/830/683 611/914/302
f 644/674/409 641/380/371 639/915/555
f 585/916/732 691/426/411 584/458/433
f 656/325/323 536/917/379 537/918/381
f 567/919/699 571/489/454 568/490/455
f 666/463/138 671/456/432 665/461/435
f 651/827/682 653/920/733 652/682/599
f 637/861/702 643/293/292 642/415/401
f 635/921/713 464/895/721 628/894/712
f 721/429/413 453/322/320 724/672/591
f 688/364/358 683/344/340 687/365/359
f 521/299/157 589/657/584 519/433/415
f 613/383/374 615/904/692 614/905/727
f 638/379/370 645/676/594 643/293/292
f 691/426/411 694/446/423 693/448/425
f 464/922/721 466/923/710 465/924/700
f 633/294/293 635/876/713 634/869/706
f 517/829/105 576/431/414 515/896/722
f 728/908/729 733/287/286 734/909/708
f 500/378/133 502/925/728 501/377/369
f 704/398/388 697/257/256 698/450/427
f 495/312/310 421/150/150 420/475/444
f 639/915/555 641/380/371 640/332/313
f 669/455/431 668/681/598 667/491/456
f 616/885/720 615/846/692 613/926/374
f 733/287/286 438/351/346 458/853/695
f 446/685/602 448/615/550 447/338/334
f 729/693/609 456/467/439 732/428/412
f 653/920/733 659/927/554 662/891/252
f 66/346/342 65/483/449 62/928/734
f 81/298/297 77/290/289 80/652/579
f 590/352/347 592/825/681 591/929/735
f 674/500/463 550/462/83 554/375/367
f 90/930/467 405/931/540 410/932/543
f 308/933/736 742/934/737 306/935/738
f 266/936/739 740/937/740 739/938/741
f 779/939/742 608/940/743 649/941/744
f 778/942/745 650/943/746 648/944/747
f 773/945/748 430/946/749 606/947/750
f 609/948/751 774/949/752 607/950/679
f 305/951/753 742/934/737 741/952/754
f 266/936/739 743/953/741 307/954/755
f 772/955/756 647/956/757 531/957/758
f 608/940/743 776/958/759 609/959/751
f 429/960/760 735/961/761 745/962/762
f 307/954/755 744/963/763 308/933/736
f 647/956/757 778/942/745 648/944/747
f 189/964/628 735/961/761 188/965/627
f 267/966/619 738/967/764 740/968/740
f 430/946/749 737/969/765 264/970/766
f 607/950/679 773/945/748 606/947/750
f 265/971/650 737/969/765 738/967/764
f 780/972/767 649/941/744 650/943/746
f 429/960/760 771/973/768 530/974/730
f 305/951/753 736/975/769 189/976/628
f 771/973/768 531/977/758 530/974/730
f 777/978/770 772/979/756 779/980/742
f 740/981/740 738/982/764 737/983/765
f 781/984/771 793/985/772 792/986/773
f 784/987/774 799/988/775 797/989/776
f 785/990/777 801/991/778 799/988/775
f 786/992/779 803/993/780 801/991/778
f 787/994/781 805/995/782 803/993/780
f 788/996/783 807/997/784 805/995/782
f 789/998/785 809/999/786 807/997/784
f 783/1000/787 797/989/776 795/1001/788
f 782/1002/789 795/1001/788 793/985/772
f 790/1003/790 792/1004/773 809/999/786
f 792/1005/773 794/1006/791 791/1007/792
f 793/1008/772 796/1009/793 794/1006/791
f 797/1010/776 796/1009/793 795/1011/788
f 799/1012/775 798/1013/794 797/1010/776
f 801/1014/778 800/1015/795 799/1012/775
f 801/1014/778 804/1016/796 802/1017/797
f 803/1018/780 806/1019/798 804/1016/796
f 805/1020/782 808/1021/799 806/1019/798
f 809/1022/786 808/1021/799 807/1023/784
f 792/1005/773 810/1024/800 809/1022/786
f 808/1021/799 810/1024/800 798/1013/794
f 823/985/801 811/984/771 822/986/802
f 829/988/803 814/987/774 827/989/804
f 831/991/805 815/990/777 829/988/803
f 833/993/806 816/992/779 831/991/805
f 835/995/807 817/994/781 833/993/806
f 837/997/808 818/996/783 835/995/807
f 839/999/809 819/998/785 837/997/808
f 827/989/804 813/1000/787 825/1001/810
f 825/1001/810 812/1002/789 823/985/801
f 822/1004/802 820/1003/790 839/999/809
f 821/1007/811 823/1008/801 822/1005/802
f 824/1006/812 825/1011/810 823/1008/801
f 826/1009/813 827/1010/804 825/1011/810
f 827/1010/804 830/1015/814 829/1012/803
f 829/1012/803 832/1017/815 831/1014/805
f 831/1014/805 834/1016/816 833/1018/806
f 833/1018/806 836/1019/817 835/1020/807
f 835/1020/807 838/1021/818 837/1023/808
f 838/1021/818 839/1022/809 837/1023/808
f 840/1024/819 822/1005/802 839/1022/809
f 832/1017/820 828/1013/820 824/1006/820
f 841/984/771 853/985/772 852/986/773
f 844/987/774 859/988/775 857/989/776
f 845/990/777 861/991/778 859/988/775
f 846/992/779 863/993/821 861/991/778
f 847/994/781 865/995/782 863/993/821
f 848/996/783 867/997/822 865/995/782
f 849/998/785 869/999/823 867/997/822
f 843/1000/787 857/989/776 855/1001/824
f 842/1002/789 855/1001/824 853/985/772
f 850/1003/790 852/1004/773 869/999/823
f 852/1005/773 854/1006/791 851/1007/792
f 853/1008/772 856/1009/793 854/1006/791
f 857/1010/776 856/1009/793 855/1011/824
f 859/1012/775 858/1013/825 857/1010/776
f 861/1014/778 860/1015/826 859/1012/775
f 861/1014/778 864/1016/796 862/1017/797
f 865/1020/782 864/1016/796 863/1018/821
f 865/1020/782 868/1021/827 866/1019/828
f 867/1023/822 870/1024/800 868/1021/827
f 852/1005/773 870/1024/800 869/1022/823
f 858/1013/825 866/1019/828 870/1024/800
f 883/985/801 871/984/771 882/986/802
f 889/988/803 874/987/774 887/989/804
f 891/991/805 875/990/777 889/988/803
f 893/993/806 876/992/779 891/991/805
f 895/995/807 877/994/781 893/993/806
f 897/997/829 878/996/783 895/995/807
f 899/999/809 879/998/785 897/997/829
f 887/989/804 873/1000/787 885/1001/810
f 885/1001/810 872/1002/789 883/985/801
f 882/1004/802 880/1003/790 899/999/809
f 882/1005/802 884/1006/812 883/1008/801
f 883/1008/801 886/1009/813 885/1011/810
f 886/1009/813 887/1010/804 885/1011/810
f 888/1013/830 889/1012/803 887/1010/804
f 890/1015/814 891/1014/805 889/1012/803
f 891/1014/805 894/1016/816 893/1018/806
f 893/1018/806 896/1019/817 895/1020/807
f 895/1020/807 898/1021/818 897/1023/829
f 898/1021/818 899/1022/809 897/1023/829
f 900/1024/819 882/1005/802 899/1022/809
f 886/1009/820 884/1006/820 896/1019/820
f 901/984/771 913/985/772 912/986/773
f 917/989/831 905/990/777 919/988/775
f 905/990/777 921/991/832 919/988/775
f 921/991/832 907/994/781 923/993/780
f 907/994/781 925/995/782 923/993/780
f 908/996/783 927/997/784 925/995/782
f 909/998/785 929/999/786 927/997/784
f 903/1000/787 917/989/831 915/1001/788
f 902/1002/789 915/1001/788 913/985/772
f 910/1003/790 912/1004/773 929/999/786
f 913/1008/772 911/1007/792 912/1005/773
f 915/1011/788 914/1006/791 913/1008/772
f 917/1010/831 916/1009/793 915/1011/788
f 917/1010/831 920/1015/795 918/1013/794
f 919/1012/775 922/1017/797 920/1015/795
f 921/1014/832 924/1016/796 922/1017/797
f 923/1018/780 926/1019/798 924/1016/796
f 925/1020/782 928/1021/827 926/1019/798
f 929/1022/786 928/1021/827 927/1023/784
f 912/1005/773 930/1024/800 929/1022/786
f 922/1017/797 926/1019/798 930/1024/800
f 943/985/801 931/984/771 942/986/802
f 949/988/803 934/987/774 947/989/804
f 951/991/805 935/990/777 949/988/803
f 953/993/806 936/992/779 951/991/805
f 955/995/807 937/994/781 953/993/806
f 957/997/829 938/996/783 955/995/807
f 959/999/809 939/998/785 957/997/829
f 947/989/804 933/1000/787 945/1001/810
f 945/1001/810 932/1002/789 943/985/801
f 942/1004/802 940/1003/790 959/999/809
f 942/1005/802 944/1006/812 943/1008/801
f 943/1008/801 946/1009/813 945/1011/810
f 946/1009/813 947/1010/804 945/1011/810
f 948/1013/830 949/1012/803 947/1010/804
f 950/1015/814 951/1014/805 949/1012/803
f 951/1014/805 954/1016/816 953/1018/806
f 953/1018/806 956/1019/817 955/1020/807
f 955/1020/807 958/1021/818 957/1023/829
f 958/1021/818 959/1022/809 957/1023/829
f 960/1024/819 942/1005/802 959/1022/809
f 946/1009/820 944/1006/820 956/1019/820
f 972/1025/833 986/1026/834 1008/1027/835
f 963/1028/836 992/1029/837 990/1030/838
f 964/1031/839 994/1032/840 992/1029/837
f 965/1033/841 996/1034/842 994/1032/840
f 966/1035/843 998/1036/844 996/1034/842
f 967/1037/845 1000/1038/846 998/1036/844
f 968/1039/847 1002/1040/848 1000/1038/846
f 969/1041/849 1004/1042/850 1002/1040/848
f 970/1043/851 1006/1044/852 1004/1045/850
f 971/1046/853 1008/1027/835 1006/1044/852
f 962/1047/854 990/1030/838 988/1048/855
f 961/1049/856 988/1048/855 986/1026/834
f 1029/1050/857 984/1051/833 1031/1052/858
f 1027/1053/859 983/1054/853 1029/1050/857
f 1025/1055/860 982/1056/851 1027/1057/859
f 1023/1058/861 981/1059/849 1025/1055/860
f 1021/1060/862 980/1061/847 1023/1058/861
f 1019/1062/863 979/1063/845 1021/1060/862
f 1017/1064/864 978/1065/843 1019/1062/863
f 1011/1066/865 975/1067/836 1013/1068/866
f 1031/1052/858 973/1069/856 1010/1070/867
f 1017/1064/864 976/1071/839 977/1072/841
f 1015/1073/868 975/1067/836 976/1071/839
f 972/1074/869 1030/1075/870 1032/1076/871
f 961/1077/869 1012/1078/872 962/1079/869
f 969/1080/869 1024/1081/873 1026/1082/874
f 966/1083/869 1018/1084/875 1020/1085/876
f 972/1074/869 1009/1086/877 961/1077/869
f 962/1079/869 1014/1087/878 963/1088/869
f 970/1089/869 1026/1082/874 1028/1090/879
f 966/1083/869 1022/1091/880 967/1092/869
f 963/1088/869 1016/1093/881 964/1094/869
f 970/1095/869 1030/1075/870 971/1096/869
f 967/1092/869 1024/1081/873 968/1097/869
f 964/1094/869 1018/1084/875 965/1098/869
f 986/1099/834 987/1100/882 985/1101/883
f 990/1102/838 987/1100/882 988/1103/855
f 992/1104/837 989/1105/884 990/1102/838
f 992/1104/837 993/1106/885 991/1107/886
f 996/1108/842 993/1106/885 994/1109/840
f 998/1110/844 995/1111/887 996/1108/842
f 1000/1112/846 997/1113/888 998/1110/844
f 1000/1112/846 1001/1114/889 999/1115/890
f 1004/1116/850 1001/1114/889 1002/1117/848
f 1004/1116/850 1005/1118/891 1003/1119/892
f 1008/1120/835 1005/1118/891 1006/1121/852
f 986/1099/834 1007/1122/893 1008/1123/835
f 991/1124/886 999/1125/890 1007/1126/893
f 1012/1127/872 1010/1128/867 1011/1129/865
f 1014/1130/878 1011/1129/865 1013/1131/866
f 1014/1130/878 1015/1132/868 1016/1133/881
f 1016/1133/881 1017/1134/864 1018/1135/875
f 1020/1136/876 1017/1134/864 1019/1137/863
f 1022/1138/880 1019/1137/863 1021/1139/862
f 1024/1140/873 1021/1139/862 1023/1141/861
f 1024/1140/873 1025/1142/860 1026/1143/874
f 1026/1143/874 1027/1144/859 1028/1145/879
f 1028/1146/879 1029/1147/857 1030/1148/870
f 1032/1149/871 1029/1147/857 1031/1150/858
f 1009/1151/877 1031/1150/858 1010/1128/867
f 1010/1070/867 974/1152/854 1011/1066/865
f 1058/1026/894 1044/1025/833 1080/1027/895
f 1064/1029/896 1035/1028/836 1062/1030/897
f 1066/1032/898 1036/1031/839 1064/1029/896
f 1068/1034/899 1037/1033/841 1066/1032/898
f 1070/1036/900 1038/1035/843 1068/1034/899
f 1072/1038/901 1039/1037/845 1070/1036/900
f 1074/1040/902 1040/1039/847 1072/1038/901
f 1076/1042/903 1041/1041/849 1074/1040/902
f 1078/1044/904 1042/1043/851 1076/1045/903
f 1080/1027/895 1043/1046/853 1078/1044/904
f 1062/1030/897 1034/1047/854 1060/1048/905
f 1060/1048/905 1033/1049/856 1058/1026/894
f 1056/1051/833 1101/1050/906 1103/1052/907
f 1055/1054/853 1099/1053/908 1101/1050/906
f 1054/1056/851 1097/1055/909 1099/1057/908
f 1053/1059/849 1095/1058/910 1097/1055/909
f 1052/1061/847 1093/1060/911 1095/1058/910
f 1051/1063/845 1091/1062/912 1093/1060/911
f 1091/1062/912 1049/1072/841 1089/1064/913
f 1047/1067/836 1083/1066/914 1085/1068/915
f 1045/1069/856 1103/1052/907 1082/1070/916
f 1089/1064/913 1048/1071/839 1087/1073/917
f 1048/1071/839 1085/1068/915 1087/1073/917
f 1044/1074/820 1102/1075/918 1043/1096/820
f 1084/1078/919 1033/1077/820 1034/1079/820
f 1098/1082/920 1040/1097/820 1041/1080/820
f 1092/1085/921 1037/1098/820 1038/1083/820
f 1081/1086/922 1044/1074/820 1033/1077/820
f 1086/1087/923 1034/1079/820 1035/1088/820
f 1100/1090/924 1041/1080/820 1042/1089/820
f 1039/1092/820 1092/1085/921 1038/1083/820
f 1036/1094/820 1086/1087/923 1035/1088/820
f 1043/1096/820 1100/1153/924 1042/1095/820
f 1096/1081/925 1039/1092/820 1040/1097/820
f 1090/1084/926 1036/1094/820 1037/1098/820
f 1058/1099/894 1059/1100/927 1060/1103/905
f 1060/1103/905 1061/1105/928 1062/1102/897
f 1062/1102/897 1063/1107/929 1064/1104/896
f 1064/1104/896 1065/1106/930 1066/1109/898
f 1066/1109/898 1067/1111/931 1068/1108/899
f 1068/1108/899 1069/1113/932 1070/1110/900
f 1069/1113/932 1072/1112/901 1070/1110/900
f 1071/1115/933 1074/1117/902 1072/1112/901
f 1074/1117/902 1075/1119/934 1076/1116/903
f 1075/1119/934 1078/1121/904 1076/1116/903
f 1077/1118/935 1080/1120/895 1078/1121/904
f 1079/1122/936 1058/1099/894 1080/1123/895
f 1063/1124/929 1059/1154/927 1075/1155/934
f 1084/1127/919 1082/1128/916 1081/1151/922
f 1086/1130/923 1083/1129/914 1084/1127/919
f 1087/1132/917 1086/1130/923 1088/1133/937
f 1089/1134/913 1088/1133/937 1090/1135/926
f 1092/1136/921 1089/1134/913 1090/1135/926
f 1093/1139/911 1092/1136/921 1094/1138/938
f 1095/1141/910 1094/1138/938 1096/1140/925
f 1098/1143/920 1095/1141/910 1096/1140/925
f 1100/1145/924 1097/1142/909 1098/1143/920
f 1102/1148/918 1099/1156/908 1100/1146/924
f 1104/1149/939 1101/1147/906 1102/1148/918
f 1081/1151/922 1103/1150/907 1104/1149/939
f 1046/1152/854 1082/1070/916 1083/1066/914
f 1116/1025/833 1130/1026/834 1152/1027/835
f 1107/1028/836 1136/1029/837 1134/1030/838
f 1108/1031/839 1138/1032/840 1136/1029/837
f 1109/1033/841 1140/1034/940 1138/1032/840
f 1110/1035/843 1142/1036/844 1140/1034/940
f 1111/1037/845 1144/1038/846 1142/1036/844
f 1112/1039/847 1146/1040/848 1144/1038/846
f 1113/1041/849 1148/1042/850 1146/1040/848
f 1148/1045/850 1115/1046/853 1150/1044/941
f 1150/1044/941 1116/1025/833 1152/1027/835
f 1106/1047/854 1134/1030/838 1132/1048/855
f 1105/1049/856 1132/1048/855 1130/1026/834
f 1173/1050/857 1128/1051/833 1175/1052/858
f 1171/1053/859 1127/1054/853 1173/1050/857
f 1169/1055/860 1126/1056/851 1171/1057/859
f 1167/1058/861 1125/1059/849 1169/1055/860
f 1165/1060/862 1124/1061/847 1167/1058/861
f 1163/1062/863 1123/1063/845 1165/1060/862
f 1161/1064/864 1122/1065/843 1163/1062/863
f 1155/1066/865 1119/1067/836 1157/1068/866
f 1175/1052/858 1117/1069/856 1154/1070/867
f 1159/1073/868 1121/1072/841 1161/1064/864
f 1157/1068/866 1120/1071/839 1159/1073/868
f 1116/1074/869 1174/1075/870 1176/1076/871
f 1105/1077/869 1156/1078/872 1106/1079/869
f 1112/1097/869 1170/1082/874 1113/1080/869
f 1109/1098/869 1164/1085/876 1110/1083/869
f 1105/1077/869 1176/1076/871 1153/1086/877
f 1106/1079/869 1158/1087/878 1107/1088/869
f 1113/1080/869 1172/1090/879 1114/1089/869
f 1111/1092/869 1164/1085/876 1166/1091/880
f 1108/1094/869 1158/1087/878 1160/1093/881
f 1114/1095/869 1174/1075/870 1115/1096/869
f 1111/1092/869 1168/1081/873 1112/1097/869
f 1108/1094/869 1162/1084/875 1109/1098/869
f 1132/1103/855 1129/1101/942 1130/1099/834
f 1132/1103/855 1133/1105/884 1131/1100/943
f 1134/1102/838 1135/1107/944 1133/1105/884
f 1136/1104/837 1137/1106/945 1135/1107/944
f 1138/1109/840 1139/1111/887 1137/1106/945
f 1140/1108/940 1141/1113/888 1139/1111/887
f 1144/1112/846 1141/1113/888 1142/1110/844
f 1144/1112/846 1145/1114/889 1143/1115/890
f 1146/1117/848 1147/1119/892 1145/1114/889
f 1148/1116/850 1149/1118/891 1147/1119/892
f 1150/1121/941 1151/1157/893 1149/1118/891
f 1152/1123/835 1129/1101/942 1151/1122/893
f 1147/1155/892 1151/1126/893 1135/1124/944
f 1156/1127/872 1154/1128/867 1155/1129/865
f 1156/1127/872 1157/1131/866 1158/1130/878
f 1158/1130/878 1159/1132/868 1160/1133/881
f 1160/1133/881 1161/1134/864 1162/1135/875
f 1162/1135/875 1163/1137/863 1164/1136/876
f 1166/1138/880 1163/1137/863 1165/1139/862
f 1168/1140/873 1165/1139/862 1167/1141/861
f 1168/1140/873 1169/1142/860 1170/1143/874
f 1170/1143/874 1171/1144/859 1172/1145/879
f 1172/1146/879 1173/1147/857 1174/1148/870
f 1174/1148/870 1175/1150/858 1176/1149/871
f 1153/1151/877 1175/1150/858 1154/1128/867
f 1154/1070/867 1118/1152/854 1155/1066/865
f 1202/1026/894 1188/1025/833 1224/1027/895
f 1208/1029/896 1179/1028/836 1206/1030/897
f 1210/1032/898 1180/1031/839 1208/1029/896
f 1212/1034/899 1181/1033/841 1210/1032/898
f 1214/1036/900 1182/1035/843 1212/1034/899
f 1216/1038/946 1183/1037/845 1214/1036/900
f 1218/1040/902 1184/1039/847 1216/1038/946
f 1220/1042/903 1185/1041/849 1218/1040/902
f 1222/1044/947 1186/1043/851 1220/1045/903
f 1224/1027/895 1187/1046/853 1222/1044/947
f 1206/1030/897 1178/1047/854 1204/1048/948
f 1204/1048/948 1177/1049/856 1202/1026/894
f 1200/1051/833 1245/1050/906 1247/1052/907
f 1199/1054/853 1243/1053/908 1245/1050/906
f 1198/1056/851 1241/1055/909 1243/1057/908
f 1197/1059/849 1239/1058/910 1241/1055/909
f 1196/1061/847 1237/1060/911 1239/1058/910
f 1195/1063/845 1235/1062/912 1237/1060/911
f 1194/1065/843 1233/1064/913 1235/1062/912
f 1191/1067/836 1227/1066/914 1229/1068/915
f 1189/1069/856 1247/1052/907 1226/1070/916
f 1193/1072/841 1231/1073/917 1233/1064/913
f 1192/1071/839 1229/1068/915 1231/1073/917
f 1248/1076/939 1187/1096/820 1188/1074/820
f 1178/1079/820 1225/1086/922 1177/1077/820
f 1242/1082/920 1184/1097/820 1185/1080/820
f 1236/1085/921 1181/1098/820 1182/1083/820
f 1225/1086/922 1188/1074/820 1177/1077/820
f 1179/1088/820 1228/1078/949 1178/1079/820
f 1186/1089/820 1242/1082/920 1185/1080/820
f 1183/1092/820 1236/1085/921 1182/1083/820
f 1180/1094/820 1230/1087/923 1179/1088/820
f 1246/1075/918 1186/1095/820 1187/1096/820
f 1240/1081/950 1183/1092/820 1184/1097/820
f 1234/1084/926 1180/1094/820 1181/1098/820
f 1202/1099/894 1203/1100/927 1204/1103/948
f 1203/1100/927 1206/1102/897 1204/1103/948
f 1205/1105/951 1208/1104/896 1206/1102/897
f 1208/1104/896 1209/1106/952 1210/1109/898
f 1210/1109/898 1211/1111/953 1212/1108/899
f 1211/1111/953 1214/1110/900 1212/1108/899
f 1214/1110/900 1215/1115/954 1216/1112/946
f 1216/1112/946 1217/1114/955 1218/1117/902
f 1218/1117/902 1219/1119/934 1220/1116/903
f 1220/1116/903 1221/1118/956 1222/1121/947
f 1222/1121/947 1223/1157/936 1224/1120/895
f 1224/1123/895 1201/1101/957 1202/1099/894
f 1211/1158/953 1207/1124/929 1203/1154/927
f 1227/1129/914 1225/1151/922 1228/1127/949
f 1230/1130/923 1227/1129/914 1228/1127/949
f 1231/1132/917 1230/1130/923 1232/1133/958
f 1234/1135/926 1231/1132/917 1232/1133/958
f 1235/1137/912 1234/1135/926 1236/1136/921
f 1237/1139/911 1236/1136/921 1238/1138/959
f 1240/1140/950 1237/1139/911 1238/1138/959
f 1242/1143/920 1239/1141/910 1240/1140/950
f 1243/1144/908 1242/1143/920 1244/1145/924
f 1246/1148/918 1243/1156/908 1244/1146/924
f 1248/1149/939 1245/1147/906 1246/1148/918
f 1226/1128/916 1248/1149/939 1225/1151/922
f 1190/1152/854 1226/1070/916 1227/1066/914
f 42/1159/960 1251/111/111 41/95/95
f 1249/427/111 42/1159/960 88/425/95
f 1249/427/111 693/448/425 689/447/424
f 347/792/660 351/794/661 1251/111/111
f 1259/745/640 226/145/145 225/742/88
f 142/1160/626 174/1161/623 178/1162/625
f 1257/721/152 186/1163/89 187/1164/238
f 152/1165/484 1256/154/154 419/1166/445
f 1256/154/154 494/1167/443 419/1166/445
f 528/1168/697 1255/495/458 529/1169/719
f 1254/1170/457 1253/1171/553 484/1172/275
f 568/490/455 1253/620/553 567/919/699
f 591/929/735 1252/619/552 568/490/455
f 1260/213/213 343/795/662 249/550/502
f 93/1/1 89/504/466 416/2/2
f 94/4/4 395/599/534 408/5/5
f 110/7/7 114/508/470 390/8/8
f 102/10/10 368/594/530 357/11/11
f 2/13/13 39/73/73 40/14/14
f 3/15/15 40/14/14 38/16/16
f 356/18/18 362/703/616 98/19/19
f 13/23/23 9/62/62 100/31/31
f 100/31/31 99/21/21 13/23/23
f 6/24/24 2/13/13 3/15/15
f 7/25/25 3/15/15 1/17/17
f 25/27/27 27/61/61 10/28/28
f 12/22/22 5/1173/961 6/24/24
f 108/20/20 98/19/19 100/31/31
f 100/31/31 9/62/62 26/57/57
f 26/57/57 109/30/30 100/31/31
f 16/32/32 17/40/40 30/33/33
f 23/36/36 20/54/54 103/37/37
f 103/37/37 102/10/10 104/12/12
f 104/12/12 106/35/35 103/37/37
f 10/28/28 9/62/62 13/23/23
f 8/29/29 10/28/28 14/38/38
f 20/54/54 17/40/40 103/37/37
f 17/40/40 16/32/32 101/41/41
f 105/42/42 360/588/524 353/43/43
f 30/33/33 17/40/40 18/45/45
f 17/40/40 20/54/54 21/47/47
f 18/45/45 21/47/47 19/48/48
f 372/50/50 365/592/528 101/41/41
f 377/51/51 29/34/34 111/52/52
f 20/54/54 23/36/36 24/55/55
f 21/47/47 24/55/55 22/56/56
f 26/57/57 23/36/36 106/35/35
f 106/35/35 105/42/42 107/44/44
f 107/44/44 109/30/30 106/35/35
f 36/60/60 115/220/220 112/58/58
f 115/220/220 114/508/470 112/58/58
f 114/508/470 110/7/7 112/58/58
f 23/36/36 26/57/57 27/61/61
f 24/55/55 27/61/61 25/27/27
f 27/61/61 26/57/57 9/62/62
f 30/33/33 31/46/46 34/63/63
f 31/46/46 28/77/77 32/64/64
f 122/65/65 119/510/472 293/66/66
f 33/59/59 34/63/63 37/68/68
f 34/63/63 32/64/64 35/69/69
f 391/70/70 116/509/471 96/71/71
f 39/73/73 36/60/60 37/68/68
f 40/14/14 37/68/68 35/69/69
f 4/26/26 11/39/39 14/38/38
f 6/24/24 7/25/25 14/38/38
f 686/74/74 592/1174/681 757/1175/604
f 592/1174/681 761/1176/271 757/1175/604
f 753/1177/336 593/1178/587 766/1179/279
f 593/1178/587 690/76/76 766/1179/279
f 686/74/74 757/1175/604 758/1180/724
f 765/75/75 766/1179/279 690/76/76
f 686/74/74 758/1180/724 765/75/75
f 18/45/45 15/49/49 28/77/77
f 4/26/26 1/17/17 32/64/64
f 1/17/17 38/16/16 32/64/64
f 38/16/16 35/69/69 32/64/64
f 32/64/64 28/77/77 4/26/26
f 28/77/77 15/49/49 4/26/26
f 15/49/49 19/48/48 11/39/39
f 19/48/48 22/56/56 8/29/29
f 11/39/39 19/48/48 8/29/29
f 22/56/56 25/27/27 8/29/29
f 99/21/21 361/589/525 370/78/78
f 121/79/79 126/515/475 304/80/80
f 210/82/82 208/137/137 212/83/83
f 143/87/87 145/779/481 315/581/519
f 315/581/519 319/85/85 143/87/87
f 1258/90/90 1259/1181/640 225/88/88
f 225/88/88 230/1182/639 186/89/89
f 221/1183/637 248/1184/501 398/1185/536
f 248/1184/501 406/1186/541 398/1185/536
f 224/1187/638 221/1183/637 185/1188/492
f 221/1183/637 398/1185/536 397/1189/535
f 221/1183/637 397/1189/535 415/1190/546
f 219/1191/636 224/1187/638 185/1188/492
f 221/1183/637 415/1190/546 185/1188/492
f 205/1192/632 219/1191/636 314/1193/518
f 414/1194/673 400/1195/538 253/1196/506
f 219/1191/636 185/1188/492 184/1197/630
f 415/1190/546 414/1194/673 185/1188/492
f 414/1194/673 253/1196/506 185/1188/492
f 184/1197/630 195/1198/495 314/1193/518
f 314/1193/518 219/1191/636 184/1197/630
f 314/1193/518 316/1199/520 209/1200/635
f 316/1199/520 148/1201/483 207/1202/634
f 147/1203/482 163/1204/488 170/1205/620
f 316/1199/520 207/1202/634 209/1200/635
f 148/1201/483 147/1203/482 207/1202/634
f 209/1200/635 205/1192/632 314/1193/518
f 147/1203/482 170/1205/620 323/92/92
f 207/1202/634 147/1203/482 323/92/92
f 170/1205/620 156/1206/486 323/92/92
f 156/1206/486 321/93/93 323/92/92
f 321/93/93 325/1207/656 329/91/91
f 325/1207/656 327/1208/657 329/91/91
f 422/94/94 42/1159/960 41/95/95
f 424/97/97 425/659/962 168/98/98
f 166/1209/489 218/236/236 211/1210/633
f 218/236/236 216/1211/631 211/1210/633
f 211/1210/633 331/1212/659 166/1209/489
f 331/1212/659 335/102/102 333/101/101
f 166/1209/489 331/1212/659 160/1213/487
f 333/101/101 160/1213/487 331/1212/659
f 337/1214/658 339/100/100 335/102/102
f 429/1215/760 417/1216/674 192/104/104
f 417/1216/674 143/87/87 192/104/104
f 143/87/87 204/86/86 193/103/103
f 192/104/104 188/722/627 429/1215/760
f 241/105/105 247/108/108 177/106/106
f 247/108/108 245/157/157 179/109/109
f 349/110/110 242/752/644 41/95/95
f 144/112/112 161/711/126 164/113/113
f 139/522/479 199/727/629 271/1217/509
f 271/1217/509 274/1218/651 139/522/479
f 274/1218/651 281/116/116 140/523/480
f 140/523/480 139/522/479 274/1218/651
f 305/1219/655 189/1220/628 288/1221/963
f 189/1220/628 191/115/115 280/117/117
f 288/1221/963 189/1220/628 289/1222/515
f 300/1223/653 295/1224/652 288/1221/963
f 295/1224/652 305/1219/655 288/1221/963
f 191/115/115 140/523/480 281/116/116
f 289/1222/515 189/1220/628 280/117/117
f 234/118/118 241/105/105 175/107/107
f 202/244/243 181/246/245 197/545/498
f 181/246/245 428/613/548 197/545/498
f 428/613/548 47/1225/964 258/556/507
f 47/1225/964 260/230/230 258/556/507
f 268/121/121 272/561/510 198/122/122
f 198/122/122 197/545/498 257/120/120
f 197/545/498 428/613/548 257/120/120
f 428/613/548 258/556/507 257/120/120
f 157/123/123 171/713/621 167/124/124
f 423/126/126 161/711/126 144/112/112
f 201/130/130 200/1226/497 138/128/128
f 138/128/128 309/578/516 312/129/129
f 312/129/129 194/778/494 201/130/130
f 158/131/131 334/189/189 322/132/132
f 220/134/134 206/503/465 214/135/135
f 208/137/137 324/195/195 332/138/138
f 162/99/99 168/98/98 167/124/124
f 167/124/124 171/713/621 165/139/139
f 238/1227/499 243/1228/663 236/1229/641
f 243/1228/663 373/1230/668 369/1231/665
f 243/1228/663 369/1231/665 364/1232/527
f 233/142/142 236/1229/641 354/1233/664
f 233/142/142 354/1233/664 359/140/140
f 246/1234/643 240/1235/642 244/1236/646
f 240/1235/642 233/142/142 358/141/141
f 231/1237/647 240/1235/642 358/141/141
f 231/1237/647 244/1236/646 240/1235/642
f 378/1238/670 342/200/200 231/1237/647
f 371/1239/666 378/1238/670 231/1237/647
f 243/1228/663 364/1232/527 363/1240/526
f 243/1228/663 363/1240/526 236/1229/641
f 366/1241/667 371/1239/666 231/1237/647
f 367/1242/529 366/1241/667 231/1237/647
f 363/1240/526 355/1243/523 236/1229/641
f 355/1243/523 354/1233/664 236/1229/641
f 358/141/141 367/1242/529 231/1237/647
f 222/143/143 223/210/210 229/144/144
f 255/146/146 46/231/231 44/147/147
f 153/149/149 420/475/444 421/150/150
f 1257/152/152 187/1244/238 43/153/153
f 1250/155/155 427/1245/547 180/156/156
f 245/157/157 232/754/645 141/158/158
f 277/159/159 133/520/478 123/160/160
f 120/1246/473 124/1247/474 263/162/162
f 124/1247/474 136/1248/477 263/162/162
f 263/162/162 136/1248/477 254/1249/648
f 135/1250/965 259/1251/508 261/1252/649
f 136/1248/477 135/1250/965 261/1252/649
f 254/1249/648 136/1248/477 261/1252/649
f 127/1253/617 120/1246/473 263/162/162
f 263/162/162 265/1254/650 131/1255/618
f 265/1254/650 267/1256/619 131/1255/618
f 263/162/162 131/1255/618 130/163/163
f 128/164/164 127/1253/617 263/162/162
f 125/165/165 129/518/476 297/166/166
f 266/168/168 307/1257/966 298/169/169
f 134/171/171 276/1258/512 269/172/172
f 275/174/174 278/233/233 284/175/175
f 290/177/177 279/565/513 283/178/178
f 301/180/180 287/570/514 291/181/181
f 311/183/183 320/776/522 317/184/184
f 308/186/186 306/774/654 296/187/187
f 296/187/187 301/180/180 303/182/182
f 334/189/189 340/202/202 326/190/190
f 318/1259/521 310/579/517 203/193/193
f 310/579/517 137/191/191 203/193/193
f 336/194/194 332/138/138 324/195/195
f 338/197/197 336/194/194 330/196/196
f 352/199/199 346/206/206 342/200/200
f 340/202/202 338/197/197 328/198/198
f 149/151/151 239/548/500 235/203/203
f 235/203/203 154/528/242 153/149/149
f 374/204/204 376/223/223 5/1173/961
f 5/1173/961 12/22/22 374/204/204
f 348/205/205 344/209/209 346/206/206
f 348/205/205 251/1260/504 412/1261/544
f 251/1260/504 399/757/537 412/1261/544
f 407/1262/542 250/814/503 403/1263/539
f 250/814/503 344/209/209 403/1263/539
f 348/205/205 412/1261/544 411/207/207
f 404/208/208 403/1263/539 344/209/209
f 348/205/205 411/207/207 344/209/209
f 223/210/210 220/134/134 228/136/136
f 345/212/212 343/795/662 1260/213/213
f 1260/213/213 141/158/158 341/211/211
f 141/158/158 232/754/645 341/211/211
f 377/51/51 372/50/50 16/32/32
f 342/200/200 378/1238/670 381/1264/967
f 342/200/200 381/1264/967 380/1265/531
f 373/1230/668 243/1228/663 375/1266/669
f 243/1228/663 350/201/201 375/1266/669
f 342/200/200 380/1265/531 389/1267/533
f 342/200/200 389/1267/533 388/1268/672
f 385/1269/671 375/1266/669 350/201/201
f 386/1270/532 385/1269/671 350/201/201
f 350/201/201 342/200/200 388/1268/672
f 350/201/201 388/1268/672 393/214/214
f 392/215/215 386/1270/532 350/201/201
f 387/216/216 113/507/469 117/217/217
f 33/59/59 112/58/58 30/33/33
f 112/58/58 111/52/52 30/33/33
f 6/24/24 5/1173/961 95/222/222
f 95/222/222 97/219/219 6/24/24
f 39/73/73 118/221/221 115/220/220
f 118/221/221 117/217/217 115/220/220
f 117/217/217 113/507/469 115/220/220
f 96/71/71 116/509/471 118/221/221
f 118/221/221 39/73/73 2/13/13
f 2/13/13 97/219/219 118/221/221
f 95/222/222 5/1173/961 376/223/223
f 91/225/225 409/610/545 401/226/226
f 264/228/228 262/148/148 44/147/147
f 260/230/230 47/1225/964 46/231/231
f 275/174/174 273/767/511 270/232/232
f 218/236/236 186/89/89 227/234/234
f 186/89/89 230/1182/639 227/234/234
f 213/235/235 216/1211/631 218/236/236
f 45/237/237 43/1271/153 187/238/238
f 217/239/239 169/1272/491 426/240/240
f 41/95/95 242/752/644 237/241/241
f 234/118/118 173/119/119 154/242/242
f 202/244/243 196/543/496 183/245/244
f 509/249/248 510/660/680 504/700/99
f 504/700/99 507/247/246 509/249/248
f 601/250/249 598/404/303 476/251/250
f 662/253/252 659/621/554 657/254/253
f 695/256/255 698/450/427 697/257/256
f 57/259/258 61/329/326 60/260/259
f 72/265/264 74/821/677 71/266/265
f 604/268/267 597/470/442 596/269/268
f 756/271/270 757/688/604 761/272/271
f 483/274/273 521/299/157 520/275/274
f 632/277/276 621/481/447 622/278/277
f 766/280/279 765/1273/75 764/281/280
f 54/283/282 51/330/327 48/284/283
f 57/259/258 74/821/677 72/265/264
f 733/287/286 458/853/695 459/288/287
f 77/290/289 64/387/377 63/291/290
f 643/293/292 645/676/594 633/294/293
f 79/296/295 75/629/561 78/297/296
f 521/299/157 519/433/415 518/300/298
f 442/302/300 56/261/260 60/260/259
f 60/260/259 59/465/437 441/301/299
f 599/303/301 610/644/571 611/304/302
f 433/306/304 431/469/441 770/307/305
f 625/309/307 628/875/712 627/310/308
f 577/314/312 581/263/262 491/348/343
f 491/348/343 495/312/310 577/314/312
f 640/315/313 649/1274/330 608/316/314
f 444/318/316 446/685/602 699/319/317
f 85/321/319 87/616/551 50/285/284
f 453/322/320 454/414/400 77/290/289
f 454/414/400 80/652/579 77/290/289
f 658/323/321 659/927/554 655/324/322
f 497/326/131 498/1275/361 663/327/324
f 61/329/326 58/1276/968 51/330/327
f 719/331/328 724/672/591 453/322/320
f 640/332/313 641/380/371 650/333/329
f 480/335/331 481/654/581 541/336/332
f 447/338/334 449/614/549 695/256/255
f 753/340/336 766/280/279 763/282/281
f 684/342/338 573/1277/969 574/343/339
f 69/267/266 71/266/265 68/345/341
f 492/347/96 422/1278/94 421/150/150
f 590/352/347 591/929/735 564/353/348
f 507/247/246 505/683/600 512/355/350
f 525/356/351 538/390/380 544/357/352
f 700/359/353 709/650/577 710/320/318
f 524/360/354 594/665/588 595/361/355
f 685/363/357 686/826/74 688/364/358
f 546/369/362 545/823/193 660/370/363
f 588/371/364 589/657/584 587/372/109
f 673/374/366 674/500/463 554/375/367
f 501/377/369 499/367/360 497/366/131
f 638/379/370 648/860/701 650/333/329
f 554/375/367 550/462/83 552/381/372
f 613/383/374 614/905/727 540/384/375
f 63/291/290 64/387/377 443/386/376
f 64/387/377 67/819/675 445/388/378
f 548/392/382 547/636/567 561/393/383
f 629/295/294 632/277/276 631/279/278
f 718/396/386 52/466/438 437/349/344
f 704/398/388 440/648/575 441/301/299
f 480/402/331 542/1279/333 543/400/130
f 543/400/130 536/917/379 654/401/390
f 654/401/390 651/827/682 480/402/331
f 611/403/302 618/1280/683 476/251/250
f 572/856/698 528/855/697 569/407/393
f 528/855/697 560/405/391 569/407/393
f 560/405/391 558/1281/428 555/406/392
f 532/408/394 533/638/569 482/409/395
f 53/411/397 54/283/282 50/285/284
f 642/415/401 643/293/292 629/295/294
f 82/416/402 79/296/295 81/298/297
f 606/418/404 430/229/229 44/147/147
f 436/419/405 749/677/595 750/420/406
f 468/422/408 646/906/593 644/423/409
f 88/425/95 584/458/433 691/426/411
f 732/428/412 456/467/439 452/413/399
f 509/249/248 513/248/247 499/367/360
f 61/329/326 54/283/282 53/411/397
f 496/430/311 515/896/722 576/431/414
f 519/433/415 517/829/105 516/434/416
f 527/435/356 526/647/574 525/356/351
f 511/437/417 508/1282/419 560/438/391
f 558/1281/428 560/405/391 553/441/368
f 560/405/391 508/442/419 553/441/368
f 508/442/419 502/1283/728 673/440/366
f 502/1283/728 675/1284/690 673/440/366
f 675/1284/690 681/1285/564 677/1286/462
f 681/1285/564 679/1287/563 677/1286/462
f 677/1286/462 673/440/366 675/1284/690
f 470/443/420 467/424/410 471/444/421
f 694/446/423 690/1288/76 689/447/424
f 695/256/255 449/614/549 450/449/426
f 558/451/428 557/382/373 556/452/429
f 63/291/290 714/671/590 719/331/328
f 470/443/420 469/838/688 468/422/408
f 672/454/430 670/680/597 669/455/431
f 580/457/263 585/916/732 584/458/433
f 703/399/389 706/485/451 705/460/434
f 665/461/435 549/902/726 550/462/83
f 52/466/438 718/396/386 716/464/436
f 716/464/436 712/484/450 59/465/437
f 456/467/439 457/697/613 454/414/400
f 457/697/613 83/653/580 454/414/400
f 83/653/580 80/652/579 454/414/400
f 432/468/440 434/820/676 435/421/407
f 44/147/147 46/231/231 597/470/442
f 478/1289/606 466/1290/710 605/473/269
f 466/1290/710 462/1291/711 605/473/269
f 462/1291/711 469/1292/688 605/473/269
f 603/1293/565 601/1294/249 477/1295/251
f 477/1295/251 478/1289/606 603/1293/565
f 478/1289/606 605/473/269 596/1296/268
f 469/1292/688 470/471/420 605/473/269
f 596/1296/268 603/1293/565 478/1289/606
f 607/1297/679 605/473/269 473/1298/693
f 473/1298/693 605/473/269 472/472/422
f 473/1298/693 609/1299/751 607/1297/679
f 494/474/443 495/312/310 420/475/444
f 442/302/300 440/648/575 450/449/426
f 450/449/426 451/689/605 442/302/300
f 451/689/605 73/477/446 442/302/300
f 702/339/335 701/1300/570 700/359/353
f 694/478/423 692/870/707 684/479/338
f 621/481/447 624/1301/694 623/482/448
f 68/345/341 67/819/675 64/387/377
f 712/484/450 711/878/715 706/485/451
f 437/349/344 52/466/438 53/411/397
f 53/411/397 49/412/398 439/350/345
f 549/1302/726 665/1303/435 489/1304/557
f 665/1303/435 671/1305/432 663/1306/324
f 489/1304/557 665/1303/435 512/1307/350
f 671/1305/432 669/1308/431 667/1309/456
f 667/1309/456 663/1306/324 671/1305/432
f 663/1306/324 498/1310/361 665/1303/435
f 512/1307/350 505/1311/600 489/1304/557
f 498/1310/361 512/1307/350 665/1303/435
f 551/1312/568 549/1302/726 658/1313/321
f 549/1302/726 489/1304/557 490/1314/970
f 490/1314/970 658/1313/321 549/1302/726
f 658/1313/321 656/1315/323 551/1312/568
f 551/1312/568 656/1315/323 547/1316/567
f 656/1315/323 537/1317/381 526/1318/574
f 656/1315/323 526/1318/574 561/1319/383
f 547/1316/567 656/1315/323 561/1319/383
f 527/1320/356 595/1321/355 768/1322/717
f 595/1321/355 754/1323/615 768/1322/717
f 526/1318/574 527/1320/356 561/1319/383
f 527/1320/356 768/1322/717 769/1324/716
f 566/1325/971 561/1319/383 527/1320/356
f 760/1326/596 590/1327/347 752/487/453
f 590/1327/347 563/488/349 752/487/453
f 563/488/349 566/1325/971 527/1320/356
f 527/1320/356 769/1324/716 563/488/349
f 769/1324/716 751/486/452 563/488/349
f 571/489/454 565/618/144 564/353/348
f 667/491/456 668/681/598 664/328/325
f 556/452/429 570/864/705 569/492/393
f 1254/493/457 493/1328/573 494/494/443
f 471/444/421 639/623/555 640/315/313
f 461/496/459 635/921/713 636/497/460
f 677/499/462 678/702/196 674/500/463
f 433/306/304 767/308/306 755/341/337
f 426/240/240 511/1329/417 559/501/418
f 657/254/253 487/868/556 485/502/464
f 485/502/464 546/369/362 661/255/254
f 206/503/465 210/82/82 215/84/84
f 126/515/475 127/705/617 128/516/164
f 130/517/163 131/706/618 132/170/170
f 134/171/171 135/1330/965 136/519/477
f 137/521/191 138/726/128 139/522/479
f 145/524/481 146/114/114 147/525/482
f 152/527/484 153/149/149 154/528/242
f 166/535/489 167/124/124 168/98/490
f 183/245/244 184/728/630 185/537/492
f 191/539/115 192/104/104 193/103/103
f 198/122/122 199/1331/629 200/544/497
f 256/555/173 257/120/120 258/556/507
f 279/565/513 280/771/117 281/566/116
f 283/178/178 284/769/175 285/568/161
f 287/570/514 288/1332/963 289/571/515
f 291/181/181 292/179/179 293/572/66
f 353/43/43 354/802/664 355/586/523
f 358/587/141 359/1333/140 360/588/524
f 361/589/525 362/703/616 363/590/526
f 365/592/528 366/805/667 367/593/529
f 380/595/531 381/1334/967 382/53/53
f 384/224/224 385/809/671 386/596/532
f 387/216/216 388/810/672 389/597/533
f 392/598/215 393/1335/214 394/218/218
f 395/599/534 396/3/3 397/600/535
f 403/604/539 404/812/208 405/605/540
f 410/608/543 411/813/207 412/609/544
f 413/227/227 414/811/673 415/611/546
f 427/612/547 522/882/156 523/358/245
f 448/615/550 70/836/687 73/477/446
f 73/477/446 451/689/605 448/615/550
f 451/689/605 449/614/549 448/615/550
f 87/616/551 86/863/704 49/412/398
f 522/617/156 427/1245/547 1250/155/155
f 762/273/272 749/677/595 436/419/405
f 435/421/407 750/420/406 770/307/305
f 561/393/383 566/1336/971 565/618/144
f 1252/619/552 483/274/273 484/276/275
f 639/623/555 471/444/421 467/424/410
f 487/624/556 490/1337/970 489/625/557
f 576/431/414 583/828/107 582/627/559
f 75/629/561 62/928/734 65/483/449
f 682/630/562 680/911/198 679/631/563
f 603/633/565 602/698/614 600/634/566
f 547/636/567 548/392/382 552/381/372
f 533/638/569 531/1338/758 622/639/277
f 531/1338/758 647/1339/703 630/1340/385
f 647/1339/703 637/1341/702 630/1340/385
f 637/1341/702 642/1342/401 630/1340/385
f 613/1343/374 541/336/332 481/654/581
f 623/640/448 616/1344/720 482/409/395
f 616/1344/720 613/1343/374 481/654/581
f 482/409/395 616/1344/720 481/654/581
f 531/1338/758 630/1340/385 631/1345/278
f 531/1338/758 631/1345/278 622/639/277
f 623/640/448 482/409/395 533/638/569
f 715/1346/714 585/1347/732 711/1348/715
f 585/1347/732 580/1349/263 578/1350/725
f 711/1348/715 585/1347/732 706/1351/451
f 578/1350/725 575/643/560 696/1352/257
f 575/643/560 582/1353/559 700/641/353
f 582/1353/559 588/1354/364 586/1355/365
f 573/1356/969 582/1353/559 586/1355/365
f 573/1356/969 684/479/338 720/1357/689
f 573/1356/969 720/1357/689 713/1358/589
f 582/1353/559 573/1356/969 700/641/353
f 706/1351/451 585/1347/732 705/1359/434
f 705/1359/434 585/1347/732 578/1350/725
f 578/1350/725 696/1352/257 697/1360/256
f 696/1352/257 575/643/560 701/642/570
f 573/1356/969 713/1358/589 708/1361/578
f 573/1356/969 708/1361/578 709/1362/577
f 697/1360/256 705/1359/434 578/1350/725
f 573/1356/969 709/1362/577 700/641/353
f 496/313/311 495/312/310 494/474/443
f 553/376/368 554/375/367 557/382/373
f 526/647/574 537/391/381 538/390/380
f 440/648/575 704/398/388 698/450/427
f 707/649/576 710/320/318 709/650/577
f 84/417/403 81/298/297 80/652/579
f 479/410/396 482/409/395 481/654/581
f 476/251/250 618/1280/683 619/655/582
f 582/627/559 583/828/107 589/657/584
f 511/658/417 426/1363/972 425/659/585
f 479/663/396 652/682/599 545/661/193
f 652/682/599 660/892/363 545/661/193
f 619/666/582 620/831/684 626/667/309
f 664/328/325 676/839/132 500/669/133
f 713/670/589 720/840/689 719/331/328
f 724/672/591 723/1364/973 722/673/592
f 749/677/595 762/273/272 760/678/596
f 670/680/597 680/911/198 682/630/562
f 87/616/551 85/321/319 82/416/402
f 480/402/331 651/827/682 652/682/599
f 445/388/378 67/819/675 70/836/687
f 70/836/687 448/615/550 445/388/378
f 448/615/550 446/685/602 445/388/378
f 574/343/339 573/1277/969 586/373/365
f 749/677/595 752/679/453 751/686/452
f 759/687/603 758/900/724 757/688/604
f 478/690/606 477/252/251 476/251/250
f 432/468/440 433/306/304 763/282/281
f 718/396/386 726/397/387 727/691/607
f 729/693/609 732/428/412 731/694/610
f 596/269/268 597/470/442 602/698/614
f 767/308/306 768/880/717 754/699/615
f 504/700/99 424/97/97 423/126/126
f 666/463/138 674/500/463 678/702/196
f 93/1/1 92/506/468 90/505/467
f 383/72/72 96/71/71 95/222/222
f 99/21/21 98/19/19 362/703/616
f 368/594/530 102/10/10 101/41/41
f 105/42/42 104/12/12 357/11/11
f 108/20/20 107/44/44 353/43/43
f 111/52/52 110/7/7 379/9/9
f 114/508/470 113/507/469 387/216/216
f 117/217/217 116/509/471 391/70/70
f 124/704/474 120/511/473 119/510/472
f 136/519/477 124/1365/474 123/160/160
f 128/516/164 130/517/163 129/518/476
f 121/79/79 120/511/473 127/705/617
f 266/168/168 132/170/170 131/706/618
f 259/708/508 135/1330/965 134/171/171
f 190/709/192 137/521/191 140/523/480
f 146/114/114 145/524/481 143/710/87
f 164/113/113 163/534/488 147/525/482
f 149/151/151 150/818/96 237/546/241
f 155/530/133 157/123/123 159/125/125
f 165/139/139 164/113/113 161/711/126
f 157/123/123 156/531/486 170/712/620
f 159/125/125 167/124/124 166/535/489
f 165/139/139 171/713/621 170/712/620
f 172/714/622 151/1366/485 154/242/242
f 174/715/623 172/714/622 173/119/119
f 174/715/623 175/107/107 177/106/106
f 176/716/624 177/106/106 179/109/109
f 178/717/625 179/109/109 141/158/158
f 182/538/493 180/1367/156 181/246/245
f 152/719/484 151/1368/485 1258/720/90
f 188/722/627 192/104/104 191/539/115
f 201/724/130 194/541/494 196/543/496
f 201/724/130 202/244/243 197/545/498
f 193/103/103 204/86/86 203/725/193
f 138/726/128 200/1369/497 199/727/629
f 196/543/496 195/542/495 184/728/630
f 181/246/245 180/1367/156 427/612/547
f 216/729/631 213/746/235 214/135/135
f 205/730/632 209/733/635 210/82/82
f 211/731/633 216/729/631 215/84/84
f 207/732/634 208/137/137 210/82/82
f 169/734/491 217/737/239 218/735/236
f 217/737/239 187/1370/238 186/738/89
f 223/210/210 224/741/638 219/739/636
f 223/210/210 222/143/143 221/740/637
f 229/144/144 230/744/639 225/742/88
f 229/144/144 228/136/136 227/743/234
f 248/549/501 221/740/637 222/143/143
f 142/718/626 141/158/158 1260/213/213
f 206/503/465 220/134/134 219/739/636
f 227/743/234 228/136/136 214/135/135
f 233/747/142 234/118/118 235/243/203
f 240/749/642 241/105/105 234/118/118
f 236/750/641 235/203/203 239/548/500
f 246/751/643 244/755/646 245/157/157
f 242/752/644 243/799/663 238/753/499
f 240/749/642 246/751/643 247/108/108
f 232/754/645 245/157/157 244/755/646
f 399/757/537 251/1260/504 253/758/506
f 253/554/506 252/553/505 182/760/493
f 254/762/648 255/146/146 262/148/148
f 261/764/649 259/557/508 258/556/507
f 254/762/648 261/764/649 260/230/230
f 265/765/650 263/763/162 262/148/148
f 274/766/651 271/1371/509 273/767/511
f 268/121/121 270/559/232 273/562/511
f 276/563/512 278/233/233 270/232/232
f 279/565/513 282/567/176 284/769/175
f 274/766/651 275/174/174 282/176/176
f 277/564/159 285/1372/161 284/175/175
f 287/570/514 290/177/177 292/179/179
f 280/771/117 279/565/513 290/177/177
f 286/569/67 293/572/66 292/179/179
f 295/772/652 300/773/653 301/180/180
f 302/576/167 297/574/166 299/188/188
f 300/773/653 288/1332/963 287/570/514
f 304/577/80 303/182/182 291/181/181
f 298/575/169 307/1373/966 308/186/186
f 295/772/652 296/187/187 306/774/654
f 269/558/172 268/121/121 257/120/120
f 271/560/509 199/1331/629 198/122/122
f 277/159/159 276/1258/512 134/171/171
f 286/67/67 285/161/161 123/160/160
f 294/81/81 293/66/66 119/510/472
f 302/167/167 304/80/80 126/515/475
f 298/169/169 297/166/166 129/518/476
f 309/578/516 311/183/183 313/185/185
f 310/579/517 318/1259/521 320/776/522
f 315/581/519 317/583/184 320/585/522
f 316/777/520 314/580/518 313/185/185
f 310/579/517 309/578/516 138/128/128
f 314/580/518 195/1374/495 194/778/494
f 145/779/481 148/1375/483 316/582/520
f 204/86/86 319/85/85 318/584/521
f 325/780/656 321/788/93 322/132/132
f 339/781/100 340/202/202 334/189/189
f 327/783/657 325/780/656 326/190/190
f 337/784/658 338/197/197 340/202/202
f 327/783/657 328/198/198 330/196/196
f 337/784/658 335/787/102 336/194/194
f 329/785/91 330/196/196 324/195/195
f 335/787/102 331/791/659 332/138/138
f 155/133/133 322/132/132 321/788/93
f 208/137/137 207/732/634 323/786/92
f 333/782/101 334/189/189 158/131/131
f 331/791/659 211/731/633 212/83/83
f 347/792/660 348/801/205 352/793/199
f 343/795/662 345/212/212 346/796/206
f 349/110/110 351/794/661 352/793/199
f 341/211/211 342/800/200 346/796/206
f 349/110/110 350/798/201 243/799/663
f 232/754/645 231/756/647 342/800/200
f 250/551/503 249/550/502 343/795/662
f 347/792/660 252/553/505 251/552/504
f 362/703/616 356/18/18 355/586/523
f 360/588/524 359/1333/140 354/802/664
f 368/594/530 367/593/529 358/587/141
f 370/78/78 361/589/525 364/591/527
f 365/592/528 372/50/50 371/804/666
f 373/806/668 374/204/204 370/78/78
f 374/204/204 373/806/668 375/807/669
f 377/51/51 378/808/670 371/804/666
f 382/53/53 381/1334/967 378/808/670
f 385/809/671 384/224/224 376/223/223
f 379/9/9 390/8/8 389/597/533
f 394/218/218 393/1335/214 388/810/672
f 386/596/532 392/598/215 391/70/70
f 406/606/541 408/5/5 395/599/534
f 413/227/227 401/226/226 400/603/538
f 402/6/6 408/5/5 407/607/542
f 409/610/545 412/609/544 399/602/537
f 410/608/543 405/605/540 404/812/208
f 397/600/535 396/3/3 416/2/2
f 250/814/503 407/1262/542 406/815/541
f 90/505/467 410/608/543 409/610/545
f 91/225/225 413/227/227 416/2/2
f 396/3/3 395/599/534 94/4/4
f 402/6/6 405/605/540 92/506/468
f 417/817/674 418/127/127 144/112/112
f 152/527/484 419/476/445 420/475/444
f 421/150/150 422/1278/94 150/818/96
f 423/126/126 424/97/97 162/99/99
f 425/659/585 426/1363/972 169/536/491
f 71/266/265 70/836/687 67/819/675
f 483/274/273 574/343/339 587/372/109
f 434/820/676 759/687/603 756/271/270
f 56/261/260 73/477/446 74/821/677
f 535/822/678 532/842/394 545/823/193
f 607/824/679 606/418/404 604/268/267
f 510/660/680 425/659/962 424/97/97
f 685/363/357 591/929/735 592/825/681
f 655/324/322 653/920/733 651/827/682
f 459/288/287 460/854/696 457/697/613
f 460/854/696 86/863/704 457/697/613
f 86/863/704 83/653/580 457/697/613
f 519/433/415 589/657/584 583/828/107
f 514/832/685 515/896/722 496/430/311
f 441/301/299 59/465/437 712/484/450
f 486/834/686 418/127/127 417/817/674
f 74/821/677 73/477/446 70/836/687
f 88/425/95 42/1159/960 422/94/94
f 469/838/688 462/874/711 463/498/461
f 668/681/598 682/630/562 676/839/132
f 443/386/376 707/649/576 714/671/590
f 720/840/689 723/1364/973 724/672/591
f 535/822/678 534/913/731 533/841/569
f 676/839/132 682/630/562 681/632/564
f 617/844/691 620/831/684 612/845/572
f 633/294/293 645/676/594 646/675/593
f 679/631/563 680/911/198 678/702/196
f 608/316/314 609/1376/751 473/848/693
f 88/425/95 492/837/96 579/459/261
f 598/305/303 601/635/249 600/634/566
f 626/667/309 620/831/684 617/844/691
f 428/613/548 523/358/245 539/897/723
f 523/358/245 544/357/352 539/897/723
f 602/698/614 47/1225/964 600/634/566
f 47/1225/964 428/613/548 600/634/566
f 428/613/548 539/897/723 599/303/301
f 539/897/723 540/384/375 599/303/301
f 540/384/375 614/905/727 610/644/571
f 599/303/301 600/634/566 428/613/548
f 592/850/681 590/1377/347 760/851/596
f 567/857/699 1253/1171/553 1254/1170/457
f 1254/1170/457 528/855/697 567/857/699
f 707/649/576 708/651/578 713/670/589
f 565/618/144 566/1336/971 563/354/349
f 474/317/315 473/848/693 472/445/422
f 43/153/153 529/1378/719 1255/858/458
f 619/655/582 627/1379/308 465/859/700
f 648/860/701 638/379/370 637/861/702
f 485/502/464 417/1216/674 534/913/731
f 417/1216/674 429/1215/760 534/913/731
f 485/502/464 534/913/731 535/822/678
f 429/1215/760 530/912/730 534/913/731
f 460/854/696 458/853/695 438/351/346
f 438/351/346 439/350/345 460/854/696
f 439/350/345 49/412/398 460/854/696
f 59/465/437 60/260/259 53/411/397
f 730/695/611 747/1380/709 748/289/288
f 86/863/704 87/616/551 84/417/403
f 55/286/285 58/1276/968 61/329/326
f 556/452/429 548/392/382 562/394/384
f 579/262/261 492/347/96 491/348/343
f 759/865/603 434/1381/676 432/866/440
f 506/684/601 503/701/126 486/834/686
f 658/622/321 490/1382/970 487/868/556
f 634/869/706 632/277/276 629/295/294
f 692/870/707 585/1347/732 717/1383/608
f 585/1347/732 715/1346/714 717/1383/608
f 723/1384/973 720/1357/689 684/479/338
f 722/1385/592 723/1384/973 684/479/338
f 692/870/707 717/1383/608 727/1386/607
f 692/870/707 727/1386/607 728/1387/729
f 731/1388/610 722/1385/592 684/479/338
f 730/1389/611 731/1388/610 684/479/338
f 692/870/707 728/1387/729 734/871/708
f 747/872/709 730/1389/611 692/870/707
f 730/1389/611 684/479/338 692/870/707
f 85/321/319 48/284/283 79/296/295
f 48/284/283 51/330/327 75/629/561
f 51/330/327 58/1276/968 62/928/734
f 58/1276/968 55/286/285 62/928/734
f 55/286/285 72/265/264 69/267/266
f 69/267/266 66/346/342 55/286/285
f 66/346/342 62/928/734 55/286/285
f 62/928/734 75/629/561 51/330/327
f 75/629/561 79/296/295 48/284/283
f 466/873/710 464/895/721 461/496/459
f 628/875/712 625/309/307 634/869/706
f 712/484/450 716/464/436 715/877/714
f 767/308/306 770/307/305 769/879/716
f 725/881/718 726/397/387 437/349/344
f 710/320/318 707/649/576 443/386/376
f 699/319/317 446/685/602 447/338/334
f 524/436/354 525/356/351 523/358/245
f 571/489/454 572/1390/698 569/492/393
f 559/439/418 560/438/391 528/883/697
f 696/258/257 701/1300/570 702/339/335
f 46/231/231 47/1225/964 602/698/614
f 624/849/694 617/844/691 616/885/720
f 690/76/76 694/478/423 688/480/358
f 770/307/305 750/420/406 751/686/452
f 570/864/705 562/394/384 565/618/144
f 557/382/373 552/381/372 548/392/382
f 508/887/419 511/658/417 510/660/586
f 729/693/609 748/289/288 459/288/287
f 753/888/336 754/1391/615 595/889/355
f 632/277/276 634/869/706 625/309/307
f 652/682/599 653/920/733 662/891/252
f 503/701/126 506/684/601 507/247/246
f 529/893/719 43/1271/153 45/237/237
f 465/859/700 627/1379/308 628/894/712
f 485/835/464 487/624/556 488/626/558
f 717/692/608 715/877/714 716/464/436
f 516/434/416 517/829/105 515/896/722
f 539/897/723 544/357/352 543/898/130
f 1252/619/552 685/363/357 687/365/359
f 683/344/340 574/343/339 483/274/273
f 1252/619/552 687/365/359 683/344/340
f 764/281/280 765/1273/75 758/900/724
f 577/432/312 576/431/414 575/628/560
f 77/290/289 78/297/296 65/483/449
f 489/625/557 505/683/600 506/684/601
f 552/381/372 550/462/83 549/902/726
f 721/429/413 722/673/592 731/694/610
f 543/898/130 544/357/352 538/390/380
f 478/690/606 475/656/583 465/859/700
f 615/904/692 612/645/572 610/644/571
f 646/906/593 468/422/408 463/498/461
f 689/447/424 690/1288/76 593/664/587
f 500/669/133 676/839/132 675/843/690
f 542/899/333 541/385/332 540/384/375
f 626/311/309 624/1301/694 621/481/447
f 501/377/369 502/925/728 508/887/419
f 728/908/729 727/691/607 726/397/387
f 748/289/288 747/1380/709 734/909/708
f 581/263/262 577/314/312 578/910/725
f 672/454/430 678/702/196 680/911/198
f 530/912/730 531/1392/758 533/841/569
f 512/355/350 498/368/361 499/367/360
f 486/834/686 503/701/126 423/126/126
f 612/845/572 620/831/684 618/830/683
f 644/674/409 645/676/594 641/380/371
f 585/916/732 692/1393/707 691/426/411
f 656/325/323 654/401/390 536/917/379
f 567/919/699 572/1390/698 571/489/454
f 666/463/138 672/454/430 671/456/432
f 637/861/702 638/379/370 643/293/292
f 635/921/713 461/496/459 464/895/721
f 721/429/413 452/413/399 453/322/320
f 688/364/358 684/342/338 683/344/340
f 521/299/157 587/372/109 589/657/584
f 638/379/370 641/380/371 645/676/594
f 691/426/411 692/1393/707 694/446/423
f 633/294/293 636/847/460 635/876/713
f 517/829/105 583/828/107 576/431/414
f 728/908/729 725/881/718 733/287/286
f 704/398/388 705/460/434 697/257/256
f 495/312/310 491/348/343 421/150/150
f 669/455/431 670/680/597 668/681/598
f 616/885/720 617/844/691 615/846/692
f 733/287/286 725/881/718 438/351/346
f 729/693/609 455/696/612 456/467/439
f 653/920/733 655/324/322 659/927/554
f 66/346/342 68/345/341 65/483/449
f 81/298/297 78/297/296 77/290/289
f 674/500/463 666/463/138 550/462/83
f 90/930/467 92/1394/468 405/931/540
f 308/933/736 744/963/763 742/934/737
f 266/936/739 267/1395/619 740/937/740
f 779/939/742 775/1396/742 608/940/743
f 778/942/745 780/972/767 650/943/746
f 773/945/748 746/1397/974 430/946/749
f 609/948/751 776/1398/759 774/949/752
f 305/951/753 306/935/738 742/934/737
f 266/936/739 739/938/741 743/953/741
f 772/955/756 777/1399/770 647/956/757
f 608/940/743 775/1396/742 776/958/759
f 429/960/760 188/965/627 735/961/761
f 307/954/755 743/953/741 744/963/763
f 647/956/757 777/1399/770 778/942/745
f 189/964/628 736/1400/769 735/961/761
f 267/966/619 265/971/650 738/967/764
f 430/946/749 746/1397/974 737/969/765
f 607/950/679 774/949/752 773/945/748
f 265/971/650 264/970/766 737/969/765
f 780/972/767 779/939/742 649/941/744
f 429/960/760 745/962/762 771/973/768
f 305/951/753 741/952/754 736/975/769
f 771/973/768 772/1401/756 531/977/758
f 772/979/756 771/1402/768 779/980/742
f 771/1402/768 745/1403/762 775/1404/742
f 745/1403/762 746/1405/974 775/1404/742
f 746/1405/974 773/1406/748 776/1407/759
f 773/1406/748 774/1408/752 776/1407/759
f 775/1404/742 779/980/742 771/1402/768
f 779/980/742 780/1409/767 777/978/770
f 777/978/770 780/1409/767 778/1410/745
f 746/1405/974 776/1407/759 775/1404/742
f 745/1403/762 735/1411/761 739/1412/741
f 735/1411/761 736/1413/769 743/1414/741
f 739/1412/741 735/1411/761 743/1414/741
f 736/1413/769 741/1415/754 743/1414/741
f 741/1415/754 742/1416/737 744/1417/763
f 743/1414/741 741/1415/754 744/1417/763
f 737/983/765 746/1405/974 740/981/740
f 746/1405/974 745/1403/762 739/1412/741
f 740/981/740 746/1405/974 739/1412/741
f 781/984/771 782/1002/789 793/985/772
f 784/987/774 785/990/777 799/988/775
f 785/990/777 786/992/779 801/991/778
f 786/992/779 787/994/781 803/993/780
f 787/994/781 788/996/783 805/995/782
f 788/996/783 789/998/785 807/997/784
f 789/998/785 790/1003/790 809/999/786
f 783/1000/787 784/987/774 797/989/776
f 782/1002/789 783/1000/787 795/1001/788
f 790/1003/790 781/1418/771 792/1004/773
f 792/1005/773 793/1008/772 794/1006/791
f 793/1008/772 795/1011/788 796/1009/793
f 797/1010/776 798/1013/794 796/1009/793
f 799/1012/775 800/1015/795 798/1013/794
f 801/1014/778 802/1017/797 800/1015/795
f 801/1014/778 803/1018/780 804/1016/796
f 803/1018/780 805/1020/782 806/1019/798
f 805/1020/782 807/1023/784 808/1021/799
f 809/1022/786 810/1024/800 808/1021/799
f 792/1005/773 791/1007/792 810/1024/800
f 810/1024/800 791/1007/792 794/1006/791
f 794/1006/791 796/1009/793 810/1024/800
f 796/1009/793 798/1013/794 810/1024/800
f 798/1013/794 800/1015/795 802/1017/797
f 802/1017/797 804/1016/796 798/1013/794
f 804/1016/796 806/1019/798 798/1013/794
f 806/1019/798 808/1021/799 798/1013/794
f 823/985/801 812/1002/789 811/984/771
f 829/988/803 815/990/777 814/987/774
f 831/991/805 816/992/779 815/990/777
f 833/993/806 817/994/781 816/992/779
f 835/995/807 818/996/783 817/994/781
f 837/997/808 819/998/785 818/996/783
f 839/999/809 820/1003/790 819/998/785
f 827/989/804 814/987/774 813/1000/787
f 825/1001/810 813/1000/787 812/1002/789
f 822/1004/802 811/1418/771 820/1003/790
f 821/1007/811 824/1006/812 823/1008/801
f 824/1006/812 826/1009/813 825/1011/810
f 826/1009/813 828/1013/830 827/1010/804
f 827/1010/804 828/1013/830 830/1015/814
f 829/1012/803 830/1015/814 832/1017/815
f 831/1014/805 832/1017/815 834/1016/816
f 833/1018/806 834/1016/816 836/1019/817
f 835/1020/807 836/1019/817 838/1021/818
f 838/1021/818 840/1024/819 839/1022/809
f 840/1024/819 821/1007/811 822/1005/802
f 824/1006/820 821/1007/820 836/1019/820
f 821/1007/820 840/1024/820 836/1019/820
f 840/1024/820 838/1021/820 836/1019/820
f 836/1019/820 834/1016/820 832/1017/820
f 832/1017/820 830/1015/820 828/1013/820
f 828/1013/820 826/1009/820 824/1006/820
f 836/1019/820 832/1017/820 824/1006/820
f 841/984/771 842/1002/789 853/985/772
f 844/987/774 845/990/777 859/988/775
f 845/990/777 846/992/779 861/991/778
f 846/992/779 847/994/781 863/993/821
f 847/994/781 848/996/783 865/995/782
f 848/996/783 849/998/785 867/997/822
f 849/998/785 850/1003/790 869/999/823
f 843/1000/787 844/987/774 857/989/776
f 842/1002/789 843/1000/787 855/1001/824
f 850/1003/790 841/1418/771 852/1004/773
f 852/1005/773 853/1008/772 854/1006/791
f 853/1008/772 855/1011/824 856/1009/793
f 857/1010/776 858/1013/825 856/1009/793
f 859/1012/775 860/1015/826 858/1013/825
f 861/1014/778 862/1017/797 860/1015/826
f 861/1014/778 863/1018/821 864/1016/796
f 865/1020/782 866/1019/828 864/1016/796
f 865/1020/782 867/1023/822 868/1021/827
f 867/1023/822 869/1022/823 870/1024/800
f 852/1005/773 851/1007/792 870/1024/800
f 870/1024/800 851/1007/792 854/1006/791
f 854/1006/791 856/1009/793 870/1024/800
f 856/1009/793 858/1013/825 870/1024/800
f 858/1013/825 860/1015/826 862/1017/797
f 862/1017/797 864/1016/796 858/1013/825
f 864/1016/796 866/1019/828 858/1013/825
f 866/1019/828 868/1021/827 870/1024/800
f 883/985/801 872/1002/789 871/984/771
f 889/988/803 875/990/777 874/987/774
f 891/991/805 876/992/779 875/990/777
f 893/993/806 877/994/781 876/992/779
f 895/995/807 878/996/783 877/994/781
f 897/997/829 879/998/785 878/996/783
f 899/999/809 880/1003/790 879/998/785
f 887/989/804 874/987/774 873/1000/787
f 885/1001/810 873/1000/787 872/1002/789
f 882/1004/802 871/1418/771 880/1003/790
f 882/1005/802 881/1007/975 884/1006/812
f 883/1008/801 884/1006/812 886/1009/813
f 886/1009/813 888/1013/830 887/1010/804
f 888/1013/830 890/1015/814 889/1012/803
f 890/1015/814 892/1017/815 891/1014/805
f 891/1014/805 892/1017/815 894/1016/816
f 893/1018/806 894/1016/816 896/1019/817
f 895/1020/807 896/1019/817 898/1021/818
f 898/1021/818 900/1024/819 899/1022/809
f 900/1024/819 881/1007/975 882/1005/802
f 884/1006/820 881/1007/820 900/1024/820
f 900/1024/820 898/1021/820 884/1006/820
f 898/1021/820 896/1019/820 884/1006/820
f 896/1019/820 894/1016/820 892/1017/820
f 892/1017/820 890/1015/820 896/1019/820
f 890/1015/820 888/1013/820 896/1019/820
f 888/1013/820 886/1009/820 896/1019/820
f 901/984/771 902/1002/789 913/985/772
f 917/989/831 904/987/774 905/990/777
f 905/990/777 906/992/779 921/991/832
f 921/991/832 906/992/779 907/994/781
f 907/994/781 908/996/783 925/995/782
f 908/996/783 909/998/785 927/997/784
f 909/998/785 910/1003/790 929/999/786
f 903/1000/787 904/987/774 917/989/831
f 902/1002/789 903/1000/787 915/1001/788
f 910/1003/790 901/1418/771 912/1004/773
f 913/1008/772 914/1006/791 911/1007/792
f 915/1011/788 916/1009/793 914/1006/791
f 917/1010/831 918/1013/794 916/1009/793
f 917/1010/831 919/1012/775 920/1015/795
f 919/1012/775 921/1014/832 922/1017/797
f 921/1014/832 923/1018/780 924/1016/796
f 923/1018/780 925/1020/782 926/1019/798
f 925/1020/782 927/1023/784 928/1021/827
f 929/1022/786 930/1024/800 928/1021/827
f 912/1005/773 911/1007/792 930/1024/800
f 930/1024/800 911/1007/792 918/1013/794
f 911/1007/792 914/1006/791 918/1013/794
f 914/1006/791 916/1009/793 918/1013/794
f 918/1013/794 920/1015/795 922/1017/797
f 922/1017/797 924/1016/796 926/1019/798
f 926/1019/798 928/1021/827 930/1024/800
f 918/1013/794 922/1017/797 930/1024/800
f 943/985/801 932/1002/789 931/984/771
f 949/988/803 935/990/777 934/987/774
f 951/991/805 936/992/779 935/990/777
f 953/993/806 937/994/781 936/992/779
f 955/995/807 938/996/783 937/994/781
f 957/997/829 939/998/785 938/996/783
f 959/999/809 940/1003/790 939/998/785
f 947/989/804 934/987/774 933/1000/787
f 945/1001/810 933/1000/787 932/1002/789
f 942/1004/802 931/1418/771 940/1003/790
f 942/1005/802 941/1007/975 944/1006/812
f 943/1008/801 944/1006/812 946/1009/813
f 946/1009/813 948/1013/830 947/1010/804
f 948/1013/830 950/1015/814 949/1012/803
f 950/1015/814 952/1017/815 951/1014/805
f 951/1014/805 952/1017/815 954/1016/816
f 953/1018/806 954/1016/816 956/1019/817
f 955/1020/807 956/1019/817 958/1021/818
f 958/1021/818 960/1024/819 959/1022/809
f 960/1024/819 941/1007/975 942/1005/802
f 944/1006/820 941/1007/820 960/1024/820
f 960/1024/820 958/1021/820 944/1006/820
f 958/1021/820 956/1019/820 944/1006/820
f 956/1019/820 954/1016/820 952/1017/820
f 952/1017/820 950/1015/820 956/1019/820
f 950/1015/820 948/1013/820 956/1019/820
f 948/1013/820 946/1009/820 956/1019/820
f 972/1025/833 961/1049/856 986/1026/834
f 963/1028/836 964/1031/839 992/1029/837
f 964/1031/839 965/1033/841 994/1032/840
f 965/1033/841 966/1035/843 996/1034/842
f 966/1035/843 967/1037/845 998/1036/844
f 967/1037/845 968/1039/847 1000/1038/846
f 968/1039/847 969/1041/849 1002/1040/848
f 969/1041/849 970/1419/851 1004/1042/850
f 970/1043/851 971/1046/853 1006/1044/852
f 971/1046/853 972/1025/833 1008/1027/835
f 962/1047/854 963/1028/836 990/1030/838
f 961/1049/856 962/1047/854 988/1048/855
f 1029/1050/857 983/1054/853 984/1051/833
f 1027/1053/859 982/1420/851 983/1054/853
f 1025/1055/860 981/1059/849 982/1056/851
f 1023/1058/861 980/1061/847 981/1059/849
f 1021/1060/862 979/1063/845 980/1061/847
f 1019/1062/863 978/1065/843 979/1063/845
f 1017/1064/864 977/1072/841 978/1065/843
f 1011/1066/865 974/1152/854 975/1067/836
f 1031/1052/858 984/1051/833 973/1069/856
f 1017/1064/864 1015/1073/868 976/1071/839
f 1015/1073/868 1013/1068/866 975/1067/836
f 972/1074/869 971/1096/869 1030/1075/870
f 961/1077/869 1009/1086/877 1012/1078/872
f 969/1080/869 968/1097/869 1024/1081/873
f 966/1083/869 965/1098/869 1018/1084/875
f 972/1074/869 1032/1076/871 1009/1086/877
f 962/1079/869 1012/1078/872 1014/1087/878
f 970/1089/869 969/1080/869 1026/1082/874
f 966/1083/869 1020/1085/876 1022/1091/880
f 963/1088/869 1014/1087/878 1016/1093/881
f 970/1095/869 1028/1153/879 1030/1075/870
f 967/1092/869 1022/1091/880 1024/1081/873
f 964/1094/869 1016/1093/881 1018/1084/875
f 986/1099/834 988/1103/855 987/1100/882
f 990/1102/838 989/1105/884 987/1100/882
f 992/1104/837 991/1107/886 989/1105/884
f 992/1104/837 994/1109/840 993/1106/885
f 996/1108/842 995/1111/887 993/1106/885
f 998/1110/844 997/1113/888 995/1111/887
f 1000/1112/846 999/1115/890 997/1113/888
f 1000/1112/846 1002/1117/848 1001/1114/889
f 1004/1116/850 1003/1119/892 1001/1114/889
f 1004/1116/850 1006/1121/852 1005/1118/891
f 1008/1120/835 1007/1157/893 1005/1118/891
f 986/1099/834 985/1101/883 1007/1122/893
f 1007/1126/893 985/1421/883 991/1124/886
f 985/1421/883 987/1154/882 991/1124/886
f 987/1154/882 989/1422/884 991/1124/886
f 991/1124/886 993/1423/885 995/1158/887
f 995/1158/887 997/1424/888 999/1125/890
f 999/1125/890 1001/1425/889 1003/1155/892
f 1003/1155/892 1005/1426/891 1007/1126/893
f 991/1124/886 995/1158/887 999/1125/890
f 999/1125/890 1003/1155/892 1007/1126/893
f 1012/1127/872 1009/1151/877 1010/1128/867
f 1014/1130/878 1012/1127/872 1011/1129/865
f 1014/1130/878 1013/1131/866 1015/1132/868
f 1016/1133/881 1015/1132/868 1017/1134/864
f 1020/1136/876 1018/1135/875 1017/1134/864
f 1022/1138/880 1020/1136/876 1019/1137/863
f 1024/1140/873 1022/1138/880 1021/1139/862
f 1024/1140/873 1023/1141/861 1025/1142/860
f 1026/1143/874 1025/1142/860 1027/1144/859
f 1028/1146/879 1027/1156/859 1029/1147/857
f 1032/1149/871 1030/1148/870 1029/1147/857
f 1009/1151/877 1032/1149/871 1031/1150/858
f 1010/1070/867 973/1069/856 974/1152/854
f 1058/1026/894 1033/1049/856 1044/1025/833
f 1064/1029/896 1036/1031/839 1035/1028/836
f 1066/1032/898 1037/1033/841 1036/1031/839
f 1068/1034/899 1038/1035/843 1037/1033/841
f 1070/1036/900 1039/1037/845 1038/1035/843
f 1072/1038/901 1040/1039/847 1039/1037/845
f 1074/1040/902 1041/1041/849 1040/1039/847
f 1076/1042/903 1042/1419/851 1041/1041/849
f 1078/1044/904 1043/1046/853 1042/1043/851
f 1080/1027/895 1044/1025/833 1043/1046/853
f 1062/1030/897 1035/1028/836 1034/1047/854
f 1060/1048/905 1034/1047/854 1033/1049/856
f 1056/1051/833 1055/1054/853 1101/1050/906
f 1055/1054/853 1054/1420/851 1099/1053/908
f 1054/1056/851 1053/1059/849 1097/1055/909
f 1053/1059/849 1052/1061/847 1095/1058/910
f 1052/1061/847 1051/1063/845 1093/1060/911
f 1051/1063/845 1050/1065/843 1091/1062/912
f 1091/1062/912 1050/1065/843 1049/1072/841
f 1047/1067/836 1046/1152/854 1083/1066/914
f 1045/1069/856 1056/1051/833 1103/1052/907
f 1089/1064/913 1049/1072/841 1048/1071/839
f 1048/1071/839 1047/1067/836 1085/1068/915
f 1044/1074/820 1104/1076/939 1102/1075/918
f 1084/1078/919 1081/1086/922 1033/1077/820
f 1098/1082/920 1096/1081/925 1040/1097/820
f 1092/1085/921 1090/1084/926 1037/1098/820
f 1081/1086/922 1104/1076/939 1044/1074/820
f 1086/1087/923 1084/1078/919 1034/1079/820
f 1100/1090/924 1098/1082/920 1041/1080/820
f 1039/1092/820 1094/1091/938 1092/1085/921
f 1036/1094/820 1088/1093/937 1086/1087/923
f 1043/1096/820 1102/1075/918 1100/1153/924
f 1096/1081/925 1094/1091/938 1039/1092/820
f 1090/1084/926 1088/1093/937 1036/1094/820
f 1058/1099/894 1057/1101/976 1059/1100/927
f 1060/1103/905 1059/1100/927 1061/1105/928
f 1062/1102/897 1061/1105/928 1063/1107/929
f 1064/1104/896 1063/1107/929 1065/1106/930
f 1066/1109/898 1065/1106/930 1067/1111/931
f 1068/1108/899 1067/1111/931 1069/1113/932
f 1069/1113/932 1071/1115/933 1072/1112/901
f 1071/1115/933 1073/1114/977 1074/1117/902
f 1074/1117/902 1073/1114/977 1075/1119/934
f 1075/1119/934 1077/1118/935 1078/1121/904
f 1077/1118/935 1079/1157/936 1080/1120/895
f 1079/1122/936 1057/1101/976 1058/1099/894
f 1059/1154/927 1057/1421/976 1075/1155/934
f 1057/1421/976 1079/1126/936 1075/1155/934
f 1079/1126/936 1077/1426/935 1075/1155/934
f 1075/1155/934 1073/1425/977 1071/1125/933
f 1071/1125/933 1069/1424/932 1067/1158/931
f 1067/1158/931 1065/1423/930 1063/1124/929
f 1063/1124/929 1061/1422/928 1059/1154/927
f 1075/1155/934 1071/1125/933 1067/1158/931
f 1067/1158/931 1063/1124/929 1075/1155/934
f 1084/1127/919 1083/1129/914 1082/1128/916
f 1086/1130/923 1085/1131/915 1083/1129/914
f 1087/1132/917 1085/1131/915 1086/1130/923
f 1089/1134/913 1087/1132/917 1088/1133/937
f 1092/1136/921 1091/1137/912 1089/1134/913
f 1093/1139/911 1091/1137/912 1092/1136/921
f 1095/1141/910 1093/1139/911 1094/1138/938
f 1098/1143/920 1097/1142/909 1095/1141/910
f 1100/1145/924 1099/1144/908 1097/1142/909
f 1102/1148/918 1101/1147/906 1099/1156/908
f 1104/1149/939 1103/1150/907 1101/1147/906
f 1081/1151/922 1082/1128/916 1103/1150/907
f 1046/1152/854 1045/1069/856 1082/1070/916
f 1116/1025/833 1105/1049/856 1130/1026/834
f 1107/1028/836 1108/1031/839 1136/1029/837
f 1108/1031/839 1109/1033/841 1138/1032/840
f 1109/1033/841 1110/1035/843 1140/1034/940
f 1110/1035/843 1111/1037/845 1142/1036/844
f 1111/1037/845 1112/1039/847 1144/1038/846
f 1112/1039/847 1113/1041/849 1146/1040/848
f 1113/1041/849 1114/1419/851 1148/1042/850
f 1148/1045/850 1114/1043/851 1115/1046/853
f 1150/1044/941 1115/1046/853 1116/1025/833
f 1106/1047/854 1107/1028/836 1134/1030/838
f 1105/1049/856 1106/1047/854 1132/1048/855
f 1173/1050/857 1127/1054/853 1128/1051/833
f 1171/1053/859 1126/1420/851 1127/1054/853
f 1169/1055/860 1125/1059/849 1126/1056/851
f 1167/1058/861 1124/1061/847 1125/1059/849
f 1165/1060/862 1123/1063/845 1124/1061/847
f 1163/1062/863 1122/1065/843 1123/1063/845
f 1161/1064/864 1121/1072/841 1122/1065/843
f 1155/1066/865 1118/1152/854 1119/1067/836
f 1175/1052/858 1128/1051/833 1117/1069/856
f 1159/1073/868 1120/1071/839 1121/1072/841
f 1157/1068/866 1119/1067/836 1120/1071/839
f 1116/1074/869 1115/1096/869 1174/1075/870
f 1105/1077/869 1153/1086/877 1156/1078/872
f 1112/1097/869 1168/1081/873 1170/1082/874
f 1109/1098/869 1162/1084/875 1164/1085/876
f 1105/1077/869 1116/1074/869 1176/1076/871
f 1106/1079/869 1156/1078/872 1158/1087/878
f 1113/1080/869 1170/1082/874 1172/1090/879
f 1111/1092/869 1110/1083/869 1164/1085/876
f 1108/1094/869 1107/1088/869 1158/1087/878
f 1114/1095/869 1172/1153/879 1174/1075/870
f 1111/1092/869 1166/1091/880 1168/1081/873
f 1108/1094/869 1160/1093/881 1162/1084/875
f 1132/1103/855 1131/1100/943 1129/1101/942
f 1132/1103/855 1134/1102/838 1133/1105/884
f 1134/1102/838 1136/1104/837 1135/1107/944
f 1136/1104/837 1138/1109/840 1137/1106/945
f 1138/1109/840 1140/1108/940 1139/1111/887
f 1140/1108/940 1142/1110/844 1141/1113/888
f 1144/1112/846 1143/1115/890 1141/1113/888
f 1144/1112/846 1146/1117/848 1145/1114/889
f 1146/1117/848 1148/1116/850 1147/1119/892
f 1148/1116/850 1150/1121/941 1149/1118/891
f 1150/1121/941 1152/1120/835 1151/1157/893
f 1152/1123/835 1130/1099/834 1129/1101/942
f 1151/1126/893 1129/1421/942 1131/1154/943
f 1131/1154/943 1133/1422/884 1151/1126/893
f 1133/1422/884 1135/1124/944 1151/1126/893
f 1135/1124/944 1137/1423/945 1143/1125/890
f 1137/1423/945 1139/1158/887 1143/1125/890
f 1139/1158/887 1141/1424/888 1143/1125/890
f 1143/1125/890 1145/1425/889 1147/1155/892
f 1147/1155/892 1149/1426/891 1151/1126/893
f 1143/1125/890 1147/1155/892 1135/1124/944
f 1156/1127/872 1153/1151/877 1154/1128/867
f 1156/1127/872 1155/1129/865 1157/1131/866
f 1158/1130/878 1157/1131/866 1159/1132/868
f 1160/1133/881 1159/1132/868 1161/1134/864
f 1162/1135/875 1161/1134/864 1163/1137/863
f 1166/1138/880 1164/1136/876 1163/1137/863
f 1168/1140/873 1166/1138/880 1165/1139/862
f 1168/1140/873 1167/1141/861 1169/1142/860
f 1170/1143/874 1169/1142/860 1171/1144/859
f 1172/1146/879 1171/1156/859 1173/1147/857
f 1174/1148/870 1173/1147/857 1175/1150/858
f 1153/1151/877 1176/1149/871 1175/1150/858
f 1154/1070/867 1117/1069/856 1118/1152/854
f 1202/1026/894 1177/1049/856 1188/1025/833
f 1208/1029/896 1180/1031/839 1179/1028/836
f 1210/1032/898 1181/1033/841 1180/1031/839
f 1212/1034/899 1182/1035/843 1181/1033/841
f 1214/1036/900 1183/1037/845 1182/1035/843
f 1216/1038/946 1184/1039/847 1183/1037/845
f 1218/1040/902 1185/1041/849 1184/1039/847
f 1220/1042/903 1186/1419/851 1185/1041/849
f 1222/1044/947 1187/1046/853 1186/1043/851
f 1224/1027/895 1188/1025/833 1187/1046/853
f 1206/1030/897 1179/1028/836 1178/1047/854
f 1204/1048/948 1178/1047/854 1177/1049/856
f 1200/1051/833 1199/1054/853 1245/1050/906
f 1199/1054/853 1198/1420/851 1243/1053/908
f 1198/1056/851 1197/1059/849 1241/1055/909
f 1197/1059/849 1196/1061/847 1239/1058/910
f 1196/1061/847 1195/1063/845 1237/1060/911
f 1195/1063/845 1194/1065/843 1235/1062/912
f 1194/1065/843 1193/1072/841 1233/1064/913
f 1191/1067/836 1190/1152/854 1227/1066/914
f 1189/1069/856 1200/1051/833 1247/1052/907
f 1193/1072/841 1192/1071/839 1231/1073/917
f 1192/1071/839 1191/1067/836 1229/1068/915
f 1248/1076/939 1246/1075/918 1187/1096/820
f 1178/1079/820 1228/1078/949 1225/1086/922
f 1242/1082/920 1240/1081/950 1184/1097/820
f 1236/1085/921 1234/1084/926 1181/1098/820
f 1225/1086/922 1248/1076/939 1188/1074/820
f 1179/1088/820 1230/1087/923 1228/1078/949
f 1186/1089/820 1244/1090/924 1242/1082/920
f 1183/1092/820 1238/1091/959 1236/1085/921
f 1180/1094/820 1232/1093/958 1230/1087/923
f 1246/1075/918 1244/1153/924 1186/1095/820
f 1240/1081/950 1238/1091/959 1183/1092/820
f 1234/1084/926 1232/1093/958 1180/1094/820
f 1202/1099/894 1201/1101/957 1203/1100/927
f 1203/1100/927 1205/1105/951 1206/1102/897
f 1205/1105/951 1207/1107/929 1208/1104/896
f 1208/1104/896 1207/1107/929 1209/1106/952
f 1210/1109/898 1209/1106/952 1211/1111/953
f 1211/1111/953 1213/1113/932 1214/1110/900
f 1214/1110/900 1213/1113/932 1215/1115/954
f 1216/1112/946 1215/1115/954 1217/1114/955
f 1218/1117/902 1217/1114/955 1219/1119/934
f 1220/1116/903 1219/1119/934 1221/1118/956
f 1222/1121/947 1221/1118/956 1223/1157/936
f 1224/1123/895 1223/1122/936 1201/1101/957
f 1203/1154/927 1201/1421/957 1223/1126/936
f 1223/1126/936 1221/1426/956 1219/1155/934
f 1219/1155/934 1217/1425/955 1215/1125/954
f 1215/1125/954 1213/1424/932 1219/1155/934
f 1213/1424/932 1211/1158/953 1219/1155/934
f 1211/1158/953 1209/1423/952 1207/1124/929
f 1207/1124/929 1205/1422/951 1203/1154/927
f 1203/1154/927 1223/1126/936 1211/1158/953
f 1223/1126/936 1219/1155/934 1211/1158/953
f 1227/1129/914 1226/1128/916 1225/1151/922
f 1230/1130/923 1229/1131/915 1227/1129/914
f 1231/1132/917 1229/1131/915 1230/1130/923
f 1234/1135/926 1233/1134/913 1231/1132/917
f 1235/1137/912 1233/1134/913 1234/1135/926
f 1237/1139/911 1235/1137/912 1236/1136/921
f 1240/1140/950 1239/1141/910 1237/1139/911
f 1242/1143/920 1241/1142/909 1239/1141/910
f 1243/1144/908 1241/1142/909 1242/1143/920
f 1246/1148/918 1245/1147/906 1243/1156/908
f 1248/1149/939 1247/1150/907 1245/1147/906
f 1226/1128/916 1247/1150/907 1248/1149/939
f 1190/1152/854 1189/1069/856 1226/1070/916
f 42/1159/960 1250/155/155 1251/111/111
f 1249/427/111 1250/155/155 42/1159/960
f 524/360/354 522/617/156 594/665/588
f 522/617/156 1249/427/111 594/665/588
f 1249/427/111 691/426/411 693/448/425
f 689/447/424 594/665/588 1249/427/111
f 1251/111/111 180/156/156 252/553/505
f 180/156/156 182/760/493 252/553/505
f 252/553/505 347/792/660 1251/111/111
f 351/794/661 349/110/110 1251/111/111
f 1259/745/640 1260/213/213 226/145/145
f 142/1160/626 1259/1181/640 1258/90/90
f 1258/90/90 151/1427/485 142/1160/626
f 151/1427/485 172/1428/622 142/1160/626
f 172/1428/622 174/1161/623 142/1160/626
f 174/1161/623 176/1429/624 178/1162/625
f 1257/721/152 1258/720/90 186/1163/89
f 152/1165/484 1257/152/152 1256/154/154
f 1256/154/154 1255/858/458 494/1167/443
f 528/1168/697 1254/493/457 1255/495/458
f 484/1172/275 520/1430/274 516/1431/416
f 520/1430/274 518/1432/298 516/1431/416
f 516/1431/416 514/1433/685 484/1172/275
f 514/1433/685 493/1434/573 484/1172/275
f 493/1434/573 1254/1170/457 484/1172/275
f 568/490/455 1252/619/552 1253/620/553
f 568/490/455 564/353/348 591/929/735
f 591/929/735 685/363/357 1252/619/552
f 249/550/502 222/143/143 226/145/145
f 226/145/145 1260/213/213 249/550/502
o Synth_Panels
v -0.377593 0.040450 0.048876
v -0.377593 0.255081 -0.043375
v 0.562177 0.040450 0.048876
v 0.562177 0.255081 -0.043375
v -0.377593 0.061345 0.097492
v -0.377593 0.275977 0.005241
v 0.562177 0.061345 0.097492
v 0.562177 0.275977 0.005241
v 0.562177 0.064710 0.098834
v -0.377593 0.064710 0.098834
v -0.377593 0.274635 0.008605
v 0.562177 0.274635 0.008605
v 0.549187 0.074869 0.089662
v -0.364603 0.074869 0.089662
v 0.549187 0.260990 0.009665
v 0.080655 0.040450 0.048876
v 0.103929 0.040450 0.048876
v 0.103929 0.255081 -0.043375
v 0.080655 0.255081 -0.043375
v 0.103929 0.061345 0.097492
v 0.080655 0.061345 0.097492
v 0.080655 0.064710 0.098834
v 0.103929 0.064710 0.098834
v 0.103929 0.275977 0.005241
v 0.080655 0.275977 0.005241
v 0.103929 0.274635 0.008605
v 0.080655 0.274635 0.008605
v 0.103929 0.074869 0.089662
v 0.080655 0.260990 0.009665
v -0.369025 0.072560 0.095460
v -0.364603 0.260990 0.009665
v -0.369025 0.266785 0.011979
v 0.553610 0.072560 0.095460
v 0.553610 0.266785 0.011979
v 0.080655 0.074869 0.089662
v 0.085070 0.072560 0.095460
v 0.099515 0.072560 0.095460
v 0.085070 0.266785 0.011979
v 0.103929 0.260990 0.009665
v 0.099515 0.266785 0.011979
v -0.378203 0.518592 -0.076735
v -0.378203 0.765628 -0.076957
v 0.562788 0.518592 -0.076735
v 0.562788 0.765628 -0.076957
v -0.378203 0.518592 -0.002156
v -0.378203 0.765628 -0.004263
v 0.562788 0.518592 -0.002156
v 0.562788 0.765628 -0.004263
v 0.562788 0.521153 0.000405
v -0.378203 0.521153 0.000405
v -0.378203 0.763067 -0.001702
v 0.562788 0.763067 -0.001702
v 0.549308 0.534445 -0.008812
v -0.364724 0.534445 -0.008812
v -0.364724 0.749510 -0.010525
v 0.549308 0.749510 -0.010525
v -0.364724 0.534530 -0.003043
v -0.367988 0.531327 0.000256
v -0.367988 0.752893 -0.001553
v -0.364724 0.749595 -0.004756
v 0.552572 0.531327 0.000256
v 0.549308 0.534530 -0.003043
v 0.549308 0.749595 -0.004756
v 0.552572 0.752893 -0.001553
v 0.099800 0.518592 -0.076735
v 0.084785 0.518592 -0.076735
v 0.084785 0.765628 -0.076957
v 0.099800 0.765628 -0.076957
v 0.099800 0.518592 -0.002156
v 0.084785 0.518592 -0.002156
v 0.084785 0.521153 0.000405
v 0.099800 0.521153 0.000405
v 0.099800 0.765628 -0.004263
v 0.084785 0.765628 -0.004263
v 0.099800 0.763067 -0.001702
v 0.084785 0.763067 -0.001702
v 0.099800 0.534445 -0.008812
v 0.084785 0.534445 -0.008812
v 0.099800 0.749510 -0.010525
v 0.084785 0.749510 -0.010525
v 0.099800 0.534530 -0.003043
v 0.084785 0.534530 -0.003043
v 0.099800 0.531327 0.000256
v 0.084785 0.531327 0.000256
v 0.084785 0.749595 -0.004756
v 0.099800 0.749595 -0.004756
v 0.099800 0.752893 -0.001553
v 0.084785 0.752893 -0.001553
v -0.377593 0.016366 0.058164
v 0.562177 0.016366 0.058164
v -0.377593 -0.146870 0.255733
v 0.562177 -0.146870 0.255733
v -0.377593 0.060756 0.098204
v 0.562177 0.060756 0.098204
v -0.377593 -0.107117 0.307752
v 0.562177 -0.107117 0.307752
v -0.377593 0.061153 0.101804
v 0.562177 0.061153 0.101804
v 0.562177 -0.103516 0.307354
v -0.377593 -0.103516 0.307354
v 0.549187 -0.098862 0.294484
v -0.369023 0.055810 0.108474
v -0.364603 0.049608 0.109154
v 0.549187 0.049608 0.109154
v 0.553608 0.055810 0.108474
v -0.364603 -0.098862 0.294484
v -0.369023 -0.098173 0.300684
v 0.553608 -0.098173 0.300684
v -0.378203 0.273004 -0.076735
v -0.378203 0.518719 -0.076957
v 0.562788 0.273004 -0.076735
v 0.562788 0.518719 -0.076957
v -0.378203 0.273004 -0.002156
v -0.378203 0.518719 -0.004263
v 0.562788 0.273004 -0.002156
v 0.562788 0.518719 -0.004263
v 0.562788 0.275565 0.000405
v -0.378203 0.275565 0.000405
v -0.378203 0.516158 -0.001702
v 0.562788 0.516158 -0.001702
v 0.549308 0.288857 -0.008812
v -0.364724 0.288857 -0.008812
v -0.364724 0.502601 -0.010525
v 0.549308 0.502601 -0.010525
v -0.364724 0.288942 -0.003043
v -0.367988 0.285739 0.000256
v -0.367988 0.505984 -0.001553
v -0.364724 0.502686 -0.004756
v 0.552572 0.285739 0.000256
v 0.549308 0.288942 -0.003043
v 0.549308 0.502686 -0.004756
v 0.552572 0.505984 -0.001553
vn -0.0000 0.3949 0.9187
vn -0.0000 0.9187 -0.3949
vn -0.0000 -0.3704 0.9289
vn -0.0000 0.9289 0.3704
vn -0.0000 -0.9187 0.3949
vn 0.7065 0.2795 0.6502
vn -0.7065 0.2795 0.6502
vn -0.7071 0.2792 0.6496
vn 0.7071 0.2792 0.6496
vn -0.0000 0.9290 0.3700
vn -0.0000 -0.3708 0.9287
vn -0.0000 0.0116 0.9999
vn -0.0000 -0.7071 0.7071
vn -0.0000 0.7071 0.7071
vn 1.0000 -0.0000 -0.0000
vn -1.0000 -0.0000 -0.0000
vn -0.0000 0.7174 0.6967
vn -0.0000 -0.9999 0.0147
vn -0.0000 0.0147 0.9999
vn -0.0000 0.0080 1.0000
vn -0.0000 -0.6967 0.7174
vn 0.7057 0.0057 0.7085
vn -0.7057 0.0057 0.7085
vn -0.0000 -1.0000 -0.0000
vn -0.0000 1.0000 -0.0000
vn -0.0000 0.9999 -0.0147
vn -0.0000 -0.7945 0.6072
vn -0.0000 0.7804 0.6252
vn -0.0000 0.6698 -0.7426
vn -0.0000 0.9940 -0.1098
vn -0.0000 0.1098 0.9940
vn -0.0000 0.1091 0.9940
vn -0.0000 0.9939 -0.1104
vn 0.7066 0.5522 0.4424
vn -0.7066 0.5522 0.4424
vn 0.0001 0.0116 0.9999
vn 0.7057 0.0058 0.7085
vn -0.7057 0.0058 0.7085
vn -0.7056 0.0058 0.7085
vt 0.645301 0.104423
vt 0.444036 0.012851
vt 0.645301 0.012851
vt 0.209983 0.514846
vt 0.002846 0.538766
vt 0.002846 0.514846
vt 0.846675 0.216303
vt 0.658984 0.217787
vt 0.658984 0.216303
vt 0.649451 0.216303
vt 0.461759 0.217787
vt 0.461759 0.216303
vt 0.220209 0.227786
vt 0.415078 0.226246
vt 0.415078 0.227786
vt 0.641024 0.512851
vt 0.433887 0.536770
vt 0.433887 0.512851
vt 0.423769 0.344275
vt 0.220504 0.348137
vt 0.218509 0.344275
vt 0.006720 0.248715
vt 0.209984 0.244853
vt 0.211980 0.248715
vt 0.412991 0.446421
vt 0.211726 0.354849
vt 0.412991 0.354849
vt 0.218509 0.248715
vt 0.423769 0.248716
vt 0.427641 0.348137
vt 0.220504 0.244853
vt 0.427641 0.244853
vt 0.006720 0.344275
vt 0.002847 0.244853
vt 0.015443 0.227787
vt 0.210312 0.226246
vt 0.210312 0.227786
vt 0.209984 0.348137
vt 0.002847 0.348137
vt 0.427641 0.514846
vt 0.220504 0.538766
vt 0.220504 0.514846
vt 0.858681 0.512851
vt 0.651544 0.536770
vt 0.651544 0.512851
vt 0.211979 0.344275
vt 0.253674 0.106889
vt 0.250849 0.013323
vt 0.253674 0.015317
vt 0.233810 0.013330
vt 0.236634 0.106896
vt 0.233810 0.108890
vt 0.245152 0.106897
vt 0.242330 0.013331
vt 0.245152 0.015325
vt 0.855128 0.003322
vt 0.857950 0.096888
vt 0.855128 0.098882
vt 0.015102 0.153670
vt 0.218363 0.150850
vt 0.216367 0.153670
vt 0.216357 0.143673
vt 0.013096 0.140852
vt 0.218356 0.140852
vt 0.446761 0.139676
vt 0.650022 0.136855
vt 0.648026 0.139676
vt 0.648015 0.149670
vt 0.444754 0.146849
vt 0.650014 0.146849
vt 0.855240 0.129454
vt 0.859858 0.234208
vt 0.855241 0.229609
vt 0.015441 0.220259
vt 0.212326 0.218719
vt 0.212326 0.220259
vt 0.218711 0.220259
vt 0.415596 0.218719
vt 0.415596 0.220259
vt 0.657541 0.210532
vt 0.847174 0.209048
vt 0.847174 0.210532
vt 0.278594 0.110087
vt 0.275986 0.012888
vt 0.278594 0.012870
vt 0.259370 0.110087
vt 0.261978 0.012888
vt 0.261978 0.110104
vt 0.829544 0.194554
vt 0.645432 0.196437
vt 0.645432 0.194554
vt 0.013165 0.173457
vt 0.216351 0.170849
vt 0.216351 0.173457
vt 0.439130 0.129453
vt 0.434512 0.234208
vt 0.434512 0.124854
vt 0.650579 0.124854
vt 0.859858 0.124854
vt 0.002847 0.354848
vt 0.206033 0.452064
vt 0.002847 0.452064
vt 0.455170 0.194554
vt 0.639282 0.196437
vt 0.453833 0.196437
vt 0.017284 0.203668
vt 0.208437 0.205623
vt 0.015896 0.205623
vt 0.652408 0.032926
vt 0.751085 0.030850
vt 0.749625 0.032939
vt 0.751154 0.024938
vt 0.652478 0.022863
vt 0.749695 0.022849
vt 0.439130 0.229608
vt 0.643792 0.234208
vt 0.418685 0.428557
vt 0.627965 0.394846
vt 0.627965 0.428557
vt 0.218915 0.507707
vt 0.428194 0.474848
vt 0.428194 0.507707
vt 0.461758 0.210532
vt 0.651391 0.209048
vt 0.651391 0.210532
vt 0.405974 0.203668
vt 0.214822 0.205623
vt 0.214822 0.203668
vt 0.215617 0.110067
vt 0.012431 0.012851
vt 0.215617 0.012851
vt 0.216360 0.160853
vt 0.013174 0.163461
vt 0.013174 0.160853
vt 0.648017 0.156848
vt 0.444831 0.159456
vt 0.444831 0.156848
vt 0.444825 0.169457
vt 0.648011 0.166849
vt 0.648011 0.169457
vt 0.643792 0.124854
vt 0.643792 0.129453
vt 0.650579 0.234208
vt 0.650579 0.229609
vt 0.002848 0.507706
vt 0.212128 0.474848
vt 0.212128 0.507707
vt 0.643792 0.229609
vt 0.208437 0.203668
vt 0.639282 0.194554
vt 0.650579 0.129453
vt 0.634752 0.428557
vt 0.844031 0.394846
vt 0.844031 0.428557
vt 0.267677 0.110087
vt 0.270286 0.012888
vt 0.270286 0.110104
vt 0.221323 0.110067
vt 0.228110 0.012851
vt 0.228110 0.110067
vt 0.381528 0.012846
vt 0.284329 0.015454
vt 0.284311 0.012846
vt 0.859848 0.474852
vt 0.433888 0.504526
vt 0.433888 0.474852
vt 0.006733 0.006722
vt 0.002848 0.122227
vt 0.002848 0.002849
vt 0.967881 0.002851
vt 0.994977 0.428812
vt 0.967881 0.428812
vt 0.994977 0.002851
vt 0.996618 0.428812
vt 0.859848 0.504526
vt 0.433888 0.506168
vt 0.433891 0.240845
vt 0.848076 0.348480
vt 0.433891 0.348480
vt 0.424925 0.118353
vt 0.006732 0.118353
vt 0.424925 0.006722
vt 0.428809 0.122227
vt 0.428809 0.002849
vt 0.845580 0.114857
vt 0.434532 0.117712
vt 0.437453 0.114780
vt 0.438372 0.005704
vt 0.849419 0.002848
vt 0.846499 0.005781
vt 0.435406 0.002848
vt 0.848545 0.117712
vt 0.423577 0.133452
vt 0.428195 0.237610
vt 0.423577 0.233011
vt 0.418695 0.467706
vt 0.844041 0.434847
vt 0.844041 0.467706
vt 0.415599 0.211190
vt 0.015444 0.212730
vt 0.015444 0.211190
vt 0.839250 0.201804
vt 0.453833 0.203287
vt 0.453833 0.201804
vt 0.418694 0.388559
vt 0.844041 0.354848
vt 0.844041 0.388559
vt 0.284315 0.025456
vt 0.380917 0.022848
vt 0.380934 0.025456
vt 0.747640 0.015460
vt 0.651037 0.012852
vt 0.747657 0.012852
vt 0.461261 0.180608
vt 0.835635 0.178245
vt 0.835635 0.180608
vt 0.865562 0.416014
vt 0.962182 0.002854
vt 0.962182 0.416014
vt 0.007466 0.133452
vt 0.002848 0.237610
vt 0.002849 0.128853
vt 0.428195 0.128853
vt 0.404134 0.181084
vt 0.015443 0.183537
vt 0.015443 0.181084
vt 0.405970 0.196140
vt 0.015891 0.198095
vt 0.017279 0.196140
vt 0.823860 0.187303
vt 0.448149 0.189186
vt 0.449486 0.187303
vt 0.285695 0.034929
vt 0.383775 0.032853
vt 0.382315 0.034942
vt 0.750552 0.040944
vt 0.652472 0.038869
vt 0.749092 0.038855
vt 0.007466 0.233011
vt 0.444036 0.104423
vt 0.209983 0.538766
vt 0.846675 0.217787
vt 0.649451 0.217787
vt 0.220209 0.226246
vt 0.641024 0.536770
vt 0.211726 0.446421
vt 0.015443 0.226246
vt 0.427641 0.538766
vt 0.858681 0.536770
vt 0.250849 0.108883
vt 0.236634 0.015324
vt 0.242330 0.108891
vt 0.857950 0.005316
vt 0.013103 0.150850
vt 0.015091 0.143673
vt 0.444762 0.136855
vt 0.446750 0.149670
vt 0.015441 0.218719
vt 0.218711 0.218719
vt 0.657541 0.209048
vt 0.275986 0.110104
vt 0.259370 0.012870
vt 0.830881 0.196437
vt 0.013165 0.170849
vt 0.206033 0.354848
vt 0.650929 0.030850
vt 0.650999 0.024938
vt 0.418685 0.394846
vt 0.218915 0.474848
vt 0.461758 0.209048
vt 0.407362 0.205623
vt 0.012431 0.110067
vt 0.216360 0.163461
vt 0.648017 0.159456
vt 0.444825 0.166849
vt 0.002848 0.474848
vt 0.634752 0.394846
vt 0.267678 0.012870
vt 0.221323 0.012851
vt 0.381545 0.015454
vt 0.996619 0.002851
vt 0.859848 0.506168
vt 0.848076 0.240845
vt 0.418695 0.434847
vt 0.415599 0.212730
vt 0.839250 0.203288
vt 0.418694 0.354848
vt 0.284297 0.022848
vt 0.651020 0.015460
vt 0.461261 0.178245
vt 0.865562 0.002854
vt 0.404134 0.183537
vt 0.407358 0.198095
vt 0.825197 0.189186
vt 0.284216 0.032853
vt 0.650993 0.040944
s 1
usemtl Synth_Buttons
f 1289/1435/978 1274/1436/978 1295/1437/978
f 1278/1438/979 1268/1439/979 1264/1440/979
f 1267/1441/980 1283/1442/980 1280/1443/980
f 1281/1444/980 1270/1445/980 1265/1446/980
f 1284/1447/981 1272/1448/981 1268/1449/981
f 1276/1450/982 1265/1451/982 1261/1452/982
f 1294/1453/978 1286/1454/978 1300/1455/978
f 1290/1456/978 1282/1457/978 1296/1458/978
f 1275/1459/978 1288/1460/978 1273/1461/978
f 1282/1457/978 1297/1462/978 1296/1458/978
f 1293/1463/978 1272/1464/978 1294/1453/978
f 1293/1463/978 1283/1465/978 1269/1466/978
f 1292/1467/978 1270/1468/978 1290/1456/978
f 1266/1469/981 1287/1470/981 1285/1471/981
f 1292/1467/978 1287/1472/978 1271/1473/978
f 1262/1474/979 1285/1475/979 1279/1476/979
f 1263/1477/982 1280/1478/982 1277/1479/982
f 1298/1480/978 1297/1462/978 1300/1455/978
f 1280/1478/982 1276/1450/982 1277/1479/982
f 1287/1470/981 1284/1447/981 1285/1471/981
f 1283/1442/980 1281/1444/980 1280/1443/980
f 1285/1475/979 1278/1438/979 1279/1476/979
f 1286/1454/978 1298/1480/978 1300/1455/978
f 1291/1481/983 1290/1482/983 1274/1483/983
f 1294/1484/984 1273/1485/984 1293/1486/984
f 1295/1487/985 1298/1488/985 1289/1489/985
f 1297/1490/986 1299/1491/986 1300/1492/986
f 1274/1493/987 1296/1494/987 1295/1495/987
f 1273/1496/987 1297/1497/987 1293/1498/987
f 1275/1499/988 1300/1500/988 1299/1501/988
f 1291/1502/988 1298/1503/988 1292/1504/988
f 1319/1505/989 1310/1506/989 1318/1507/989
f 1307/1508/990 1332/1509/990 1329/1510/990
f 1330/1511/990 1310/1512/990 1305/1513/990
f 1333/1514/991 1312/1515/991 1308/1516/991
f 1317/1517/992 1315/1518/992 1320/1519/992
f 1322/1520/993 1316/1521/993 1313/1522/993
f 1317/1523/994 1344/1524/994 1342/1525/994
f 1346/1526/995 1316/1527/995 1323/1528/995
f 1324/1529/989 1309/1530/989 1312/1531/989
f 1319/1505/989 1336/1532/996 1311/1533/989
f 1340/1534/997 1314/1535/997 1338/1536/997
f 1322/1537/994 1343/1538/994 1321/1539/994
f 1320/1540/998 1348/1541/998 1319/1542/998
f 1320/1543/999 1318/1544/999 1317/1545/999
f 1321/1546/1000 1323/1547/1000 1322/1548/1000
f 1321/1549/989 1332/1550/996 1309/1530/989
f 1303/1551/1001 1329/1552/1001 1325/1553/1001
f 1328/1554/1002 1308/1555/1002 1304/1556/1002
f 1306/1557/991 1336/1558/991 1334/1559/991
f 1323/1560/998 1347/1561/998 1346/1562/998
f 1316/1563/997 1337/1564/997 1313/1565/997
f 1342/1566/1003 1314/1567/1003 1317/1568/1003
f 1322/1569/1003 1337/1570/1003 1341/1571/1003
f 1320/1572/995 1340/1573/995 1345/1574/995
f 1324/1529/989 1335/1575/996 1347/1576/996
f 1318/1507/989 1331/1577/996 1344/1578/996
f 1302/1579/1002 1334/1580/1002 1327/1581/1002
f 1331/1577/996 1343/1582/996 1344/1578/996
f 1347/1561/998 1345/1583/998 1346/1562/998
f 1344/1524/994 1341/1584/994 1342/1525/994
f 1335/1575/996 1348/1585/996 1347/1576/996
f 1329/1552/1001 1326/1586/1001 1325/1553/1001
f 1336/1558/991 1333/1514/991 1334/1559/991
f 1332/1509/990 1330/1511/990 1329/1510/990
f 1334/1580/1002 1328/1554/1002 1327/1581/1002
f 1326/1586/1001 1305/1587/1001 1301/1588/1001
f 1342/1589/993 1340/1590/993 1338/1591/993
f 1341/1592/997 1345/1593/997 1342/1594/997
f 1341/1595/992 1339/1596/992 1346/1597/992
f 1352/1598/1004 1355/1599/1004 1351/1600/1004
f 1367/1601/1005 1357/1602/1005 1360/1603/1005
f 1349/1604/1006 1354/1605/1006 1350/1606/1006
f 1353/1607/1007 1358/1608/1007 1354/1605/1007
f 1356/1609/1008 1360/1610/1008 1355/1599/1008
f 1366/1611/1005 1364/1612/1005 1363/1613/1005
f 1365/1614/1005 1357/1602/1005 1362/1615/1005
f 1368/1616/1005 1358/1617/1005 1365/1614/1005
f 1367/1601/1005 1359/1618/1005 1368/1616/1005
f 1364/1619/1009 1362/1620/1009 1363/1621/1009
f 1366/1622/1010 1368/1623/1010 1361/1624/1010
f 1363/1621/1011 1367/1625/1011 1366/1622/1011
f 1365/1626/1012 1361/1624/1012 1368/1623/1012
f 1387/1627/989 1378/1628/989 1386/1629/1013
f 1370/1630/1002 1376/1631/1002 1372/1632/1002
f 1375/1633/990 1378/1634/990 1373/1635/990
f 1374/1636/991 1380/1637/991 1376/1638/991
f 1371/1639/1001 1373/1640/1001 1369/1641/1001
f 1385/1642/992 1383/1643/992 1388/1644/992
f 1390/1645/993 1384/1646/993 1381/1647/993
f 1388/1648/995 1384/1649/995 1391/1650/995
f 1384/1651/997 1382/1652/997 1381/1653/997
f 1392/1654/989 1377/1655/989 1380/1656/989
f 1392/1654/989 1379/1657/989 1387/1627/989
f 1390/1658/1003 1382/1659/1003 1385/1660/1003
f 1385/1661/994 1389/1662/994 1390/1663/994
f 1391/1664/998 1387/1665/998 1388/1666/998
f 1388/1667/1014 1386/1668/1014 1385/1669/1014
f 1389/1670/1015 1391/1671/1015 1390/1672/1015
f 1386/1629/1013 1377/1655/989 1389/1673/989
f 1289/1435/978 1291/1674/978 1274/1436/978
f 1278/1438/979 1284/1675/979 1268/1439/979
f 1267/1441/980 1269/1676/980 1283/1442/980
f 1281/1444/980 1282/1677/980 1270/1445/980
f 1284/1447/981 1286/1678/981 1272/1448/981
f 1276/1450/982 1281/1679/982 1265/1451/982
f 1294/1453/978 1272/1464/978 1286/1454/978
f 1290/1456/978 1270/1468/978 1282/1457/978
f 1275/1459/978 1299/1680/978 1288/1460/978
f 1282/1457/978 1283/1465/978 1297/1462/978
f 1293/1463/978 1269/1466/978 1272/1464/978
f 1293/1463/978 1297/1462/978 1283/1465/978
f 1292/1467/978 1271/1473/978 1270/1468/978
f 1266/1469/981 1271/1681/981 1287/1470/981
f 1292/1467/978 1298/1480/978 1287/1472/978
f 1262/1474/979 1266/1682/979 1285/1475/979
f 1263/1477/982 1267/1683/982 1280/1478/982
f 1298/1480/978 1296/1458/978 1297/1462/978
f 1280/1478/982 1281/1679/982 1276/1450/982
f 1287/1470/981 1286/1678/981 1284/1447/981
f 1283/1442/980 1282/1677/980 1281/1444/980
f 1285/1475/979 1284/1675/979 1278/1438/979
f 1286/1454/978 1287/1472/978 1298/1480/978
f 1291/1481/983 1292/1684/983 1290/1482/983
f 1294/1484/984 1275/1685/984 1273/1485/984
f 1295/1487/985 1296/1686/985 1298/1488/985
f 1297/1490/986 1288/1687/986 1299/1491/986
f 1274/1493/987 1290/1688/987 1296/1494/987
f 1273/1496/987 1288/1689/987 1297/1497/987
f 1275/1499/988 1294/1690/988 1300/1500/988
f 1291/1502/988 1289/1691/988 1298/1503/988
f 1319/1505/989 1311/1533/989 1310/1506/989
f 1307/1508/990 1309/1692/990 1332/1509/990
f 1330/1511/990 1331/1693/990 1310/1512/990
f 1333/1514/991 1335/1694/991 1312/1515/991
f 1317/1517/992 1314/1695/992 1315/1518/992
f 1322/1520/993 1323/1696/993 1316/1521/993
f 1317/1523/994 1318/1697/994 1344/1524/994
f 1346/1526/995 1339/1698/995 1316/1527/995
f 1324/1529/989 1321/1549/989 1309/1530/989
f 1319/1505/989 1348/1585/996 1336/1532/996
f 1340/1534/997 1315/1699/997 1314/1535/997
f 1322/1537/994 1341/1584/994 1343/1538/994
f 1320/1540/998 1345/1583/998 1348/1541/998
f 1320/1543/999 1319/1700/999 1318/1544/999
f 1321/1546/1000 1324/1701/1000 1323/1547/1000
f 1321/1549/989 1343/1582/996 1332/1550/996
f 1303/1551/1001 1307/1702/1001 1329/1552/1001
f 1328/1554/1002 1333/1703/1002 1308/1555/1002
f 1306/1557/991 1311/1704/991 1336/1558/991
f 1323/1560/998 1324/1705/998 1347/1561/998
f 1316/1563/997 1339/1706/997 1337/1564/997
f 1342/1566/1003 1338/1707/1003 1314/1567/1003
f 1322/1569/1003 1313/1708/1003 1337/1570/1003
f 1320/1572/995 1315/1709/995 1340/1573/995
f 1324/1529/989 1312/1531/989 1335/1575/996
f 1318/1507/989 1310/1506/989 1331/1577/996
f 1302/1579/1002 1306/1710/1002 1334/1580/1002
f 1331/1577/996 1332/1550/996 1343/1582/996
f 1347/1561/998 1348/1541/998 1345/1583/998
f 1344/1524/994 1343/1538/994 1341/1584/994
f 1335/1575/996 1336/1532/996 1348/1585/996
f 1329/1552/1001 1330/1711/1001 1326/1586/1001
f 1336/1558/991 1335/1694/991 1333/1514/991
f 1332/1509/990 1331/1693/990 1330/1511/990
f 1334/1580/1002 1333/1703/1002 1328/1554/1002
f 1326/1586/1001 1330/1711/1001 1305/1587/1001
f 1342/1589/993 1345/1712/993 1340/1590/993
f 1341/1592/997 1346/1713/997 1345/1593/997
f 1341/1595/992 1337/1714/992 1339/1596/992
f 1352/1598/1004 1356/1609/1004 1355/1599/1004
f 1367/1601/1005 1362/1615/1005 1357/1602/1005
f 1349/1604/1006 1353/1607/1006 1354/1605/1006
f 1353/1607/1007 1357/1715/1007 1358/1608/1007
f 1356/1609/1008 1359/1716/1008 1360/1610/1008
f 1366/1611/1005 1361/1717/1005 1364/1612/1005
f 1365/1614/1005 1358/1617/1005 1357/1602/1005
f 1368/1616/1005 1359/1618/1005 1358/1617/1005
f 1367/1601/1005 1360/1603/1005 1359/1618/1005
f 1364/1619/1009 1365/1626/1009 1362/1620/1009
f 1366/1622/1010 1367/1625/1010 1368/1623/1010
f 1363/1621/1011 1362/1620/1011 1367/1625/1011
f 1365/1626/1012 1364/1619/1012 1361/1624/1012
f 1387/1627/989 1379/1657/989 1378/1628/989
f 1370/1630/1002 1374/1718/1002 1376/1631/1002
f 1375/1633/990 1377/1719/990 1378/1634/990
f 1374/1636/991 1379/1720/991 1380/1637/991
f 1371/1639/1001 1375/1721/1001 1373/1640/1001
f 1385/1642/992 1382/1722/992 1383/1643/992
f 1390/1645/993 1391/1723/993 1384/1646/993
f 1388/1648/995 1383/1724/995 1384/1649/995
f 1384/1651/997 1383/1725/997 1382/1652/997
f 1392/1654/989 1389/1673/989 1377/1655/989
f 1392/1654/989 1380/1656/989 1379/1657/989
f 1390/1658/1003 1381/1726/1003 1382/1659/1003
f 1385/1661/994 1386/1727/994 1389/1662/994
f 1391/1664/998 1392/1728/998 1387/1665/998
f 1388/1667/1014 1387/1729/1014 1386/1668/1014
f 1389/1670/1015 1392/1730/1016 1391/1671/1015
f 1386/1629/1013 1378/1628/989 1377/1655/989
o Synth_Buttons
v -0.121086 0.456999 -0.010326
v -0.121086 0.457053 -0.006549
v -0.115272 0.455110 -0.010299
v -0.115272 0.455164 -0.006521
v -0.111678 0.450164 -0.010227
v -0.111678 0.450219 -0.006450
v -0.111678 0.444051 -0.010139
v -0.111678 0.444105 -0.006362
v -0.115272 0.439105 -0.010068
v -0.115272 0.439160 -0.006290
v -0.121086 0.437216 -0.010040
v -0.121086 0.437271 -0.006263
v -0.126901 0.439105 -0.010068
v -0.126901 0.439160 -0.006290
v -0.130494 0.444051 -0.010139
v -0.130494 0.444105 -0.006362
v -0.130494 0.450164 -0.010227
v -0.130494 0.450219 -0.006450
v -0.126901 0.455110 -0.010299
v -0.126901 0.455164 -0.006521
v -0.121086 0.454499 -0.006608
v -0.121086 0.454711 0.008068
v -0.114731 0.450830 -0.006554
v -0.114731 0.451042 0.008121
v -0.114731 0.443492 -0.006448
v -0.114731 0.443704 0.008227
v -0.121086 0.439823 -0.006395
v -0.121086 0.440035 0.008280
v -0.127442 0.443492 -0.006448
v -0.127442 0.443704 0.008227
v -0.127442 0.450830 -0.006554
v -0.127442 0.451042 0.008121
v -0.055606 0.456999 -0.010326
v -0.055606 0.457053 -0.006549
v -0.049791 0.455110 -0.010299
v -0.049791 0.455164 -0.006521
v -0.046198 0.450164 -0.010227
v -0.046198 0.450219 -0.006450
v -0.046198 0.444051 -0.010139
v -0.046198 0.444105 -0.006362
v -0.049791 0.439105 -0.010068
v -0.049791 0.439160 -0.006290
v -0.055606 0.437216 -0.010040
v -0.055606 0.437271 -0.006263
v -0.061420 0.439105 -0.010068
v -0.061420 0.439160 -0.006290
v -0.065014 0.444051 -0.010139
v -0.065014 0.444105 -0.006362
v -0.065014 0.450164 -0.010227
v -0.065014 0.450219 -0.006450
v -0.061420 0.455110 -0.010299
v -0.061420 0.455164 -0.006521
v -0.055606 0.454499 -0.006608
v -0.055606 0.454711 0.008068
v -0.049250 0.450830 -0.006554
v -0.049250 0.451042 0.008121
v -0.049250 0.443492 -0.006448
v -0.049250 0.443704 0.008227
v -0.055606 0.439823 -0.006395
v -0.055606 0.440035 0.008280
v -0.061961 0.443492 -0.006448
v -0.061961 0.443704 0.008227
v -0.061961 0.450830 -0.006554
v -0.061961 0.451042 0.008121
v 0.009875 0.456999 -0.010326
v 0.009875 0.457053 -0.006549
v 0.015689 0.455110 -0.010299
v 0.015689 0.455164 -0.006521
v 0.019283 0.450164 -0.010227
v 0.019283 0.450219 -0.006450
v 0.019283 0.444051 -0.010139
v 0.019283 0.444105 -0.006362
v 0.015689 0.439105 -0.010068
v 0.015689 0.439160 -0.006290
v 0.009875 0.437216 -0.010040
v 0.009875 0.437271 -0.006263
v 0.004060 0.439105 -0.010068
v 0.004060 0.439160 -0.006290
v 0.000467 0.444051 -0.010139
v 0.000467 0.444105 -0.006362
v 0.000467 0.450164 -0.010227
v 0.000467 0.450219 -0.006450
v 0.004060 0.455110 -0.010299
v 0.004060 0.455164 -0.006521
v 0.009875 0.454499 -0.006608
v 0.009875 0.454711 0.008068
v 0.016230 0.450830 -0.006554
v 0.016230 0.451042 0.008121
v 0.016230 0.443492 -0.006448
v 0.016230 0.443704 0.008227
v 0.009875 0.439823 -0.006395
v 0.009875 0.440035 0.008280
v 0.003519 0.443492 -0.006448
v 0.003519 0.443704 0.008227
v 0.003519 0.450830 -0.006554
v 0.003519 0.451042 0.008121
v 0.075355 0.456999 -0.010326
v 0.075355 0.457053 -0.006549
v 0.081170 0.455110 -0.010299
v 0.081170 0.455164 -0.006521
v 0.084763 0.450164 -0.010227
v 0.084763 0.450219 -0.006450
v 0.084763 0.444051 -0.010139
v 0.084763 0.444105 -0.006362
v 0.081170 0.439105 -0.010068
v 0.081170 0.439160 -0.006290
v 0.075355 0.437216 -0.010040
v 0.075355 0.437271 -0.006263
v 0.069541 0.439105 -0.010068
v 0.069541 0.439160 -0.006290
v 0.065947 0.444051 -0.010139
v 0.065947 0.444105 -0.006362
v 0.065947 0.450164 -0.010227
v 0.065947 0.450219 -0.006450
v 0.069541 0.455110 -0.010299
v 0.069541 0.455164 -0.006521
v 0.075355 0.454499 -0.006608
v 0.075355 0.454711 0.008068
v 0.081711 0.450830 -0.006554
v 0.081711 0.451042 0.008121
v 0.081711 0.443492 -0.006448
v 0.081711 0.443704 0.008227
v 0.075355 0.439823 -0.006395
v 0.075355 0.440035 0.008280
v 0.069000 0.443492 -0.006448
v 0.069000 0.443704 0.008227
v 0.069000 0.450830 -0.006554
v 0.069000 0.451042 0.008121
v 0.140836 0.456999 -0.010326
v 0.140836 0.457053 -0.006549
v 0.146650 0.455110 -0.010299
v 0.146650 0.455164 -0.006521
v 0.150244 0.450164 -0.010227
v 0.150244 0.450219 -0.006450
v 0.150244 0.444051 -0.010139
v 0.150244 0.444105 -0.006362
v 0.146650 0.439105 -0.010068
v 0.146650 0.439160 -0.006290
v 0.140836 0.437216 -0.010040
v 0.140836 0.437271 -0.006263
v 0.135021 0.439105 -0.010068
v 0.135021 0.439160 -0.006290
v 0.131427 0.444051 -0.010139
v 0.131427 0.444105 -0.006362
v 0.131427 0.450164 -0.010227
v 0.131427 0.450219 -0.006450
v 0.135021 0.455110 -0.010299
v 0.135021 0.455164 -0.006521
v 0.140836 0.454499 -0.006608
v 0.140836 0.454711 0.008068
v 0.147191 0.450830 -0.006554
v 0.147191 0.451042 0.008121
v 0.147191 0.443492 -0.006448
v 0.147191 0.443704 0.008227
v 0.140836 0.439823 -0.006395
v 0.140836 0.440035 0.008280
v 0.134480 0.443492 -0.006448
v 0.134480 0.443704 0.008227
v 0.134480 0.450830 -0.006554
v 0.134480 0.451042 0.008121
v 0.206316 0.456999 -0.010326
v 0.206316 0.457053 -0.006549
v 0.212130 0.455110 -0.010299
v 0.212130 0.455164 -0.006521
v 0.215724 0.450164 -0.010227
v 0.215724 0.450219 -0.006450
v 0.215724 0.444051 -0.010139
v 0.215724 0.444105 -0.006362
v 0.212130 0.439105 -0.010068
v 0.212130 0.439160 -0.006290
v 0.206316 0.437216 -0.010040
v 0.206316 0.437271 -0.006263
v 0.200501 0.439105 -0.010068
v 0.200501 0.439160 -0.006290
v 0.196908 0.444051 -0.010139
v 0.196908 0.444105 -0.006362
v 0.196908 0.450164 -0.010227
v 0.196908 0.450219 -0.006450
v 0.200501 0.455110 -0.010299
v 0.200501 0.455164 -0.006521
v 0.206316 0.454499 -0.006608
v 0.206316 0.454711 0.008068
v 0.212671 0.450830 -0.006554
v 0.212671 0.451042 0.008121
v 0.212671 0.443492 -0.006448
v 0.212671 0.443704 0.008227
v 0.206316 0.439823 -0.006395
v 0.206316 0.440035 0.008280
v 0.199960 0.443492 -0.006448
v 0.199960 0.443704 0.008227
v 0.199960 0.450830 -0.006554
v 0.199960 0.451042 0.008121
v 0.271796 0.456999 -0.010326
v 0.271796 0.457053 -0.006549
v 0.277611 0.455110 -0.010299
v 0.277611 0.455164 -0.006521
v 0.281204 0.450164 -0.010227
v 0.281204 0.450219 -0.006450
v 0.281204 0.444051 -0.010139
v 0.281204 0.444105 -0.006362
v 0.277611 0.439105 -0.010068
v 0.277611 0.439160 -0.006290
v 0.271796 0.437216 -0.010040
v 0.271796 0.437271 -0.006263
v 0.265982 0.439105 -0.010068
v 0.265982 0.439160 -0.006290
v 0.262388 0.444051 -0.010139
v 0.262388 0.444105 -0.006362
v 0.262388 0.450164 -0.010227
v 0.262388 0.450219 -0.006450
v 0.265982 0.455110 -0.010299
v 0.265982 0.455164 -0.006521
v 0.271796 0.454499 -0.006608
v 0.271796 0.454711 0.008068
v 0.278152 0.450830 -0.006554
v 0.278152 0.451042 0.008121
v 0.278152 0.443492 -0.006448
v 0.278152 0.443704 0.008227
v 0.271796 0.439823 -0.006395
v 0.271796 0.440035 0.008280
v 0.265441 0.443492 -0.006448
v 0.265441 0.443704 0.008227
v 0.265441 0.450830 -0.006554
v 0.265441 0.451042 0.008121
v 0.337277 0.456999 -0.010326
v 0.337277 0.457053 -0.006549
v 0.343091 0.455110 -0.010299
v 0.343091 0.455164 -0.006521
v 0.346685 0.450164 -0.010227
v 0.346685 0.450219 -0.006450
v 0.346685 0.444051 -0.010139
v 0.346685 0.444105 -0.006362
v 0.343091 0.439105 -0.010068
v 0.343091 0.439160 -0.006290
v 0.337277 0.437216 -0.010040
v 0.337277 0.437271 -0.006263
v 0.331462 0.439105 -0.010068
v 0.331462 0.439160 -0.006290
v 0.327869 0.444051 -0.010139
v 0.327869 0.444105 -0.006362
v 0.327869 0.450164 -0.010227
v 0.327869 0.450219 -0.006450
v 0.331462 0.455110 -0.010299
v 0.331462 0.455164 -0.006521
v 0.337277 0.454499 -0.006608
v 0.337277 0.454711 0.008068
v 0.343632 0.450830 -0.006554
v 0.343632 0.451042 0.008121
v 0.343632 0.443492 -0.006448
v 0.343632 0.443704 0.008227
v 0.337277 0.439823 -0.006395
v 0.337277 0.440035 0.008280
v 0.330921 0.443492 -0.006448
v 0.330921 0.443704 0.008227
v 0.330921 0.450830 -0.006554
v 0.330921 0.451042 0.008121
v 0.402757 0.456999 -0.010326
v 0.402757 0.457053 -0.006549
v 0.408572 0.455110 -0.010299
v 0.408572 0.455164 -0.006521
v 0.412165 0.450164 -0.010227
v 0.412165 0.450219 -0.006450
v 0.412165 0.444051 -0.010139
v 0.412165 0.444105 -0.006362
v 0.408572 0.439105 -0.010068
v 0.408572 0.439160 -0.006290
v 0.402757 0.437216 -0.010040
v 0.402757 0.437271 -0.006263
v 0.396943 0.439105 -0.010068
v 0.396943 0.439160 -0.006290
v 0.393349 0.444051 -0.010139
v 0.393349 0.444105 -0.006362
v 0.393349 0.450164 -0.010227
v 0.393349 0.450219 -0.006450
v 0.396943 0.455110 -0.010299
v 0.396943 0.455164 -0.006521
v 0.402757 0.454499 -0.006608
v 0.402757 0.454711 0.008068
v 0.409113 0.450830 -0.006554
v 0.409113 0.451042 0.008121
v 0.409113 0.443492 -0.006448
v 0.409113 0.443704 0.008227
v 0.402757 0.439823 -0.006395
v 0.402757 0.440035 0.008280
v 0.396402 0.443492 -0.006448
v 0.396402 0.443704 0.008227
v 0.396402 0.450830 -0.006554
v 0.396402 0.451042 0.008121
v 0.468238 0.456999 -0.010326
v 0.468238 0.457053 -0.006549
v 0.474052 0.455110 -0.010299
v 0.474052 0.455164 -0.006521
v 0.477646 0.450164 -0.010227
v 0.477646 0.450219 -0.006450
v 0.477646 0.444051 -0.010139
v 0.477646 0.444105 -0.006362
v 0.474052 0.439105 -0.010068
v 0.474052 0.439160 -0.006290
v 0.468238 0.437216 -0.010040
v 0.468238 0.437271 -0.006263
v 0.462423 0.439105 -0.010068
v 0.462423 0.439160 -0.006290
v 0.458829 0.444051 -0.010139
v 0.458829 0.444105 -0.006362
v 0.458829 0.450164 -0.010227
v 0.458829 0.450219 -0.006450
v 0.462423 0.455110 -0.010299
v 0.462423 0.455164 -0.006521
v 0.468238 0.454499 -0.006608
v 0.468238 0.454711 0.008068
v 0.474593 0.450830 -0.006554
v 0.474593 0.451042 0.008121
v 0.474593 0.443492 -0.006448
v 0.474593 0.443704 0.008227
v 0.468238 0.439823 -0.006395
v 0.468238 0.440035 0.008280
v 0.461882 0.443492 -0.006448
v 0.461882 0.443704 0.008227
v 0.461882 0.450830 -0.006554
v 0.461882 0.451042 0.008121
v -0.121086 0.366975 -0.010120
v -0.121086 0.367030 -0.006343
v -0.115272 0.365086 -0.010093
v -0.115272 0.365141 -0.006316
v -0.111678 0.360141 -0.010022
v -0.111678 0.360195 -0.006244
v -0.111678 0.354027 -0.009933
v -0.111678 0.354082 -0.006156
v -0.115272 0.349082 -0.009862
v -0.115272 0.349136 -0.006085
v -0.121086 0.347193 -0.009835
v -0.121086 0.347247 -0.006057
v -0.126901 0.349082 -0.009862
v -0.126901 0.349136 -0.006085
v -0.130494 0.354027 -0.009933
v -0.130494 0.354082 -0.006156
v -0.130494 0.360141 -0.010022
v -0.130494 0.360195 -0.006244
v -0.126901 0.365086 -0.010093
v -0.126901 0.365141 -0.006316
v -0.121086 0.364475 -0.006402
v -0.121086 0.364687 0.008274
v -0.114731 0.360806 -0.006349
v -0.114731 0.361018 0.008327
v -0.114731 0.353468 -0.006243
v -0.114731 0.353680 0.008433
v -0.121086 0.349799 -0.006190
v -0.121086 0.350011 0.008486
v -0.127442 0.353468 -0.006243
v -0.127442 0.353680 0.008433
v -0.127442 0.360806 -0.006349
v -0.127442 0.361018 0.008327
v -0.055606 0.366975 -0.010120
v -0.055606 0.367030 -0.006343
v -0.049791 0.365086 -0.010093
v -0.049791 0.365141 -0.006316
v -0.046198 0.360141 -0.010022
v -0.046198 0.360195 -0.006244
v -0.046198 0.354027 -0.009933
v -0.046198 0.354082 -0.006156
v -0.049791 0.349082 -0.009862
v -0.049791 0.349136 -0.006085
v -0.055606 0.347193 -0.009835
v -0.055606 0.347247 -0.006057
v -0.061420 0.349082 -0.009862
v -0.061420 0.349136 -0.006085
v -0.065014 0.354027 -0.009933
v -0.065014 0.354082 -0.006156
v -0.065014 0.360141 -0.010022
v -0.065014 0.360195 -0.006244
v -0.061420 0.365086 -0.010093
v -0.061420 0.365141 -0.006316
v -0.055606 0.364475 -0.006402
v -0.055606 0.364687 0.008274
v -0.049250 0.360806 -0.006349
v -0.049250 0.361018 0.008327
v -0.049250 0.353468 -0.006243
v -0.049250 0.353680 0.008433
v -0.055606 0.349799 -0.006190
v -0.055606 0.350011 0.008486
v -0.061961 0.353468 -0.006243
v -0.061961 0.353680 0.008433
v -0.061961 0.360806 -0.006349
v -0.061961 0.361018 0.008327
v 0.009875 0.366975 -0.010120
v 0.009875 0.367030 -0.006343
v 0.015689 0.365086 -0.010093
v 0.015689 0.365141 -0.006316
v 0.019283 0.360141 -0.010022
v 0.019283 0.360195 -0.006244
v 0.019283 0.354027 -0.009933
v 0.019283 0.354082 -0.006156
v 0.015689 0.349082 -0.009862
v 0.015689 0.349136 -0.006085
v 0.009875 0.347193 -0.009835
v 0.009875 0.347247 -0.006057
v 0.004060 0.349082 -0.009862
v 0.004060 0.349136 -0.006085
v 0.000467 0.354027 -0.009933
v 0.000467 0.354082 -0.006156
v 0.000467 0.360141 -0.010022
v 0.000467 0.360195 -0.006244
v 0.004060 0.365086 -0.010093
v 0.004060 0.365141 -0.006316
v 0.009875 0.364475 -0.006402
v 0.009875 0.364687 0.008274
v 0.016230 0.360806 -0.006349
v 0.016230 0.361018 0.008327
v 0.016230 0.353468 -0.006243
v 0.016230 0.353680 0.008433
v 0.009875 0.349799 -0.006190
v 0.009875 0.350011 0.008486
v 0.003519 0.353468 -0.006243
v 0.003519 0.353680 0.008433
v 0.003519 0.360806 -0.006349
v 0.003519 0.361018 0.008327
v 0.075355 0.366975 -0.010120
v 0.075355 0.367030 -0.006343
v 0.081170 0.365086 -0.010093
v 0.081170 0.365141 -0.006316
v 0.084763 0.360141 -0.010022
v 0.084763 0.360195 -0.006244
v 0.084763 0.354027 -0.009933
v 0.084763 0.354082 -0.006156
v 0.081170 0.349082 -0.009862
v 0.081170 0.349136 -0.006085
v 0.075355 0.347193 -0.009835
v 0.075355 0.347247 -0.006057
v 0.069541 0.349082 -0.009862
v 0.069541 0.349136 -0.006085
v 0.065947 0.354027 -0.009933
v 0.065947 0.354082 -0.006156
v 0.065947 0.360141 -0.010022
v 0.065947 0.360195 -0.006244
v 0.069541 0.365086 -0.010093
v 0.069541 0.365141 -0.006316
v 0.075355 0.364475 -0.006402
v 0.075355 0.364687 0.008274
v 0.081711 0.360806 -0.006349
v 0.081711 0.361018 0.008327
v 0.081711 0.353468 -0.006243
v 0.081711 0.353680 0.008433
v 0.075355 0.349799 -0.006190
v 0.075355 0.350011 0.008486
v 0.069000 0.353468 -0.006243
v 0.069000 0.353680 0.008433
v 0.069000 0.360806 -0.006349
v 0.069000 0.361018 0.008327
v 0.140836 0.366975 -0.010120
v 0.140836 0.367030 -0.006343
v 0.146650 0.365086 -0.010093
v 0.146650 0.365141 -0.006316
v 0.150244 0.360141 -0.010022
v 0.150244 0.360195 -0.006244
v 0.150244 0.354027 -0.009933
v 0.150244 0.354082 -0.006156
v 0.146650 0.349082 -0.009862
v 0.146650 0.349136 -0.006085
v 0.140836 0.347193 -0.009835
v 0.140836 0.347247 -0.006057
v 0.135021 0.349082 -0.009862
v 0.135021 0.349136 -0.006085
v 0.131427 0.354027 -0.009933
v 0.131427 0.354082 -0.006156
v 0.131427 0.360141 -0.010022
v 0.131427 0.360195 -0.006244
v 0.135021 0.365086 -0.010093
v 0.135021 0.365141 -0.006316
v 0.140836 0.364475 -0.006402
v 0.140836 0.364687 0.008274
v 0.147191 0.360806 -0.006349
v 0.147191 0.361018 0.008327
v 0.147191 0.353468 -0.006243
v 0.147191 0.353680 0.008433
v 0.140836 0.349799 -0.006190
v 0.140836 0.350011 0.008486
v 0.134480 0.353468 -0.006243
v 0.134480 0.353680 0.008433
v 0.134480 0.360806 -0.006349
v 0.134480 0.361018 0.008327
v 0.206316 0.366975 -0.010120
v 0.206316 0.367030 -0.006343
v 0.212130 0.365086 -0.010093
v 0.212130 0.365141 -0.006316
v 0.215724 0.360141 -0.010022
v 0.215724 0.360195 -0.006244
v 0.215724 0.354027 -0.009933
v 0.215724 0.354082 -0.006156
v 0.212130 0.349082 -0.009862
v 0.212130 0.349136 -0.006085
v 0.206316 0.347193 -0.009835
v 0.206316 0.347247 -0.006057
v 0.200501 0.349082 -0.009862
v 0.200501 0.349136 -0.006085
v 0.196908 0.354027 -0.009933
v 0.196908 0.354082 -0.006156
v 0.196908 0.360141 -0.010022
v 0.196908 0.360195 -0.006244
v 0.200501 0.365086 -0.010093
v 0.200501 0.365141 -0.006316
v 0.206316 0.364475 -0.006402
v 0.206316 0.364687 0.008274
v 0.212671 0.360806 -0.006349
v 0.212671 0.361018 0.008327
v 0.212671 0.353468 -0.006243
v 0.212671 0.353680 0.008433
v 0.206316 0.349799 -0.006190
v 0.206316 0.350011 0.008486
v 0.199960 0.353468 -0.006243
v 0.199960 0.353680 0.008433
v 0.199960 0.360806 -0.006349
v 0.199960 0.361018 0.008327
v 0.271796 0.366975 -0.010120
v 0.271796 0.367030 -0.006343
v 0.277611 0.365086 -0.010093
v 0.277611 0.365141 -0.006316
v 0.281204 0.360141 -0.010022
v 0.281204 0.360195 -0.006244
v 0.281204 0.354027 -0.009933
v 0.281204 0.354082 -0.006156
v 0.277611 0.349082 -0.009862
v 0.277611 0.349136 -0.006085
v 0.271796 0.347193 -0.009835
v 0.271796 0.347247 -0.006057
v 0.265982 0.349082 -0.009862
v 0.265982 0.349136 -0.006085
v 0.262388 0.354027 -0.009933
v 0.262388 0.354082 -0.006156
v 0.262388 0.360141 -0.010022
v 0.262388 0.360195 -0.006244
v 0.265982 0.365086 -0.010093
v 0.265982 0.365141 -0.006316
v 0.271796 0.364475 -0.006402
v 0.271796 0.364687 0.008274
v 0.278152 0.360806 -0.006349
v 0.278152 0.361018 0.008327
v 0.278152 0.353468 -0.006243
v 0.278152 0.353680 0.008433
v 0.271796 0.349799 -0.006190
v 0.271796 0.350011 0.008486
v 0.265441 0.353468 -0.006243
v 0.265441 0.353680 0.008433
v 0.265441 0.360806 -0.006349
v 0.265441 0.361018 0.008327
v 0.337277 0.366975 -0.010120
v 0.337277 0.367030 -0.006343
v 0.343091 0.365086 -0.010093
v 0.343091 0.365141 -0.006316
v 0.346685 0.360141 -0.010022
v 0.346685 0.360195 -0.006244
v 0.346685 0.354027 -0.009933
v 0.346685 0.354082 -0.006156
v 0.343091 0.349082 -0.009862
v 0.343091 0.349136 -0.006085
v 0.337277 0.347193 -0.009835
v 0.337277 0.347247 -0.006057
v 0.331462 0.349082 -0.009862
v 0.331462 0.349136 -0.006085
v 0.327869 0.354027 -0.009933
v 0.327869 0.354082 -0.006156
v 0.327869 0.360141 -0.010022
v 0.327869 0.360195 -0.006244
v 0.331462 0.365086 -0.010093
v 0.331462 0.365141 -0.006316
v 0.337277 0.364475 -0.006402
v 0.337277 0.364687 0.008274
v 0.343632 0.360806 -0.006349
v 0.343632 0.361018 0.008327
v 0.343632 0.353468 -0.006243
v 0.343632 0.353680 0.008433
v 0.337277 0.349799 -0.006190
v 0.337277 0.350011 0.008486
v 0.330921 0.353468 -0.006243
v 0.330921 0.353680 0.008433
v 0.330921 0.360806 -0.006349
v 0.330921 0.361018 0.008327
v 0.402757 0.366975 -0.010120
v 0.402757 0.367030 -0.006343
v 0.408572 0.365086 -0.010093
v 0.408572 0.365141 -0.006316
v 0.412165 0.360141 -0.010022
v 0.412165 0.360195 -0.006244
v 0.412165 0.354027 -0.009933
v 0.412165 0.354082 -0.006156
v 0.408572 0.349082 -0.009862
v 0.408572 0.349136 -0.006085
v 0.402757 0.347193 -0.009835
v 0.402757 0.347247 -0.006057
v 0.396943 0.349082 -0.009862
v 0.396943 0.349136 -0.006085
v 0.393349 0.354027 -0.009933
v 0.393349 0.354082 -0.006156
v 0.393349 0.360141 -0.010022
v 0.393349 0.360195 -0.006244
v 0.396943 0.365086 -0.010093
v 0.396943 0.365141 -0.006316
v 0.402757 0.364475 -0.006402
v 0.402757 0.364687 0.008274
v 0.409113 0.360806 -0.006349
v 0.409113 0.361018 0.008327
v 0.409113 0.353468 -0.006243
v 0.409113 0.353680 0.008433
v 0.402757 0.349799 -0.006190
v 0.402757 0.350011 0.008486
v 0.396402 0.353468 -0.006243
v 0.396402 0.353680 0.008433
v 0.396402 0.360806 -0.006349
v 0.396402 0.361018 0.008327
v 0.468238 0.366975 -0.010120
v 0.468238 0.367030 -0.006343
v 0.474052 0.365086 -0.010093
v 0.474052 0.365141 -0.006316
v 0.477646 0.360141 -0.010022
v 0.477646 0.360195 -0.006244
v 0.477646 0.354027 -0.009933
v 0.477646 0.354082 -0.006156
v 0.474052 0.349082 -0.009862
v 0.474052 0.349136 -0.006085
v 0.468238 0.347193 -0.009835
v 0.468238 0.347247 -0.006057
v 0.462423 0.349082 -0.009862
v 0.462423 0.349136 -0.006085
v 0.458829 0.354027 -0.009933
v 0.458829 0.354082 -0.006156
v 0.458829 0.360141 -0.010022
v 0.458829 0.360195 -0.006244
v 0.462423 0.365086 -0.010093
v 0.462423 0.365141 -0.006316
v 0.468238 0.364475 -0.006402
v 0.468238 0.364687 0.008274
v 0.474593 0.360806 -0.006349
v 0.474593 0.361018 0.008327
v 0.474593 0.353468 -0.006243
v 0.474593 0.353680 0.008433
v 0.468238 0.349799 -0.006190
v 0.468238 0.350011 0.008486
v 0.461882 0.353468 -0.006243
v 0.461882 0.353680 0.008433
v 0.461882 0.360806 -0.006349
v 0.461882 0.361018 0.008327
v -0.122839 0.332278 -0.009551
v -0.116865 0.330678 -0.009551
v -0.112492 0.326305 -0.009551
v -0.110892 0.320331 -0.009551
v -0.112492 0.314358 -0.009551
v -0.116865 0.309985 -0.009551
v -0.122839 0.308384 -0.009551
v -0.128813 0.309985 -0.009551
v -0.133186 0.314358 -0.009551
v -0.134786 0.320331 -0.009551
v -0.133186 0.326305 -0.009551
v -0.128813 0.330678 -0.009551
v -0.118922 0.327116 -0.009551
v -0.122839 0.328166 -0.009551
v -0.116054 0.324249 -0.009551
v -0.115004 0.320331 -0.009551
v -0.116054 0.316414 -0.009551
v -0.118922 0.313546 -0.009551
v -0.122839 0.312496 -0.009551
v -0.126756 0.313546 -0.009551
v -0.129624 0.316414 -0.009551
v -0.130674 0.320331 -0.009551
v -0.129624 0.324249 -0.009551
v -0.126756 0.327116 -0.009551
v -0.118922 0.327116 -0.006435
v -0.122839 0.328166 -0.006435
v -0.116054 0.324249 -0.006435
v -0.115004 0.320331 -0.006435
v -0.116054 0.316414 -0.006435
v -0.118922 0.313546 -0.006435
v -0.122839 0.312496 -0.006435
v -0.126756 0.313546 -0.006435
v -0.129624 0.316414 -0.006435
v -0.130674 0.320331 -0.006435
v -0.129624 0.324249 -0.006435
v -0.126756 0.327116 -0.006435
v -0.116865 0.330678 -0.006435
v -0.122839 0.332278 -0.006435
v -0.112492 0.326305 -0.006435
v -0.110892 0.320331 -0.006435
v -0.112492 0.314358 -0.006435
v -0.116865 0.309985 -0.006435
v -0.122839 0.308384 -0.006435
v -0.128813 0.309985 -0.006435
v -0.133186 0.314358 -0.006435
v -0.134786 0.320331 -0.006435
v -0.133186 0.326305 -0.006435
v -0.128813 0.330678 -0.006435
v -0.057130 0.332278 -0.009551
v -0.051156 0.330678 -0.009551
v -0.046783 0.326305 -0.009551
v -0.045182 0.320331 -0.009551
v -0.046783 0.314358 -0.009551
v -0.051156 0.309985 -0.009551
v -0.057130 0.308384 -0.009551
v -0.063103 0.309985 -0.009551
v -0.067476 0.314358 -0.009551
v -0.069077 0.320331 -0.009551
v -0.067476 0.326305 -0.009551
v -0.063103 0.330678 -0.009551
v -0.053212 0.327116 -0.009551
v -0.057130 0.328166 -0.009551
v -0.050344 0.324249 -0.009551
v -0.049295 0.320331 -0.009551
v -0.050344 0.316414 -0.009551
v -0.053212 0.313546 -0.009551
v -0.057130 0.312496 -0.009551
v -0.061047 0.313546 -0.009551
v -0.063915 0.316414 -0.009551
v -0.064964 0.320331 -0.009551
v -0.063915 0.324249 -0.009551
v -0.061047 0.327116 -0.009551
v -0.053212 0.327116 -0.006435
v -0.057130 0.328166 -0.006435
v -0.050344 0.324249 -0.006435
v -0.049295 0.320331 -0.006435
v -0.050344 0.316414 -0.006435
v -0.053212 0.313546 -0.006435
v -0.057130 0.312496 -0.006435
v -0.061047 0.313546 -0.006435
v -0.063915 0.316414 -0.006435
v -0.064964 0.320331 -0.006435
v -0.063915 0.324249 -0.006435
v -0.061047 0.327116 -0.006435
v -0.051156 0.330678 -0.006435
v -0.057130 0.332278 -0.006435
v -0.046783 0.326305 -0.006435
v -0.045182 0.320331 -0.006435
v -0.046783 0.314358 -0.006435
v -0.051156 0.309985 -0.006435
v -0.057130 0.308384 -0.006435
v -0.063103 0.309985 -0.006435
v -0.067476 0.314358 -0.006435
v -0.069077 0.320331 -0.006435
v -0.067476 0.326305 -0.006435
v -0.063103 0.330678 -0.006435
v 0.008580 0.332278 -0.009551
v 0.014554 0.330678 -0.009551
v 0.018927 0.326305 -0.009551
v 0.020527 0.320331 -0.009551
v 0.018927 0.314358 -0.009551
v 0.014554 0.309985 -0.009551
v 0.008580 0.308384 -0.009551
v 0.002606 0.309985 -0.009551
v -0.001767 0.314358 -0.009551
v -0.003367 0.320331 -0.009551
v -0.001767 0.326305 -0.009551
v 0.002606 0.330678 -0.009551
v 0.012497 0.327116 -0.009551
v 0.008580 0.328166 -0.009551
v 0.015365 0.324249 -0.009551
v 0.016415 0.320331 -0.009551
v 0.015365 0.316414 -0.009551
v 0.012497 0.313546 -0.009551
v 0.008580 0.312496 -0.009551
v 0.004662 0.313546 -0.009551
v 0.001795 0.316414 -0.009551
v 0.000745 0.320331 -0.009551
v 0.001795 0.324249 -0.009551
v 0.004662 0.327116 -0.009551
v 0.012497 0.327116 -0.006435
v 0.008580 0.328166 -0.006435
v 0.015365 0.324249 -0.006435
v 0.016415 0.320331 -0.006435
v 0.015365 0.316414 -0.006435
v 0.012497 0.313546 -0.006435
v 0.008580 0.312496 -0.006435
v 0.004662 0.313546 -0.006435
v 0.001795 0.316414 -0.006435
v 0.000745 0.320331 -0.006435
v 0.001795 0.324249 -0.006435
v 0.004662 0.327116 -0.006435
v 0.014554 0.330678 -0.006435
v 0.008580 0.332278 -0.006435
v 0.018927 0.326305 -0.006435
v 0.020527 0.320331 -0.006435
v 0.018927 0.314358 -0.006435
v 0.014554 0.309985 -0.006435
v 0.008580 0.308384 -0.006435
v 0.002606 0.309985 -0.006435
v -0.001767 0.314358 -0.006435
v -0.003367 0.320331 -0.006435
v -0.001767 0.326305 -0.006435
v 0.002606 0.330678 -0.006435
v 0.074289 0.332278 -0.009551
v 0.080263 0.330678 -0.009551
v 0.084636 0.326305 -0.009551
v 0.086237 0.320331 -0.009551
v 0.084636 0.314358 -0.009551
v 0.080263 0.309985 -0.009551
v 0.074289 0.308384 -0.009551
v 0.068316 0.309985 -0.009551
v 0.063943 0.314358 -0.009551
v 0.062342 0.320331 -0.009551
v 0.063943 0.326305 -0.009551
v 0.068316 0.330678 -0.009551
v 0.078207 0.327116 -0.009551
v 0.074289 0.328166 -0.009551
v 0.081075 0.324249 -0.009551
v 0.082124 0.320331 -0.009551
v 0.081075 0.316414 -0.009551
v 0.078207 0.313546 -0.009551
v 0.074289 0.312496 -0.009551
v 0.070372 0.313546 -0.009551
v 0.067504 0.316414 -0.009551
v 0.066454 0.320331 -0.009551
v 0.067504 0.324249 -0.009551
v 0.070372 0.327116 -0.009551
v 0.078207 0.327116 -0.006435
v 0.074289 0.328166 -0.006435
v 0.081075 0.324249 -0.006435
v 0.082124 0.320331 -0.006435
v 0.081075 0.316414 -0.006435
v 0.078207 0.313546 -0.006435
v 0.074289 0.312496 -0.006435
v 0.070372 0.313546 -0.006435
v 0.067504 0.316414 -0.006435
v 0.066454 0.320331 -0.006435
v 0.067504 0.324249 -0.006435
v 0.070372 0.327116 -0.006435
v 0.080263 0.330678 -0.006435
v 0.074289 0.332278 -0.006435
v 0.084636 0.326305 -0.006435
v 0.086237 0.320331 -0.006435
v 0.084636 0.314358 -0.006435
v 0.080263 0.309985 -0.006435
v 0.074289 0.308384 -0.006435
v 0.068316 0.309985 -0.006435
v 0.063943 0.314358 -0.006435
v 0.062342 0.320331 -0.006435
v 0.063943 0.326305 -0.006435
v 0.068316 0.330678 -0.006435
v 0.139999 0.332278 -0.009551
v 0.145972 0.330678 -0.009551
v 0.150345 0.326305 -0.009551
v 0.151946 0.320331 -0.009551
v 0.150345 0.314358 -0.009551
v 0.145972 0.309985 -0.009551
v 0.139999 0.308384 -0.009551
v 0.134025 0.309985 -0.009551
v 0.129652 0.314358 -0.009551
v 0.128052 0.320331 -0.009551
v 0.129652 0.326305 -0.009551
v 0.134025 0.330678 -0.009551
v 0.143916 0.327116 -0.009551
v 0.139999 0.328166 -0.009551
v 0.146784 0.324249 -0.009551
v 0.147834 0.320331 -0.009551
v 0.146784 0.316414 -0.009551
v 0.143916 0.313546 -0.009551
v 0.139999 0.312496 -0.009551
v 0.136081 0.313546 -0.009551
v 0.133214 0.316414 -0.009551
v 0.132164 0.320331 -0.009551
v 0.133214 0.324249 -0.009551
v 0.136081 0.327116 -0.009551
v 0.143916 0.327116 -0.006435
v 0.139999 0.328166 -0.006435
v 0.146784 0.324249 -0.006435
v 0.147834 0.320331 -0.006435
v 0.146784 0.316414 -0.006435
v 0.143916 0.313546 -0.006435
v 0.139999 0.312496 -0.006435
v 0.136081 0.313546 -0.006435
v 0.133214 0.316414 -0.006435
v 0.132164 0.320331 -0.006435
v 0.133214 0.324249 -0.006435
v 0.136081 0.327116 -0.006435
v 0.145972 0.330678 -0.006435
v 0.139999 0.332278 -0.006435
v 0.150345 0.326305 -0.006435
v 0.151946 0.320331 -0.006435
v 0.150345 0.314358 -0.006435
v 0.145972 0.309985 -0.006435
v 0.139999 0.308384 -0.006435
v 0.134025 0.309985 -0.006435
v 0.129652 0.314358 -0.006435
v 0.128052 0.320331 -0.006435
v 0.129652 0.326305 -0.006435
v 0.134025 0.330678 -0.006435
v 0.205708 0.332278 -0.009551
v 0.211682 0.330678 -0.009551
v 0.216055 0.326305 -0.009551
v 0.217656 0.320331 -0.009551
v 0.216055 0.314358 -0.009551
v 0.211682 0.309985 -0.009551
v 0.205708 0.308384 -0.009551
v 0.199735 0.309985 -0.009551
v 0.195362 0.314358 -0.009551
v 0.193761 0.320331 -0.009551
v 0.195362 0.326305 -0.009551
v 0.199735 0.330678 -0.009551
v 0.209626 0.327116 -0.009551
v 0.205708 0.328166 -0.009551
v 0.212494 0.324249 -0.009551
v 0.213543 0.320331 -0.009551
v 0.212494 0.316414 -0.009551
v 0.209626 0.313546 -0.009551
v 0.205708 0.312496 -0.009551
v 0.201791 0.313546 -0.009551
v 0.198923 0.316414 -0.009551
v 0.197873 0.320331 -0.009551
v 0.198923 0.324249 -0.009551
v 0.201791 0.327116 -0.009551
v 0.209626 0.327116 -0.006435
v 0.205708 0.328166 -0.006435
v 0.212494 0.324249 -0.006435
v 0.213543 0.320331 -0.006435
v 0.212494 0.316414 -0.006435
v 0.209626 0.313546 -0.006435
v 0.205708 0.312496 -0.006435
v 0.201791 0.313546 -0.006435
v 0.198923 0.316414 -0.006435
v 0.197873 0.320331 -0.006435
v 0.198923 0.324249 -0.006435
v 0.201791 0.327116 -0.006435
v 0.211682 0.330678 -0.006435
v 0.205708 0.332278 -0.006435
v 0.216055 0.326305 -0.006435
v 0.217656 0.320331 -0.006435
v 0.216055 0.314358 -0.006435
v 0.211682 0.309985 -0.006435
v 0.205708 0.308384 -0.006435
v 0.199735 0.309985 -0.006435
v 0.195362 0.314358 -0.006435
v 0.193761 0.320331 -0.006435
v 0.195362 0.326305 -0.006435
v 0.199735 0.330678 -0.006435
v 0.271418 0.332278 -0.009551
v 0.277391 0.330678 -0.009551
v 0.281764 0.326305 -0.009551
v 0.283365 0.320331 -0.009551
v 0.281764 0.314358 -0.009551
v 0.277391 0.309985 -0.009551
v 0.271418 0.308384 -0.009551
v 0.265444 0.309985 -0.009551
v 0.261071 0.314358 -0.009551
v 0.259471 0.320331 -0.009551
v 0.261071 0.326305 -0.009551
v 0.265444 0.330678 -0.009551
v 0.275335 0.327116 -0.009551
v 0.271418 0.328166 -0.009551
v 0.278203 0.324249 -0.009551
v 0.279253 0.320331 -0.009551
v 0.278203 0.316414 -0.009551
v 0.275335 0.313546 -0.009551
v 0.271418 0.312496 -0.009551
v 0.267500 0.313546 -0.009551
v 0.264633 0.316414 -0.009551
v 0.263583 0.320331 -0.009551
v 0.264633 0.324249 -0.009551
v 0.267500 0.327116 -0.009551
v 0.275335 0.327116 -0.006435
v 0.271418 0.328166 -0.006435
v 0.278203 0.324249 -0.006435
v 0.279253 0.320331 -0.006435
v 0.278203 0.316414 -0.006435
v 0.275335 0.313546 -0.006435
v 0.271418 0.312496 -0.006435
v 0.267500 0.313546 -0.006435
v 0.264633 0.316414 -0.006435
v 0.263583 0.320331 -0.006435
v 0.264633 0.324249 -0.006435
v 0.267500 0.327116 -0.006435
v 0.277391 0.330678 -0.006435
v 0.271418 0.332278 -0.006435
v 0.281764 0.326305 -0.006435
v 0.283365 0.320331 -0.006435
v 0.281764 0.314358 -0.006435
v 0.277391 0.309985 -0.006435
v 0.271418 0.308384 -0.006435
v 0.265444 0.309985 -0.006435
v 0.261071 0.314358 -0.006435
v 0.259471 0.320331 -0.006435
v 0.261071 0.326305 -0.006435
v 0.265444 0.330678 -0.006435
v 0.337127 0.332278 -0.009551
v 0.343101 0.330678 -0.009551
v 0.347474 0.326305 -0.009551
v 0.349074 0.320331 -0.009551
v 0.347474 0.314358 -0.009551
v 0.343101 0.309985 -0.009551
v 0.337127 0.308384 -0.009551
v 0.331154 0.309985 -0.009551
v 0.326781 0.314358 -0.009551
v 0.325180 0.320331 -0.009551
v 0.326781 0.326305 -0.009551
v 0.331154 0.330678 -0.009551
v 0.341045 0.327116 -0.009551
v 0.337127 0.328166 -0.009551
v 0.343913 0.324249 -0.009551
v 0.344962 0.320331 -0.009551
v 0.343913 0.316414 -0.009551
v 0.341045 0.313546 -0.009551
v 0.337127 0.312496 -0.009551
v 0.333210 0.313546 -0.009551
v 0.330342 0.316414 -0.009551
v 0.329292 0.320331 -0.009551
v 0.330342 0.324249 -0.009551
v 0.333210 0.327116 -0.009551
v 0.341045 0.327116 -0.006435
v 0.337127 0.328166 -0.006435
v 0.343913 0.324249 -0.006435
v 0.344962 0.320331 -0.006435
v 0.343913 0.316414 -0.006435
v 0.341045 0.313546 -0.006435
v 0.337127 0.312496 -0.006435
v 0.333210 0.313546 -0.006435
v 0.330342 0.316414 -0.006435
v 0.329292 0.320331 -0.006435
v 0.330342 0.324249 -0.006435
v 0.333210 0.327116 -0.006435
v 0.343101 0.330678 -0.006435
v 0.337127 0.332278 -0.006435
v 0.347474 0.326305 -0.006435
v 0.349074 0.320331 -0.006435
v 0.347474 0.314358 -0.006435
v 0.343101 0.309985 -0.006435
v 0.337127 0.308384 -0.006435
v 0.331154 0.309985 -0.006435
v 0.326781 0.314358 -0.006435
v 0.325180 0.320331 -0.006435
v 0.326781 0.326305 -0.006435
v 0.331154 0.330678 -0.006435
v 0.402837 0.332278 -0.009551
v 0.408810 0.330678 -0.009551
v 0.413183 0.326305 -0.009551
v 0.414784 0.320331 -0.009551
v 0.413183 0.314358 -0.009551
v 0.408810 0.309985 -0.009551
v 0.402837 0.308384 -0.009551
v 0.396863 0.309985 -0.009551
v 0.392490 0.314358 -0.009551
v 0.390890 0.320331 -0.009551
v 0.392490 0.326305 -0.009551
v 0.396863 0.330678 -0.009551
v 0.406754 0.327116 -0.009551
v 0.402837 0.328166 -0.009551
v 0.409622 0.324249 -0.009551
v 0.410672 0.320331 -0.009551
v 0.409622 0.316414 -0.009551
v 0.406754 0.313546 -0.009551
v 0.402837 0.312496 -0.009551
v 0.398919 0.313546 -0.009551
v 0.396052 0.316414 -0.009551
v 0.395002 0.320331 -0.009551
v 0.396052 0.324249 -0.009551
v 0.398919 0.327116 -0.009551
v 0.406754 0.327116 -0.006435
v 0.402837 0.328166 -0.006435
v 0.409622 0.324249 -0.006435
v 0.410672 0.320331 -0.006435
v 0.409622 0.316414 -0.006435
v 0.406754 0.313546 -0.006435
v 0.402837 0.312496 -0.006435
v 0.398919 0.313546 -0.006435
v 0.396052 0.316414 -0.006435
v 0.395002 0.320331 -0.006435
v 0.396052 0.324249 -0.006435
v 0.398919 0.327116 -0.006435
v 0.408810 0.330678 -0.006435
v 0.402837 0.332278 -0.006435
v 0.413183 0.326305 -0.006435
v 0.414784 0.320331 -0.006435
v 0.413183 0.314358 -0.006435
v 0.408810 0.309985 -0.006435
v 0.402837 0.308384 -0.006435
v 0.396863 0.309985 -0.006435
v 0.392490 0.314358 -0.006435
v 0.390890 0.320331 -0.006435
v 0.392490 0.326305 -0.006435
v 0.396863 0.330678 -0.006435
v 0.468546 0.332278 -0.009551
v 0.474520 0.330678 -0.009551
v 0.478893 0.326305 -0.009551
v 0.480493 0.320331 -0.009551
v 0.478893 0.314358 -0.009551
v 0.474520 0.309985 -0.009551
v 0.468546 0.308384 -0.009551
v 0.462573 0.309985 -0.009551
v 0.458200 0.314358 -0.009551
v 0.456599 0.320331 -0.009551
v 0.458200 0.326305 -0.009551
v 0.462573 0.330678 -0.009551
v 0.472464 0.327116 -0.009551
v 0.468546 0.328166 -0.009551
v 0.475332 0.324249 -0.009551
v 0.476381 0.320331 -0.009551
v 0.475332 0.316414 -0.009551
v 0.472464 0.313546 -0.009551
v 0.468546 0.312496 -0.009551
v 0.464629 0.313546 -0.009551
v 0.461761 0.316414 -0.009551
v 0.460711 0.320331 -0.009551
v 0.461761 0.324249 -0.009551
v 0.464629 0.327116 -0.009551
v 0.472464 0.327116 -0.006435
v 0.468546 0.328166 -0.006435
v 0.475332 0.324249 -0.006435
v 0.476381 0.320331 -0.006435
v 0.475332 0.316414 -0.006435
v 0.472464 0.313546 -0.006435
v 0.468546 0.312496 -0.006435
v 0.464629 0.313546 -0.006435
v 0.461761 0.316414 -0.006435
v 0.460711 0.320331 -0.006435
v 0.461761 0.324249 -0.006435
v 0.464629 0.327116 -0.006435
v 0.474520 0.330678 -0.006435
v 0.468546 0.332278 -0.006435
v 0.478893 0.326305 -0.006435
v 0.480493 0.320331 -0.006435
v 0.478893 0.314358 -0.006435
v 0.474520 0.309985 -0.006435
v 0.468546 0.308384 -0.006435
v 0.462573 0.309985 -0.006435
v 0.458200 0.314358 -0.006435
v 0.456599 0.320331 -0.006435
v 0.458200 0.326305 -0.006435
v 0.462573 0.330678 -0.006435
v -0.122839 0.422121 -0.009551
v -0.116865 0.420521 -0.009551
v -0.112492 0.416148 -0.009551
v -0.110892 0.410174 -0.009551
v -0.112492 0.404200 -0.009551
v -0.116865 0.399827 -0.009551
v -0.122839 0.398227 -0.009551
v -0.128813 0.399827 -0.009551
v -0.133186 0.404200 -0.009551
v -0.134786 0.410174 -0.009551
v -0.133186 0.416148 -0.009551
v -0.128813 0.420521 -0.009551
v -0.118922 0.416959 -0.009551
v -0.122839 0.418009 -0.009551
v -0.116054 0.414091 -0.009551
v -0.115004 0.410174 -0.009551
v -0.116054 0.406257 -0.009551
v -0.118922 0.403389 -0.009551
v -0.122839 0.402339 -0.009551
v -0.126756 0.403389 -0.009551
v -0.129624 0.406257 -0.009551
v -0.130674 0.410174 -0.009551
v -0.129624 0.414091 -0.009551
v -0.126756 0.416959 -0.009551
v -0.118922 0.416959 -0.006435
v -0.122839 0.418009 -0.006435
v -0.116054 0.414091 -0.006435
v -0.115004 0.410174 -0.006435
v -0.116054 0.406257 -0.006435
v -0.118922 0.403389 -0.006435
v -0.122839 0.402339 -0.006435
v -0.126756 0.403389 -0.006435
v -0.129624 0.406257 -0.006435
v -0.130674 0.410174 -0.006435
v -0.129624 0.414091 -0.006435
v -0.126756 0.416959 -0.006435
v -0.116865 0.420521 -0.006435
v -0.122839 0.422121 -0.006435
v -0.112492 0.416148 -0.006435
v -0.110892 0.410174 -0.006435
v -0.112492 0.404200 -0.006435
v -0.116865 0.399827 -0.006435
v -0.122839 0.398227 -0.006435
v -0.128813 0.399827 -0.006435
v -0.133186 0.404200 -0.006435
v -0.134786 0.410174 -0.006435
v -0.133186 0.416148 -0.006435
v -0.128813 0.420521 -0.006435
v -0.057130 0.422121 -0.009551
v -0.051156 0.420521 -0.009551
v -0.046783 0.416148 -0.009551
v -0.045182 0.410174 -0.009551
v -0.046783 0.404200 -0.009551
v -0.051156 0.399827 -0.009551
v -0.057130 0.398227 -0.009551
v -0.063103 0.399827 -0.009551
v -0.067476 0.404200 -0.009551
v -0.069077 0.410174 -0.009551
v -0.067476 0.416148 -0.009551
v -0.063103 0.420521 -0.009551
v -0.053212 0.416959 -0.009551
v -0.057130 0.418009 -0.009551
v -0.050344 0.414091 -0.009551
v -0.049295 0.410174 -0.009551
v -0.050344 0.406257 -0.009551
v -0.053212 0.403389 -0.009551
v -0.057130 0.402339 -0.009551
v -0.061047 0.403389 -0.009551
v -0.063915 0.406257 -0.009551
v -0.064964 0.410174 -0.009551
v -0.063915 0.414091 -0.009551
v -0.061047 0.416959 -0.009551
v -0.053212 0.416959 -0.006435
v -0.057130 0.418009 -0.006435
v -0.050344 0.414091 -0.006435
v -0.049295 0.410174 -0.006435
v -0.050344 0.406257 -0.006435
v -0.053212 0.403389 -0.006435
v -0.057130 0.402339 -0.006435
v -0.061047 0.403389 -0.006435
v -0.063915 0.406257 -0.006435
v -0.064964 0.410174 -0.006435
v -0.063915 0.414091 -0.006435
v -0.061047 0.416959 -0.006435
v -0.051156 0.420521 -0.006435
v -0.057130 0.422121 -0.006435
v -0.046783 0.416148 -0.006435
v -0.045182 0.410174 -0.006435
v -0.046783 0.404200 -0.006435
v -0.051156 0.399827 -0.006435
v -0.057130 0.398227 -0.006435
v -0.063103 0.399827 -0.006435
v -0.067476 0.404200 -0.006435
v -0.069077 0.410174 -0.006435
v -0.067476 0.416148 -0.006435
v -0.063103 0.420521 -0.006435
v 0.008580 0.422121 -0.009551
v 0.014554 0.420521 -0.009551
v 0.018927 0.416148 -0.009551
v 0.020527 0.410174 -0.009551
v 0.018927 0.404200 -0.009551
v 0.014554 0.399827 -0.009551
v 0.008580 0.398227 -0.009551
v 0.002606 0.399827 -0.009551
v -0.001767 0.404200 -0.009551
v -0.003367 0.410174 -0.009551
v -0.001767 0.416148 -0.009551
v 0.002606 0.420521 -0.009551
v 0.012497 0.416959 -0.009551
v 0.008580 0.418009 -0.009551
v 0.015365 0.414091 -0.009551
v 0.016415 0.410174 -0.009551
v 0.015365 0.406257 -0.009551
v 0.012497 0.403389 -0.009551
v 0.008580 0.402339 -0.009551
v 0.004662 0.403389 -0.009551
v 0.001795 0.406257 -0.009551
v 0.000745 0.410174 -0.009551
v 0.001795 0.414091 -0.009551
v 0.004662 0.416959 -0.009551
v 0.012497 0.416959 -0.006435
v 0.008580 0.418009 -0.006435
v 0.015365 0.414091 -0.006435
v 0.016415 0.410174 -0.006435
v 0.015365 0.406257 -0.006435
v 0.012497 0.403389 -0.006435
v 0.008580 0.402339 -0.006435
v 0.004662 0.403389 -0.006435
v 0.001795 0.406257 -0.006435
v 0.000745 0.410174 -0.006435
v 0.001795 0.414091 -0.006435
v 0.004662 0.416959 -0.006435
v 0.014554 0.420521 -0.006435
v 0.008580 0.422121 -0.006435
v 0.018927 0.416148 -0.006435
v 0.020527 0.410174 -0.006435
v 0.018927 0.404200 -0.006435
v 0.014554 0.399827 -0.006435
v 0.008580 0.398227 -0.006435
v 0.002606 0.399827 -0.006435
v -0.001767 0.404200 -0.006435
v -0.003367 0.410174 -0.006435
v -0.001767 0.416148 -0.006435
v 0.002606 0.420521 -0.006435
v 0.074289 0.422121 -0.009551
v 0.080263 0.420521 -0.009551
v 0.084636 0.416148 -0.009551
v 0.086237 0.410174 -0.009551
v 0.084636 0.404200 -0.009551
v 0.080263 0.399827 -0.009551
v 0.074289 0.398227 -0.009551
v 0.068316 0.399827 -0.009551
v 0.063943 0.404200 -0.009551
v 0.062342 0.410174 -0.009551
v 0.063943 0.416148 -0.009551
v 0.068316 0.420521 -0.009551
v 0.078207 0.416959 -0.009551
v 0.074289 0.418009 -0.009551
v 0.081075 0.414091 -0.009551
v 0.082124 0.410174 -0.009551
v 0.081075 0.406257 -0.009551
v 0.078207 0.403389 -0.009551
v 0.074289 0.402339 -0.009551
v 0.070372 0.403389 -0.009551
v 0.067504 0.406257 -0.009551
v 0.066454 0.410174 -0.009551
v 0.067504 0.414091 -0.009551
v 0.070372 0.416959 -0.009551
v 0.078207 0.416959 -0.006435
v 0.074289 0.418009 -0.006435
v 0.081075 0.414091 -0.006435
v 0.082124 0.410174 -0.006435
v 0.081075 0.406257 -0.006435
v 0.078207 0.403389 -0.006435
v 0.074289 0.402339 -0.006435
v 0.070372 0.403389 -0.006435
v 0.067504 0.406257 -0.006435
v 0.066454 0.410174 -0.006435
v 0.067504 0.414091 -0.006435
v 0.070372 0.416959 -0.006435
v 0.080263 0.420521 -0.006435
v 0.074289 0.422121 -0.006435
v 0.084636 0.416148 -0.006435
v 0.086237 0.410174 -0.006435
v 0.084636 0.404200 -0.006435
v 0.080263 0.399827 -0.006435
v 0.074289 0.398227 -0.006435
v 0.068316 0.399827 -0.006435
v 0.063943 0.404200 -0.006435
v 0.062342 0.410174 -0.006435
v 0.063943 0.416148 -0.006435
v 0.068316 0.420521 -0.006435
v 0.139999 0.422121 -0.009551
v 0.145972 0.420521 -0.009551
v 0.150345 0.416148 -0.009551
v 0.151946 0.410174 -0.009551
v 0.150345 0.404200 -0.009551
v 0.145972 0.399827 -0.009551
v 0.139999 0.398227 -0.009551
v 0.134025 0.399827 -0.009551
v 0.129652 0.404200 -0.009551
v 0.128052 0.410174 -0.009551
v 0.129652 0.416148 -0.009551
v 0.134025 0.420521 -0.009551
v 0.143916 0.416959 -0.009551
v 0.139999 0.418009 -0.009551
v 0.146784 0.414091 -0.009551
v 0.147834 0.410174 -0.009551
v 0.146784 0.406257 -0.009551
v 0.143916 0.403389 -0.009551
v 0.139999 0.402339 -0.009551
v 0.136081 0.403389 -0.009551
v 0.133214 0.406257 -0.009551
v 0.132164 0.410174 -0.009551
v 0.133214 0.414091 -0.009551
v 0.136081 0.416959 -0.009551
v 0.143916 0.416959 -0.006435
v 0.139999 0.418009 -0.006435
v 0.146784 0.414091 -0.006435
v 0.147834 0.410174 -0.006435
v 0.146784 0.406257 -0.006435
v 0.143916 0.403389 -0.006435
v 0.139999 0.402339 -0.006435
v 0.136081 0.403389 -0.006435
v 0.133214 0.406257 -0.006435
v 0.132164 0.410174 -0.006435
v 0.133214 0.414091 -0.006435
v 0.136081 0.416959 -0.006435
v 0.145972 0.420521 -0.006435
v 0.139999 0.422121 -0.006435
v 0.150345 0.416148 -0.006435
v 0.151946 0.410174 -0.006435
v 0.150345 0.404200 -0.006435
v 0.145972 0.399827 -0.006435
v 0.139999 0.398227 -0.006435
v 0.134025 0.399827 -0.006435
v 0.129652 0.404200 -0.006435
v 0.128052 0.410174 -0.006435
v 0.129652 0.416148 -0.006435
v 0.134025 0.420521 -0.006435
v 0.205708 0.422121 -0.009551
v 0.211682 0.420521 -0.009551
v 0.216055 0.416148 -0.009551
v 0.217656 0.410174 -0.009551
v 0.216055 0.404200 -0.009551
v 0.211682 0.399827 -0.009551
v 0.205708 0.398227 -0.009551
v 0.199735 0.399827 -0.009551
v 0.195362 0.404200 -0.009551
v 0.193761 0.410174 -0.009551
v 0.195362 0.416148 -0.009551
v 0.199735 0.420521 -0.009551
v 0.209626 0.416959 -0.009551
v 0.205708 0.418009 -0.009551
v 0.212494 0.414091 -0.009551
v 0.213543 0.410174 -0.009551
v 0.212494 0.406257 -0.009551
v 0.209626 0.403389 -0.009551
v 0.205708 0.402339 -0.009551
v 0.201791 0.403389 -0.009551
v 0.198923 0.406257 -0.009551
v 0.197873 0.410174 -0.009551
v 0.198923 0.414091 -0.009551
v 0.201791 0.416959 -0.009551
v 0.209626 0.416959 -0.006435
v 0.205708 0.418009 -0.006435
v 0.212494 0.414091 -0.006435
v 0.213543 0.410174 -0.006435
v 0.212494 0.406257 -0.006435
v 0.209626 0.403389 -0.006435
v 0.205708 0.402339 -0.006435
v 0.201791 0.403389 -0.006435
v 0.198923 0.406257 -0.006435
v 0.197873 0.410174 -0.006435
v 0.198923 0.414091 -0.006435
v 0.201791 0.416959 -0.006435
v 0.211682 0.420521 -0.006435
v 0.205708 0.422121 -0.006435
v 0.216055 0.416148 -0.006435
v 0.217656 0.410174 -0.006435
v 0.216055 0.404200 -0.006435
v 0.211682 0.399827 -0.006435
v 0.205708 0.398227 -0.006435
v 0.199735 0.399827 -0.006435
v 0.195362 0.404200 -0.006435
v 0.193761 0.410174 -0.006435
v 0.195362 0.416148 -0.006435
v 0.199735 0.420521 -0.006435
v 0.271418 0.422121 -0.009551
v 0.277391 0.420521 -0.009551
v 0.281764 0.416148 -0.009551
v 0.283365 0.410174 -0.009551
v 0.281764 0.404200 -0.009551
v 0.277391 0.399827 -0.009551
v 0.271418 0.398227 -0.009551
v 0.265444 0.399827 -0.009551
v 0.261071 0.404200 -0.009551
v 0.259471 0.410174 -0.009551
v 0.261071 0.416148 -0.009551
v 0.265444 0.420521 -0.009551
v 0.275335 0.416959 -0.009551
v 0.271418 0.418009 -0.009551
v 0.278203 0.414091 -0.009551
v 0.279253 0.410174 -0.009551
v 0.278203 0.406257 -0.009551
v 0.275335 0.403389 -0.009551
v 0.271418 0.402339 -0.009551
v 0.267500 0.403389 -0.009551
v 0.264633 0.406257 -0.009551
v 0.263583 0.410174 -0.009551
v 0.264633 0.414091 -0.009551
v 0.267500 0.416959 -0.009551
v 0.275335 0.416959 -0.006435
v 0.271418 0.418009 -0.006435
v 0.278203 0.414091 -0.006435
v 0.279253 0.410174 -0.006435
v 0.278203 0.406257 -0.006435
v 0.275335 0.403389 -0.006435
v 0.271418 0.402339 -0.006435
v 0.267500 0.403389 -0.006435
v 0.264633 0.406257 -0.006435
v 0.263583 0.410174 -0.006435
v 0.264633 0.414091 -0.006435
v 0.267500 0.416959 -0.006435
v 0.277391 0.420521 -0.006435
v 0.271418 0.422121 -0.006435
v 0.281764 0.416148 -0.006435
v 0.283365 0.410174 -0.006435
v 0.281764 0.404200 -0.006435
v 0.277391 0.399827 -0.006435
v 0.271418 0.398227 -0.006435
v 0.265444 0.399827 -0.006435
v 0.261071 0.404200 -0.006435
v 0.259471 0.410174 -0.006435
v 0.261071 0.416148 -0.006435
v 0.265444 0.420521 -0.006435
v 0.337127 0.422121 -0.009551
v 0.343101 0.420521 -0.009551
v 0.347474 0.416148 -0.009551
v 0.349074 0.410174 -0.009551
v 0.347474 0.404200 -0.009551
v 0.343101 0.399827 -0.009551
v 0.337127 0.398227 -0.009551
v 0.331154 0.399827 -0.009551
v 0.326781 0.404200 -0.009551
v 0.325180 0.410174 -0.009551
v 0.326781 0.416148 -0.009551
v 0.331154 0.420521 -0.009551
v 0.341045 0.416959 -0.009551
v 0.337127 0.418009 -0.009551
v 0.343913 0.414091 -0.009551
v 0.344962 0.410174 -0.009551
v 0.343913 0.406257 -0.009551
v 0.341045 0.403389 -0.009551
v 0.337127 0.402339 -0.009551
v 0.333210 0.403389 -0.009551
v 0.330342 0.406257 -0.009551
v 0.329292 0.410174 -0.009551
v 0.330342 0.414091 -0.009551
v 0.333210 0.416959 -0.009551
v 0.341045 0.416959 -0.006435
v 0.337127 0.418009 -0.006435
v 0.343913 0.414091 -0.006435
v 0.344962 0.410174 -0.006435
v 0.343913 0.406257 -0.006435
v 0.341045 0.403389 -0.006435
v 0.337127 0.402339 -0.006435
v 0.333210 0.403389 -0.006435
v 0.330342 0.406257 -0.006435
v 0.329292 0.410174 -0.006435
v 0.330342 0.414091 -0.006435
v 0.333210 0.416959 -0.006435
v 0.343101 0.420521 -0.006435
v 0.337127 0.422121 -0.006435
v 0.347474 0.416148 -0.006435
v 0.349074 0.410174 -0.006435
v 0.347474 0.404200 -0.006435
v 0.343101 0.399827 -0.006435
v 0.337127 0.398227 -0.006435
v 0.331154 0.399827 -0.006435
v 0.326781 0.404200 -0.006435
v 0.325180 0.410174 -0.006435
v 0.326781 0.416148 -0.006435
v 0.331154 0.420521 -0.006435
v 0.402837 0.422121 -0.009551
v 0.408810 0.420521 -0.009551
v 0.413183 0.416148 -0.009551
v 0.414784 0.410174 -0.009551
v 0.413183 0.404200 -0.009551
v 0.408810 0.399827 -0.009551
v 0.402837 0.398227 -0.009551
v 0.396863 0.399827 -0.009551
v 0.392490 0.404200 -0.009551
v 0.390890 0.410174 -0.009551
v 0.392490 0.416148 -0.009551
v 0.396863 0.420521 -0.009551
v 0.406754 0.416959 -0.009551
v 0.402837 0.418009 -0.009551
v 0.409622 0.414091 -0.009551
v 0.410672 0.410174 -0.009551
v 0.409622 0.406257 -0.009551
v 0.406754 0.403389 -0.009551
v 0.402837 0.402339 -0.009551
v 0.398919 0.403389 -0.009551
v 0.396052 0.406257 -0.009551
v 0.395002 0.410174 -0.009551
v 0.396052 0.414091 -0.009551
v 0.398919 0.416959 -0.009551
v 0.406754 0.416959 -0.006435
v 0.402837 0.418009 -0.006435
v 0.409622 0.414091 -0.006435
v 0.410672 0.410174 -0.006435
v 0.409622 0.406257 -0.006435
v 0.406754 0.403389 -0.006435
v 0.402837 0.402339 -0.006435
v 0.398919 0.403389 -0.006435
v 0.396052 0.406257 -0.006435
v 0.395002 0.410174 -0.006435
v 0.396052 0.414091 -0.006435
v 0.398919 0.416959 -0.006435
v 0.408810 0.420521 -0.006435
v 0.402837 0.422121 -0.006435
v 0.413183 0.416148 -0.006435
v 0.414784 0.410174 -0.006435
v 0.413183 0.404200 -0.006435
v 0.408810 0.399827 -0.006435
v 0.402837 0.398227 -0.006435
v 0.396863 0.399827 -0.006435
v 0.392490 0.404200 -0.006435
v 0.390890 0.410174 -0.006435
v 0.392490 0.416148 -0.006435
v 0.396863 0.420521 -0.006435
v 0.468546 0.422121 -0.009551
v 0.474520 0.420521 -0.009551
v 0.478893 0.416148 -0.009551
v 0.480493 0.410174 -0.009551
v 0.478893 0.404200 -0.009551
v 0.474520 0.399827 -0.009551
v 0.468546 0.398227 -0.009551
v 0.462573 0.399827 -0.009551
v 0.458200 0.404200 -0.009551
v 0.456599 0.410174 -0.009551
v 0.458200 0.416148 -0.009551
v 0.462573 0.420521 -0.009551
v 0.472464 0.416959 -0.009551
v 0.468546 0.418009 -0.009551
v 0.475332 0.414091 -0.009551
v 0.476381 0.410174 -0.009551
v 0.475332 0.406257 -0.009551
v 0.472464 0.403389 -0.009551
v 0.468546 0.402339 -0.009551
v 0.464629 0.403389 -0.009551
v 0.461761 0.406257 -0.009551
v 0.460711 0.410174 -0.009551
v 0.461761 0.414091 -0.009551
v 0.464629 0.416959 -0.009551
v 0.472464 0.416959 -0.006435
v 0.468546 0.418009 -0.006435
v 0.475332 0.414091 -0.006435
v 0.476381 0.410174 -0.006435
v 0.475332 0.406257 -0.006435
v 0.472464 0.403389 -0.006435
v 0.468546 0.402339 -0.006435
v 0.464629 0.403389 -0.006435
v 0.461761 0.406257 -0.006435
v 0.460711 0.410174 -0.006435
v 0.461761 0.414091 -0.006435
v 0.464629 0.416959 -0.006435
v 0.474520 0.420521 -0.006435
v 0.468546 0.422121 -0.006435
v 0.478893 0.416148 -0.006435
v 0.480493 0.410174 -0.006435
v 0.478893 0.404200 -0.006435
v 0.474520 0.399827 -0.006435
v 0.468546 0.398227 -0.006435
v 0.462573 0.399827 -0.006435
v 0.458200 0.404200 -0.006435
v 0.456599 0.410174 -0.006435
v 0.458200 0.416148 -0.006435
v 0.462573 0.420521 -0.006435
v 0.191695 0.733226 -0.010719
v 0.197669 0.731626 -0.010707
v 0.202042 0.727253 -0.010673
v 0.203642 0.721280 -0.010628
v 0.202042 0.715306 -0.010583
v 0.197669 0.710933 -0.010550
v 0.191695 0.709333 -0.010538
v 0.185721 0.710933 -0.010550
v 0.181348 0.715306 -0.010583
v 0.179748 0.721280 -0.010628
v 0.181348 0.727253 -0.010673
v 0.185721 0.731626 -0.010707
v 0.195612 0.728064 -0.010680
v 0.191695 0.729114 -0.010688
v 0.198480 0.725197 -0.010658
v 0.199530 0.721280 -0.010628
v 0.198480 0.717362 -0.010599
v 0.195612 0.714494 -0.010577
v 0.191695 0.713445 -0.010569
v 0.187778 0.714494 -0.010577
v 0.184910 0.717362 -0.010599
v 0.183860 0.721280 -0.010628
v 0.184910 0.725197 -0.010658
v 0.187778 0.728064 -0.010680
v 0.195612 0.728088 -0.007564
v 0.191695 0.729138 -0.007572
v 0.198480 0.725220 -0.007542
v 0.199530 0.721303 -0.007512
v 0.198480 0.717386 -0.007483
v 0.195612 0.714518 -0.007461
v 0.191695 0.713468 -0.007453
v 0.187778 0.714518 -0.007461
v 0.184910 0.717386 -0.007483
v 0.183860 0.721303 -0.007512
v 0.184910 0.725220 -0.007542
v 0.187778 0.728088 -0.007564
v 0.197669 0.731649 -0.007591
v 0.191695 0.733250 -0.007603
v 0.202042 0.727276 -0.007557
v 0.203642 0.721303 -0.007512
v 0.202042 0.715330 -0.007467
v 0.197669 0.710957 -0.007434
v 0.191695 0.709356 -0.007422
v 0.185721 0.710957 -0.007434
v 0.181348 0.715330 -0.007467
v 0.179748 0.721303 -0.007512
v 0.181348 0.727276 -0.007557
v 0.185721 0.731649 -0.007591
v 0.235900 0.733226 -0.010719
v 0.241873 0.731626 -0.010707
v 0.246246 0.727253 -0.010673
v 0.247847 0.721280 -0.010628
v 0.246246 0.715306 -0.010583
v 0.241873 0.710933 -0.010550
v 0.235900 0.709333 -0.010538
v 0.229926 0.710933 -0.010550
v 0.225553 0.715306 -0.010583
v 0.223952 0.721280 -0.010628
v 0.225553 0.727253 -0.010673
v 0.229926 0.731626 -0.010707
v 0.239817 0.728064 -0.010680
v 0.235900 0.729114 -0.010688
v 0.242685 0.725197 -0.010658
v 0.243735 0.721280 -0.010628
v 0.242685 0.717362 -0.010599
v 0.239817 0.714494 -0.010577
v 0.235900 0.713445 -0.010569
v 0.231982 0.714494 -0.010577
v 0.229114 0.717362 -0.010599
v 0.228065 0.721280 -0.010628
v 0.229114 0.725197 -0.010658
v 0.231982 0.728064 -0.010680
v 0.239817 0.728088 -0.007564
v 0.235900 0.729138 -0.007572
v 0.242685 0.725220 -0.007542
v 0.243735 0.721303 -0.007512
v 0.242685 0.717386 -0.007483
v 0.239817 0.714518 -0.007461
v 0.235900 0.713468 -0.007453
v 0.231982 0.714518 -0.007461
v 0.229114 0.717386 -0.007483
v 0.228065 0.721303 -0.007512
v 0.229114 0.725220 -0.007542
v 0.231982 0.728088 -0.007564
v 0.241873 0.731649 -0.007591
v 0.235900 0.733250 -0.007603
v 0.246246 0.727276 -0.007557
v 0.247847 0.721303 -0.007512
v 0.246246 0.715330 -0.007467
v 0.241873 0.710957 -0.007434
v 0.235900 0.709356 -0.007422
v 0.229926 0.710957 -0.007434
v 0.225553 0.715330 -0.007467
v 0.223952 0.721303 -0.007512
v 0.225553 0.727276 -0.007557
v 0.229926 0.731649 -0.007591
v 0.280104 0.733226 -0.010719
v 0.286078 0.731626 -0.010707
v 0.290451 0.727253 -0.010673
v 0.292051 0.721280 -0.010628
v 0.290451 0.715306 -0.010583
v 0.286078 0.710933 -0.010550
v 0.280104 0.709333 -0.010538
v 0.274131 0.710933 -0.010550
v 0.269758 0.715306 -0.010583
v 0.268157 0.721280 -0.010628
v 0.269758 0.727253 -0.010673
v 0.274131 0.731626 -0.010707
v 0.284022 0.728064 -0.010680
v 0.280104 0.729114 -0.010688
v 0.286889 0.725197 -0.010658
v 0.287939 0.721280 -0.010628
v 0.286889 0.717362 -0.010599
v 0.284022 0.714494 -0.010577
v 0.280104 0.713445 -0.010569
v 0.276187 0.714494 -0.010577
v 0.273319 0.717362 -0.010599
v 0.272269 0.721280 -0.010628
v 0.273319 0.725197 -0.010658
v 0.276187 0.728064 -0.010680
v 0.284022 0.728088 -0.007564
v 0.280104 0.729138 -0.007572
v 0.286889 0.725220 -0.007542
v 0.287939 0.721303 -0.007512
v 0.286889 0.717386 -0.007483
v 0.284022 0.714518 -0.007461
v 0.280104 0.713468 -0.007453
v 0.276187 0.714518 -0.007461
v 0.273319 0.717386 -0.007483
v 0.272269 0.721303 -0.007512
v 0.273319 0.725220 -0.007542
v 0.276187 0.728088 -0.007564
v 0.286078 0.731649 -0.007591
v 0.280104 0.733250 -0.007603
v 0.290451 0.727276 -0.007557
v 0.292051 0.721303 -0.007512
v 0.290451 0.715330 -0.007467
v 0.286078 0.710957 -0.007434
v 0.280104 0.709356 -0.007422
v 0.274131 0.710957 -0.007434
v 0.269758 0.715330 -0.007467
v 0.268157 0.721303 -0.007512
v 0.269758 0.727276 -0.007557
v 0.274131 0.731649 -0.007591
v 0.324309 0.733226 -0.010719
v 0.330282 0.731626 -0.010707
v 0.334655 0.727253 -0.010673
v 0.336256 0.721280 -0.010628
v 0.334655 0.715306 -0.010583
v 0.330282 0.710933 -0.010550
v 0.324309 0.709333 -0.010538
v 0.318335 0.710933 -0.010550
v 0.313962 0.715306 -0.010583
v 0.312362 0.721280 -0.010628
v 0.313962 0.727253 -0.010673
v 0.318335 0.731626 -0.010707
v 0.328226 0.728064 -0.010680
v 0.324309 0.729114 -0.010688
v 0.331094 0.725197 -0.010658
v 0.332144 0.721280 -0.010628
v 0.331094 0.717362 -0.010599
v 0.328226 0.714494 -0.010577
v 0.324309 0.713445 -0.010569
v 0.320391 0.714494 -0.010577
v 0.317523 0.717362 -0.010599
v 0.316474 0.721280 -0.010628
v 0.317523 0.725197 -0.010658
v 0.320391 0.728064 -0.010680
v 0.328226 0.728088 -0.007564
v 0.324309 0.729138 -0.007572
v 0.331094 0.725220 -0.007542
v 0.332144 0.721303 -0.007512
v 0.331094 0.717386 -0.007483
v 0.328226 0.714518 -0.007461
v 0.324309 0.713468 -0.007453
v 0.320391 0.714518 -0.007461
v 0.317523 0.717386 -0.007483
v 0.316474 0.721303 -0.007512
v 0.317523 0.725220 -0.007542
v 0.320391 0.728088 -0.007564
v 0.330282 0.731649 -0.007591
v 0.324309 0.733250 -0.007603
v 0.334655 0.727276 -0.007557
v 0.336256 0.721303 -0.007512
v 0.334655 0.715330 -0.007467
v 0.330282 0.710957 -0.007434
v 0.324309 0.709356 -0.007422
v 0.318335 0.710957 -0.007434
v 0.313962 0.715330 -0.007467
v 0.312362 0.721303 -0.007512
v 0.313962 0.727276 -0.007557
v 0.318335 0.731649 -0.007591
v 0.368513 0.733226 -0.010719
v 0.374487 0.731626 -0.010707
v 0.378860 0.727253 -0.010673
v 0.380460 0.721280 -0.010628
v 0.378860 0.715306 -0.010583
v 0.374487 0.710933 -0.010550
v 0.368513 0.709333 -0.010538
v 0.362540 0.710933 -0.010550
v 0.358167 0.715306 -0.010583
v 0.356566 0.721280 -0.010628
v 0.358167 0.727253 -0.010673
v 0.362540 0.731626 -0.010707
v 0.372431 0.728064 -0.010680
v 0.368513 0.729114 -0.010688
v 0.375299 0.725197 -0.010658
v 0.376348 0.721280 -0.010628
v 0.375299 0.717362 -0.010599
v 0.372431 0.714494 -0.010577
v 0.368513 0.713445 -0.010569
v 0.364596 0.714494 -0.010577
v 0.361728 0.717362 -0.010599
v 0.360678 0.721280 -0.010628
v 0.361728 0.725197 -0.010658
v 0.364596 0.728064 -0.010680
v 0.372431 0.728088 -0.007564
v 0.368513 0.729138 -0.007572
v 0.375299 0.725220 -0.007542
v 0.376348 0.721303 -0.007512
v 0.375299 0.717386 -0.007483
v 0.372431 0.714518 -0.007461
v 0.368513 0.713468 -0.007453
v 0.364596 0.714518 -0.007461
v 0.361728 0.717386 -0.007483
v 0.360678 0.721303 -0.007512
v 0.361728 0.725220 -0.007542
v 0.364596 0.728088 -0.007564
v 0.374487 0.731649 -0.007591
v 0.368513 0.733250 -0.007603
v 0.378860 0.727276 -0.007557
v 0.380460 0.721303 -0.007512
v 0.378860 0.715330 -0.007467
v 0.374487 0.710957 -0.007434
v 0.368513 0.709356 -0.007422
v 0.362540 0.710957 -0.007434
v 0.358167 0.715330 -0.007467
v 0.356566 0.721303 -0.007512
v 0.358167 0.727276 -0.007557
v 0.362540 0.731649 -0.007591
v 0.191695 0.681616 -0.010328
v 0.197669 0.680015 -0.010316
v 0.202042 0.675643 -0.010283
v 0.203642 0.669669 -0.010237
v 0.202042 0.663696 -0.010192
v 0.197669 0.659323 -0.010159
v 0.191695 0.657722 -0.010147
v 0.185721 0.659323 -0.010159
v 0.181348 0.663696 -0.010192
v 0.179748 0.669669 -0.010237
v 0.181348 0.675643 -0.010283
v 0.185721 0.680015 -0.010316
v 0.195612 0.676454 -0.010289
v 0.191695 0.677504 -0.010297
v 0.198480 0.673586 -0.010267
v 0.199530 0.669669 -0.010237
v 0.198480 0.665752 -0.010208
v 0.195612 0.662884 -0.010186
v 0.191695 0.661834 -0.010178
v 0.187778 0.662884 -0.010186
v 0.184910 0.665752 -0.010208
v 0.183860 0.669669 -0.010237
v 0.184910 0.673586 -0.010267
v 0.187778 0.676454 -0.010289
v 0.195612 0.676478 -0.007173
v 0.191695 0.677527 -0.007181
v 0.198480 0.673610 -0.007151
v 0.199530 0.669693 -0.007121
v 0.198480 0.665775 -0.007092
v 0.195612 0.662908 -0.007070
v 0.191695 0.661858 -0.007062
v 0.187778 0.662908 -0.007070
v 0.184910 0.665775 -0.007092
v 0.183860 0.669693 -0.007121
v 0.184910 0.673610 -0.007151
v 0.187778 0.676478 -0.007173
v 0.197669 0.680039 -0.007200
v 0.191695 0.681640 -0.007212
v 0.202042 0.675666 -0.007167
v 0.203642 0.669693 -0.007121
v 0.202042 0.663719 -0.007076
v 0.197669 0.659346 -0.007043
v 0.191695 0.657746 -0.007031
v 0.185721 0.659346 -0.007043
v 0.181348 0.663719 -0.007076
v 0.179748 0.669693 -0.007121
v 0.181348 0.675666 -0.007167
v 0.185721 0.680039 -0.007200
v 0.235900 0.681616 -0.010328
v 0.241873 0.680015 -0.010316
v 0.246246 0.675643 -0.010283
v 0.247847 0.669669 -0.010237
v 0.246246 0.663696 -0.010192
v 0.241873 0.659323 -0.010159
v 0.235900 0.657722 -0.010147
v 0.229926 0.659323 -0.010159
v 0.225553 0.663696 -0.010192
v 0.223952 0.669669 -0.010237
v 0.225553 0.675643 -0.010283
v 0.229926 0.680015 -0.010316
v 0.239817 0.676454 -0.010289
v 0.235900 0.677504 -0.010297
v 0.242685 0.673586 -0.010267
v 0.243735 0.669669 -0.010237
v 0.242685 0.665752 -0.010208
v 0.239817 0.662884 -0.010186
v 0.235900 0.661834 -0.010178
v 0.231982 0.662884 -0.010186
v 0.229114 0.665752 -0.010208
v 0.228065 0.669669 -0.010237
v 0.229114 0.673586 -0.010267
v 0.231982 0.676454 -0.010289
v 0.239817 0.676478 -0.007173
v 0.235900 0.677527 -0.007181
v 0.242685 0.673610 -0.007151
v 0.243735 0.669693 -0.007121
v 0.242685 0.665775 -0.007092
v 0.239817 0.662908 -0.007070
v 0.235900 0.661858 -0.007062
v 0.231982 0.662908 -0.007070
v 0.229114 0.665775 -0.007092
v 0.228065 0.669693 -0.007121
v 0.229114 0.673610 -0.007151
v 0.231982 0.676478 -0.007173
v 0.241873 0.680039 -0.007200
v 0.235900 0.681640 -0.007212
v 0.246246 0.675666 -0.007167
v 0.247847 0.669693 -0.007121
v 0.246246 0.663719 -0.007076
v 0.241873 0.659346 -0.007043
v 0.235900 0.657746 -0.007031
v 0.229926 0.659346 -0.007043
v 0.225553 0.663719 -0.007076
v 0.223952 0.669693 -0.007121
v 0.225553 0.675666 -0.007167
v 0.229926 0.680039 -0.007200
v 0.280104 0.681616 -0.010328
v 0.286078 0.680015 -0.010316
v 0.290451 0.675643 -0.010283
v 0.292051 0.669669 -0.010237
v 0.290451 0.663696 -0.010192
v 0.286078 0.659323 -0.010159
v 0.280104 0.657722 -0.010147
v 0.274131 0.659323 -0.010159
v 0.269758 0.663696 -0.010192
v 0.268157 0.669669 -0.010237
v 0.269758 0.675643 -0.010283
v 0.274131 0.680015 -0.010316
v 0.284022 0.676454 -0.010289
v 0.280104 0.677504 -0.010297
v 0.286889 0.673586 -0.010267
v 0.287939 0.669669 -0.010237
v 0.286889 0.665752 -0.010208
v 0.284022 0.662884 -0.010186
v 0.280104 0.661834 -0.010178
v 0.276187 0.662884 -0.010186
v 0.273319 0.665752 -0.010208
v 0.272269 0.669669 -0.010237
v 0.273319 0.673586 -0.010267
v 0.276187 0.676454 -0.010289
v 0.284022 0.676478 -0.007173
v 0.280104 0.677527 -0.007181
v 0.286889 0.673610 -0.007151
v 0.287939 0.669693 -0.007121
v 0.286889 0.665775 -0.007092
v 0.284022 0.662908 -0.007070
v 0.280104 0.661858 -0.007062
v 0.276187 0.662908 -0.007070
v 0.273319 0.665775 -0.007092
v 0.272269 0.669693 -0.007121
v 0.273319 0.673610 -0.007151
v 0.276187 0.676478 -0.007173
v 0.286078 0.680039 -0.007200
v 0.280104 0.681640 -0.007212
v 0.290451 0.675666 -0.007167
v 0.292051 0.669693 -0.007121
v 0.290451 0.663719 -0.007076
v 0.286078 0.659346 -0.007043
v 0.280104 0.657746 -0.007031
v 0.274131 0.659346 -0.007043
v 0.269758 0.663719 -0.007076
v 0.268157 0.669693 -0.007121
v 0.269758 0.675666 -0.007167
v 0.274131 0.680039 -0.007200
v 0.324309 0.681616 -0.010328
v 0.330282 0.680015 -0.010316
v 0.334655 0.675643 -0.010283
v 0.336256 0.669669 -0.010237
v 0.334655 0.663696 -0.010192
v 0.330282 0.659323 -0.010159
v 0.324309 0.657722 -0.010147
v 0.318335 0.659323 -0.010159
v 0.313962 0.663696 -0.010192
v 0.312362 0.669669 -0.010237
v 0.313962 0.675643 -0.010283
v 0.318335 0.680015 -0.010316
v 0.328226 0.676454 -0.010289
v 0.324309 0.677504 -0.010297
v 0.331094 0.673586 -0.010267
v 0.332144 0.669669 -0.010237
v 0.331094 0.665752 -0.010208
v 0.328226 0.662884 -0.010186
v 0.324309 0.661834 -0.010178
v 0.320391 0.662884 -0.010186
v 0.317523 0.665752 -0.010208
v 0.316474 0.669669 -0.010237
v 0.317523 0.673586 -0.010267
v 0.320391 0.676454 -0.010289
v 0.328226 0.676478 -0.007173
v 0.324309 0.677527 -0.007181
v 0.331094 0.673610 -0.007151
v 0.332144 0.669693 -0.007121
v 0.331094 0.665775 -0.007092
v 0.328226 0.662908 -0.007070
v 0.324309 0.661858 -0.007062
v 0.320391 0.662908 -0.007070
v 0.317523 0.665775 -0.007092
v 0.316474 0.669693 -0.007121
v 0.317523 0.673610 -0.007151
v 0.320391 0.676478 -0.007173
v 0.330282 0.680039 -0.007200
v 0.324309 0.681640 -0.007212
v 0.334655 0.675666 -0.007167
v 0.336256 0.669693 -0.007121
v 0.334655 0.663719 -0.007076
v 0.330282 0.659346 -0.007043
v 0.324309 0.657746 -0.007031
v 0.318335 0.659346 -0.007043
v 0.313962 0.663719 -0.007076
v 0.312362 0.669693 -0.007121
v 0.313962 0.675666 -0.007167
v 0.318335 0.680039 -0.007200
v 0.368513 0.681616 -0.010328
v 0.374487 0.680015 -0.010316
v 0.378860 0.675643 -0.010283
v 0.380460 0.669669 -0.010237
v 0.378860 0.663696 -0.010192
v 0.374487 0.659323 -0.010159
v 0.368513 0.657722 -0.010147
v 0.362540 0.659323 -0.010159
v 0.358167 0.663696 -0.010192
v 0.356566 0.669669 -0.010237
v 0.358167 0.675643 -0.010283
v 0.362540 0.680015 -0.010316
v 0.372431 0.676454 -0.010289
v 0.368513 0.677504 -0.010297
v 0.375299 0.673586 -0.010267
v 0.376348 0.669669 -0.010237
v 0.375299 0.665752 -0.010208
v 0.372431 0.662884 -0.010186
v 0.368513 0.661834 -0.010178
v 0.364596 0.662884 -0.010186
v 0.361728 0.665752 -0.010208
v 0.360678 0.669669 -0.010237
v 0.361728 0.673586 -0.010267
v 0.364596 0.676454 -0.010289
v 0.372431 0.676478 -0.007173
v 0.368513 0.677527 -0.007181
v 0.375299 0.673610 -0.007151
v 0.376348 0.669693 -0.007121
v 0.375299 0.665775 -0.007092
v 0.372431 0.662908 -0.007070
v 0.368513 0.661858 -0.007062
v 0.364596 0.662908 -0.007070
v 0.361728 0.665775 -0.007092
v 0.360678 0.669693 -0.007121
v 0.361728 0.673610 -0.007151
v 0.364596 0.676478 -0.007173
v 0.374487 0.680039 -0.007200
v 0.368513 0.681640 -0.007212
v 0.378860 0.675666 -0.007167
v 0.380460 0.669693 -0.007121
v 0.378860 0.663719 -0.007076
v 0.374487 0.659346 -0.007043
v 0.368513 0.657746 -0.007031
v 0.362540 0.659346 -0.007043
v 0.358167 0.663719 -0.007076
v 0.356566 0.669693 -0.007121
v 0.358167 0.675666 -0.007167
v 0.362540 0.680039 -0.007200
v 0.191695 0.630006 -0.009937
v 0.197669 0.628405 -0.009925
v 0.202042 0.624032 -0.009892
v 0.203642 0.618059 -0.009847
v 0.202042 0.612085 -0.009801
v 0.197669 0.607713 -0.009768
v 0.191695 0.606112 -0.009756
v 0.185721 0.607713 -0.009768
v 0.181348 0.612085 -0.009801
v 0.179748 0.618059 -0.009847
v 0.181348 0.624032 -0.009892
v 0.185721 0.628405 -0.009925
v 0.195612 0.624844 -0.009898
v 0.191695 0.625894 -0.009906
v 0.198480 0.621976 -0.009876
v 0.199530 0.618059 -0.009847
v 0.198480 0.614141 -0.009817
v 0.195612 0.611274 -0.009795
v 0.191695 0.610224 -0.009787
v 0.187778 0.611274 -0.009795
v 0.184910 0.614141 -0.009817
v 0.183860 0.618059 -0.009847
v 0.184910 0.621976 -0.009876
v 0.187778 0.624844 -0.009898
v 0.195612 0.624867 -0.006782
v 0.191695 0.625917 -0.006790
v 0.198480 0.622000 -0.006760
v 0.199530 0.618082 -0.006731
v 0.198480 0.614165 -0.006701
v 0.195612 0.611297 -0.006679
v 0.191695 0.610248 -0.006671
v 0.187778 0.611297 -0.006679
v 0.184910 0.614165 -0.006701
v 0.183860 0.618082 -0.006731
v 0.184910 0.622000 -0.006760
v 0.187778 0.624867 -0.006782
v 0.197669 0.628429 -0.006809
v 0.191695 0.630029 -0.006821
v 0.202042 0.624056 -0.006776
v 0.203642 0.618082 -0.006731
v 0.202042 0.612109 -0.006685
v 0.197669 0.607736 -0.006652
v 0.191695 0.606136 -0.006640
v 0.185721 0.607736 -0.006652
v 0.181348 0.612109 -0.006685
v 0.179748 0.618082 -0.006731
v 0.181348 0.624056 -0.006776
v 0.185721 0.628429 -0.006809
v 0.235900 0.630006 -0.009937
v 0.241873 0.628405 -0.009925
v 0.246246 0.624032 -0.009892
v 0.247847 0.618059 -0.009847
v 0.246246 0.612085 -0.009801
v 0.241873 0.607713 -0.009768
v 0.235900 0.606112 -0.009756
v 0.229926 0.607713 -0.009768
v 0.225553 0.612085 -0.009801
v 0.223952 0.618059 -0.009847
v 0.225553 0.624032 -0.009892
v 0.229926 0.628405 -0.009925
v 0.239817 0.624844 -0.009898
v 0.235900 0.625894 -0.009906
v 0.242685 0.621976 -0.009876
v 0.243735 0.618059 -0.009847
v 0.242685 0.614141 -0.009817
v 0.239817 0.611274 -0.009795
v 0.235900 0.610224 -0.009787
v 0.231982 0.611274 -0.009795
v 0.229114 0.614141 -0.009817
v 0.228065 0.618059 -0.009847
v 0.229114 0.621976 -0.009876
v 0.231982 0.624844 -0.009898
v 0.239817 0.624867 -0.006782
v 0.235900 0.625917 -0.006790
v 0.242685 0.622000 -0.006760
v 0.243735 0.618082 -0.006731
v 0.242685 0.614165 -0.006701
v 0.239817 0.611297 -0.006679
v 0.235900 0.610248 -0.006671
v 0.231982 0.611297 -0.006679
v 0.229114 0.614165 -0.006701
v 0.228065 0.618082 -0.006731
v 0.229114 0.622000 -0.006760
v 0.231982 0.624867 -0.006782
v 0.241873 0.628429 -0.006809
v 0.235900 0.630029 -0.006821
v 0.246246 0.624056 -0.006776
v 0.247847 0.618082 -0.006731
v 0.246246 0.612109 -0.006685
v 0.241873 0.607736 -0.006652
v 0.235900 0.606136 -0.006640
v 0.229926 0.607736 -0.006652
v 0.225553 0.612109 -0.006685
v 0.223952 0.618082 -0.006731
v 0.225553 0.624056 -0.006776
v 0.229926 0.628429 -0.006809
v 0.280104 0.630006 -0.009937
v 0.286078 0.628405 -0.009925
v 0.290451 0.624032 -0.009892
v 0.292051 0.618059 -0.009847
v 0.290451 0.612085 -0.009801
v 0.286078 0.607713 -0.009768
v 0.280104 0.606112 -0.009756
v 0.274131 0.607713 -0.009768
v 0.269758 0.612085 -0.009801
v 0.268157 0.618059 -0.009847
v 0.269758 0.624032 -0.009892
v 0.274131 0.628405 -0.009925
v 0.284022 0.624844 -0.009898
v 0.280104 0.625894 -0.009906
v 0.286889 0.621976 -0.009876
v 0.287939 0.618059 -0.009847
v 0.286889 0.614141 -0.009817
v 0.284022 0.611274 -0.009795
v 0.280104 0.610224 -0.009787
v 0.276187 0.611274 -0.009795
v 0.273319 0.614141 -0.009817
v 0.272269 0.618059 -0.009847
v 0.273319 0.621976 -0.009876
v 0.276187 0.624844 -0.009898
v 0.284022 0.624867 -0.006782
v 0.280104 0.625917 -0.006790
v 0.286889 0.622000 -0.006760
v 0.287939 0.618082 -0.006731
v 0.286889 0.614165 -0.006701
v 0.284022 0.611297 -0.006679
v 0.280104 0.610248 -0.006671
v 0.276187 0.611297 -0.006679
v 0.273319 0.614165 -0.006701
v 0.272269 0.618082 -0.006731
v 0.273319 0.622000 -0.006760
v 0.276187 0.624867 -0.006782
v 0.286078 0.628429 -0.006809
v 0.280104 0.630029 -0.006821
v 0.290451 0.624056 -0.006776
v 0.292051 0.618082 -0.006731
v 0.290451 0.612109 -0.006685
v 0.286078 0.607736 -0.006652
v 0.280104 0.606136 -0.006640
v 0.274131 0.607736 -0.006652
v 0.269758 0.612109 -0.006685
v 0.268157 0.618082 -0.006731
v 0.269758 0.624056 -0.006776
v 0.274131 0.628429 -0.006809
v 0.324309 0.630006 -0.009937
v 0.330282 0.628405 -0.009925
v 0.334655 0.624032 -0.009892
v 0.336256 0.618059 -0.009847
v 0.334655 0.612085 -0.009801
v 0.330282 0.607713 -0.009768
v 0.324309 0.606112 -0.009756
v 0.318335 0.607713 -0.009768
v 0.313962 0.612085 -0.009801
v 0.312362 0.618059 -0.009847
v 0.313962 0.624032 -0.009892
v 0.318335 0.628405 -0.009925
v 0.328226 0.624844 -0.009898
v 0.324309 0.625894 -0.009906
v 0.331094 0.621976 -0.009876
v 0.332144 0.618059 -0.009847
v 0.331094 0.614141 -0.009817
v 0.328226 0.611274 -0.009795
v 0.324309 0.610224 -0.009787
v 0.320391 0.611274 -0.009795
v 0.317523 0.614141 -0.009817
v 0.316474 0.618059 -0.009847
v 0.317523 0.621976 -0.009876
v 0.320391 0.624844 -0.009898
v 0.328226 0.624867 -0.006782
v 0.324309 0.625917 -0.006790
v 0.331094 0.622000 -0.006760
v 0.332144 0.618082 -0.006731
v 0.331094 0.614165 -0.006701
v 0.328226 0.611297 -0.006679
v 0.324309 0.610248 -0.006671
v 0.320391 0.611297 -0.006679
v 0.317523 0.614165 -0.006701
v 0.316474 0.618082 -0.006731
v 0.317523 0.622000 -0.006760
v 0.320391 0.624867 -0.006782
v 0.330282 0.628429 -0.006809
v 0.324309 0.630029 -0.006821
v 0.334655 0.624056 -0.006776
v 0.336256 0.618082 -0.006731
v 0.334655 0.612109 -0.006685
v 0.330282 0.607736 -0.006652
v 0.324309 0.606136 -0.006640
v 0.318335 0.607736 -0.006652
v 0.313962 0.612109 -0.006685
v 0.312362 0.618082 -0.006731
v 0.313962 0.624056 -0.006776
v 0.318335 0.628429 -0.006809
v 0.368513 0.630006 -0.009937
v 0.374487 0.628405 -0.009925
v 0.378860 0.624032 -0.009892
v 0.380460 0.618059 -0.009847
v 0.378860 0.612085 -0.009801
v 0.374487 0.607713 -0.009768
v 0.368513 0.606112 -0.009756
v 0.362540 0.607713 -0.009768
v 0.358167 0.612085 -0.009801
v 0.356566 0.618059 -0.009847
v 0.358167 0.624032 -0.009892
v 0.362540 0.628405 -0.009925
v 0.372431 0.624844 -0.009898
v 0.368513 0.625894 -0.009906
v 0.375299 0.621976 -0.009876
v 0.376348 0.618059 -0.009847
v 0.375299 0.614141 -0.009817
v 0.372431 0.611274 -0.009795
v 0.368513 0.610224 -0.009787
v 0.364596 0.611274 -0.009795
v 0.361728 0.614141 -0.009817
v 0.360678 0.618059 -0.009847
v 0.361728 0.621976 -0.009876
v 0.364596 0.624844 -0.009898
v 0.372431 0.624867 -0.006782
v 0.368513 0.625917 -0.006790
v 0.375299 0.622000 -0.006760
v 0.376348 0.618082 -0.006731
v 0.375299 0.614165 -0.006701
v 0.372431 0.611297 -0.006679
v 0.368513 0.610248 -0.006671
v 0.364596 0.611297 -0.006679
v 0.361728 0.614165 -0.006701
v 0.360678 0.618082 -0.006731
v 0.361728 0.622000 -0.006760
v 0.364596 0.624867 -0.006782
v 0.374487 0.628429 -0.006809
v 0.368513 0.630029 -0.006821
v 0.378860 0.624056 -0.006776
v 0.380460 0.618082 -0.006731
v 0.378860 0.612109 -0.006685
v 0.374487 0.607736 -0.006652
v 0.368513 0.606136 -0.006640
v 0.362540 0.607736 -0.006652
v 0.358167 0.612109 -0.006685
v 0.356566 0.618082 -0.006731
v 0.358167 0.624056 -0.006776
v 0.362540 0.628429 -0.006809
v 0.191960 0.728687 -0.016178
v 0.191960 0.728687 0.003666
v 0.196218 0.727304 -0.016178
v 0.196218 0.727304 0.003666
v 0.198850 0.723682 -0.016178
v 0.198850 0.723682 0.003666
v 0.198850 0.719205 -0.016178
v 0.198850 0.719205 0.003666
v 0.196218 0.715582 -0.016178
v 0.196218 0.715582 0.003666
v 0.191960 0.714199 -0.016178
v 0.191960 0.714199 0.003666
v 0.187702 0.715582 -0.016178
v 0.187702 0.715582 0.003666
v 0.185071 0.719205 -0.016178
v 0.185071 0.719205 0.003666
v 0.185071 0.723682 -0.016178
v 0.185071 0.723682 0.003666
v 0.187702 0.727304 -0.016178
v 0.187702 0.727304 0.003666
v 0.195524 0.726348 0.007055
v 0.191960 0.727505 0.007055
v 0.197726 0.723316 0.007055
v 0.197726 0.719570 0.007055
v 0.195524 0.716539 0.007055
v 0.191960 0.715381 0.007055
v 0.188397 0.716539 0.007055
v 0.186195 0.719570 0.007055
v 0.186195 0.723316 0.007055
v 0.188397 0.726348 0.007055
v 0.194057 0.724329 0.022993
v 0.194807 0.725362 0.021879
v 0.191960 0.726287 0.021879
v 0.191960 0.725011 0.022993
v 0.195353 0.722546 0.022993
v 0.196567 0.722940 0.021879
v 0.195353 0.720341 0.022993
v 0.196567 0.719946 0.021879
v 0.194057 0.718557 0.022993
v 0.194807 0.717524 0.021879
v 0.191960 0.717876 0.022993
v 0.191960 0.716599 0.021879
v 0.189863 0.718557 0.022993
v 0.189113 0.717524 0.021879
v 0.188567 0.720341 0.022993
v 0.187354 0.719946 0.021879
v 0.188567 0.722546 0.022993
v 0.187354 0.722940 0.021879
v 0.189863 0.724329 0.022993
v 0.189113 0.725362 0.021879
v -0.313113 0.569892 -0.000710
v -0.307258 0.564383 -0.000710
v -0.312313 0.567083 -0.000710
v -0.310243 0.565136 -0.000710
v -0.307258 0.646300 -0.000710
v -0.313113 0.640792 -0.000710
v -0.310243 0.645548 -0.000710
v -0.312313 0.643600 -0.000710
v -0.313193 0.557682 -0.010431
v -0.320539 0.565028 -0.010431
v -0.316866 0.558666 -0.010431
v -0.319555 0.561355 -0.010431
v -0.320539 0.645656 -0.010431
v -0.313193 0.653002 -0.010431
v -0.319555 0.649329 -0.010431
v -0.316866 0.652017 -0.010431
v -0.131320 0.564383 -0.000710
v -0.125466 0.569892 -0.000710
v -0.128335 0.565136 -0.000710
v -0.126265 0.567083 -0.000710
v -0.125466 0.640792 -0.000710
v -0.131320 0.646300 -0.000710
v -0.126265 0.643600 -0.000710
v -0.128335 0.645548 -0.000710
v -0.118039 0.565028 -0.010431
v -0.125385 0.557682 -0.010431
v -0.119023 0.561355 -0.010431
v -0.121712 0.558666 -0.010431
v -0.125385 0.653002 -0.010431
v -0.118039 0.645656 -0.010431
v -0.121712 0.652017 -0.010431
v -0.119023 0.649329 -0.010431
v -0.307258 0.564383 -0.006542
v -0.310243 0.565136 -0.006542
v -0.312313 0.567083 -0.006542
v -0.313113 0.569892 -0.006542
v -0.310243 0.645548 -0.006542
v -0.307258 0.646300 -0.006542
v -0.312313 0.643600 -0.006542
v -0.313113 0.640792 -0.006542
v -0.128335 0.565136 -0.006542
v -0.131320 0.564383 -0.006542
v -0.126265 0.567083 -0.006542
v -0.125466 0.569892 -0.006542
v -0.131320 0.646300 -0.006542
v -0.128335 0.645548 -0.006542
v -0.126265 0.643600 -0.006542
v -0.125466 0.640792 -0.006542
v -0.311987 0.559044 -0.000710
v -0.315523 0.559978 -0.000710
v -0.318077 0.562524 -0.000710
v -0.319012 0.566028 -0.000710
v -0.315523 0.650706 -0.000710
v -0.311987 0.651640 -0.000710
v -0.318077 0.648160 -0.000710
v -0.319012 0.644656 -0.000710
v -0.123055 0.559978 -0.000710
v -0.126591 0.559044 -0.000710
v -0.120501 0.562524 -0.000710
v -0.119566 0.566028 -0.000710
v -0.126591 0.651640 -0.000710
v -0.123055 0.650706 -0.000710
v -0.120501 0.648160 -0.000710
v -0.119566 0.644656 -0.000710
v -0.308565 0.026617 0.136916
v -0.308565 0.029580 0.139260
v -0.302750 0.025445 0.138398
v -0.302750 0.028408 0.140742
v -0.299157 0.022377 0.142278
v -0.299157 0.025340 0.144621
v -0.299157 0.018585 0.147074
v -0.299157 0.021548 0.149417
v -0.302750 0.015517 0.150953
v -0.302750 0.018480 0.153297
v -0.308565 0.014345 0.152435
v -0.308565 0.017308 0.154778
v -0.314379 0.015517 0.150953
v -0.314379 0.018480 0.153297
v -0.317973 0.018585 0.147074
v -0.317973 0.021548 0.149417
v -0.317973 0.022377 0.142278
v -0.317973 0.025340 0.144621
v -0.314379 0.025445 0.138398
v -0.314379 0.028408 0.140742
v -0.308565 0.027921 0.141203
v -0.308565 0.039434 0.150307
v -0.302209 0.025645 0.144081
v -0.302209 0.037158 0.153185
v -0.302209 0.021093 0.149838
v -0.302209 0.032606 0.158942
v -0.308565 0.018817 0.152716
v -0.308565 0.030330 0.161820
v -0.314920 0.021093 0.149838
v -0.314920 0.032606 0.158942
v -0.314920 0.025645 0.144081
v -0.314920 0.037158 0.153185
v -0.261336 0.026617 0.136916
v -0.261336 0.029580 0.139260
v -0.255522 0.025445 0.138398
v -0.255522 0.028408 0.140742
v -0.251928 0.022377 0.142278
v -0.251928 0.025340 0.144621
v -0.251928 0.018585 0.147074
v -0.251928 0.021548 0.149417
v -0.255522 0.015517 0.150953
v -0.255522 0.018480 0.153297
v -0.261336 0.014345 0.152435
v -0.261336 0.017308 0.154778
v -0.267151 0.015517 0.150953
v -0.267151 0.018480 0.153297
v -0.270744 0.018585 0.147074
v -0.270744 0.021548 0.149417
v -0.270744 0.022377 0.142278
v -0.270744 0.025340 0.144621
v -0.267151 0.025445 0.138398
v -0.267151 0.028408 0.140742
v -0.261336 0.027921 0.141203
v -0.261336 0.039434 0.150307
v -0.254981 0.025645 0.144081
v -0.254981 0.037158 0.153185
v -0.254981 0.021093 0.149838
v -0.254981 0.032606 0.158942
v -0.261336 0.018817 0.152716
v -0.261336 0.030330 0.161820
v -0.267692 0.021093 0.149838
v -0.267692 0.032606 0.158942
v -0.267692 0.025645 0.144081
v -0.267692 0.037158 0.153185
v -0.214108 0.026617 0.136916
v -0.214108 0.029580 0.139260
v -0.208293 0.025445 0.138398
v -0.208293 0.028408 0.140742
v -0.204699 0.022377 0.142278
v -0.204699 0.025340 0.144621
v -0.204699 0.018585 0.147074
v -0.204699 0.021548 0.149417
v -0.208293 0.015517 0.150953
v -0.208293 0.018480 0.153297
v -0.214108 0.014345 0.152435
v -0.214108 0.017308 0.154778
v -0.219922 0.015517 0.150953
v -0.219922 0.018480 0.153297
v -0.223516 0.018585 0.147074
v -0.223516 0.021548 0.149417
v -0.223516 0.022377 0.142278
v -0.223516 0.025340 0.144621
v -0.219922 0.025445 0.138398
v -0.219922 0.028408 0.140742
v -0.214108 0.027921 0.141203
v -0.214108 0.039434 0.150307
v -0.207752 0.025645 0.144081
v -0.207752 0.037158 0.153185
v -0.207752 0.021093 0.149838
v -0.207752 0.032606 0.158942
v -0.214108 0.018817 0.152716
v -0.214108 0.030330 0.161820
v -0.220463 0.021093 0.149838
v -0.220463 0.032606 0.158942
v -0.220463 0.025645 0.144081
v -0.220463 0.037158 0.153185
v -0.166879 0.026617 0.136916
v -0.166879 0.029580 0.139260
v -0.161064 0.025445 0.138398
v -0.161064 0.028408 0.140742
v -0.157471 0.022377 0.142278
v -0.157471 0.025340 0.144621
v -0.157471 0.018585 0.147074
v -0.157471 0.021548 0.149417
v -0.161064 0.015517 0.150953
v -0.161064 0.018480 0.153297
v -0.166879 0.014345 0.152435
v -0.166879 0.017308 0.154778
v -0.172693 0.015517 0.150953
v -0.172693 0.018480 0.153297
v -0.176287 0.018585 0.147074
v -0.176287 0.021548 0.149417
v -0.176287 0.022377 0.142278
v -0.176287 0.025340 0.144621
v -0.172693 0.025445 0.138398
v -0.172693 0.028408 0.140742
v -0.166879 0.027921 0.141203
v -0.166879 0.039434 0.150307
v -0.160523 0.025645 0.144081
v -0.160523 0.037158 0.153185
v -0.160523 0.021093 0.149838
v -0.160523 0.032606 0.158942
v -0.166879 0.018817 0.152716
v -0.166879 0.030330 0.161820
v -0.173234 0.021093 0.149838
v -0.173234 0.032606 0.158942
v -0.173234 0.025645 0.144081
v -0.173234 0.037158 0.153185
v -0.119650 0.026617 0.136916
v -0.119650 0.029580 0.139260
v -0.113836 0.025445 0.138398
v -0.113836 0.028408 0.140742
v -0.110242 0.022377 0.142278
v -0.110242 0.025340 0.144621
v -0.110242 0.018585 0.147074
v -0.110242 0.021548 0.149417
v -0.113836 0.015517 0.150953
v -0.113836 0.018480 0.153297
v -0.119650 0.014345 0.152435
v -0.119650 0.017308 0.154778
v -0.125465 0.015517 0.150953
v -0.125465 0.018480 0.153297
v -0.129058 0.018585 0.147074
v -0.129058 0.021548 0.149417
v -0.129058 0.022377 0.142278
v -0.129058 0.025340 0.144621
v -0.125465 0.025445 0.138398
v -0.125465 0.028408 0.140742
v -0.119650 0.027921 0.141203
v -0.119650 0.039434 0.150307
v -0.113295 0.025645 0.144081
v -0.113295 0.037158 0.153185
v -0.113295 0.021093 0.149838
v -0.113295 0.032606 0.158942
v -0.119650 0.018817 0.152716
v -0.119650 0.030330 0.161820
v -0.126006 0.021093 0.149838
v -0.126006 0.032606 0.158942
v -0.126006 0.025645 0.144081
v -0.126006 0.037158 0.153185
v -0.308565 0.000393 0.169263
v -0.308565 0.003356 0.171606
v -0.302750 -0.000779 0.170745
v -0.302750 0.002184 0.173088
v -0.299157 -0.003847 0.174624
v -0.299157 -0.000884 0.176968
v -0.299157 -0.007639 0.179420
v -0.299157 -0.004676 0.181763
v -0.302750 -0.010707 0.183300
v -0.302750 -0.007744 0.185643
v -0.308565 -0.011879 0.184782
v -0.308565 -0.008915 0.187125
v -0.314379 -0.010707 0.183300
v -0.314379 -0.007744 0.185643
v -0.317973 -0.007639 0.179420
v -0.317973 -0.004676 0.181763
v -0.317973 -0.003847 0.174624
v -0.317973 -0.000884 0.176968
v -0.314379 -0.000779 0.170745
v -0.314379 0.002184 0.173088
v -0.308565 0.001697 0.173550
v -0.308565 0.013210 0.182653
v -0.302209 -0.000579 0.176428
v -0.302209 0.010934 0.185532
v -0.302209 -0.005131 0.182184
v -0.302209 0.006382 0.191288
v -0.308565 -0.007407 0.185062
v -0.308565 0.004106 0.194166
v -0.314920 -0.005131 0.182184
v -0.314920 0.006382 0.191288
v -0.314920 -0.000579 0.176428
v -0.314920 0.010934 0.185532
v -0.261336 0.000393 0.169263
v -0.261336 0.003356 0.171606
v -0.255522 -0.000779 0.170745
v -0.255522 0.002184 0.173088
v -0.251928 -0.003847 0.174624
v -0.251928 -0.000884 0.176968
v -0.251928 -0.007639 0.179420
v -0.251928 -0.004676 0.181763
v -0.255522 -0.010707 0.183300
v -0.255522 -0.007744 0.185643
v -0.261336 -0.011879 0.184782
v -0.261336 -0.008915 0.187125
v -0.267151 -0.010707 0.183300
v -0.267151 -0.007744 0.185643
v -0.270744 -0.007639 0.179420
v -0.270744 -0.004676 0.181763
v -0.270744 -0.003847 0.174624
v -0.270744 -0.000884 0.176968
v -0.267151 -0.000779 0.170745
v -0.267151 0.002184 0.173088
v -0.261336 0.001697 0.173550
v -0.261336 0.013210 0.182653
v -0.254981 -0.000579 0.176428
v -0.254981 0.010934 0.185532
v -0.254981 -0.005131 0.182184
v -0.254981 0.006382 0.191288
v -0.261336 -0.007407 0.185062
v -0.261336 0.004106 0.194166
v -0.267692 -0.005131 0.182184
v -0.267692 0.006382 0.191288
v -0.267692 -0.000579 0.176428
v -0.267692 0.010934 0.185532
v -0.214108 0.000393 0.169263
v -0.214108 0.003356 0.171606
v -0.208293 -0.000779 0.170745
v -0.208293 0.002184 0.173088
v -0.204699 -0.003847 0.174624
v -0.204699 -0.000884 0.176968
v -0.204699 -0.007639 0.179420
v -0.204699 -0.004676 0.181763
v -0.208293 -0.010707 0.183300
v -0.208293 -0.007744 0.185643
v -0.214108 -0.011879 0.184782
v -0.214108 -0.008915 0.187125
v -0.219922 -0.010707 0.183300
v -0.219922 -0.007744 0.185643
v -0.223516 -0.007639 0.179420
v -0.223516 -0.004676 0.181763
v -0.223516 -0.003847 0.174624
v -0.223516 -0.000884 0.176968
v -0.219922 -0.000779 0.170745
v -0.219922 0.002184 0.173088
v -0.214108 0.001697 0.173550
v -0.214108 0.013210 0.182653
v -0.207752 -0.000579 0.176428
v -0.207752 0.010934 0.185532
v -0.207752 -0.005131 0.182184
v -0.207752 0.006382 0.191288
v -0.214108 -0.007407 0.185062
v -0.214108 0.004106 0.194166
v -0.220463 -0.005131 0.182184
v -0.220463 0.006382 0.191288
v -0.220463 -0.000579 0.176428
v -0.220463 0.010934 0.185532
v -0.166879 0.000393 0.169263
v -0.166879 0.003356 0.171606
v -0.161064 -0.000779 0.170745
v -0.161064 0.002184 0.173088
v -0.157471 -0.003847 0.174624
v -0.157471 -0.000884 0.176968
v -0.157471 -0.007639 0.179420
v -0.157471 -0.004676 0.181763
v -0.161064 -0.010707 0.183300
v -0.161064 -0.007744 0.185643
v -0.166879 -0.011879 0.184782
v -0.166879 -0.008915 0.187125
v -0.172693 -0.010707 0.183300
v -0.172693 -0.007744 0.185643
v -0.176287 -0.007639 0.179420
v -0.176287 -0.004676 0.181763
v -0.176287 -0.003847 0.174624
v -0.176287 -0.000884 0.176968
v -0.172693 -0.000779 0.170745
v -0.172693 0.002184 0.173088
v -0.166879 0.001697 0.173550
v -0.166879 0.013210 0.182653
v -0.160523 -0.000579 0.176428
v -0.160523 0.010934 0.185532
v -0.160523 -0.005131 0.182184
v -0.160523 0.006382 0.191288
v -0.166879 -0.007407 0.185062
v -0.166879 0.004106 0.194166
v -0.173234 -0.005131 0.182184
v -0.173234 0.006382 0.191288
v -0.173234 -0.000579 0.176428
v -0.173234 0.010934 0.185532
v -0.119650 0.000393 0.169263
v -0.119650 0.003356 0.171606
v -0.113836 -0.000779 0.170745
v -0.113836 0.002184 0.173088
v -0.110242 -0.003847 0.174624
v -0.110242 -0.000884 0.176968
v -0.110242 -0.007639 0.179420
v -0.110242 -0.004676 0.181763
v -0.113836 -0.010707 0.183300
v -0.113836 -0.007744 0.185643
v -0.119650 -0.011879 0.184782
v -0.119650 -0.008915 0.187125
v -0.125465 -0.010707 0.183300
v -0.125465 -0.007744 0.185643
v -0.129058 -0.007639 0.179420
v -0.129058 -0.004676 0.181763
v -0.129058 -0.003847 0.174624
v -0.129058 -0.000884 0.176968
v -0.125465 -0.000779 0.170745
v -0.125465 0.002184 0.173088
v -0.119650 0.001697 0.173550
v -0.119650 0.013210 0.182653
v -0.113295 -0.000579 0.176428
v -0.113295 0.010934 0.185532
v -0.113295 -0.005131 0.182184
v -0.113295 0.006382 0.191288
v -0.119650 -0.007407 0.185062
v -0.119650 0.004106 0.194166
v -0.126006 -0.005131 0.182184
v -0.126006 0.006382 0.191288
v -0.126006 -0.000579 0.176428
v -0.126006 0.010934 0.185532
v -0.315652 -0.030971 0.209260
v -0.315652 -0.026918 0.212502
v -0.312196 -0.031673 0.210136
v -0.312196 -0.027619 0.213379
v -0.310061 -0.033509 0.212432
v -0.310061 -0.029455 0.215674
v -0.310061 -0.035778 0.215269
v -0.310061 -0.031725 0.218511
v -0.312196 -0.037614 0.217565
v -0.312196 -0.033561 0.220807
v -0.315652 -0.038315 0.218441
v -0.315652 -0.034262 0.221684
v -0.319107 -0.037614 0.217565
v -0.319107 -0.033561 0.220807
v -0.321243 -0.035778 0.215269
v -0.321243 -0.031725 0.218511
v -0.321243 -0.033509 0.212432
v -0.321243 -0.029455 0.215674
v -0.319107 -0.031673 0.210136
v -0.319107 -0.027619 0.213379
v -0.293288 -0.030971 0.209260
v -0.293288 -0.026918 0.212502
v -0.289832 -0.031673 0.210136
v -0.289832 -0.027619 0.213379
v -0.287697 -0.033509 0.212432
v -0.287697 -0.029455 0.215674
v -0.287697 -0.035778 0.215269
v -0.287697 -0.031725 0.218511
v -0.289832 -0.037614 0.217565
v -0.289832 -0.033561 0.220807
v -0.293288 -0.038315 0.218441
v -0.293288 -0.034262 0.221684
v -0.296743 -0.037614 0.217565
v -0.296743 -0.033561 0.220807
v -0.298879 -0.035778 0.215269
v -0.298879 -0.031725 0.218511
v -0.298879 -0.033509 0.212432
v -0.298879 -0.029455 0.215674
v -0.296743 -0.031673 0.210136
v -0.296743 -0.027619 0.213379
v -0.270924 -0.030971 0.209260
v -0.270924 -0.026918 0.212502
v -0.267468 -0.031673 0.210136
v -0.267468 -0.027619 0.213379
v -0.265333 -0.033509 0.212432
v -0.265333 -0.029455 0.215674
v -0.265333 -0.035778 0.215269
v -0.265333 -0.031725 0.218511
v -0.267468 -0.037614 0.217565
v -0.267468 -0.033561 0.220807
v -0.270924 -0.038315 0.218441
v -0.270924 -0.034262 0.221684
v -0.274379 -0.037614 0.217565
v -0.274379 -0.033561 0.220807
v -0.276515 -0.035778 0.215269
v -0.276515 -0.031725 0.218511
v -0.276515 -0.033509 0.212432
v -0.276515 -0.029455 0.215674
v -0.274379 -0.031673 0.210136
v -0.274379 -0.027619 0.213379
v -0.248559 -0.030971 0.209260
v -0.248559 -0.026918 0.212502
v -0.245104 -0.031673 0.210136
v -0.245104 -0.027619 0.213379
v -0.242968 -0.033509 0.212432
v -0.242968 -0.029455 0.215674
v -0.242968 -0.035778 0.215269
v -0.242968 -0.031725 0.218511
v -0.245104 -0.037614 0.217565
v -0.245104 -0.033561 0.220807
v -0.248559 -0.038315 0.218441
v -0.248559 -0.034262 0.221684
v -0.252015 -0.037614 0.217565
v -0.252015 -0.033561 0.220807
v -0.254150 -0.035778 0.215269
v -0.254150 -0.031725 0.218511
v -0.254150 -0.033509 0.212432
v -0.254150 -0.029455 0.215674
v -0.252015 -0.031673 0.210136
v -0.252015 -0.027619 0.213379
v -0.226195 -0.030971 0.209260
v -0.226195 -0.026918 0.212502
v -0.222740 -0.031673 0.210136
v -0.222740 -0.027619 0.213379
v -0.220604 -0.033509 0.212432
v -0.220604 -0.029455 0.215674
v -0.220604 -0.035778 0.215269
v -0.220604 -0.031725 0.218511
v -0.222740 -0.037614 0.217565
v -0.222740 -0.033561 0.220807
v -0.226195 -0.038315 0.218441
v -0.226195 -0.034262 0.221684
v -0.229651 -0.037614 0.217565
v -0.229651 -0.033561 0.220807
v -0.231786 -0.035778 0.215269
v -0.231786 -0.031725 0.218511
v -0.231786 -0.033509 0.212432
v -0.231786 -0.029455 0.215674
v -0.229651 -0.031673 0.210136
v -0.229651 -0.027619 0.213379
v -0.203831 -0.030971 0.209260
v -0.203831 -0.026918 0.212502
v -0.200376 -0.031673 0.210136
v -0.200376 -0.027619 0.213379
v -0.198240 -0.033509 0.212432
v -0.198240 -0.029455 0.215674
v -0.198240 -0.035778 0.215269
v -0.198240 -0.031725 0.218511
v -0.200376 -0.037614 0.217565
v -0.200376 -0.033561 0.220807
v -0.203831 -0.038315 0.218441
v -0.203831 -0.034262 0.221684
v -0.207287 -0.037614 0.217565
v -0.207287 -0.033561 0.220807
v -0.209422 -0.035778 0.215269
v -0.209422 -0.031725 0.218511
v -0.209422 -0.033509 0.212432
v -0.209422 -0.029455 0.215674
v -0.207287 -0.031673 0.210136
v -0.207287 -0.027619 0.213379
v -0.181467 -0.030971 0.209260
v -0.181467 -0.026918 0.212502
v -0.178012 -0.031673 0.210136
v -0.178012 -0.027619 0.213379
v -0.175876 -0.033509 0.212432
v -0.175876 -0.029455 0.215674
v -0.175876 -0.035778 0.215269
v -0.175876 -0.031725 0.218511
v -0.178012 -0.037614 0.217565
v -0.178012 -0.033561 0.220807
v -0.181467 -0.038315 0.218441
v -0.181467 -0.034262 0.221684
v -0.184922 -0.037614 0.217565
v -0.184922 -0.033561 0.220807
v -0.187058 -0.035778 0.215269
v -0.187058 -0.031725 0.218511
v -0.187058 -0.033509 0.212432
v -0.187058 -0.029455 0.215674
v -0.184922 -0.031673 0.210136
v -0.184922 -0.027619 0.213379
v -0.159103 -0.030971 0.209260
v -0.159103 -0.026918 0.212502
v -0.155647 -0.031673 0.210136
v -0.155647 -0.027619 0.213379
v -0.153512 -0.033509 0.212432
v -0.153512 -0.029455 0.215674
v -0.153512 -0.035778 0.215269
v -0.153512 -0.031725 0.218511
v -0.155647 -0.037614 0.217565
v -0.155647 -0.033561 0.220807
v -0.159103 -0.038315 0.218441
v -0.159103 -0.034262 0.221684
v -0.162558 -0.037614 0.217565
v -0.162558 -0.033561 0.220807
v -0.164694 -0.035778 0.215269
v -0.164694 -0.031725 0.218511
v -0.164694 -0.033509 0.212432
v -0.164694 -0.029455 0.215674
v -0.162558 -0.031673 0.210136
v -0.162558 -0.027619 0.213379
v -0.136739 -0.030971 0.209260
v -0.136739 -0.026918 0.212502
v -0.133283 -0.031673 0.210136
v -0.133283 -0.027619 0.213379
v -0.131148 -0.033509 0.212432
v -0.131148 -0.029455 0.215674
v -0.131148 -0.035778 0.215269
v -0.131148 -0.031725 0.218511
v -0.133283 -0.037614 0.217565
v -0.133283 -0.033561 0.220807
v -0.136739 -0.038315 0.218441
v -0.136739 -0.034262 0.221684
v -0.140194 -0.037614 0.217565
v -0.140194 -0.033561 0.220807
v -0.142330 -0.035778 0.215269
v -0.142330 -0.031725 0.218511
v -0.142330 -0.033509 0.212432
v -0.142330 -0.029455 0.215674
v -0.140194 -0.031673 0.210136
v -0.140194 -0.027619 0.213379
v -0.114375 -0.030971 0.209260
v -0.114375 -0.026918 0.212502
v -0.110919 -0.031673 0.210136
v -0.110919 -0.027619 0.213379
v -0.108783 -0.033509 0.212432
v -0.108783 -0.029455 0.215674
v -0.108783 -0.035778 0.215269
v -0.108783 -0.031725 0.218511
v -0.110919 -0.037614 0.217565
v -0.110919 -0.033561 0.220807
v -0.114375 -0.038315 0.218441
v -0.114375 -0.034262 0.221684
v -0.117830 -0.037614 0.217565
v -0.117830 -0.033561 0.220807
v -0.119966 -0.035778 0.215269
v -0.119966 -0.031725 0.218511
v -0.119966 -0.033509 0.212432
v -0.119966 -0.029455 0.215674
v -0.117830 -0.031673 0.210136
v -0.117830 -0.027619 0.213379
v -0.315652 -0.050066 0.233132
v -0.315652 -0.046012 0.236374
v -0.312196 -0.050767 0.234009
v -0.312196 -0.046714 0.237251
v -0.310061 -0.052603 0.236305
v -0.310061 -0.048550 0.239547
v -0.310061 -0.054872 0.239142
v -0.310061 -0.050819 0.242384
v -0.312196 -0.056708 0.241437
v -0.312196 -0.052655 0.244679
v -0.315652 -0.057410 0.242314
v -0.315652 -0.053356 0.245556
v -0.319107 -0.056708 0.241437
v -0.319107 -0.052655 0.244679
v -0.321243 -0.054872 0.239142
v -0.321243 -0.050819 0.242384
v -0.321243 -0.052603 0.236305
v -0.321243 -0.048550 0.239547
v -0.319107 -0.050767 0.234009
v -0.319107 -0.046714 0.237251
v -0.293288 -0.050066 0.233132
v -0.293288 -0.046012 0.236374
v -0.289832 -0.050767 0.234009
v -0.289832 -0.046714 0.237251
v -0.287697 -0.052603 0.236305
v -0.287697 -0.048550 0.239547
v -0.287697 -0.054872 0.239142
v -0.287697 -0.050819 0.242384
v -0.289832 -0.056708 0.241437
v -0.289832 -0.052655 0.244679
v -0.293288 -0.057410 0.242314
v -0.293288 -0.053356 0.245556
v -0.296743 -0.056708 0.241437
v -0.296743 -0.052655 0.244679
v -0.298879 -0.054872 0.239142
v -0.298879 -0.050819 0.242384
v -0.298879 -0.052603 0.236305
v -0.298879 -0.048550 0.239547
v -0.296743 -0.050767 0.234009
v -0.296743 -0.046714 0.237251
v -0.270924 -0.050066 0.233132
v -0.270924 -0.046012 0.236374
v -0.267468 -0.050767 0.234009
v -0.267468 -0.046714 0.237251
v -0.265333 -0.052603 0.236305
v -0.265333 -0.048550 0.239547
v -0.265333 -0.054872 0.239142
v -0.265333 -0.050819 0.242384
v -0.267468 -0.056708 0.241437
v -0.267468 -0.052655 0.244679
v -0.270924 -0.057410 0.242314
v -0.270924 -0.053356 0.245556
v -0.274379 -0.056708 0.241437
v -0.274379 -0.052655 0.244679
v -0.276515 -0.054872 0.239142
v -0.276515 -0.050819 0.242384
v -0.276515 -0.052603 0.236305
v -0.276515 -0.048550 0.239547
v -0.274379 -0.050767 0.234009
v -0.274379 -0.046714 0.237251
v -0.248559 -0.050066 0.233132
v -0.248559 -0.046012 0.236374
v -0.245104 -0.050767 0.234009
v -0.245104 -0.046714 0.237251
v -0.242968 -0.052603 0.236305
v -0.242968 -0.048550 0.239547
v -0.242968 -0.054872 0.239142
v -0.242968 -0.050819 0.242384
v -0.245104 -0.056708 0.241437
v -0.245104 -0.052655 0.244679
v -0.248559 -0.057410 0.242314
v -0.248559 -0.053356 0.245556
v -0.252015 -0.056708 0.241437
v -0.252015 -0.052655 0.244679
v -0.254150 -0.054872 0.239142
v -0.254150 -0.050819 0.242384
v -0.254150 -0.052603 0.236305
v -0.254150 -0.048550 0.239547
v -0.252015 -0.050767 0.234009
v -0.252015 -0.046714 0.237251
v -0.226195 -0.050066 0.233132
v -0.226195 -0.046012 0.236374
v -0.222740 -0.050767 0.234009
v -0.222740 -0.046714 0.237251
v -0.220604 -0.052603 0.236305
v -0.220604 -0.048550 0.239547
v -0.220604 -0.054872 0.239142
v -0.220604 -0.050819 0.242384
v -0.222740 -0.056708 0.241437
v -0.222740 -0.052655 0.244679
v -0.226195 -0.057410 0.242314
v -0.226195 -0.053356 0.245556
v -0.229651 -0.056708 0.241437
v -0.229651 -0.052655 0.244679
v -0.231786 -0.054872 0.239142
v -0.231786 -0.050819 0.242384
v -0.231786 -0.052603 0.236305
v -0.231786 -0.048550 0.239547
v -0.229651 -0.050767 0.234009
v -0.229651 -0.046714 0.237251
v -0.203831 -0.050066 0.233132
v -0.203831 -0.046012 0.236374
v -0.200376 -0.050767 0.234009
v -0.200376 -0.046714 0.237251
v -0.198240 -0.052603 0.236305
v -0.198240 -0.048550 0.239547
v -0.198240 -0.054872 0.239142
v -0.198240 -0.050819 0.242384
v -0.200376 -0.056708 0.241437
v -0.200376 -0.052655 0.244679
v -0.203831 -0.057410 0.242314
v -0.203831 -0.053356 0.245556
v -0.207287 -0.056708 0.241437
v -0.207287 -0.052655 0.244679
v -0.209422 -0.054872 0.239142
v -0.209422 -0.050819 0.242384
v -0.209422 -0.052603 0.236305
v -0.209422 -0.048550 0.239547
v -0.207287 -0.050767 0.234009
v -0.207287 -0.046714 0.237251
v -0.181467 -0.050066 0.233132
v -0.181467 -0.046012 0.236374
v -0.178012 -0.050767 0.234009
v -0.178012 -0.046714 0.237251
v -0.175876 -0.052603 0.236305
v -0.175876 -0.048550 0.239547
v -0.175876 -0.054872 0.239142
v -0.175876 -0.050819 0.242384
v -0.178012 -0.056708 0.241437
v -0.178012 -0.052655 0.244679
v -0.181467 -0.057410 0.242314
v -0.181467 -0.053356 0.245556
v -0.184922 -0.056708 0.241437
v -0.184922 -0.052655 0.244679
v -0.187058 -0.054872 0.239142
v -0.187058 -0.050819 0.242384
v -0.187058 -0.052603 0.236305
v -0.187058 -0.048550 0.239547
v -0.184922 -0.050767 0.234009
v -0.184922 -0.046714 0.237251
v -0.159103 -0.050066 0.233132
v -0.159103 -0.046012 0.236374
v -0.155647 -0.050767 0.234009
v -0.155647 -0.046714 0.237251
v -0.153512 -0.052603 0.236305
v -0.153512 -0.048550 0.239547
v -0.153512 -0.054872 0.239142
v -0.153512 -0.050819 0.242384
v -0.155647 -0.056708 0.241437
v -0.155647 -0.052655 0.244679
v -0.159103 -0.057410 0.242314
v -0.159103 -0.053356 0.245556
v -0.162558 -0.056708 0.241437
v -0.162558 -0.052655 0.244679
v -0.164694 -0.054872 0.239142
v -0.164694 -0.050819 0.242384
v -0.164694 -0.052603 0.236305
v -0.164694 -0.048550 0.239547
v -0.162558 -0.050767 0.234009
v -0.162558 -0.046714 0.237251
v -0.136739 -0.050066 0.233132
v -0.136739 -0.046012 0.236374
v -0.133283 -0.050767 0.234009
v -0.133283 -0.046714 0.237251
v -0.131148 -0.052603 0.236305
v -0.131148 -0.048550 0.239547
v -0.131148 -0.054872 0.239142
v -0.131148 -0.050819 0.242384
v -0.133283 -0.056708 0.241437
v -0.133283 -0.052655 0.244679
v -0.136739 -0.057410 0.242314
v -0.136739 -0.053356 0.245556
v -0.140194 -0.056708 0.241437
v -0.140194 -0.052655 0.244679
v -0.142330 -0.054872 0.239142
v -0.142330 -0.050819 0.242384
v -0.142330 -0.052603 0.236305
v -0.142330 -0.048550 0.239547
v -0.140194 -0.050767 0.234009
v -0.140194 -0.046714 0.237251
v -0.114375 -0.050066 0.233132
v -0.114375 -0.046012 0.236374
v -0.110919 -0.050767 0.234009
v -0.110919 -0.046714 0.237251
v -0.108783 -0.052603 0.236305
v -0.108783 -0.048550 0.239547
v -0.108783 -0.054872 0.239142
v -0.108783 -0.050819 0.242384
v -0.110919 -0.056708 0.241437
v -0.110919 -0.052655 0.244679
v -0.114375 -0.057410 0.242314
v -0.114375 -0.053356 0.245556
v -0.117830 -0.056708 0.241437
v -0.117830 -0.052655 0.244679
v -0.119966 -0.054872 0.239142
v -0.119966 -0.050819 0.242384
v -0.119966 -0.052603 0.236305
v -0.119966 -0.048550 0.239547
v -0.117830 -0.050767 0.234009
v -0.117830 -0.046714 0.237251
v 0.331138 -0.061897 0.246873
v 0.341204 -0.063572 0.248987
v 0.348572 -0.068149 0.254763
v 0.351270 -0.074400 0.262652
v 0.348572 -0.080652 0.270541
v 0.341204 -0.085228 0.276317
v 0.331138 -0.086903 0.278431
v 0.321072 -0.085228 0.276317
v 0.313703 -0.080652 0.270541
v 0.311006 -0.074400 0.262652
v 0.313703 -0.068149 0.254763
v 0.321072 -0.063572 0.248987
v 0.331138 -0.055287 0.254741
v 0.340173 -0.056790 0.256638
v 0.346788 -0.060898 0.261822
v 0.349209 -0.066510 0.268904
v 0.346788 -0.072122 0.275986
v 0.340173 -0.076230 0.281171
v 0.331138 -0.077733 0.283068
v 0.322102 -0.076230 0.281171
v 0.315487 -0.072122 0.275986
v 0.313066 -0.066510 0.268904
v 0.315487 -0.060898 0.261822
v 0.322102 -0.056790 0.256638
v 0.399586 -0.061897 0.246873
v 0.409652 -0.063572 0.248987
v 0.417020 -0.068149 0.254763
v 0.419718 -0.074400 0.262652
v 0.417020 -0.080652 0.270541
v 0.409652 -0.085228 0.276317
v 0.399586 -0.086903 0.278431
v 0.389520 -0.085228 0.276317
v 0.382151 -0.080652 0.270541
v 0.379454 -0.074400 0.262652
v 0.382151 -0.068149 0.254763
v 0.389520 -0.063572 0.248987
v 0.399586 -0.055287 0.254741
v 0.408622 -0.056790 0.256638
v 0.415236 -0.060898 0.261822
v 0.417657 -0.066510 0.268904
v 0.415236 -0.072122 0.275986
v 0.408622 -0.076230 0.281171
v 0.399586 -0.077733 0.283068
v 0.390550 -0.076230 0.281171
v 0.383936 -0.072122 0.275986
v 0.381514 -0.066510 0.268904
v 0.383936 -0.060898 0.261822
v 0.390550 -0.056790 0.256638
v 0.468034 -0.061897 0.246873
v 0.478100 -0.063572 0.248987
v 0.485469 -0.068149 0.254763
v 0.488166 -0.074400 0.262652
v 0.485469 -0.080652 0.270541
v 0.478100 -0.085228 0.276317
v 0.468034 -0.086903 0.278431
v 0.457968 -0.085228 0.276317
v 0.450599 -0.080652 0.270541
v 0.447902 -0.074400 0.262652
v 0.450599 -0.068149 0.254763
v 0.457968 -0.063572 0.248987
v 0.468034 -0.055287 0.254741
v 0.477070 -0.056790 0.256638
v 0.483684 -0.060898 0.261822
v 0.486105 -0.066510 0.268904
v 0.483684 -0.072122 0.275986
v 0.477070 -0.076230 0.281171
v 0.468034 -0.077733 0.283068
v 0.458998 -0.076230 0.281171
v 0.452384 -0.072122 0.275986
v 0.449962 -0.066510 0.268904
v 0.452384 -0.060898 0.261822
v 0.458998 -0.056790 0.256638
v -0.315463 -0.082231 0.273034
v -0.318169 -0.080541 0.270920
v -0.316816 -0.082005 0.272751
v -0.317807 -0.081386 0.271977
v -0.318169 -0.074895 0.263855
v -0.315463 -0.073205 0.261741
v -0.317807 -0.074050 0.262798
v -0.316816 -0.073431 0.262024
v -0.303712 -0.080541 0.270920
v -0.306419 -0.082231 0.273034
v -0.304075 -0.081386 0.271977
v -0.305066 -0.082005 0.272751
v -0.306419 -0.073205 0.261741
v -0.303712 -0.074895 0.263855
v -0.305066 -0.073431 0.262024
v -0.304075 -0.074050 0.262798
v -0.318169 -0.077123 0.273652
v -0.315463 -0.078813 0.275766
v -0.317807 -0.077968 0.274709
v -0.316816 -0.078586 0.275483
v -0.315463 -0.069787 0.264473
v -0.318169 -0.071476 0.266587
v -0.316816 -0.070013 0.264757
v -0.317807 -0.070632 0.265530
v -0.306419 -0.078813 0.275766
v -0.303712 -0.077123 0.273652
v -0.305066 -0.078586 0.275483
v -0.304075 -0.077968 0.274709
v -0.303712 -0.071476 0.266587
v -0.306419 -0.069787 0.264473
v -0.304075 -0.070632 0.265530
v -0.305066 -0.070013 0.264757
v -0.267032 -0.082231 0.273034
v -0.269739 -0.080541 0.270920
v -0.268386 -0.082005 0.272751
v -0.269376 -0.081386 0.271977
v -0.269739 -0.074895 0.263855
v -0.267032 -0.073205 0.261741
v -0.269376 -0.074050 0.262798
v -0.268386 -0.073431 0.262024
v -0.255282 -0.080541 0.270920
v -0.257988 -0.082231 0.273034
v -0.255645 -0.081386 0.271977
v -0.256635 -0.082005 0.272751
v -0.257988 -0.073205 0.261741
v -0.255282 -0.074895 0.263855
v -0.256635 -0.073431 0.262024
v -0.255645 -0.074050 0.262798
v -0.269739 -0.077123 0.273652
v -0.267032 -0.078813 0.275766
v -0.269376 -0.077968 0.274709
v -0.268386 -0.078586 0.275483
v -0.267032 -0.069787 0.264473
v -0.269739 -0.071476 0.266587
v -0.268386 -0.070013 0.264757
v -0.269376 -0.070632 0.265530
v -0.257988 -0.078813 0.275766
v -0.255282 -0.077123 0.273652
v -0.256635 -0.078586 0.275483
v -0.255645 -0.077968 0.274709
v -0.255282 -0.071476 0.266587
v -0.257988 -0.069787 0.264473
v -0.255645 -0.070632 0.265530
v -0.256635 -0.070013 0.264757
v -0.218602 -0.082231 0.273034
v -0.221308 -0.080541 0.270920
v -0.219955 -0.082005 0.272751
v -0.220946 -0.081386 0.271977
v -0.221308 -0.074895 0.263855
v -0.218602 -0.073205 0.261741
v -0.220946 -0.074050 0.262798
v -0.219955 -0.073431 0.262024
v -0.206851 -0.080541 0.270920
v -0.209558 -0.082231 0.273034
v -0.207214 -0.081386 0.271977
v -0.208205 -0.082005 0.272751
v -0.209558 -0.073205 0.261741
v -0.206851 -0.074895 0.263855
v -0.208205 -0.073431 0.262024
v -0.207214 -0.074050 0.262798
v -0.221308 -0.077123 0.273652
v -0.218602 -0.078813 0.275766
v -0.220946 -0.077968 0.274709
v -0.219955 -0.078586 0.275483
v -0.218602 -0.069787 0.264473
v -0.221308 -0.071476 0.266587
v -0.219955 -0.070013 0.264757
v -0.220946 -0.070632 0.265530
v -0.209558 -0.078813 0.275766
v -0.206851 -0.077123 0.273652
v -0.208205 -0.078586 0.275483
v -0.207214 -0.077968 0.274709
v -0.206851 -0.071476 0.266587
v -0.209558 -0.069787 0.264473
v -0.207214 -0.070632 0.265530
v -0.208205 -0.070013 0.264757
v -0.170171 -0.082231 0.273034
v -0.172878 -0.080541 0.270920
v -0.171525 -0.082005 0.272751
v -0.172515 -0.081386 0.271977
v -0.172878 -0.074895 0.263855
v -0.170171 -0.073205 0.261741
v -0.172515 -0.074050 0.262798
v -0.171525 -0.073431 0.262024
v -0.158421 -0.080541 0.270920
v -0.161127 -0.082231 0.273034
v -0.158783 -0.081386 0.271977
v -0.159774 -0.082005 0.272751
v -0.161127 -0.073205 0.261741
v -0.158421 -0.074895 0.263855
v -0.159774 -0.073431 0.262024
v -0.158783 -0.074050 0.262798
v -0.172878 -0.077123 0.273652
v -0.170171 -0.078813 0.275766
v -0.172515 -0.077968 0.274709
v -0.171525 -0.078586 0.275483
v -0.170171 -0.069787 0.264473
v -0.172878 -0.071476 0.266587
v -0.171525 -0.070013 0.264757
v -0.172515 -0.070632 0.265530
v -0.161127 -0.078813 0.275766
v -0.158421 -0.077123 0.273652
v -0.159774 -0.078586 0.275483
v -0.158783 -0.077968 0.274709
v -0.158421 -0.071476 0.266587
v -0.161127 -0.069787 0.264473
v -0.158783 -0.070632 0.265530
v -0.159774 -0.070013 0.264757
v -0.121741 -0.082231 0.273034
v -0.124447 -0.080541 0.270920
v -0.123094 -0.082005 0.272751
v -0.124085 -0.081386 0.271977
v -0.124447 -0.074895 0.263855
v -0.121741 -0.073205 0.261741
v -0.124085 -0.074050 0.262798
v -0.123094 -0.073431 0.262024
v -0.109990 -0.080541 0.270920
v -0.112697 -0.082231 0.273034
v -0.110353 -0.081386 0.271977
v -0.111343 -0.082005 0.272751
v -0.112697 -0.073205 0.261741
v -0.109990 -0.074895 0.263855
v -0.111343 -0.073431 0.262024
v -0.110353 -0.074050 0.262798
v -0.124447 -0.077123 0.273652
v -0.121741 -0.078813 0.275766
v -0.124085 -0.077968 0.274709
v -0.123094 -0.078586 0.275483
v -0.121741 -0.069787 0.264473
v -0.124447 -0.071476 0.266587
v -0.123094 -0.070013 0.264757
v -0.124085 -0.070632 0.265530
v -0.112697 -0.078813 0.275766
v -0.109990 -0.077123 0.273652
v -0.111343 -0.078586 0.275483
v -0.110353 -0.077968 0.274709
v -0.109990 -0.071476 0.266587
v -0.112697 -0.069787 0.264473
v -0.110353 -0.070632 0.265530
v -0.111343 -0.070013 0.264757
v -0.042416 -0.039339 0.222595
v -0.042416 0.022071 0.145909
v -0.035661 -0.039339 0.222595
v -0.035661 0.022071 0.145909
v -0.050724 -0.051224 0.230519
v -0.056374 -0.047693 0.226109
v -0.052886 -0.050955 0.230183
v -0.054719 -0.050190 0.229227
v -0.055944 -0.049044 0.227797
v -0.056374 -0.042165 0.230536
v -0.050724 -0.045696 0.234945
v -0.055944 -0.043517 0.232223
v -0.054719 -0.044662 0.233654
v -0.052886 -0.045428 0.234610
v -0.056374 0.023674 0.136990
v -0.050724 0.027206 0.132580
v -0.055944 0.025026 0.135302
v -0.054719 0.026172 0.133872
v -0.052886 0.026937 0.132916
v -0.050724 0.032734 0.137007
v -0.056374 0.029202 0.141416
v -0.052886 0.032465 0.137342
v -0.054719 0.031699 0.138298
v -0.055944 0.030554 0.139729
v -0.021703 -0.047693 0.226109
v -0.027352 -0.051224 0.230519
v -0.022133 -0.049044 0.227797
v -0.023358 -0.050190 0.229227
v -0.025190 -0.050955 0.230183
v -0.027352 -0.045696 0.234945
v -0.021703 -0.042165 0.230536
v -0.025190 -0.045428 0.234610
v -0.023358 -0.044662 0.233654
v -0.022133 -0.043517 0.232223
v -0.027352 0.027206 0.132580
v -0.021703 0.023674 0.136990
v -0.025190 0.026937 0.132916
v -0.023358 0.026172 0.133872
v -0.022133 0.025026 0.135302
v -0.021703 0.029202 0.141416
v -0.027352 0.032734 0.137007
v -0.022133 0.030554 0.139729
v -0.023358 0.031699 0.138298
v -0.025190 0.032465 0.137342
v -0.042416 0.024224 0.147633
v -0.035661 0.024224 0.147633
v -0.035661 -0.013433 0.194657
v -0.035661 -0.037187 0.224319
v -0.042416 -0.037187 0.224319
v -0.045356 0.007147 0.164210
v -0.045356 0.013511 0.169306
v -0.045356 0.022130 0.145500
v -0.045356 0.028494 0.150596
v -0.032721 0.007147 0.164210
v -0.032721 0.013511 0.169306
v -0.032721 0.022130 0.145500
v -0.032721 0.028494 0.150596
v -0.045356 0.019625 0.148612
v -0.045356 0.017127 0.151730
v -0.045356 0.014630 0.154848
v -0.045356 0.012133 0.157966
v -0.045356 0.009636 0.161085
v -0.045356 0.016029 0.166204
v -0.045356 0.017058 0.161910
v -0.045356 0.019462 0.158717
v -0.045356 0.022052 0.155674
v -0.045356 0.026017 0.153731
v -0.032721 0.009636 0.161085
v -0.032721 0.012133 0.157966
v -0.032721 0.014630 0.154848
v -0.032721 0.017127 0.151730
v -0.032721 0.019625 0.148612
v -0.032721 0.026017 0.153731
v -0.032721 0.022052 0.155674
v -0.032721 0.019462 0.158717
v -0.032721 0.017058 0.161910
v -0.032721 0.016029 0.166204
v 0.025193 -0.039339 0.222595
v 0.025193 0.022071 0.145909
v 0.031947 -0.039339 0.222595
v 0.031947 0.022071 0.145909
v 0.016884 -0.051224 0.230519
v 0.011234 -0.047693 0.226109
v 0.014722 -0.050955 0.230183
v 0.012889 -0.050190 0.229227
v 0.011664 -0.049044 0.227797
v 0.011234 -0.042165 0.230536
v 0.016884 -0.045696 0.234945
v 0.011664 -0.043517 0.232223
v 0.012889 -0.044662 0.233654
v 0.014722 -0.045428 0.234610
v 0.011234 0.023674 0.136990
v 0.016884 0.027206 0.132580
v 0.011664 0.025026 0.135302
v 0.012889 0.026172 0.133872
v 0.014722 0.026937 0.132916
v 0.016884 0.032734 0.137007
v 0.011234 0.029202 0.141416
v 0.014722 0.032465 0.137342
v 0.012889 0.031699 0.138298
v 0.011664 0.030554 0.139729
v 0.045905 -0.047693 0.226109
v 0.040256 -0.051224 0.230519
v 0.045475 -0.049044 0.227797
v 0.044251 -0.050190 0.229227
v 0.042418 -0.050955 0.230183
v 0.040256 -0.045696 0.234945
v 0.045905 -0.042165 0.230536
v 0.042418 -0.045428 0.234610
v 0.044251 -0.044662 0.233654
v 0.045475 -0.043517 0.232223
v 0.040256 0.027206 0.132580
v 0.045905 0.023674 0.136990
v 0.042418 0.026937 0.132916
v 0.044251 0.026172 0.133872
v 0.045475 0.025026 0.135302
v 0.045905 0.029202 0.141416
v 0.040256 0.032734 0.137007
v 0.045475 0.030554 0.139729
v 0.044251 0.031699 0.138298
v 0.042418 0.032465 0.137342
v 0.025193 0.024224 0.147633
v 0.031947 0.024224 0.147633
v 0.031947 -0.013433 0.194657
v 0.031947 -0.037187 0.224319
v 0.025193 -0.037187 0.224319
v 0.022252 -0.020265 0.198441
v 0.022252 -0.013901 0.203537
v 0.022252 -0.005282 0.179731
v 0.022252 0.001082 0.184827
v 0.034888 -0.020265 0.198441
v 0.034888 -0.013901 0.203537
v 0.034888 -0.005282 0.179731
v 0.034888 0.001082 0.184827
v 0.022252 -0.007788 0.182842
v 0.022252 -0.010285 0.185961
v 0.022252 -0.012782 0.189079
v 0.022252 -0.015279 0.192197
v 0.022252 -0.017776 0.195315
v 0.022252 -0.011383 0.200435
v 0.022252 -0.010354 0.196141
v 0.022252 -0.007950 0.192948
v 0.022252 -0.005360 0.189905
v 0.022252 -0.001395 0.187962
v 0.034888 -0.017776 0.195315
v 0.034888 -0.015279 0.192197
v 0.034888 -0.012782 0.189079
v 0.034888 -0.010285 0.185961
v 0.034888 -0.007788 0.182842
v 0.034888 -0.001395 0.187962
v 0.034888 -0.005360 0.189905
v 0.034888 -0.007950 0.192948
v 0.034888 -0.010354 0.196141
v 0.034888 -0.011383 0.200435
v 0.092801 -0.039339 0.222595
v 0.092801 0.022071 0.145909
v 0.099555 -0.039339 0.222595
v 0.099555 0.022071 0.145909
v 0.084492 -0.051224 0.230519
v 0.078843 -0.047693 0.226109
v 0.082330 -0.050955 0.230183
v 0.080497 -0.050190 0.229227
v 0.079273 -0.049044 0.227797
v 0.078843 -0.042165 0.230536
v 0.084492 -0.045696 0.234945
v 0.079273 -0.043517 0.232223
v 0.080497 -0.044662 0.233654
v 0.082330 -0.045428 0.234610
v 0.078843 0.023674 0.136990
v 0.084492 0.027206 0.132580
v 0.079273 0.025026 0.135302
v 0.080497 0.026172 0.133872
v 0.082330 0.026937 0.132916
v 0.084492 0.032734 0.137007
v 0.078843 0.029202 0.141416
v 0.082330 0.032465 0.137342
v 0.080497 0.031699 0.138298
v 0.079273 0.030554 0.139729
v 0.113514 -0.047693 0.226109
v 0.107864 -0.051224 0.230519
v 0.113084 -0.049044 0.227797
v 0.111859 -0.050190 0.229227
v 0.110026 -0.050955 0.230183
v 0.107864 -0.045696 0.234945
v 0.113514 -0.042165 0.230536
v 0.110026 -0.045428 0.234610
v 0.111859 -0.044662 0.233654
v 0.113084 -0.043517 0.232223
v 0.107864 0.027206 0.132580
v 0.113514 0.023674 0.136990
v 0.110026 0.026937 0.132916
v 0.111859 0.026172 0.133872
v 0.113084 0.025026 0.135302
v 0.113514 0.029202 0.141416
v 0.107864 0.032734 0.137007
v 0.113084 0.030554 0.139729
v 0.111859 0.031699 0.138298
v 0.110026 0.032465 0.137342
v 0.092801 0.024224 0.147633
v 0.099555 0.024224 0.147633
v 0.099556 -0.013433 0.194657
v 0.099555 -0.037187 0.224319
v 0.092801 -0.037187 0.224319
v 0.089860 0.007147 0.164210
v 0.089860 0.013511 0.169306
v 0.089860 0.022130 0.145500
v 0.089860 0.028494 0.150596
v 0.102496 0.007147 0.164210
v 0.102496 0.013511 0.169306
v 0.102496 0.022130 0.145500
v 0.102496 0.028494 0.150596
v 0.089860 0.019625 0.148612
v 0.089860 0.017127 0.151730
v 0.089860 0.014630 0.154848
v 0.089860 0.012133 0.157966
v 0.089860 0.009636 0.161085
v 0.089860 0.016029 0.166204
v 0.089860 0.017058 0.161910
v 0.089860 0.019462 0.158717
v 0.089860 0.022052 0.155674
v 0.089860 0.026017 0.153731
v 0.102496 0.009636 0.161085
v 0.102496 0.012133 0.157966
v 0.102496 0.014630 0.154848
v 0.102496 0.017127 0.151730
v 0.102496 0.019625 0.148612
v 0.102496 0.026017 0.153731
v 0.102496 0.022052 0.155674
v 0.102496 0.019462 0.158717
v 0.102496 0.017058 0.161910
v 0.102496 0.016029 0.166204
v 0.160409 -0.039339 0.222595
v 0.160409 0.022071 0.145909
v 0.167164 -0.039339 0.222595
v 0.167164 0.022071 0.145909
v 0.152101 -0.051224 0.230519
v 0.146451 -0.047693 0.226109
v 0.149939 -0.050955 0.230183
v 0.148106 -0.050190 0.229227
v 0.146881 -0.049044 0.227797
v 0.146451 -0.042165 0.230536
v 0.152101 -0.045696 0.234945
v 0.146881 -0.043517 0.232223
v 0.148106 -0.044662 0.233654
v 0.149939 -0.045428 0.234610
v 0.146451 0.023674 0.136990
v 0.152101 0.027206 0.132580
v 0.146881 0.025026 0.135302
v 0.148106 0.026172 0.133872
v 0.149939 0.026937 0.132916
v 0.152101 0.032734 0.137007
v 0.146451 0.029202 0.141416
v 0.149939 0.032465 0.137342
v 0.148106 0.031699 0.138298
v 0.146881 0.030554 0.139729
v 0.181122 -0.047693 0.226109
v 0.175472 -0.051224 0.230519
v 0.180692 -0.049044 0.227797
v 0.179467 -0.050190 0.229227
v 0.177634 -0.050955 0.230183
v 0.175472 -0.045696 0.234945
v 0.181122 -0.042165 0.230536
v 0.177634 -0.045428 0.234610
v 0.179467 -0.044662 0.233654
v 0.180692 -0.043517 0.232223
v 0.175472 0.027206 0.132580
v 0.181122 0.023674 0.136990
v 0.177634 0.026937 0.132916
v 0.179467 0.026172 0.133872
v 0.180692 0.025026 0.135302
v 0.181122 0.029202 0.141416
v 0.175472 0.032734 0.137007
v 0.180692 0.030554 0.139729
v 0.179467 0.031699 0.138298
v 0.177634 0.032465 0.137342
v 0.160409 0.024224 0.147633
v 0.167164 0.024224 0.147633
v 0.167164 -0.013433 0.194657
v 0.167164 -0.037187 0.224319
v 0.160409 -0.037187 0.224319
v 0.157469 0.007147 0.164210
v 0.157469 0.013511 0.169306
v 0.157469 0.022130 0.145500
v 0.157469 0.028494 0.150596
v 0.170104 0.007147 0.164210
v 0.170104 0.013511 0.169306
v 0.170104 0.022130 0.145500
v 0.170104 0.028494 0.150596
v 0.157469 0.019625 0.148612
v 0.157469 0.017127 0.151730
v 0.157469 0.014630 0.154848
v 0.157469 0.012133 0.157966
v 0.157469 0.009636 0.161085
v 0.157469 0.016029 0.166204
v 0.157469 0.017058 0.161910
v 0.157469 0.019462 0.158717
v 0.157469 0.022052 0.155674
v 0.157469 0.026017 0.153731
v 0.170104 0.009636 0.161085
v 0.170104 0.012133 0.157966
v 0.170104 0.014630 0.154848
v 0.170104 0.017127 0.151730
v 0.170104 0.019625 0.148612
v 0.170104 0.026017 0.153731
v 0.170104 0.022052 0.155674
v 0.170104 0.019462 0.158717
v 0.170104 0.017058 0.161910
v 0.170104 0.016029 0.166204
v 0.228017 -0.039339 0.222595
v 0.228017 0.022071 0.145909
v 0.234772 -0.039339 0.222595
v 0.234772 0.022071 0.145909
v 0.219709 -0.051224 0.230519
v 0.214059 -0.047693 0.226109
v 0.217547 -0.050955 0.230183
v 0.215714 -0.050190 0.229227
v 0.214489 -0.049044 0.227797
v 0.214059 -0.042165 0.230536
v 0.219709 -0.045696 0.234945
v 0.214489 -0.043517 0.232223
v 0.215714 -0.044662 0.233654
v 0.217547 -0.045428 0.234610
v 0.214059 0.023674 0.136990
v 0.219709 0.027206 0.132580
v 0.214489 0.025026 0.135302
v 0.215714 0.026172 0.133872
v 0.217547 0.026937 0.132916
v 0.219709 0.032734 0.137007
v 0.214059 0.029202 0.141416
v 0.217547 0.032465 0.137342
v 0.215714 0.031699 0.138298
v 0.214489 0.030554 0.139729
v 0.248730 -0.047693 0.226109
v 0.243081 -0.051224 0.230519
v 0.248300 -0.049044 0.227797
v 0.247075 -0.050190 0.229227
v 0.245243 -0.050955 0.230183
v 0.243081 -0.045696 0.234945
v 0.248730 -0.042165 0.230536
v 0.245243 -0.045428 0.234610
v 0.247075 -0.044662 0.233654
v 0.248300 -0.043517 0.232223
v 0.243081 0.027206 0.132580
v 0.248730 0.023674 0.136990
v 0.245243 0.026937 0.132916
v 0.247075 0.026172 0.133872
v 0.248300 0.025026 0.135302
v 0.248730 0.029202 0.141416
v 0.243081 0.032734 0.137007
v 0.248300 0.030554 0.139729
v 0.247075 0.031699 0.138298
v 0.245243 0.032465 0.137342
v 0.228017 0.024224 0.147633
v 0.234772 0.024224 0.147633
v 0.234772 -0.013433 0.194657
v 0.234772 -0.037187 0.224319
v 0.228017 -0.037187 0.224319
v 0.225077 -0.042583 0.226310
v 0.225077 -0.036220 0.231406
v 0.225077 -0.027600 0.207601
v 0.225077 -0.021237 0.212697
v 0.237713 -0.042583 0.226310
v 0.237713 -0.036220 0.231406
v 0.237713 -0.027600 0.207601
v 0.237713 -0.021237 0.212697
v 0.225077 -0.030106 0.210712
v 0.225077 -0.032603 0.213830
v 0.225077 -0.035100 0.216949
v 0.225077 -0.037597 0.220067
v 0.225077 -0.040095 0.223185
v 0.225077 -0.033702 0.228305
v 0.225077 -0.032672 0.224011
v 0.225077 -0.030268 0.220818
v 0.225077 -0.027678 0.217774
v 0.225077 -0.023713 0.215832
v 0.237713 -0.040095 0.223185
v 0.237713 -0.037597 0.220067
v 0.237713 -0.035100 0.216949
v 0.237713 -0.032603 0.213830
v 0.237713 -0.030106 0.210712
v 0.237713 -0.023713 0.215832
v 0.237713 -0.027678 0.217774
v 0.237713 -0.030268 0.220818
v 0.237713 -0.032672 0.224011
v 0.237713 -0.033702 0.228305
v 0.326139 0.673156 0.022993
v 0.322589 0.673156 0.022993
v 0.320814 0.670082 0.022993
v 0.322589 0.667007 0.022993
v 0.326139 0.667007 0.022993
v 0.327914 0.670082 0.022993
v 0.327034 0.668150 0.034633
v 0.323508 0.667994 0.035021
v 0.321611 0.665690 0.033099
v 0.323239 0.663542 0.030789
v 0.326764 0.663698 0.030400
v 0.328661 0.666002 0.032322
v 0.328959 0.655121 0.041080
v 0.325454 0.654824 0.041556
v 0.323384 0.653753 0.038878
v 0.324820 0.652978 0.035725
v 0.328325 0.653275 0.035250
v 0.330395 0.654347 0.037927
v 0.330920 0.636435 0.043732
v 0.327408 0.636194 0.044197
v 0.325268 0.635819 0.041389
v 0.326639 0.635683 0.038118
v 0.330150 0.635923 0.037653
v 0.332290 0.636299 0.040460
v 0.332120 0.613225 0.043952
v 0.328601 0.613150 0.044412
v 0.326442 0.613163 0.041594
v 0.327802 0.613252 0.038316
v 0.331321 0.613327 0.037856
v 0.333480 0.613313 0.040674
v 0.331745 0.586676 0.042694
v 0.328230 0.586846 0.043163
v 0.326076 0.587124 0.040355
v 0.327436 0.587232 0.037078
v 0.330951 0.587063 0.036609
v 0.333105 0.586785 0.039417
v 0.328955 0.558082 0.040832
v 0.325475 0.558580 0.041321
v 0.323342 0.559071 0.038525
v 0.324691 0.559064 0.035241
v 0.328171 0.558565 0.034753
v 0.330304 0.558075 0.037549
v 0.322905 0.528775 0.039230
v 0.319516 0.529702 0.039739
v 0.317425 0.530386 0.036953
v 0.318723 0.530143 0.033657
v 0.322112 0.529216 0.033148
v 0.324203 0.528532 0.035935
v 0.312741 0.500106 0.038746
v 0.309549 0.501573 0.039261
v 0.307527 0.502446 0.036476
v 0.308697 0.501852 0.033178
v 0.311889 0.500385 0.032663
v 0.313910 0.499513 0.035448
v 0.297609 0.473443 0.040244
v 0.294780 0.475535 0.040718
v 0.292864 0.476590 0.037922
v 0.293777 0.475554 0.034652
v 0.296606 0.473462 0.034178
v 0.298522 0.472407 0.036974
v 0.276716 0.450217 0.044572
v 0.274217 0.452706 0.044983
v 0.272394 0.453872 0.042170
v 0.273068 0.452549 0.038945
v 0.275567 0.450061 0.038534
v 0.277391 0.448895 0.041347
v 0.254236 0.428335 0.049667
v 0.251699 0.430783 0.050086
v 0.249879 0.431953 0.047271
v 0.250596 0.430675 0.044038
v 0.253132 0.428227 0.043619
v 0.254952 0.427057 0.046433
v 0.234484 0.405070 0.053101
v 0.231741 0.407277 0.053557
v 0.229888 0.408409 0.050748
v 0.230778 0.407333 0.047484
v 0.233521 0.405126 0.047029
v 0.235374 0.403995 0.049837
v 0.216965 0.380931 0.055150
v 0.214074 0.382937 0.055623
v 0.212204 0.384044 0.052816
v 0.213224 0.383147 0.049537
v 0.216115 0.381142 0.049064
v 0.217986 0.380034 0.051870
v 0.201238 0.356480 0.056073
v 0.198251 0.358337 0.056552
v 0.196377 0.359440 0.053746
v 0.197491 0.358686 0.050460
v 0.200478 0.356829 0.049982
v 0.202352 0.355726 0.052788
v 0.186861 0.332279 0.056133
v 0.183823 0.334051 0.056612
v 0.181959 0.335171 0.053806
v 0.183134 0.334518 0.050520
v 0.186172 0.332745 0.050041
v 0.188036 0.331626 0.052847
v 0.173389 0.308890 0.055591
v 0.170345 0.310651 0.056070
v 0.168506 0.311812 0.053265
v 0.169712 0.311213 0.049980
v 0.172756 0.309451 0.049501
v 0.174595 0.308290 0.052307
v 0.160376 0.286873 0.054710
v 0.157376 0.288708 0.055192
v 0.155581 0.289942 0.052389
v 0.156786 0.289341 0.049104
v 0.159786 0.287505 0.048622
v 0.161581 0.286271 0.051425
v 0.147370 0.266787 0.053752
v 0.144485 0.268798 0.054241
v 0.142761 0.270140 0.051443
v 0.143923 0.269473 0.048155
v 0.146807 0.267463 0.047666
v 0.148531 0.266120 0.050464
v 0.133909 0.249195 0.052981
v 0.131251 0.251494 0.053482
v 0.129645 0.252986 0.050690
v 0.130697 0.252180 0.047397
v 0.133355 0.249881 0.046895
v 0.134961 0.248389 0.049687
v 0.119431 0.234591 0.052665
v 0.117366 0.237434 0.053171
v 0.116044 0.239187 0.050381
v 0.116786 0.238097 0.047085
v 0.118851 0.235254 0.046579
v 0.120173 0.233501 0.049369
v 0.088104 0.218747 0.054108
v 0.087389 0.222196 0.054546
v 0.086722 0.224243 0.051724
v 0.086770 0.222841 0.048463
v 0.087485 0.219391 0.048024
v 0.088152 0.217344 0.050847
v 0.055107 0.220124 0.057672
v 0.055956 0.223559 0.057954
v 0.056087 0.225599 0.055051
v 0.055369 0.224204 0.051867
v 0.054520 0.220768 0.051585
v 0.054390 0.218728 0.054488
v 0.021950 0.235039 0.062182
v 0.023784 0.238074 0.062337
v 0.024467 0.239890 0.059364
v 0.023316 0.238671 0.056235
v 0.021481 0.235635 0.056080
v 0.020799 0.233819 0.059053
v -0.010286 0.259702 0.066500
v -0.007931 0.262357 0.066589
v -0.006904 0.263921 0.063573
v -0.008233 0.262831 0.060466
v -0.010588 0.260176 0.060377
v -0.011614 0.258612 0.063394
v -0.040594 0.290482 0.069513
v -0.037952 0.292852 0.069577
v -0.036677 0.294170 0.066537
v -0.038043 0.293117 0.063434
v -0.040684 0.290746 0.063371
v -0.041960 0.289428 0.066410
v -0.067929 0.323812 0.070103
v -0.065117 0.325977 0.070165
v -0.063611 0.327018 0.067123
v -0.064918 0.325894 0.064019
v -0.067731 0.323729 0.063958
v -0.069236 0.322688 0.066999
v -0.091234 0.356162 0.067126
v -0.088315 0.358181 0.067204
v -0.086537 0.358847 0.064204
v -0.087677 0.357494 0.061127
v -0.090596 0.355475 0.061049
v -0.092374 0.354809 0.064048
v -0.109482 0.384080 0.059344
v -0.106504 0.386010 0.059452
v -0.104316 0.386054 0.056657
v -0.105105 0.384168 0.053755
v -0.108083 0.382238 0.053647
v -0.110271 0.382194 0.056442
v -0.121628 0.404107 0.045154
v -0.118648 0.406033 0.045265
v -0.115838 0.405068 0.043322
v -0.116007 0.402177 0.041269
v -0.118987 0.400251 0.041158
v -0.121798 0.401216 0.043101
v -0.126086 0.411863 0.022993
v -0.123127 0.413824 0.022993
v -0.119949 0.412242 0.022993
v -0.119730 0.408699 0.022993
v -0.122689 0.406738 0.022993
v -0.125867 0.408320 0.022993
v 0.193659 0.724174 0.022993
v 0.190209 0.724174 0.022993
v 0.188484 0.721187 0.022993
v 0.190209 0.718199 0.022993
v 0.193659 0.718199 0.022993
v 0.195384 0.721187 0.022993
v 0.195065 0.714008 0.039535
v 0.191638 0.713831 0.039895
v 0.189772 0.711911 0.037720
v 0.191332 0.710168 0.035184
v 0.194758 0.710345 0.034824
v 0.196625 0.712265 0.036999
v 0.198448 0.687737 0.047904
v 0.195041 0.687402 0.048335
v 0.193027 0.686646 0.045638
v 0.194420 0.686223 0.042510
v 0.197827 0.686557 0.042079
v 0.199841 0.687314 0.044776
v 0.201773 0.648886 0.050671
v 0.198351 0.648818 0.051105
v 0.196266 0.648702 0.048358
v 0.197604 0.648654 0.045178
v 0.201026 0.648722 0.044745
v 0.203111 0.648838 0.047492
v 0.210914 0.435826 0.038009
v 0.207520 0.435412 0.038465
v 0.205411 0.435321 0.035737
v 0.206696 0.435644 0.032551
v 0.210090 0.436058 0.032095
v 0.212200 0.436149 0.034823
v 0.212490 0.383610 0.035913
v 0.209086 0.383927 0.036378
v 0.206985 0.384147 0.033650
v 0.208288 0.384049 0.030457
v 0.211692 0.383732 0.029992
v 0.213793 0.383512 0.032720
v 0.206096 0.338280 0.037022
v 0.202768 0.339075 0.037468
v 0.200668 0.339301 0.034740
v 0.201896 0.338731 0.031566
v 0.205223 0.337936 0.031121
v 0.207323 0.337710 0.033849
v 0.194939 0.303075 0.042744
v 0.191893 0.304663 0.043059
v 0.189834 0.305004 0.040312
v 0.190821 0.303758 0.037250
v 0.193868 0.302169 0.036936
v 0.195927 0.301828 0.039683
v 0.178366 0.279784 0.050868
v 0.176023 0.282316 0.050876
v 0.174233 0.283019 0.048011
v 0.174786 0.281189 0.045139
v 0.177129 0.278657 0.045132
v 0.178919 0.277954 0.047996
v 0.157324 0.267122 0.057900
v 0.156071 0.270318 0.057548
v 0.154847 0.271364 0.054497
v 0.154876 0.269216 0.051798
v 0.156128 0.266020 0.052150
v 0.157352 0.264974 0.055201
v 0.133438 0.263373 0.063354
v 0.133281 0.266766 0.062752
v 0.132682 0.267926 0.059558
v 0.132239 0.265692 0.056967
v 0.132395 0.262299 0.057569
v 0.132995 0.261139 0.060762
v 0.108236 0.266542 0.066831
v 0.108905 0.269850 0.066115
v 0.108848 0.270954 0.062847
v 0.108122 0.268749 0.060295
v 0.107453 0.265441 0.061010
v 0.107510 0.264338 0.064279
v 0.083102 0.274616 0.067972
v 0.084336 0.277752 0.067232
v 0.084741 0.278714 0.063944
v 0.083913 0.276541 0.061396
v 0.082680 0.273405 0.062136
v 0.082274 0.272442 0.065424
v 0.059358 0.285639 0.066405
v 0.060989 0.288595 0.065694
v 0.061843 0.289355 0.062439
v 0.061066 0.287158 0.059895
v 0.059436 0.284202 0.060606
v 0.058582 0.283442 0.063861
v 0.038305 0.297710 0.061717
v 0.040238 0.300495 0.061080
v 0.041613 0.300961 0.057950
v 0.041054 0.298641 0.055458
v 0.039121 0.295856 0.056096
v 0.037746 0.295390 0.059226
v 0.021223 0.308966 0.053381
v 0.023408 0.311588 0.052877
v 0.025481 0.311601 0.050119
v 0.025369 0.308991 0.047865
v 0.023184 0.306369 0.048369
v 0.021111 0.306357 0.051127
v 0.009535 0.317461 0.040635
v 0.011910 0.319948 0.040359
v 0.014824 0.319364 0.038606
v 0.015363 0.316292 0.037131
v 0.012987 0.313805 0.037407
v 0.010074 0.314390 0.039159
v 0.005193 0.320834 0.022993
v 0.007634 0.323271 0.022993
v 0.010966 0.322376 0.022993
v 0.011857 0.319043 0.022993
v 0.009416 0.316605 0.022993
v 0.006084 0.317500 0.022993
v -0.309024 0.382551 -0.010053
v -0.309024 0.382597 -0.006275
v -0.303210 0.380661 -0.010030
v -0.303210 0.380707 -0.006252
v -0.299616 0.375716 -0.009970
v -0.299616 0.375762 -0.006192
v -0.299616 0.369602 -0.009895
v -0.299616 0.369648 -0.006118
v -0.303210 0.364657 -0.009835
v -0.303210 0.364703 -0.006058
v -0.309024 0.362768 -0.009812
v -0.309024 0.362813 -0.006035
v -0.314839 0.364657 -0.009835
v -0.314839 0.364703 -0.006058
v -0.318432 0.369602 -0.009895
v -0.318432 0.369648 -0.006118
v -0.318432 0.375716 -0.009970
v -0.318432 0.375762 -0.006192
v -0.314839 0.380661 -0.010030
v -0.314839 0.380707 -0.006252
v -0.309024 0.380042 -0.006340
v -0.309024 0.380221 0.008336
v -0.302669 0.376373 -0.006295
v -0.302669 0.376551 0.008381
v -0.302669 0.369035 -0.006206
v -0.302669 0.369213 0.008470
v -0.309024 0.365366 -0.006161
v -0.309024 0.365544 0.008515
v -0.315380 0.369035 -0.006206
v -0.315380 0.369213 0.008470
v -0.315380 0.376373 -0.006295
v -0.315380 0.376551 0.008381
v -0.293698 0.330370 -0.010053
v -0.293738 0.330393 -0.006275
v -0.289155 0.334461 -0.010030
v -0.289195 0.334484 -0.006252
v -0.283075 0.335100 -0.009970
v -0.283115 0.335123 -0.006192
v -0.277781 0.332044 -0.009895
v -0.277821 0.332067 -0.006118
v -0.275295 0.326459 -0.009835
v -0.275334 0.326482 -0.006058
v -0.276566 0.320479 -0.009812
v -0.276606 0.320502 -0.006035
v -0.281109 0.316388 -0.009835
v -0.281149 0.316411 -0.006058
v -0.287189 0.315749 -0.009895
v -0.287229 0.315771 -0.006118
v -0.292483 0.318805 -0.009970
v -0.292523 0.318828 -0.006192
v -0.294970 0.324390 -0.010030
v -0.295009 0.324413 -0.006252
v -0.291526 0.329116 -0.006340
v -0.291681 0.329205 0.008336
v -0.285171 0.332785 -0.006295
v -0.285325 0.332875 0.008381
v -0.278816 0.329116 -0.006206
v -0.278970 0.329206 0.008470
v -0.278816 0.321778 -0.006161
v -0.278970 0.321867 0.008515
v -0.285171 0.318108 -0.006206
v -0.285326 0.318198 0.008470
v -0.291526 0.321777 -0.006295
v -0.291681 0.321867 0.008381
v -0.240846 0.317553 -0.010053
v -0.240886 0.317530 -0.006275
v -0.242117 0.323533 -0.010030
v -0.242157 0.323510 -0.006252
v -0.239631 0.329118 -0.009970
v -0.239671 0.329095 -0.006192
v -0.234337 0.332174 -0.009895
v -0.234376 0.332151 -0.006118
v -0.228257 0.331535 -0.009835
v -0.228296 0.331512 -0.006058
v -0.223713 0.327444 -0.009812
v -0.223753 0.327421 -0.006035
v -0.222442 0.321464 -0.009835
v -0.222482 0.321441 -0.006058
v -0.224929 0.315879 -0.009895
v -0.224968 0.315856 -0.006118
v -0.230223 0.312822 -0.009970
v -0.230263 0.312800 -0.006192
v -0.236303 0.313462 -0.010030
v -0.236343 0.313439 -0.006252
v -0.238674 0.318807 -0.006340
v -0.238828 0.318718 0.008336
v -0.238674 0.326146 -0.006295
v -0.238828 0.326056 0.008381
v -0.232319 0.329815 -0.006206
v -0.232473 0.329725 0.008470
v -0.225963 0.326145 -0.006161
v -0.226118 0.326056 0.008515
v -0.225963 0.318807 -0.006206
v -0.226118 0.318717 0.008470
v -0.232318 0.315138 -0.006295
v -0.232473 0.315048 0.008381
v -0.203319 0.356915 -0.010053
v -0.203319 0.356870 -0.006275
v -0.209134 0.358805 -0.010030
v -0.209134 0.358759 -0.006252
v -0.212728 0.363750 -0.009970
v -0.212728 0.363704 -0.006192
v -0.212728 0.369864 -0.009895
v -0.212728 0.369818 -0.006118
v -0.209134 0.374809 -0.009835
v -0.209134 0.374763 -0.006058
v -0.203319 0.376699 -0.009812
v -0.203319 0.376653 -0.006035
v -0.197505 0.374809 -0.009835
v -0.197505 0.374763 -0.006058
v -0.193911 0.369864 -0.009895
v -0.193911 0.369818 -0.006118
v -0.193911 0.363750 -0.009970
v -0.193911 0.363704 -0.006192
v -0.197505 0.358805 -0.010030
v -0.197505 0.358759 -0.006252
v -0.203319 0.359424 -0.006340
v -0.203319 0.359246 0.008336
v -0.209675 0.363093 -0.006295
v -0.209675 0.362915 0.008381
v -0.209675 0.370431 -0.006206
v -0.209675 0.370253 0.008470
v -0.203319 0.374100 -0.006161
v -0.203319 0.373922 0.008515
v -0.196964 0.370431 -0.006206
v -0.196964 0.370253 0.008470
v -0.196964 0.363093 -0.006295
v -0.196964 0.362915 0.008381
v -0.218645 0.409096 -0.010053
v -0.218606 0.409073 -0.006275
v -0.223189 0.405005 -0.010030
v -0.223149 0.404982 -0.006252
v -0.229269 0.404366 -0.009970
v -0.229229 0.404343 -0.006192
v -0.234563 0.407422 -0.009895
v -0.234523 0.407399 -0.006118
v -0.237049 0.413007 -0.009835
v -0.237009 0.412984 -0.006058
v -0.235778 0.418987 -0.009812
v -0.235738 0.418964 -0.006035
v -0.231235 0.423078 -0.009835
v -0.231195 0.423055 -0.006058
v -0.225155 0.423718 -0.009895
v -0.225115 0.423695 -0.006118
v -0.219860 0.420661 -0.009970
v -0.219821 0.420638 -0.006192
v -0.217374 0.415076 -0.010030
v -0.217334 0.415053 -0.006252
v -0.220818 0.410350 -0.006340
v -0.220663 0.410261 0.008336
v -0.227173 0.406681 -0.006295
v -0.227019 0.406591 0.008381
v -0.233528 0.410350 -0.006206
v -0.233374 0.410260 0.008470
v -0.233528 0.417688 -0.006161
v -0.233373 0.417599 0.008515
v -0.227173 0.421358 -0.006206
v -0.227018 0.421268 0.008470
v -0.220818 0.417689 -0.006295
v -0.220663 0.417599 0.008381
v -0.271498 0.421913 -0.010053
v -0.271458 0.421936 -0.006275
v -0.270227 0.415933 -0.010030
v -0.270187 0.415956 -0.006252
v -0.272713 0.410348 -0.009970
v -0.272673 0.410371 -0.006192
v -0.278007 0.407292 -0.009895
v -0.277967 0.407315 -0.006118
v -0.284087 0.407931 -0.009835
v -0.284047 0.407954 -0.006058
v -0.288630 0.412022 -0.009812
v -0.288591 0.412045 -0.006035
v -0.289902 0.418002 -0.009835
v -0.289862 0.418025 -0.006058
v -0.287415 0.423587 -0.009895
v -0.287376 0.423610 -0.006118
v -0.282121 0.426644 -0.009970
v -0.282081 0.426667 -0.006192
v -0.276041 0.426004 -0.010030
v -0.276001 0.426027 -0.006252
v -0.273670 0.420659 -0.006340
v -0.273516 0.420748 0.008336
v -0.273670 0.413320 -0.006295
v -0.273515 0.413410 0.008381
v -0.280025 0.409651 -0.006206
v -0.279871 0.409741 0.008470
v -0.286380 0.413321 -0.006161
v -0.286226 0.413410 0.008515
v -0.286381 0.420659 -0.006206
v -0.286226 0.420749 0.008470
v -0.280026 0.424329 -0.006295
v -0.279871 0.424418 0.008381
v 0.136833 0.730827 -0.011262
v 0.136833 0.730873 -0.007484
v 0.142647 0.728938 -0.011239
v 0.142647 0.728984 -0.007461
v 0.146241 0.723992 -0.011179
v 0.146241 0.724038 -0.007401
v 0.146241 0.717879 -0.011104
v 0.146241 0.717925 -0.007327
v 0.142647 0.712933 -0.011044
v 0.142647 0.712979 -0.007267
v 0.136833 0.711044 -0.011021
v 0.136833 0.711090 -0.007244
v 0.131018 0.712933 -0.011044
v 0.131018 0.712979 -0.007267
v 0.127425 0.717879 -0.011104
v 0.127425 0.717925 -0.007327
v 0.127425 0.723992 -0.011179
v 0.127425 0.724038 -0.007401
v 0.131018 0.728938 -0.011239
v 0.131018 0.728984 -0.007461
v 0.136833 0.728318 -0.007549
v 0.136833 0.728497 0.007127
v 0.143188 0.724649 -0.007504
v 0.143188 0.724828 0.007172
v 0.143188 0.717311 -0.007415
v 0.143188 0.717490 0.007261
v 0.136833 0.713642 -0.007370
v 0.136833 0.713821 0.007306
v 0.130477 0.717311 -0.007415
v 0.130477 0.717490 0.007261
v 0.130477 0.724649 -0.007504
v 0.130477 0.724828 0.007172
v 0.136833 0.679073 -0.011262
v 0.136833 0.679119 -0.007484
v 0.142647 0.677184 -0.011239
v 0.142647 0.677230 -0.007461
v 0.146241 0.672238 -0.011179
v 0.146241 0.672284 -0.007401
v 0.146241 0.666125 -0.011104
v 0.146241 0.666171 -0.007327
v 0.142647 0.661179 -0.011044
v 0.142647 0.661225 -0.007267
v 0.136833 0.659290 -0.011021
v 0.136833 0.659336 -0.007244
v 0.131018 0.661179 -0.011044
v 0.131018 0.661225 -0.007267
v 0.127425 0.666125 -0.011104
v 0.127425 0.666171 -0.007327
v 0.127425 0.672238 -0.011179
v 0.127425 0.672284 -0.007401
v 0.131018 0.677184 -0.011239
v 0.131018 0.677230 -0.007461
v 0.136833 0.676565 -0.007549
v 0.136833 0.676743 0.007127
v 0.143188 0.672896 -0.007504
v 0.143188 0.673074 0.007172
v 0.143188 0.665557 -0.007415
v 0.143188 0.665736 0.007261
v 0.136833 0.661888 -0.007370
v 0.136833 0.662067 0.007306
v 0.130477 0.665557 -0.007415
v 0.130477 0.665736 0.007261
v 0.130477 0.672896 -0.007504
v 0.130477 0.673074 0.007172
v 0.136833 0.627319 -0.011262
v 0.136833 0.627365 -0.007484
v 0.142647 0.625430 -0.011239
v 0.142647 0.625476 -0.007461
v 0.146241 0.620485 -0.011179
v 0.146241 0.620531 -0.007401
v 0.146241 0.614371 -0.011104
v 0.146241 0.614417 -0.007327
v 0.142647 0.609426 -0.011044
v 0.142647 0.609471 -0.007267
v 0.136833 0.607536 -0.011021
v 0.136833 0.607582 -0.007244
v 0.131018 0.609426 -0.011044
v 0.131018 0.609471 -0.007267
v 0.127425 0.614371 -0.011104
v 0.127425 0.614417 -0.007327
v 0.127425 0.620485 -0.011179
v 0.127425 0.620531 -0.007401
v 0.131018 0.625430 -0.011239
v 0.131018 0.625476 -0.007461
v 0.136833 0.624811 -0.007549
v 0.136833 0.624989 0.007127
v 0.143188 0.621142 -0.007504
v 0.143188 0.621320 0.007172
v 0.143188 0.613804 -0.007415
v 0.143188 0.613982 0.007261
v 0.136833 0.610135 -0.007370
v 0.136833 0.610313 0.007306
v 0.130477 0.613804 -0.007415
v 0.130477 0.613982 0.007261
v 0.130477 0.621142 -0.007504
v 0.130477 0.621320 0.007172
v 0.308101 0.026617 0.136916
v 0.308101 0.029580 0.139260
v 0.313915 0.025445 0.138398
v 0.313915 0.028408 0.140742
v 0.317509 0.022377 0.142278
v 0.317509 0.025340 0.144621
v 0.317509 0.018585 0.147074
v 0.317509 0.021548 0.149417
v 0.313915 0.015517 0.150953
v 0.313915 0.018480 0.153297
v 0.308101 0.014345 0.152435
v 0.308101 0.017308 0.154778
v 0.302286 0.015517 0.150953
v 0.302286 0.018480 0.153297
v 0.298692 0.018585 0.147074
v 0.298692 0.021548 0.149417
v 0.298692 0.022377 0.142278
v 0.298692 0.025340 0.144621
v 0.302286 0.025445 0.138398
v 0.302286 0.028408 0.140742
v 0.308101 0.027921 0.141203
v 0.308101 0.039434 0.150307
v 0.314456 0.025645 0.144081
v 0.314456 0.037158 0.153185
v 0.314456 0.021093 0.149838
v 0.314456 0.032606 0.158942
v 0.308101 0.018817 0.152716
v 0.308101 0.030330 0.161820
v 0.301745 0.021093 0.149838
v 0.301745 0.032606 0.158942
v 0.301745 0.025645 0.144081
v 0.301745 0.037158 0.153185
v 0.355329 0.026617 0.136916
v 0.355329 0.029580 0.139260
v 0.361144 0.025445 0.138398
v 0.361144 0.028408 0.140742
v 0.364737 0.022377 0.142278
v 0.364737 0.025340 0.144621
v 0.364737 0.018585 0.147074
v 0.364737 0.021548 0.149417
v 0.361144 0.015517 0.150953
v 0.361144 0.018480 0.153297
v 0.355329 0.014345 0.152435
v 0.355329 0.017308 0.154778
v 0.349515 0.015517 0.150953
v 0.349515 0.018480 0.153297
v 0.345921 0.018585 0.147074
v 0.345921 0.021548 0.149417
v 0.345921 0.022377 0.142278
v 0.345921 0.025340 0.144621
v 0.349515 0.025445 0.138398
v 0.349515 0.028408 0.140742
v 0.355329 0.027921 0.141203
v 0.355329 0.039434 0.150307
v 0.361685 0.025645 0.144081
v 0.361685 0.037158 0.153185
v 0.361685 0.021093 0.149838
v 0.361685 0.032606 0.158942
v 0.355329 0.018817 0.152716
v 0.355329 0.030330 0.161820
v 0.348974 0.021093 0.149838
v 0.348974 0.032606 0.158942
v 0.348974 0.025645 0.144081
v 0.348974 0.037158 0.153185
v 0.402558 0.026617 0.136916
v 0.402558 0.029580 0.139260
v 0.408372 0.025445 0.138398
v 0.408372 0.028408 0.140742
v 0.411966 0.022377 0.142278
v 0.411966 0.025340 0.144621
v 0.411966 0.018585 0.147074
v 0.411966 0.021548 0.149417
v 0.408372 0.015517 0.150953
v 0.408372 0.018480 0.153297
v 0.402558 0.014345 0.152435
v 0.402558 0.017308 0.154778
v 0.396743 0.015517 0.150953
v 0.396743 0.018480 0.153297
v 0.393150 0.018585 0.147074
v 0.393150 0.021548 0.149417
v 0.393150 0.022377 0.142278
v 0.393150 0.025340 0.144621
v 0.396743 0.025445 0.138398
v 0.396743 0.028408 0.140742
v 0.402558 0.027921 0.141203
v 0.402558 0.039434 0.150307
v 0.408913 0.025645 0.144081
v 0.408913 0.037158 0.153185
v 0.408913 0.021093 0.149838
v 0.408913 0.032606 0.158942
v 0.402558 0.018817 0.152716
v 0.402558 0.030330 0.161820
v 0.396202 0.021093 0.149838
v 0.396202 0.032606 0.158942
v 0.396202 0.025645 0.144081
v 0.396202 0.037158 0.153185
v 0.449787 0.026617 0.136916
v 0.449787 0.029580 0.139260
v 0.455601 0.025445 0.138398
v 0.455601 0.028408 0.140742
v 0.459195 0.022377 0.142278
v 0.459195 0.025340 0.144621
v 0.459195 0.018585 0.147074
v 0.459195 0.021548 0.149417
v 0.455601 0.015517 0.150953
v 0.455601 0.018480 0.153297
v 0.449787 0.014345 0.152435
v 0.449787 0.017308 0.154778
v 0.443972 0.015517 0.150953
v 0.443972 0.018480 0.153297
v 0.440378 0.018585 0.147074
v 0.440378 0.021548 0.149417
v 0.440378 0.022377 0.142278
v 0.440378 0.025340 0.144621
v 0.443972 0.025445 0.138398
v 0.443972 0.028408 0.140742
v 0.449787 0.027921 0.141203
v 0.449787 0.039434 0.150307
v 0.456142 0.025645 0.144081
v 0.456142 0.037158 0.153185
v 0.456142 0.021093 0.149838
v 0.456142 0.032606 0.158942
v 0.449787 0.018817 0.152716
v 0.449787 0.030330 0.161820
v 0.443431 0.021093 0.149838
v 0.443431 0.032606 0.158942
v 0.443431 0.025645 0.144081
v 0.443431 0.037158 0.153185
v 0.497015 0.026617 0.136916
v 0.497015 0.029580 0.139260
v 0.502830 0.025445 0.138398
v 0.502830 0.028408 0.140742
v 0.506423 0.022377 0.142278
v 0.506423 0.025340 0.144621
v 0.506423 0.018585 0.147074
v 0.506423 0.021548 0.149417
v 0.502830 0.015517 0.150953
v 0.502830 0.018480 0.153297
v 0.497015 0.014345 0.152435
v 0.497015 0.017308 0.154778
v 0.491201 0.015517 0.150953
v 0.491201 0.018480 0.153297
v 0.487607 0.018585 0.147074
v 0.487607 0.021548 0.149417
v 0.487607 0.022377 0.142278
v 0.487607 0.025340 0.144621
v 0.491201 0.025445 0.138398
v 0.491201 0.028408 0.140742
v 0.497015 0.027921 0.141203
v 0.497015 0.039434 0.150307
v 0.503371 0.025645 0.144081
v 0.503371 0.037158 0.153185
v 0.503371 0.021093 0.149838
v 0.503371 0.032606 0.158942
v 0.497015 0.018817 0.152716
v 0.497015 0.030330 0.161820
v 0.490660 0.021093 0.149838
v 0.490660 0.032606 0.158942
v 0.490660 0.025645 0.144081
v 0.490660 0.037158 0.153185
v 0.308101 0.000393 0.169263
v 0.308101 0.003356 0.171606
v 0.313915 -0.000779 0.170745
v 0.313915 0.002184 0.173088
v 0.317509 -0.003847 0.174624
v 0.317509 -0.000884 0.176968
v 0.317509 -0.007639 0.179420
v 0.317509 -0.004676 0.181763
v 0.313915 -0.010707 0.183300
v 0.313915 -0.007744 0.185643
v 0.308101 -0.011879 0.184782
v 0.308101 -0.008915 0.187125
v 0.302286 -0.010707 0.183300
v 0.302286 -0.007744 0.185643
v 0.298692 -0.007639 0.179420
v 0.298692 -0.004676 0.181763
v 0.298692 -0.003847 0.174624
v 0.298692 -0.000884 0.176968
v 0.302286 -0.000779 0.170745
v 0.302286 0.002184 0.173088
v 0.308101 0.001697 0.173550
v 0.308101 0.013210 0.182653
v 0.314456 -0.000579 0.176428
v 0.314456 0.010934 0.185532
v 0.314456 -0.005131 0.182184
v 0.314456 0.006382 0.191288
v 0.308101 -0.007407 0.185062
v 0.308101 0.004106 0.194166
v 0.301745 -0.005131 0.182184
v 0.301745 0.006382 0.191288
v 0.301745 -0.000579 0.176428
v 0.301745 0.010934 0.185532
v 0.355329 0.000393 0.169263
v 0.355329 0.003356 0.171606
v 0.361144 -0.000779 0.170745
v 0.361144 0.002184 0.173088
v 0.364737 -0.003847 0.174624
v 0.364737 -0.000884 0.176968
v 0.364737 -0.007639 0.179420
v 0.364737 -0.004676 0.181763
v 0.361144 -0.010707 0.183300
v 0.361144 -0.007744 0.185643
v 0.355329 -0.011879 0.184782
v 0.355329 -0.008915 0.187125
v 0.349515 -0.010707 0.183300
v 0.349515 -0.007744 0.185643
v 0.345921 -0.007639 0.179420
v 0.345921 -0.004676 0.181763
v 0.345921 -0.003847 0.174624
v 0.345921 -0.000884 0.176968
v 0.349515 -0.000779 0.170745
v 0.349515 0.002184 0.173088
v 0.355329 0.001697 0.173550
v 0.355329 0.013210 0.182653
v 0.361685 -0.000579 0.176428
v 0.361685 0.010934 0.185532
v 0.361685 -0.005131 0.182184
v 0.361685 0.006382 0.191288
v 0.355329 -0.007407 0.185062
v 0.355329 0.004106 0.194166
v 0.348974 -0.005131 0.182184
v 0.348974 0.006382 0.191288
v 0.348974 -0.000579 0.176428
v 0.348974 0.010934 0.185532
v 0.402558 0.000393 0.169263
v 0.402558 0.003356 0.171606
v 0.408372 -0.000779 0.170745
v 0.408372 0.002184 0.173088
v 0.411966 -0.003847 0.174624
v 0.411966 -0.000884 0.176968
v 0.411966 -0.007639 0.179420
v 0.411966 -0.004676 0.181763
v 0.408372 -0.010707 0.183300
v 0.408372 -0.007744 0.185643
v 0.402558 -0.011879 0.184782
v 0.402558 -0.008915 0.187125
v 0.396743 -0.010707 0.183300
v 0.396743 -0.007744 0.185643
v 0.393150 -0.007639 0.179420
v 0.393150 -0.004676 0.181763
v 0.393150 -0.003847 0.174624
v 0.393150 -0.000884 0.176968
v 0.396743 -0.000779 0.170745
v 0.396743 0.002184 0.173088
v 0.402558 0.001697 0.173550
v 0.402558 0.013210 0.182653
v 0.408913 -0.000579 0.176428
v 0.408913 0.010934 0.185532
v 0.408913 -0.005131 0.182184
v 0.408913 0.006382 0.191288
v 0.402558 -0.007407 0.185062
v 0.402558 0.004106 0.194166
v 0.396202 -0.005131 0.182184
v 0.396202 0.006382 0.191288
v 0.396202 -0.000579 0.176428
v 0.396202 0.010934 0.185532
v 0.449787 0.000393 0.169263
v 0.449787 0.003356 0.171606
v 0.455601 -0.000779 0.170745
v 0.455601 0.002184 0.173088
v 0.459195 -0.003847 0.174624
v 0.459195 -0.000884 0.176968
v 0.459195 -0.007639 0.179420
v 0.459195 -0.004676 0.181763
v 0.455601 -0.010707 0.183300
v 0.455601 -0.007744 0.185643
v 0.449787 -0.011879 0.184782
v 0.449787 -0.008915 0.187125
v 0.443972 -0.010707 0.183300
v 0.443972 -0.007744 0.185643
v 0.440378 -0.007639 0.179420
v 0.440378 -0.004676 0.181763
v 0.440378 -0.003847 0.174624
v 0.440378 -0.000884 0.176968
v 0.443972 -0.000779 0.170745
v 0.443972 0.002184 0.173088
v 0.449787 0.001697 0.173550
v 0.449787 0.013210 0.182653
v 0.456142 -0.000579 0.176428
v 0.456142 0.010934 0.185532
v 0.456142 -0.005131 0.182184
v 0.456142 0.006382 0.191288
v 0.449787 -0.007407 0.185062
v 0.449787 0.004106 0.194166
v 0.443431 -0.005131 0.182184
v 0.443431 0.006382 0.191288
v 0.443431 -0.000579 0.176428
v 0.443431 0.010934 0.185532
v 0.497015 0.000393 0.169263
v 0.497015 0.003356 0.171606
v 0.502830 -0.000779 0.170745
v 0.502830 0.002184 0.173088
v 0.506423 -0.003847 0.174624
v 0.506423 -0.000884 0.176968
v 0.506423 -0.007639 0.179420
v 0.506423 -0.004676 0.181763
v 0.502830 -0.010707 0.183300
v 0.502830 -0.007744 0.185643
v 0.497015 -0.011879 0.184782
v 0.497015 -0.008915 0.187125
v 0.491201 -0.010707 0.183300
v 0.491201 -0.007744 0.185643
v 0.487607 -0.007639 0.179420
v 0.487607 -0.004676 0.181763
v 0.487607 -0.003847 0.174624
v 0.487607 -0.000884 0.176968
v 0.491201 -0.000779 0.170745
v 0.491201 0.002184 0.173088
v 0.497015 0.001697 0.173550
v 0.497015 0.013210 0.182653
v 0.503371 -0.000579 0.176428
v 0.503371 0.010934 0.185532
v 0.503371 -0.005131 0.182184
v 0.503371 0.006382 0.191288
v 0.497015 -0.007407 0.185062
v 0.497015 0.004106 0.194166
v 0.490660 -0.005131 0.182184
v 0.490660 0.006382 0.191288
v 0.490660 -0.000579 0.176428
v 0.490660 0.010934 0.185532
v 0.300475 -0.030971 0.209260
v 0.300475 -0.026918 0.212502
v 0.303930 -0.031673 0.210136
v 0.303930 -0.027619 0.213379
v 0.306066 -0.033509 0.212432
v 0.306066 -0.029455 0.215674
v 0.306066 -0.035778 0.215269
v 0.306066 -0.031725 0.218511
v 0.303930 -0.037614 0.217565
v 0.303930 -0.033561 0.220807
v 0.300475 -0.038315 0.218441
v 0.300475 -0.034262 0.221684
v 0.297019 -0.037614 0.217565
v 0.297019 -0.033561 0.220807
v 0.294884 -0.035778 0.215269
v 0.294884 -0.031725 0.218511
v 0.294884 -0.033509 0.212432
v 0.294884 -0.029455 0.215674
v 0.297019 -0.031673 0.210136
v 0.297019 -0.027619 0.213379
v 0.322839 -0.030971 0.209260
v 0.322839 -0.026918 0.212502
v 0.326295 -0.031673 0.210136
v 0.326295 -0.027619 0.213379
v 0.328430 -0.033509 0.212432
v 0.328430 -0.029455 0.215674
v 0.328430 -0.035778 0.215269
v 0.328430 -0.031725 0.218511
v 0.326295 -0.037614 0.217565
v 0.326295 -0.033561 0.220807
v 0.322839 -0.038315 0.218441
v 0.322839 -0.034262 0.221684
v 0.319384 -0.037614 0.217565
v 0.319384 -0.033561 0.220807
v 0.317248 -0.035778 0.215269
v 0.317248 -0.031725 0.218511
v 0.317248 -0.033509 0.212432
v 0.317248 -0.029455 0.215674
v 0.319384 -0.031673 0.210136
v 0.319384 -0.027619 0.213379
v 0.345203 -0.030971 0.209260
v 0.345203 -0.026918 0.212502
v 0.348659 -0.031673 0.210136
v 0.348659 -0.027619 0.213379
v 0.350794 -0.033509 0.212432
v 0.350794 -0.029455 0.215674
v 0.350794 -0.035778 0.215269
v 0.350794 -0.031725 0.218511
v 0.348659 -0.037614 0.217565
v 0.348659 -0.033561 0.220807
v 0.345203 -0.038315 0.218441
v 0.345203 -0.034262 0.221684
v 0.341748 -0.037614 0.217565
v 0.341748 -0.033561 0.220807
v 0.339612 -0.035778 0.215269
v 0.339612 -0.031725 0.218511
v 0.339612 -0.033509 0.212432
v 0.339612 -0.029455 0.215674
v 0.341748 -0.031673 0.210136
v 0.341748 -0.027619 0.213379
v 0.367567 -0.030971 0.209260
v 0.367567 -0.026918 0.212502
v 0.371023 -0.031673 0.210136
v 0.371023 -0.027619 0.213379
v 0.373158 -0.033509 0.212432
v 0.373158 -0.029455 0.215674
v 0.373158 -0.035778 0.215269
v 0.373158 -0.031725 0.218511
v 0.371023 -0.037614 0.217565
v 0.371023 -0.033561 0.220807
v 0.367567 -0.038315 0.218441
v 0.367567 -0.034262 0.221684
v 0.364112 -0.037614 0.217565
v 0.364112 -0.033561 0.220807
v 0.361976 -0.035778 0.215269
v 0.361976 -0.031725 0.218511
v 0.361976 -0.033509 0.212432
v 0.361976 -0.029455 0.215674
v 0.364112 -0.031673 0.210136
v 0.364112 -0.027619 0.213379
v 0.389931 -0.030971 0.209260
v 0.389931 -0.026918 0.212502
v 0.393387 -0.031673 0.210136
v 0.393387 -0.027619 0.213379
v 0.395523 -0.033509 0.212432
v 0.395523 -0.029455 0.215674
v 0.395523 -0.035778 0.215269
v 0.395523 -0.031725 0.218511
v 0.393387 -0.037614 0.217565
v 0.393387 -0.033561 0.220807
v 0.389931 -0.038315 0.218441
v 0.389931 -0.034262 0.221684
v 0.386476 -0.037614 0.217565
v 0.386476 -0.033561 0.220807
v 0.384340 -0.035778 0.215269
v 0.384340 -0.031725 0.218511
v 0.384340 -0.033509 0.212432
v 0.384340 -0.029455 0.215674
v 0.386476 -0.031673 0.210136
v 0.386476 -0.027619 0.213379
v 0.412296 -0.030971 0.209260
v 0.412296 -0.026918 0.212502
v 0.415751 -0.031673 0.210136
v 0.415751 -0.027619 0.213379
v 0.417887 -0.033509 0.212432
v 0.417887 -0.029455 0.215674
v 0.417887 -0.035778 0.215269
v 0.417887 -0.031725 0.218511
v 0.415751 -0.037614 0.217565
v 0.415751 -0.033561 0.220807
v 0.412296 -0.038315 0.218441
v 0.412296 -0.034262 0.221684
v 0.408840 -0.037614 0.217565
v 0.408840 -0.033561 0.220807
v 0.406705 -0.035778 0.215269
v 0.406705 -0.031725 0.218511
v 0.406705 -0.033509 0.212432
v 0.406705 -0.029455 0.215674
v 0.408840 -0.031673 0.210136
v 0.408840 -0.027619 0.213379
v 0.434660 -0.030971 0.209260
v 0.434660 -0.026918 0.212502
v 0.438115 -0.031673 0.210136
v 0.438115 -0.027619 0.213379
v 0.440251 -0.033509 0.212432
v 0.440251 -0.029455 0.215674
v 0.440251 -0.035778 0.215269
v 0.440251 -0.031725 0.218511
v 0.438115 -0.037614 0.217565
v 0.438115 -0.033561 0.220807
v 0.434660 -0.038315 0.218441
v 0.434660 -0.034262 0.221684
v 0.431204 -0.037614 0.217565
v 0.431204 -0.033561 0.220807
v 0.429069 -0.035778 0.215269
v 0.429069 -0.031725 0.218511
v 0.429069 -0.033509 0.212432
v 0.429069 -0.029455 0.215674
v 0.431204 -0.031673 0.210136
v 0.431204 -0.027619 0.213379
v 0.457024 -0.030971 0.209260
v 0.457024 -0.026918 0.212502
v 0.460479 -0.031673 0.210136
v 0.460479 -0.027619 0.213379
v 0.462615 -0.033509 0.212432
v 0.462615 -0.029455 0.215674
v 0.462615 -0.035778 0.215269
v 0.462615 -0.031725 0.218511
v 0.460479 -0.037614 0.217565
v 0.460479 -0.033561 0.220807
v 0.457024 -0.038315 0.218441
v 0.457024 -0.034262 0.221684
v 0.453569 -0.037614 0.217565
v 0.453569 -0.033561 0.220807
v 0.451433 -0.035778 0.215269
v 0.451433 -0.031725 0.218511
v 0.451433 -0.033509 0.212432
v 0.451433 -0.029455 0.215674
v 0.453569 -0.031673 0.210136
v 0.453569 -0.027619 0.213379
v 0.479388 -0.030971 0.209260
v 0.479388 -0.026918 0.212502
v 0.482844 -0.031673 0.210136
v 0.482844 -0.027619 0.213379
v 0.484979 -0.033509 0.212432
v 0.484979 -0.029455 0.215674
v 0.484979 -0.035778 0.215269
v 0.484979 -0.031725 0.218511
v 0.482844 -0.037614 0.217565
v 0.482844 -0.033561 0.220807
v 0.479388 -0.038315 0.218441
v 0.479388 -0.034262 0.221684
v 0.475933 -0.037614 0.217565
v 0.475933 -0.033561 0.220807
v 0.473797 -0.035778 0.215269
v 0.473797 -0.031725 0.218511
v 0.473797 -0.033509 0.212432
v 0.473797 -0.029455 0.215674
v 0.475933 -0.031673 0.210136
v 0.475933 -0.027619 0.213379
v 0.501752 -0.030971 0.209260
v 0.501752 -0.026918 0.212502
v 0.505208 -0.031673 0.210136
v 0.505208 -0.027619 0.213379
v 0.507343 -0.033509 0.212432
v 0.507343 -0.029455 0.215674
v 0.507343 -0.035778 0.215269
v 0.507343 -0.031725 0.218511
v 0.505208 -0.037614 0.217565
v 0.505208 -0.033561 0.220807
v 0.501752 -0.038315 0.218441
v 0.501752 -0.034262 0.221684
v 0.498297 -0.037614 0.217565
v 0.498297 -0.033561 0.220807
v 0.496161 -0.035778 0.215269
v 0.496161 -0.031725 0.218511
v 0.496161 -0.033509 0.212432
v 0.496161 -0.029455 0.215674
v 0.498297 -0.031673 0.210136
v 0.498297 -0.027619 0.213379
v -0.039853 -0.061159 0.247001
v -0.039853 -0.057105 0.250243
v -0.036397 -0.061860 0.247878
v -0.036397 -0.057806 0.251120
v -0.034262 -0.063696 0.250173
v -0.034262 -0.059642 0.253415
v -0.034262 -0.065965 0.253011
v -0.034262 -0.061912 0.256253
v -0.036397 -0.067801 0.255306
v -0.036397 -0.063748 0.258548
v -0.039853 -0.068503 0.256183
v -0.039853 -0.064449 0.259425
v -0.043308 -0.067801 0.255306
v -0.043308 -0.063748 0.258548
v -0.045444 -0.065965 0.253011
v -0.045444 -0.061912 0.256253
v -0.045444 -0.063696 0.250173
v -0.045444 -0.059642 0.253415
v -0.043308 -0.061860 0.247878
v -0.043308 -0.057806 0.251120
v 0.027687 -0.061159 0.247001
v 0.027687 -0.057105 0.250243
v 0.031142 -0.061860 0.247878
v 0.031142 -0.057806 0.251120
v 0.033278 -0.063696 0.250173
v 0.033278 -0.059642 0.253415
v 0.033278 -0.065965 0.253011
v 0.033278 -0.061912 0.256253
v 0.031142 -0.067801 0.255306
v 0.031142 -0.063748 0.258548
v 0.027687 -0.068503 0.256183
v 0.027687 -0.064449 0.259425
v 0.024231 -0.067801 0.255306
v 0.024231 -0.063748 0.258548
v 0.022096 -0.065965 0.253011
v 0.022096 -0.061912 0.256253
v 0.022096 -0.063696 0.250173
v 0.022096 -0.059642 0.253415
v 0.024231 -0.061860 0.247878
v 0.024231 -0.057806 0.251120
v 0.095227 -0.061159 0.247001
v 0.095227 -0.057105 0.250243
v 0.098682 -0.061860 0.247878
v 0.098682 -0.057806 0.251120
v 0.100818 -0.063696 0.250173
v 0.100818 -0.059642 0.253415
v 0.100818 -0.065965 0.253011
v 0.100818 -0.061912 0.256253
v 0.098682 -0.067801 0.255306
v 0.098682 -0.063748 0.258548
v 0.095227 -0.068503 0.256183
v 0.095227 -0.064449 0.259425
v 0.091771 -0.067801 0.255306
v 0.091771 -0.063748 0.258548
v 0.089636 -0.065965 0.253011
v 0.089636 -0.061912 0.256253
v 0.089636 -0.063696 0.250173
v 0.089636 -0.059642 0.253415
v 0.091771 -0.061860 0.247878
v 0.091771 -0.057806 0.251120
v 0.162766 -0.061159 0.247001
v 0.162766 -0.057105 0.250243
v 0.166222 -0.061860 0.247878
v 0.166222 -0.057806 0.251120
v 0.168357 -0.063696 0.250173
v 0.168357 -0.059642 0.253415
v 0.168357 -0.065965 0.253011
v 0.168357 -0.061912 0.256253
v 0.166222 -0.067801 0.255306
v 0.166222 -0.063748 0.258548
v 0.162766 -0.068503 0.256183
v 0.162766 -0.064449 0.259425
v 0.159311 -0.067801 0.255306
v 0.159311 -0.063748 0.258548
v 0.157175 -0.065965 0.253011
v 0.157175 -0.061912 0.256253
v 0.157175 -0.063696 0.250173
v 0.157175 -0.059642 0.253415
v 0.159311 -0.061860 0.247878
v 0.159311 -0.057806 0.251120
v 0.230306 -0.061159 0.247001
v 0.230306 -0.057105 0.250243
v 0.233762 -0.061860 0.247878
v 0.233762 -0.057806 0.251120
v 0.235897 -0.063696 0.250173
v 0.235897 -0.059642 0.253415
v 0.235897 -0.065965 0.253011
v 0.235897 -0.061912 0.256253
v 0.233762 -0.067801 0.255306
v 0.233762 -0.063748 0.258548
v 0.230306 -0.068503 0.256183
v 0.230306 -0.064449 0.259425
v 0.226851 -0.067801 0.255306
v 0.226851 -0.063748 0.258548
v 0.224715 -0.065965 0.253011
v 0.224715 -0.061912 0.256253
v 0.224715 -0.063696 0.250173
v 0.224715 -0.059642 0.253415
v 0.226851 -0.061860 0.247878
v 0.226851 -0.057806 0.251120
v -0.312286 0.732209 -0.011398
v -0.312286 0.732255 -0.007620
v -0.306471 0.730320 -0.011375
v -0.306471 0.730366 -0.007597
v -0.302878 0.725374 -0.011315
v -0.302878 0.725420 -0.007537
v -0.302878 0.719261 -0.011240
v -0.302878 0.719307 -0.007463
v -0.306471 0.714315 -0.011180
v -0.306471 0.714361 -0.007403
v -0.312286 0.712426 -0.011157
v -0.312286 0.712472 -0.007380
v -0.318101 0.714315 -0.011180
v -0.318101 0.714361 -0.007403
v -0.321694 0.719261 -0.011240
v -0.321694 0.719307 -0.007463
v -0.321694 0.725374 -0.011315
v -0.321694 0.725420 -0.007537
v -0.318101 0.730320 -0.011375
v -0.318101 0.730366 -0.007597
v -0.312286 0.729700 -0.007685
v -0.312286 0.729879 0.006991
v -0.305930 0.726031 -0.007640
v -0.305930 0.726210 0.007036
v -0.305930 0.718693 -0.007551
v -0.305930 0.718872 0.007125
v -0.312286 0.715024 -0.007506
v -0.312286 0.715202 0.007170
v -0.318641 0.718693 -0.007551
v -0.318641 0.718872 0.007125
v -0.318641 0.726031 -0.007640
v -0.318641 0.726210 0.007036
v -0.265057 0.732209 -0.011398
v -0.265057 0.732255 -0.007620
v -0.259243 0.730320 -0.011375
v -0.259243 0.730366 -0.007597
v -0.255649 0.725374 -0.011315
v -0.255649 0.725420 -0.007537
v -0.255649 0.719261 -0.011240
v -0.255649 0.719307 -0.007463
v -0.259243 0.714315 -0.011180
v -0.259243 0.714361 -0.007403
v -0.265057 0.712426 -0.011157
v -0.265057 0.712472 -0.007380
v -0.270872 0.714315 -0.011180
v -0.270872 0.714361 -0.007403
v -0.274465 0.719261 -0.011240
v -0.274465 0.719307 -0.007463
v -0.274465 0.725374 -0.011315
v -0.274465 0.725420 -0.007537
v -0.270872 0.730320 -0.011375
v -0.270872 0.730366 -0.007597
v -0.265057 0.729700 -0.007685
v -0.265057 0.729879 0.006991
v -0.258702 0.726031 -0.007640
v -0.258702 0.726210 0.007036
v -0.258702 0.718693 -0.007551
v -0.258702 0.718872 0.007125
v -0.265057 0.715024 -0.007506
v -0.265057 0.715202 0.007170
v -0.271413 0.718693 -0.007551
v -0.271413 0.718872 0.007125
v -0.271413 0.726031 -0.007640
v -0.271413 0.726210 0.007036
v -0.217829 0.732209 -0.011398
v -0.217829 0.732255 -0.007620
v -0.212014 0.730320 -0.011375
v -0.212014 0.730366 -0.007597
v -0.208421 0.725374 -0.011315
v -0.208421 0.725420 -0.007537
v -0.208421 0.719261 -0.011240
v -0.208421 0.719307 -0.007463
v -0.212014 0.714315 -0.011180
v -0.212014 0.714361 -0.007403
v -0.217829 0.712426 -0.011157
v -0.217829 0.712472 -0.007380
v -0.223643 0.714315 -0.011180
v -0.223643 0.714361 -0.007403
v -0.227237 0.719261 -0.011240
v -0.227237 0.719307 -0.007463
v -0.227237 0.725374 -0.011315
v -0.227237 0.725420 -0.007537
v -0.223643 0.730320 -0.011375
v -0.223643 0.730366 -0.007597
v -0.217829 0.729700 -0.007685
v -0.217829 0.729879 0.006991
v -0.211473 0.726031 -0.007640
v -0.211473 0.726210 0.007036
v -0.211473 0.718693 -0.007551
v -0.211473 0.718872 0.007125
v -0.217829 0.715024 -0.007506
v -0.217829 0.715202 0.007170
v -0.224184 0.718693 -0.007551
v -0.224184 0.718872 0.007125
v -0.224184 0.726031 -0.007640
v -0.224184 0.726210 0.007036
v -0.170600 0.732209 -0.011398
v -0.170600 0.732255 -0.007620
v -0.164785 0.730320 -0.011375
v -0.164785 0.730366 -0.007597
v -0.161192 0.725374 -0.011315
v -0.161192 0.725420 -0.007537
v -0.161192 0.719261 -0.011240
v -0.161192 0.719307 -0.007463
v -0.164785 0.714315 -0.011180
v -0.164785 0.714361 -0.007403
v -0.170600 0.712426 -0.011157
v -0.170600 0.712472 -0.007380
v -0.176414 0.714315 -0.011180
v -0.176414 0.714361 -0.007403
v -0.180008 0.719261 -0.011240
v -0.180008 0.719307 -0.007463
v -0.180008 0.725374 -0.011315
v -0.180008 0.725420 -0.007537
v -0.176414 0.730320 -0.011375
v -0.176414 0.730366 -0.007597
v -0.170600 0.729700 -0.007685
v -0.170600 0.729879 0.006991
v -0.164244 0.726031 -0.007640
v -0.164244 0.726210 0.007036
v -0.164244 0.718693 -0.007551
v -0.164244 0.718872 0.007125
v -0.170600 0.715024 -0.007506
v -0.170600 0.715202 0.007170
v -0.176955 0.718693 -0.007551
v -0.176955 0.718872 0.007125
v -0.176955 0.726031 -0.007640
v -0.176955 0.726210 0.007036
v -0.123371 0.732209 -0.011398
v -0.123371 0.732255 -0.007620
v -0.117557 0.730320 -0.011375
v -0.117557 0.730366 -0.007597
v -0.113963 0.725374 -0.011315
v -0.113963 0.725420 -0.007537
v -0.113963 0.719261 -0.011240
v -0.113963 0.719307 -0.007463
v -0.117557 0.714315 -0.011180
v -0.117557 0.714361 -0.007403
v -0.123371 0.712426 -0.011157
v -0.123371 0.712472 -0.007380
v -0.129186 0.714315 -0.011180
v -0.129186 0.714361 -0.007403
v -0.132779 0.719261 -0.011240
v -0.132779 0.719307 -0.007463
v -0.132779 0.725374 -0.011315
v -0.132779 0.725420 -0.007537
v -0.129186 0.730320 -0.011375
v -0.129186 0.730366 -0.007597
v -0.123371 0.729700 -0.007685
v -0.123371 0.729879 0.006991
v -0.117016 0.726031 -0.007640
v -0.117016 0.726210 0.007036
v -0.117016 0.718693 -0.007551
v -0.117016 0.718872 0.007125
v -0.123371 0.715024 -0.007506
v -0.123371 0.715202 0.007170
v -0.129727 0.718693 -0.007551
v -0.129727 0.718872 0.007125
v -0.129727 0.726031 -0.007640
v -0.129727 0.726210 0.007036
v -0.312286 0.690568 -0.011398
v -0.312286 0.690614 -0.007620
v -0.306471 0.688679 -0.011375
v -0.306471 0.688725 -0.007597
v -0.302878 0.683733 -0.011315
v -0.302878 0.683779 -0.007537
v -0.302878 0.677620 -0.011240
v -0.302878 0.677666 -0.007463
v -0.306471 0.672674 -0.011180
v -0.306471 0.672720 -0.007403
v -0.312286 0.670785 -0.011157
v -0.312286 0.670831 -0.007380
v -0.318101 0.672674 -0.011180
v -0.318101 0.672720 -0.007403
v -0.321694 0.677620 -0.011240
v -0.321694 0.677666 -0.007463
v -0.321694 0.683733 -0.011315
v -0.321694 0.683779 -0.007537
v -0.318101 0.688679 -0.011375
v -0.318101 0.688725 -0.007597
v -0.312286 0.688059 -0.007685
v -0.312286 0.688238 0.006991
v -0.305930 0.684390 -0.007640
v -0.305930 0.684569 0.007036
v -0.305930 0.677052 -0.007551
v -0.305930 0.677231 0.007125
v -0.312286 0.673383 -0.007506
v -0.312286 0.673562 0.007170
v -0.318641 0.677052 -0.007551
v -0.318641 0.677231 0.007125
v -0.318641 0.684390 -0.007640
v -0.318641 0.684569 0.007036
v -0.265057 0.690568 -0.011398
v -0.265057 0.690614 -0.007620
v -0.259243 0.688679 -0.011375
v -0.259243 0.688725 -0.007597
v -0.255649 0.683733 -0.011315
v -0.255649 0.683779 -0.007537
v -0.255649 0.677620 -0.011240
v -0.255649 0.677666 -0.007463
v -0.259243 0.672674 -0.011180
v -0.259243 0.672720 -0.007403
v -0.265057 0.670785 -0.011157
v -0.265057 0.670831 -0.007380
v -0.270872 0.672674 -0.011180
v -0.270872 0.672720 -0.007403
v -0.274465 0.677620 -0.011240
v -0.274465 0.677666 -0.007463
v -0.274465 0.683733 -0.011315
v -0.274465 0.683779 -0.007537
v -0.270872 0.688679 -0.011375
v -0.270872 0.688725 -0.007597
v -0.265057 0.688059 -0.007685
v -0.265057 0.688238 0.006991
v -0.258702 0.684390 -0.007640
v -0.258702 0.684569 0.007036
v -0.258702 0.677052 -0.007551
v -0.258702 0.677231 0.007125
v -0.265057 0.673383 -0.007506
v -0.265057 0.673562 0.007170
v -0.271413 0.677052 -0.007551
v -0.271413 0.677231 0.007125
v -0.271413 0.684390 -0.007640
v -0.271413 0.684569 0.007036
v -0.217829 0.690568 -0.011398
v -0.217829 0.690614 -0.007620
v -0.212014 0.688679 -0.011375
v -0.212014 0.688725 -0.007597
v -0.208421 0.683733 -0.011315
v -0.208421 0.683779 -0.007537
v -0.208421 0.677620 -0.011240
v -0.208421 0.677666 -0.007463
v -0.212014 0.672674 -0.011180
v -0.212014 0.672720 -0.007403
v -0.217829 0.670785 -0.011157
v -0.217829 0.670831 -0.007380
v -0.223643 0.672674 -0.011180
v -0.223643 0.672720 -0.007403
v -0.227237 0.677620 -0.011240
v -0.227237 0.677666 -0.007463
v -0.227237 0.683733 -0.011315
v -0.227237 0.683779 -0.007537
v -0.223643 0.688679 -0.011375
v -0.223643 0.688725 -0.007597
v -0.217829 0.688059 -0.007685
v -0.217829 0.688238 0.006991
v -0.211473 0.684390 -0.007640
v -0.211473 0.684569 0.007036
v -0.211473 0.677052 -0.007551
v -0.211473 0.677231 0.007125
v -0.217829 0.673383 -0.007506
v -0.217829 0.673562 0.007170
v -0.224184 0.677052 -0.007551
v -0.224184 0.677231 0.007125
v -0.224184 0.684390 -0.007640
v -0.224184 0.684569 0.007036
v -0.170600 0.690568 -0.011398
v -0.170600 0.690614 -0.007620
v -0.164785 0.688679 -0.011375
v -0.164785 0.688725 -0.007597
v -0.161192 0.683733 -0.011315
v -0.161192 0.683779 -0.007537
v -0.161192 0.677620 -0.011240
v -0.161192 0.677666 -0.007463
v -0.164785 0.672674 -0.011180
v -0.164785 0.672720 -0.007403
v -0.170600 0.670785 -0.011157
v -0.170600 0.670831 -0.007380
v -0.176414 0.672674 -0.011180
v -0.176414 0.672720 -0.007403
v -0.180008 0.677620 -0.011240
v -0.180008 0.677666 -0.007463
v -0.180008 0.683733 -0.011315
v -0.180008 0.683779 -0.007537
v -0.176414 0.688679 -0.011375
v -0.176414 0.688725 -0.007597
v -0.170600 0.688059 -0.007685
v -0.170600 0.688238 0.006991
v -0.164244 0.684390 -0.007640
v -0.164244 0.684569 0.007036
v -0.164244 0.677052 -0.007551
v -0.164244 0.677231 0.007125
v -0.170600 0.673383 -0.007506
v -0.170600 0.673562 0.007170
v -0.176955 0.677052 -0.007551
v -0.176955 0.677231 0.007125
v -0.176955 0.684390 -0.007640
v -0.176955 0.684569 0.007036
v -0.123371 0.690568 -0.011398
v -0.123371 0.690614 -0.007620
v -0.117557 0.688679 -0.011375
v -0.117557 0.688725 -0.007597
v -0.113963 0.683733 -0.011315
v -0.113963 0.683779 -0.007537
v -0.113963 0.677620 -0.011240
v -0.113963 0.677666 -0.007463
v -0.117557 0.672674 -0.011180
v -0.117557 0.672720 -0.007403
v -0.123371 0.670785 -0.011157
v -0.123371 0.670831 -0.007380
v -0.129186 0.672674 -0.011180
v -0.129186 0.672720 -0.007403
v -0.132779 0.677620 -0.011240
v -0.132779 0.677666 -0.007463
v -0.132779 0.683733 -0.011315
v -0.132779 0.683779 -0.007537
v -0.129186 0.688679 -0.011375
v -0.129186 0.688725 -0.007597
v -0.123371 0.688059 -0.007685
v -0.123371 0.688238 0.006991
v -0.117016 0.684390 -0.007640
v -0.117016 0.684569 0.007036
v -0.117016 0.677052 -0.007551
v -0.117016 0.677231 0.007125
v -0.123371 0.673383 -0.007506
v -0.123371 0.673562 0.007170
v -0.129727 0.677052 -0.007551
v -0.129727 0.677231 0.007125
v -0.129727 0.684390 -0.007640
v -0.129727 0.684569 0.007036
v -0.255782 0.389317 -0.011119
v -0.245716 0.386620 -0.011119
v -0.238347 0.379252 -0.011119
v -0.235650 0.369186 -0.011119
v -0.238347 0.359120 -0.011119
v -0.245716 0.351751 -0.011119
v -0.255782 0.349054 -0.011119
v -0.265848 0.351751 -0.011119
v -0.273217 0.359120 -0.011119
v -0.275914 0.369186 -0.011119
v -0.273217 0.379252 -0.011119
v -0.265848 0.386620 -0.011119
v -0.255782 0.387257 -0.001052
v -0.246746 0.384836 -0.001052
v -0.240132 0.378221 -0.001052
v -0.237711 0.369186 -0.001052
v -0.240132 0.360150 -0.001052
v -0.246746 0.353535 -0.001052
v -0.255782 0.351114 -0.001052
v -0.264818 0.353535 -0.001052
v -0.271432 0.360150 -0.001052
v -0.273854 0.369186 -0.001052
v -0.271432 0.378221 -0.001052
v -0.264818 0.384836 -0.001052
v 0.044384 0.728991 -0.011119
v 0.054450 0.726294 -0.011119
v 0.061819 0.718926 -0.011119
v 0.064516 0.708860 -0.011119
v 0.061819 0.698794 -0.011119
v 0.054450 0.691425 -0.011119
v 0.044384 0.688728 -0.011119
v 0.034318 0.691425 -0.011119
v 0.026949 0.698794 -0.011119
v 0.024252 0.708860 -0.011119
v 0.026949 0.718926 -0.011119
v 0.034318 0.726294 -0.011119
v 0.044384 0.726931 -0.001052
v 0.053420 0.724510 -0.001052
v 0.060034 0.717895 -0.001052
v 0.062456 0.708860 -0.001052
v 0.060034 0.699824 -0.001052
v 0.053420 0.693209 -0.001052
v 0.044384 0.690788 -0.001052
v 0.035348 0.693209 -0.001052
v 0.028734 0.699824 -0.001052
v 0.026313 0.708860 -0.001052
v 0.028734 0.717895 -0.001052
v 0.035348 0.724510 -0.001052
v 0.044384 0.664972 -0.011119
v 0.054450 0.662275 -0.011119
v 0.061819 0.654906 -0.011119
v 0.064516 0.644841 -0.011119
v 0.061819 0.634775 -0.011119
v 0.054450 0.627406 -0.011119
v 0.044384 0.624709 -0.011119
v 0.034318 0.627406 -0.011119
v 0.026949 0.634775 -0.011119
v 0.024252 0.644841 -0.011119
v 0.026949 0.654906 -0.011119
v 0.034318 0.662275 -0.011119
v 0.044384 0.662912 -0.001052
v 0.053420 0.660491 -0.001052
v 0.060034 0.653876 -0.001052
v 0.062456 0.644841 -0.001052
v 0.060034 0.635805 -0.001052
v 0.053420 0.629190 -0.001052
v 0.044384 0.626769 -0.001052
v 0.035348 0.629190 -0.001052
v 0.028734 0.635805 -0.001052
v 0.026313 0.644841 -0.001052
v 0.028734 0.653876 -0.001052
v 0.035348 0.660491 -0.001052
v 0.044384 0.600953 -0.011119
v 0.054450 0.598256 -0.011119
v 0.061819 0.590887 -0.011119
v 0.064516 0.580821 -0.011119
v 0.061819 0.570755 -0.011119
v 0.054450 0.563387 -0.011119
v 0.044384 0.560690 -0.011119
v 0.034318 0.563387 -0.011119
v 0.026949 0.570755 -0.011119
v 0.024252 0.580821 -0.011119
v 0.026949 0.590887 -0.011119
v 0.034318 0.598256 -0.011119
v 0.044384 0.598893 -0.001052
v 0.053420 0.596472 -0.001052
v 0.060034 0.589857 -0.001052
v 0.062456 0.580821 -0.001052
v 0.060034 0.571786 -0.001052
v 0.053420 0.565171 -0.001052
v 0.044384 0.562750 -0.001052
v 0.035348 0.565171 -0.001052
v 0.028734 0.571786 -0.001052
v 0.026313 0.580821 -0.001052
v 0.028734 0.589857 -0.001052
v 0.035348 0.596472 -0.001052
v 0.324225 0.676951 -0.016178
v 0.324225 0.676951 0.003666
v 0.328483 0.675568 -0.016178
v 0.328483 0.675568 0.003666
v 0.331115 0.671945 -0.016178
v 0.331115 0.671945 0.003666
v 0.331115 0.667468 -0.016178
v 0.331115 0.667468 0.003666
v 0.328483 0.663846 -0.016178
v 0.328483 0.663846 0.003666
v 0.324225 0.662463 -0.016178
v 0.324225 0.662463 0.003666
v 0.319967 0.663846 -0.016178
v 0.319967 0.663846 0.003666
v 0.317336 0.667468 -0.016178
v 0.317336 0.667468 0.003666
v 0.317336 0.671945 -0.016178
v 0.317336 0.671945 0.003666
v 0.319967 0.675568 -0.016178
v 0.319967 0.675568 0.003666
v 0.327788 0.674611 0.007055
v 0.324225 0.675769 0.007055
v 0.329991 0.671580 0.007055
v 0.329991 0.667834 0.007055
v 0.327788 0.664802 0.007055
v 0.324225 0.663645 0.007055
v 0.320662 0.664802 0.007055
v 0.318460 0.667834 0.007055
v 0.318460 0.671580 0.007055
v 0.320662 0.674611 0.007055
v 0.326322 0.672593 0.022993
v 0.327072 0.673626 0.021879
v 0.324225 0.674551 0.021879
v 0.324225 0.673274 0.022993
v 0.327618 0.670809 0.022993
v 0.328832 0.671204 0.021879
v 0.327618 0.668604 0.022993
v 0.328832 0.668210 0.021879
v 0.326322 0.666821 0.022993
v 0.327072 0.665788 0.021879
v 0.324225 0.666139 0.022993
v 0.324225 0.664863 0.021879
v 0.322128 0.666821 0.022993
v 0.321378 0.665788 0.021879
v 0.320832 0.668604 0.022993
v 0.319618 0.668210 0.021879
v 0.320832 0.670809 0.022993
v 0.319618 0.671204 0.021879
v 0.322128 0.672593 0.022993
v 0.321378 0.673626 0.021879
v -0.122887 0.417510 -0.016178
v -0.122887 0.417510 0.003666
v -0.118629 0.416127 -0.016178
v -0.118629 0.416127 0.003666
v -0.115997 0.412505 -0.016178
v -0.115997 0.412505 0.003666
v -0.115997 0.408028 -0.016178
v -0.115997 0.408028 0.003666
v -0.118629 0.404406 -0.016178
v -0.118629 0.404406 0.003666
v -0.122887 0.403022 -0.016178
v -0.122887 0.403022 0.003666
v -0.127145 0.404406 -0.016178
v -0.127145 0.404406 0.003666
v -0.129776 0.408028 -0.016178
v -0.129776 0.408028 0.003666
v -0.129776 0.412505 -0.016178
v -0.129776 0.412505 0.003666
v -0.127145 0.416127 -0.016178
v -0.127145 0.416127 0.003666
v -0.119324 0.415171 0.007055
v -0.122887 0.416328 0.007055
v -0.117121 0.412140 0.007055
v -0.117121 0.408393 0.007055
v -0.119324 0.405362 0.007055
v -0.122887 0.404204 0.007055
v -0.126450 0.405362 0.007055
v -0.128652 0.408393 0.007055
v -0.128652 0.412140 0.007055
v -0.126450 0.415171 0.007055
v -0.120790 0.413152 0.022993
v -0.120040 0.414185 0.021879
v -0.122887 0.415110 0.021879
v -0.122887 0.413834 0.022993
v -0.119494 0.411369 0.022993
v -0.118280 0.411763 0.021879
v -0.119494 0.409164 0.022993
v -0.118280 0.408769 0.021879
v -0.120790 0.407380 0.022993
v -0.120040 0.406347 0.021879
v -0.122887 0.406699 0.022993
v -0.122887 0.405422 0.021879
v -0.124984 0.407380 0.022993
v -0.125734 0.406347 0.021879
v -0.126280 0.409164 0.022993
v -0.127494 0.408769 0.021879
v -0.126280 0.411369 0.022993
v -0.127494 0.411763 0.021879
v -0.124984 0.413152 0.022993
v -0.125734 0.414185 0.021879
v 0.008548 0.327577 -0.016178
v 0.008548 0.327577 0.003666
v 0.012806 0.326193 -0.016178
v 0.012806 0.326193 0.003666
v 0.015438 0.322571 -0.016178
v 0.015438 0.322571 0.003666
v 0.015438 0.318094 -0.016178
v 0.015438 0.318094 0.003666
v 0.012806 0.314472 -0.016178
v 0.012806 0.314472 0.003666
v 0.008548 0.313089 -0.016178
v 0.008548 0.313089 0.003666
v 0.004290 0.314472 -0.016178
v 0.004290 0.314472 0.003666
v 0.001659 0.318094 -0.016178
v 0.001659 0.318094 0.003666
v 0.001659 0.322571 -0.016178
v 0.001659 0.322571 0.003666
v 0.004290 0.326193 -0.016178
v 0.004290 0.326193 0.003666
v 0.012112 0.325237 0.007055
v 0.008548 0.326395 0.007055
v 0.014314 0.322206 0.007055
v 0.014314 0.318459 0.007055
v 0.012112 0.315428 0.007055
v 0.008548 0.314271 0.007055
v 0.004985 0.315428 0.007055
v 0.002783 0.318459 0.007055
v 0.002783 0.322206 0.007055
v 0.004985 0.325237 0.007055
v 0.010645 0.323219 0.022993
v 0.011396 0.324252 0.021879
v 0.008548 0.325177 0.021879
v 0.008548 0.323900 0.022993
v 0.011941 0.321435 0.022993
v 0.013155 0.321830 0.021879
v 0.011941 0.319230 0.022993
v 0.013155 0.318836 0.021879
v 0.010645 0.317447 0.022993
v 0.011396 0.316414 0.021879
v 0.008548 0.316765 0.022993
v 0.008548 0.315489 0.021879
v 0.006452 0.317447 0.022993
v 0.005701 0.316414 0.021879
v 0.005156 0.319230 0.022993
v 0.003942 0.318836 0.021879
v 0.005156 0.321435 0.022993
v 0.003942 0.321830 0.021879
v 0.006452 0.323219 0.022993
v 0.005701 0.324252 0.021879
v -0.331314 0.457915 -0.011022
v -0.334020 0.460622 -0.011022
v -0.332667 0.458278 -0.011022
v -0.333658 0.459268 -0.011022
v -0.334020 0.469666 -0.011022
v -0.331314 0.472372 -0.011022
v -0.333658 0.471019 -0.011022
v -0.332667 0.472009 -0.011022
v -0.319564 0.460622 -0.011022
v -0.322270 0.457915 -0.011022
v -0.319926 0.459268 -0.011022
v -0.320917 0.458278 -0.011022
v -0.322270 0.472372 -0.011022
v -0.319564 0.469666 -0.011022
v -0.320917 0.472009 -0.011022
v -0.319926 0.471019 -0.011022
v -0.334020 0.460622 -0.006646
v -0.331314 0.457915 -0.006646
v -0.333658 0.459268 -0.006646
v -0.332667 0.458278 -0.006646
v -0.331314 0.472372 -0.006646
v -0.334020 0.469666 -0.006646
v -0.332667 0.472009 -0.006646
v -0.333658 0.471019 -0.006646
v -0.322270 0.457915 -0.006646
v -0.319564 0.460622 -0.006646
v -0.320917 0.458278 -0.006646
v -0.319926 0.459268 -0.006646
v -0.319564 0.469666 -0.006646
v -0.322270 0.472372 -0.006646
v -0.319926 0.471019 -0.006646
v -0.320917 0.472009 -0.006646
v -0.282883 0.457915 -0.011022
v -0.285590 0.460622 -0.011022
v -0.284237 0.458278 -0.011022
v -0.285227 0.459268 -0.011022
v -0.285590 0.469666 -0.011022
v -0.282883 0.472372 -0.011022
v -0.285227 0.471019 -0.011022
v -0.284237 0.472009 -0.011022
v -0.271133 0.460622 -0.011022
v -0.273839 0.457915 -0.011022
v -0.271496 0.459268 -0.011022
v -0.272486 0.458278 -0.011022
v -0.273839 0.472372 -0.011022
v -0.271133 0.469666 -0.011022
v -0.272486 0.472009 -0.011022
v -0.271496 0.471019 -0.011022
v -0.285590 0.460622 -0.006646
v -0.282883 0.457915 -0.006646
v -0.285227 0.459268 -0.006646
v -0.284237 0.458278 -0.006646
v -0.282883 0.472372 -0.006646
v -0.285590 0.469666 -0.006646
v -0.284237 0.472009 -0.006646
v -0.285227 0.471019 -0.006646
v -0.273839 0.457915 -0.006646
v -0.271133 0.460622 -0.006646
v -0.272486 0.458278 -0.006646
v -0.271496 0.459268 -0.006646
v -0.271133 0.469666 -0.006646
v -0.273839 0.472372 -0.006646
v -0.271496 0.471019 -0.006646
v -0.272486 0.472009 -0.006646
v -0.234453 0.457915 -0.011022
v -0.237159 0.460622 -0.011022
v -0.235806 0.458278 -0.011022
v -0.236797 0.459268 -0.011022
v -0.237159 0.469666 -0.011022
v -0.234453 0.472372 -0.011022
v -0.236797 0.471019 -0.011022
v -0.235806 0.472009 -0.011022
v -0.222702 0.460622 -0.011022
v -0.225409 0.457915 -0.011022
v -0.223065 0.459268 -0.011022
v -0.224056 0.458278 -0.011022
v -0.225409 0.472372 -0.011022
v -0.222702 0.469666 -0.011022
v -0.224056 0.472009 -0.011022
v -0.223065 0.471019 -0.011022
v -0.237159 0.460622 -0.006646
v -0.234453 0.457915 -0.006646
v -0.236797 0.459268 -0.006646
v -0.235806 0.458278 -0.006646
v -0.234453 0.472372 -0.006646
v -0.237159 0.469666 -0.006646
v -0.235806 0.472009 -0.006646
v -0.236797 0.471019 -0.006646
v -0.225409 0.457915 -0.006646
v -0.222702 0.460622 -0.006646
v -0.224056 0.458278 -0.006646
v -0.223065 0.459268 -0.006646
v -0.222702 0.469666 -0.006646
v -0.225409 0.472372 -0.006646
v -0.223065 0.471019 -0.006646
v -0.224056 0.472009 -0.006646
v -0.186022 0.457915 -0.011022
v -0.188729 0.460622 -0.011022
v -0.187376 0.458278 -0.011022
v -0.188366 0.459268 -0.011022
v -0.188729 0.469666 -0.011022
v -0.186022 0.472372 -0.011022
v -0.188366 0.471019 -0.011022
v -0.187376 0.472009 -0.011022
v -0.174272 0.460622 -0.011022
v -0.176978 0.457915 -0.011022
v -0.174634 0.459268 -0.011022
v -0.175625 0.458278 -0.011022
v -0.176978 0.472372 -0.011022
v -0.174272 0.469666 -0.011022
v -0.175625 0.472009 -0.011022
v -0.174634 0.471019 -0.011022
v -0.188729 0.460622 -0.006646
v -0.186022 0.457915 -0.006646
v -0.188366 0.459268 -0.006646
v -0.187376 0.458278 -0.006646
v -0.186022 0.472372 -0.006646
v -0.188729 0.469666 -0.006646
v -0.187376 0.472009 -0.006646
v -0.188366 0.471019 -0.006646
v -0.176978 0.457915 -0.006646
v -0.174272 0.460622 -0.006646
v -0.175625 0.458278 -0.006646
v -0.174634 0.459268 -0.006646
v -0.174272 0.469666 -0.006646
v -0.176978 0.472372 -0.006646
v -0.174634 0.471019 -0.006646
v -0.175625 0.472009 -0.006646
v 0.145496 0.555287 -0.011022
v 0.142790 0.557994 -0.011022
v 0.144143 0.555650 -0.011022
v 0.143152 0.556641 -0.011022
v 0.142790 0.567038 -0.011022
v 0.145496 0.569744 -0.011022
v 0.143152 0.568391 -0.011022
v 0.144143 0.569382 -0.011022
v 0.157247 0.557994 -0.011022
v 0.154540 0.555287 -0.011022
v 0.156884 0.556641 -0.011022
v 0.155893 0.555650 -0.011022
v 0.154540 0.569744 -0.011022
v 0.157247 0.567038 -0.011022
v 0.155893 0.569382 -0.011022
v 0.156884 0.568391 -0.011022
v 0.142790 0.557994 -0.006646
v 0.145496 0.555287 -0.006646
v 0.143152 0.556641 -0.006646
v 0.144143 0.555650 -0.006646
v 0.145496 0.569744 -0.006646
v 0.142790 0.567038 -0.006646
v 0.144143 0.569382 -0.006646
v 0.143152 0.568391 -0.006646
v 0.154540 0.555287 -0.006646
v 0.157247 0.557994 -0.006646
v 0.155893 0.555650 -0.006646
v 0.156884 0.556641 -0.006646
v 0.157247 0.567038 -0.006646
v 0.154540 0.569744 -0.006646
v 0.156884 0.568391 -0.006646
v 0.155893 0.569382 -0.006646
v 0.193927 0.555287 -0.011022
v 0.191220 0.557994 -0.011022
v 0.192574 0.555650 -0.011022
v 0.191583 0.556641 -0.011022
v 0.191220 0.567038 -0.011022
v 0.193927 0.569744 -0.011022
v 0.191583 0.568391 -0.011022
v 0.192574 0.569382 -0.011022
v 0.205677 0.557994 -0.011022
v 0.202971 0.555287 -0.011022
v 0.205315 0.556641 -0.011022
v 0.204324 0.555650 -0.011022
v 0.202971 0.569744 -0.011022
v 0.205677 0.567038 -0.011022
v 0.204324 0.569382 -0.011022
v 0.205315 0.568391 -0.011022
v 0.191220 0.557994 -0.006646
v 0.193927 0.555287 -0.006646
v 0.191583 0.556641 -0.006646
v 0.192574 0.555650 -0.006646
v 0.193927 0.569744 -0.006646
v 0.191220 0.567038 -0.006646
v 0.192574 0.569382 -0.006646
v 0.191583 0.568391 -0.006646
v 0.202971 0.555287 -0.006646
v 0.205677 0.557994 -0.006646
v 0.204324 0.555650 -0.006646
v 0.205315 0.556641 -0.006646
v 0.205677 0.567038 -0.006646
v 0.202971 0.569744 -0.006646
v 0.205315 0.568391 -0.006646
v 0.204324 0.569382 -0.006646
v 0.242357 0.555287 -0.011022
v 0.239651 0.557994 -0.011022
v 0.241004 0.555650 -0.011022
v 0.240013 0.556641 -0.011022
v 0.239651 0.567038 -0.011022
v 0.242357 0.569744 -0.011022
v 0.240013 0.568391 -0.011022
v 0.241004 0.569382 -0.011022
v 0.254108 0.557994 -0.011022
v 0.251401 0.555287 -0.011022
v 0.253745 0.556641 -0.011022
v 0.252755 0.555650 -0.011022
v 0.251401 0.569744 -0.011022
v 0.254108 0.567038 -0.011022
v 0.252755 0.569382 -0.011022
v 0.253745 0.568391 -0.011022
v 0.239651 0.557994 -0.006646
v 0.242357 0.555287 -0.006646
v 0.240013 0.556641 -0.006646
v 0.241004 0.555650 -0.006646
v 0.242357 0.569744 -0.006646
v 0.239651 0.567038 -0.006646
v 0.241004 0.569382 -0.006646
v 0.240013 0.568391 -0.006646
v 0.251401 0.555287 -0.006646
v 0.254108 0.557994 -0.006646
v 0.252755 0.555650 -0.006646
v 0.253745 0.556641 -0.006646
v 0.254108 0.567038 -0.006646
v 0.251401 0.569744 -0.006646
v 0.253745 0.568391 -0.006646
v 0.252755 0.569382 -0.006646
v 0.290788 0.555287 -0.011022
v 0.288081 0.557994 -0.011022
v 0.289435 0.555650 -0.011022
v 0.288444 0.556641 -0.011022
v 0.288081 0.567038 -0.011022
v 0.290788 0.569744 -0.011022
v 0.288444 0.568391 -0.011022
v 0.289435 0.569382 -0.011022
v 0.302538 0.557994 -0.011022
v 0.299832 0.555287 -0.011022
v 0.302176 0.556641 -0.011022
v 0.301185 0.555650 -0.011022
v 0.299832 0.569744 -0.011022
v 0.302538 0.567038 -0.011022
v 0.301185 0.569382 -0.011022
v 0.302176 0.568391 -0.011022
v 0.288081 0.557994 -0.006646
v 0.290788 0.555287 -0.006646
v 0.288444 0.556641 -0.006646
v 0.289435 0.555650 -0.006646
v 0.290788 0.569744 -0.006646
v 0.288081 0.567038 -0.006646
v 0.289435 0.569382 -0.006646
v 0.288444 0.568391 -0.006646
v 0.299832 0.555287 -0.006646
v 0.302538 0.557994 -0.006646
v 0.301185 0.555650 -0.006646
v 0.302176 0.556641 -0.006646
v 0.302538 0.567038 -0.006646
v 0.299832 0.569744 -0.006646
v 0.302176 0.568391 -0.006646
v 0.301185 0.569382 -0.006646
v 0.339218 0.555287 -0.011022
v 0.336512 0.557994 -0.011022
v 0.337865 0.555650 -0.011022
v 0.336875 0.556641 -0.011022
v 0.336512 0.567038 -0.011022
v 0.339218 0.569744 -0.011022
v 0.336875 0.568391 -0.011022
v 0.337865 0.569382 -0.011022
v 0.350969 0.557994 -0.011022
v 0.348263 0.555287 -0.011022
v 0.350606 0.556641 -0.011022
v 0.349616 0.555650 -0.011022
v 0.348263 0.569744 -0.011022
v 0.350969 0.567038 -0.011022
v 0.349616 0.569382 -0.011022
v 0.350606 0.568391 -0.011022
v 0.336512 0.557994 -0.006646
v 0.339218 0.555287 -0.006646
v 0.336875 0.556641 -0.006646
v 0.337865 0.555650 -0.006646
v 0.339218 0.569744 -0.006646
v 0.336512 0.567038 -0.006646
v 0.337865 0.569382 -0.006646
v 0.336875 0.568391 -0.006646
v 0.348263 0.555287 -0.006646
v 0.350969 0.557994 -0.006646
v 0.349616 0.555650 -0.006646
v 0.350606 0.556641 -0.006646
v 0.350969 0.567038 -0.006646
v 0.348263 0.569744 -0.006646
v 0.350606 0.568391 -0.006646
v 0.349616 0.569382 -0.006646
v 0.387649 0.555287 -0.011022
v 0.384943 0.557994 -0.011022
v 0.386296 0.555650 -0.011022
v 0.385305 0.556641 -0.011022
v 0.384943 0.567038 -0.011022
v 0.387649 0.569744 -0.011022
v 0.385305 0.568391 -0.011022
v 0.386296 0.569382 -0.011022
v 0.399399 0.557994 -0.011022
v 0.396693 0.555287 -0.011022
v 0.399037 0.556641 -0.011022
v 0.398046 0.555650 -0.011022
v 0.396693 0.569744 -0.011022
v 0.399399 0.567038 -0.011022
v 0.398046 0.569382 -0.011022
v 0.399037 0.568391 -0.011022
v 0.384943 0.557994 -0.006646
v 0.387649 0.555287 -0.006646
v 0.385305 0.556641 -0.006646
v 0.386296 0.555650 -0.006646
v 0.387649 0.569744 -0.006646
v 0.384943 0.567038 -0.006646
v 0.386296 0.569382 -0.006646
v 0.385305 0.568391 -0.006646
v 0.396693 0.555287 -0.006646
v 0.399399 0.557994 -0.006646
v 0.398046 0.555650 -0.006646
v 0.399037 0.556641 -0.006646
v 0.399399 0.567038 -0.006646
v 0.396693 0.569744 -0.006646
v 0.399037 0.568391 -0.006646
v 0.398046 0.569382 -0.006646
v 0.436080 0.555287 -0.011022
v 0.433373 0.557994 -0.011022
v 0.434726 0.555650 -0.011022
v 0.433736 0.556641 -0.011022
v 0.433373 0.567038 -0.011022
v 0.436080 0.569744 -0.011022
v 0.433736 0.568391 -0.011022
v 0.434726 0.569382 -0.011022
v 0.447830 0.557994 -0.011022
v 0.445124 0.555287 -0.011022
v 0.447467 0.556641 -0.011022
v 0.446477 0.555650 -0.011022
v 0.445124 0.569744 -0.011022
v 0.447830 0.567038 -0.011022
v 0.446477 0.569382 -0.011022
v 0.447467 0.568391 -0.011022
v 0.433373 0.557994 -0.006646
v 0.436080 0.555287 -0.006646
v 0.433736 0.556641 -0.006646
v 0.434726 0.555650 -0.006646
v 0.436080 0.569744 -0.006646
v 0.433373 0.567038 -0.006646
v 0.434726 0.569382 -0.006646
v 0.433736 0.568391 -0.006646
v 0.445124 0.555287 -0.006646
v 0.447830 0.557994 -0.006646
v 0.446477 0.555650 -0.006646
v 0.447467 0.556641 -0.006646
v 0.447830 0.567038 -0.006646
v 0.445124 0.569744 -0.006646
v 0.447467 0.568391 -0.006646
v 0.446477 0.569382 -0.006646
v 0.484510 0.555287 -0.011022
v 0.481804 0.557994 -0.011022
v 0.483157 0.555650 -0.011022
v 0.482166 0.556641 -0.011022
v 0.481804 0.567038 -0.011022
v 0.484510 0.569744 -0.011022
v 0.482166 0.568391 -0.011022
v 0.483157 0.569382 -0.011022
v 0.496261 0.557994 -0.011022
v 0.493554 0.555287 -0.011022
v 0.495898 0.556641 -0.011022
v 0.494907 0.555650 -0.011022
v 0.493554 0.569744 -0.011022
v 0.496261 0.567038 -0.011022
v 0.494907 0.569382 -0.011022
v 0.495898 0.568391 -0.011022
v 0.481804 0.557994 -0.006646
v 0.484510 0.555287 -0.006646
v 0.482166 0.556641 -0.006646
v 0.483157 0.555650 -0.006646
v 0.484510 0.569744 -0.006646
v 0.481804 0.567038 -0.006646
v 0.483157 0.569382 -0.006646
v 0.482166 0.568391 -0.006646
v 0.493554 0.555287 -0.006646
v 0.496261 0.557994 -0.006646
v 0.494907 0.555650 -0.006646
v 0.495898 0.556641 -0.006646
v 0.496261 0.567038 -0.006646
v 0.493554 0.569744 -0.006646
v 0.495898 0.568391 -0.006646
v 0.494907 0.569382 -0.006646
v -0.014855 0.702083 -0.011022
v -0.017562 0.704790 -0.011022
v -0.016208 0.702446 -0.011022
v -0.017199 0.703436 -0.011022
v -0.017562 0.713834 -0.011022
v -0.014855 0.716540 -0.011022
v -0.017199 0.715187 -0.011022
v -0.016208 0.716177 -0.011022
v -0.003105 0.704790 -0.011022
v -0.005811 0.702083 -0.011022
v -0.003467 0.703436 -0.011022
v -0.004458 0.702446 -0.011022
v -0.005811 0.716540 -0.011022
v -0.003105 0.713834 -0.011022
v -0.004458 0.716177 -0.011022
v -0.003467 0.715187 -0.011022
v -0.017562 0.704790 -0.006646
v -0.014855 0.702083 -0.006646
v -0.017199 0.703436 -0.006646
v -0.016208 0.702446 -0.006646
v -0.014855 0.716540 -0.006646
v -0.017562 0.713834 -0.006646
v -0.016208 0.716177 -0.006646
v -0.017199 0.715187 -0.006646
v -0.005811 0.702083 -0.006646
v -0.003105 0.704790 -0.006646
v -0.004458 0.702446 -0.006646
v -0.003467 0.703436 -0.006646
v -0.003105 0.713834 -0.006646
v -0.005811 0.716540 -0.006646
v -0.003467 0.715187 -0.006646
v -0.004458 0.716177 -0.006646
v -0.014855 0.637895 -0.011022
v -0.017562 0.640601 -0.011022
v -0.016208 0.638257 -0.011022
v -0.017199 0.639248 -0.011022
v -0.017562 0.649645 -0.011022
v -0.014855 0.652352 -0.011022
v -0.017199 0.650998 -0.011022
v -0.016208 0.651989 -0.011022
v -0.003105 0.640601 -0.011022
v -0.005811 0.637895 -0.011022
v -0.003467 0.639248 -0.011022
v -0.004458 0.638257 -0.011022
v -0.005811 0.652352 -0.011022
v -0.003105 0.649645 -0.011022
v -0.004458 0.651989 -0.011022
v -0.003467 0.650998 -0.011022
v -0.017562 0.640601 -0.006646
v -0.014855 0.637895 -0.006646
v -0.017199 0.639248 -0.006646
v -0.016208 0.638257 -0.006646
v -0.014855 0.652352 -0.006646
v -0.017562 0.649645 -0.006646
v -0.016208 0.651989 -0.006646
v -0.017199 0.650998 -0.006646
v -0.005811 0.637895 -0.006646
v -0.003105 0.640601 -0.006646
v -0.004458 0.638257 -0.006646
v -0.003467 0.639248 -0.006646
v -0.003105 0.649645 -0.006646
v -0.005811 0.652352 -0.006646
v -0.003467 0.650998 -0.006646
v -0.004458 0.651989 -0.006646
v -0.014855 0.573706 -0.011022
v -0.017562 0.576412 -0.011022
v -0.016208 0.574069 -0.011022
v -0.017199 0.575059 -0.011022
v -0.017562 0.585457 -0.011022
v -0.014855 0.588163 -0.011022
v -0.017199 0.586810 -0.011022
v -0.016208 0.587800 -0.011022
v -0.003105 0.576412 -0.011022
v -0.005811 0.573706 -0.011022
v -0.003467 0.575059 -0.011022
v -0.004458 0.574069 -0.011022
v -0.005811 0.588163 -0.011022
v -0.003105 0.585457 -0.011022
v -0.004458 0.587800 -0.011022
v -0.003467 0.586810 -0.011022
v -0.017562 0.576412 -0.006646
v -0.014855 0.573706 -0.006646
v -0.017199 0.575059 -0.006646
v -0.016208 0.574069 -0.006646
v -0.014855 0.588163 -0.006646
v -0.017562 0.585457 -0.006646
v -0.016208 0.587800 -0.006646
v -0.017199 0.586810 -0.006646
v -0.005811 0.573706 -0.006646
v -0.003105 0.576412 -0.006646
v -0.004458 0.574069 -0.006646
v -0.003467 0.575059 -0.006646
v -0.003105 0.585457 -0.006646
v -0.005811 0.588163 -0.006646
v -0.003467 0.586810 -0.006646
v -0.004458 0.587800 -0.006646
v 0.191568 0.730426 -0.009293
v 0.196123 0.729206 -0.009288
v 0.199457 0.725871 -0.009276
v 0.200678 0.721316 -0.009260
v 0.199457 0.716761 -0.009244
v 0.196123 0.713427 -0.009232
v 0.191568 0.712206 -0.009228
v 0.187013 0.713427 -0.009232
v 0.183678 0.716761 -0.009244
v 0.182457 0.721316 -0.009260
v 0.183678 0.725871 -0.009276
v 0.187013 0.729206 -0.009288
v 0.235843 0.730426 -0.009293
v 0.240398 0.729206 -0.009288
v 0.243733 0.725871 -0.009276
v 0.244953 0.721316 -0.009260
v 0.243733 0.716761 -0.009244
v 0.240398 0.713427 -0.009232
v 0.235843 0.712206 -0.009228
v 0.231288 0.713427 -0.009232
v 0.227953 0.716761 -0.009244
v 0.226733 0.721316 -0.009260
v 0.227953 0.725871 -0.009276
v 0.231288 0.729206 -0.009288
v 0.280118 0.730426 -0.009293
v 0.284673 0.729206 -0.009288
v 0.288008 0.725871 -0.009276
v 0.289229 0.721316 -0.009260
v 0.288008 0.716761 -0.009244
v 0.284673 0.713427 -0.009232
v 0.280118 0.712206 -0.009228
v 0.275563 0.713427 -0.009232
v 0.272229 0.716761 -0.009244
v 0.271008 0.721316 -0.009260
v 0.272229 0.725871 -0.009276
v 0.275563 0.729206 -0.009288
v 0.324394 0.730426 -0.009293
v 0.328949 0.729206 -0.009288
v 0.332283 0.725871 -0.009276
v 0.333504 0.721316 -0.009260
v 0.332283 0.716761 -0.009244
v 0.328949 0.713427 -0.009232
v 0.324394 0.712206 -0.009228
v 0.319839 0.713427 -0.009232
v 0.316504 0.716761 -0.009244
v 0.315284 0.721316 -0.009260
v 0.316504 0.725871 -0.009276
v 0.319839 0.729206 -0.009288
v 0.368669 0.730426 -0.009293
v 0.373224 0.729206 -0.009288
v 0.376559 0.725871 -0.009276
v 0.377779 0.721316 -0.009260
v 0.376559 0.716761 -0.009244
v 0.373224 0.713427 -0.009232
v 0.368669 0.712206 -0.009228
v 0.364114 0.713427 -0.009232
v 0.360780 0.716761 -0.009244
v 0.359559 0.721316 -0.009260
v 0.360780 0.725871 -0.009276
v 0.364114 0.729206 -0.009288
v 0.191568 0.678681 -0.008991
v 0.196123 0.677461 -0.008987
v 0.199457 0.674126 -0.008975
v 0.200678 0.669571 -0.008959
v 0.199457 0.665016 -0.008943
v 0.196123 0.661682 -0.008931
v 0.191568 0.660461 -0.008927
v 0.187013 0.661682 -0.008931
v 0.183678 0.665016 -0.008943
v 0.182457 0.669571 -0.008959
v 0.183678 0.674126 -0.008975
v 0.187013 0.677461 -0.008987
v 0.235843 0.678681 -0.008991
v 0.240398 0.677461 -0.008987
v 0.243733 0.674126 -0.008975
v 0.244953 0.669571 -0.008959
v 0.243733 0.665016 -0.008943
v 0.240398 0.661682 -0.008931
v 0.235843 0.660461 -0.008927
v 0.231288 0.661682 -0.008931
v 0.227953 0.665016 -0.008943
v 0.226733 0.669571 -0.008959
v 0.227953 0.674126 -0.008975
v 0.231288 0.677461 -0.008987
v 0.280118 0.678681 -0.008991
v 0.284673 0.677461 -0.008987
v 0.288008 0.674126 -0.008975
v 0.289229 0.669571 -0.008959
v 0.288008 0.665016 -0.008943
v 0.284673 0.661682 -0.008931
v 0.280118 0.660461 -0.008927
v 0.275563 0.661682 -0.008931
v 0.272229 0.665016 -0.008943
v 0.271008 0.669571 -0.008959
v 0.272229 0.674126 -0.008975
v 0.275563 0.677461 -0.008987
v 0.324394 0.678681 -0.008991
v 0.328949 0.677461 -0.008987
v 0.332283 0.674126 -0.008975
v 0.333504 0.669571 -0.008959
v 0.332283 0.665016 -0.008943
v 0.328949 0.661682 -0.008931
v 0.324394 0.660461 -0.008927
v 0.319839 0.661682 -0.008931
v 0.316504 0.665016 -0.008943
v 0.315284 0.669571 -0.008959
v 0.316504 0.674126 -0.008975
v 0.319839 0.677461 -0.008987
v 0.368669 0.678681 -0.008991
v 0.373224 0.677461 -0.008987
v 0.376559 0.674126 -0.008975
v 0.377779 0.669571 -0.008959
v 0.376559 0.665016 -0.008943
v 0.373224 0.661682 -0.008931
v 0.368669 0.660461 -0.008927
v 0.364114 0.661682 -0.008931
v 0.360780 0.665016 -0.008943
v 0.359559 0.669571 -0.008959
v 0.360780 0.674126 -0.008975
v 0.364114 0.677461 -0.008987
v 0.191568 0.626937 -0.008690
v 0.196123 0.625716 -0.008685
v 0.199457 0.622382 -0.008674
v 0.200678 0.617827 -0.008657
v 0.199457 0.613272 -0.008641
v 0.196123 0.609937 -0.008629
v 0.191568 0.608717 -0.008625
v 0.187013 0.609937 -0.008629
v 0.183678 0.613272 -0.008641
v 0.182457 0.617827 -0.008657
v 0.183678 0.622382 -0.008674
v 0.187013 0.625716 -0.008685
v 0.235843 0.626937 -0.008690
v 0.240398 0.625716 -0.008685
v 0.243733 0.622382 -0.008674
v 0.244953 0.617827 -0.008657
v 0.243733 0.613272 -0.008641
v 0.240398 0.609937 -0.008629
v 0.235843 0.608717 -0.008625
v 0.231288 0.609937 -0.008629
v 0.227953 0.613272 -0.008641
v 0.226733 0.617827 -0.008657
v 0.227953 0.622382 -0.008674
v 0.231288 0.625716 -0.008685
v 0.280118 0.626937 -0.008690
v 0.284673 0.625716 -0.008685
v 0.288008 0.622382 -0.008674
v 0.289229 0.617827 -0.008657
v 0.288008 0.613272 -0.008641
v 0.284673 0.609937 -0.008629
v 0.280118 0.608717 -0.008625
v 0.275563 0.609937 -0.008629
v 0.272229 0.613272 -0.008641
v 0.271008 0.617827 -0.008657
v 0.272229 0.622382 -0.008674
v 0.275563 0.625716 -0.008685
v 0.324394 0.626937 -0.008690
v 0.328949 0.625716 -0.008685
v 0.332283 0.622382 -0.008674
v 0.333504 0.617827 -0.008657
v 0.332283 0.613272 -0.008641
v 0.328949 0.609937 -0.008629
v 0.324394 0.608717 -0.008625
v 0.319839 0.609937 -0.008629
v 0.316504 0.613272 -0.008641
v 0.315284 0.617827 -0.008657
v 0.316504 0.622382 -0.008674
v 0.319839 0.625716 -0.008685
v 0.368669 0.626937 -0.008690
v 0.373224 0.625716 -0.008685
v 0.376559 0.622382 -0.008674
v 0.377779 0.617827 -0.008657
v 0.376559 0.613272 -0.008641
v 0.373224 0.609937 -0.008629
v 0.368669 0.608717 -0.008625
v 0.364114 0.609937 -0.008629
v 0.360780 0.613272 -0.008641
v 0.359559 0.617827 -0.008657
v 0.360780 0.622382 -0.008674
v 0.364114 0.625716 -0.008685
v -0.122839 0.419284 -0.009293
v -0.118284 0.418064 -0.009288
v -0.114949 0.414729 -0.009276
v -0.113729 0.410174 -0.009260
v -0.114949 0.405619 -0.009244
v -0.118284 0.402284 -0.009232
v -0.122839 0.401064 -0.009228
v -0.127394 0.402284 -0.009232
v -0.130729 0.405619 -0.009244
v -0.131949 0.410174 -0.009260
v -0.130729 0.414729 -0.009276
v -0.127394 0.418064 -0.009288
v -0.057064 0.419284 -0.009293
v -0.052508 0.418064 -0.009288
v -0.049174 0.414729 -0.009276
v -0.047953 0.410174 -0.009260
v -0.049174 0.405619 -0.009244
v -0.052508 0.402284 -0.009232
v -0.057064 0.401064 -0.009228
v -0.061619 0.402284 -0.009232
v -0.064953 0.405619 -0.009244
v -0.066174 0.410174 -0.009260
v -0.064953 0.414729 -0.009276
v -0.061619 0.418064 -0.009288
v 0.008712 0.419284 -0.009293
v 0.013267 0.418064 -0.009288
v 0.016601 0.414729 -0.009276
v 0.017822 0.410174 -0.009260
v 0.016601 0.405619 -0.009244
v 0.013267 0.402284 -0.009232
v 0.008712 0.401064 -0.009228
v 0.004157 0.402284 -0.009232
v 0.000822 0.405619 -0.009244
v -0.000398 0.410174 -0.009260
v 0.000822 0.414729 -0.009276
v 0.004157 0.418064 -0.009288
v 0.074487 0.419284 -0.009293
v 0.079042 0.418064 -0.009288
v 0.082377 0.414729 -0.009276
v 0.083597 0.410174 -0.009260
v 0.082377 0.405619 -0.009244
v 0.079042 0.402284 -0.009232
v 0.074487 0.401064 -0.009228
v 0.069932 0.402284 -0.009232
v 0.066598 0.405619 -0.009244
v 0.065377 0.410174 -0.009260
v 0.066598 0.414729 -0.009276
v 0.069932 0.418064 -0.009288
v 0.140263 0.419284 -0.009293
v 0.144818 0.418064 -0.009288
v 0.148152 0.414729 -0.009276
v 0.149373 0.410174 -0.009260
v 0.148152 0.405619 -0.009244
v 0.144818 0.402284 -0.009232
v 0.140263 0.401064 -0.009228
v 0.135708 0.402284 -0.009232
v 0.132373 0.405619 -0.009244
v 0.131152 0.410174 -0.009260
v 0.132373 0.414729 -0.009276
v 0.135708 0.418064 -0.009288
v 0.206038 0.419284 -0.009293
v 0.210593 0.418064 -0.009288
v 0.213928 0.414729 -0.009276
v 0.215148 0.410174 -0.009260
v 0.213928 0.405619 -0.009244
v 0.210593 0.402284 -0.009232
v 0.206038 0.401064 -0.009228
v 0.201483 0.402284 -0.009232
v 0.198148 0.405619 -0.009244
v 0.196928 0.410174 -0.009260
v 0.198148 0.414729 -0.009276
v 0.201483 0.418064 -0.009288
v 0.271813 0.419284 -0.009293
v 0.276368 0.418064 -0.009288
v 0.279703 0.414729 -0.009276
v 0.280924 0.410174 -0.009260
v 0.279703 0.405619 -0.009244
v 0.276368 0.402284 -0.009232
v 0.271813 0.401064 -0.009228
v 0.267258 0.402284 -0.009232
v 0.263924 0.405619 -0.009244
v 0.262703 0.410174 -0.009260
v 0.263924 0.414729 -0.009276
v 0.267258 0.418064 -0.009288
v 0.337589 0.419284 -0.009293
v 0.342144 0.418064 -0.009288
v 0.345478 0.414729 -0.009276
v 0.346699 0.410174 -0.009260
v 0.345478 0.405619 -0.009244
v 0.342144 0.402284 -0.009232
v 0.337589 0.401064 -0.009228
v 0.333034 0.402284 -0.009232
v 0.329699 0.405619 -0.009244
v 0.328479 0.410174 -0.009260
v 0.329699 0.414729 -0.009276
v 0.333034 0.418064 -0.009288
v 0.403364 0.419284 -0.009293
v 0.407919 0.418064 -0.009288
v 0.411254 0.414729 -0.009276
v 0.412474 0.410174 -0.009260
v 0.411254 0.405619 -0.009244
v 0.407919 0.402284 -0.009232
v 0.403364 0.401064 -0.009228
v 0.398809 0.402284 -0.009232
v 0.395475 0.405619 -0.009244
v 0.394254 0.410174 -0.009260
v 0.395475 0.414729 -0.009276
v 0.398809 0.418064 -0.009288
v 0.469140 0.419284 -0.009293
v 0.473695 0.418064 -0.009288
v 0.477029 0.414729 -0.009276
v 0.478250 0.410174 -0.009260
v 0.477029 0.405619 -0.009244
v 0.473695 0.402284 -0.009232
v 0.469140 0.401064 -0.009228
v 0.464584 0.402284 -0.009232
v 0.461250 0.405619 -0.009244
v 0.460029 0.410174 -0.009260
v 0.461250 0.414729 -0.009276
v 0.464584 0.418064 -0.009288
v -0.122839 0.329277 -0.008768
v -0.118284 0.328057 -0.008764
v -0.114949 0.324722 -0.008752
v -0.113729 0.320167 -0.008736
v -0.114949 0.315612 -0.008720
v -0.118284 0.312278 -0.008708
v -0.122839 0.311057 -0.008704
v -0.127394 0.312278 -0.008708
v -0.130729 0.315612 -0.008720
v -0.131949 0.320167 -0.008736
v -0.130729 0.324722 -0.008752
v -0.127394 0.328057 -0.008764
v -0.057064 0.329277 -0.008768
v -0.052508 0.328057 -0.008764
v -0.049174 0.324722 -0.008752
v -0.047953 0.320167 -0.008736
v -0.049174 0.315612 -0.008720
v -0.052508 0.312278 -0.008708
v -0.057064 0.311057 -0.008704
v -0.061619 0.312278 -0.008708
v -0.064953 0.315612 -0.008720
v -0.066174 0.320167 -0.008736
v -0.064953 0.324722 -0.008752
v -0.061619 0.328057 -0.008764
v 0.008712 0.329277 -0.008768
v 0.013267 0.328057 -0.008764
v 0.016601 0.324722 -0.008752
v 0.017822 0.320167 -0.008736
v 0.016601 0.315612 -0.008720
v 0.013267 0.312278 -0.008708
v 0.008712 0.311057 -0.008704
v 0.004157 0.312278 -0.008708
v 0.000822 0.315612 -0.008720
v -0.000398 0.320167 -0.008736
v 0.000822 0.324722 -0.008752
v 0.004157 0.328057 -0.008764
v 0.074487 0.329277 -0.008768
v 0.079042 0.328057 -0.008764
v 0.082377 0.324722 -0.008752
v 0.083597 0.320167 -0.008736
v 0.082377 0.315612 -0.008720
v 0.079042 0.312278 -0.008708
v 0.074487 0.311057 -0.008704
v 0.069932 0.312278 -0.008708
v 0.066598 0.315612 -0.008720
v 0.065377 0.320167 -0.008736
v 0.066598 0.324722 -0.008752
v 0.069932 0.328057 -0.008764
v 0.140263 0.329277 -0.008768
v 0.144818 0.328057 -0.008764
v 0.148152 0.324722 -0.008752
v 0.149373 0.320167 -0.008736
v 0.148152 0.315612 -0.008720
v 0.144818 0.312278 -0.008708
v 0.140263 0.311057 -0.008704
v 0.135708 0.312278 -0.008708
v 0.132373 0.315612 -0.008720
v 0.131152 0.320167 -0.008736
v 0.132373 0.324722 -0.008752
v 0.135708 0.328057 -0.008764
v 0.206038 0.329277 -0.008768
v 0.210593 0.328057 -0.008764
v 0.213928 0.324722 -0.008752
v 0.215148 0.320167 -0.008736
v 0.213928 0.315612 -0.008720
v 0.210593 0.312278 -0.008708
v 0.206038 0.311057 -0.008704
v 0.201483 0.312278 -0.008708
v 0.198148 0.315612 -0.008720
v 0.196928 0.320167 -0.008736
v 0.198148 0.324722 -0.008752
v 0.201483 0.328057 -0.008764
v 0.271813 0.329277 -0.008768
v 0.276368 0.328057 -0.008764
v 0.279703 0.324722 -0.008752
v 0.280924 0.320167 -0.008736
v 0.279703 0.315612 -0.008720
v 0.276368 0.312278 -0.008708
v 0.271813 0.311057 -0.008704
v 0.267258 0.312278 -0.008708
v 0.263924 0.315612 -0.008720
v 0.262703 0.320167 -0.008736
v 0.263924 0.324722 -0.008752
v 0.267258 0.328057 -0.008764
v 0.337589 0.329277 -0.008768
v 0.342144 0.328057 -0.008764
v 0.345478 0.324722 -0.008752
v 0.346699 0.320167 -0.008736
v 0.345478 0.315612 -0.008720
v 0.342144 0.312278 -0.008708
v 0.337589 0.311057 -0.008704
v 0.333034 0.312278 -0.008708
v 0.329699 0.315612 -0.008720
v 0.328479 0.320167 -0.008736
v 0.329699 0.324722 -0.008752
v 0.333034 0.328057 -0.008764
v 0.403364 0.329277 -0.008768
v 0.407919 0.328057 -0.008764
v 0.411254 0.324722 -0.008752
v 0.412474 0.320167 -0.008736
v 0.411254 0.315612 -0.008720
v 0.407919 0.312278 -0.008708
v 0.403364 0.311057 -0.008704
v 0.398809 0.312278 -0.008708
v 0.395475 0.315612 -0.008720
v 0.394254 0.320167 -0.008736
v 0.395475 0.324722 -0.008752
v 0.398809 0.328057 -0.008764
v 0.469140 0.329277 -0.008768
v 0.473695 0.328057 -0.008764
v 0.477029 0.324722 -0.008752
v 0.478250 0.320167 -0.008736
v 0.477029 0.315612 -0.008720
v 0.473695 0.312278 -0.008708
v 0.469140 0.311057 -0.008704
v 0.464584 0.312278 -0.008708
v 0.461250 0.315612 -0.008720
v 0.460029 0.320167 -0.008736
v 0.461250 0.324722 -0.008752
v 0.464584 0.328057 -0.008764
vn -0.0000 0.9999 -0.0144
vn 0.5878 0.8089 -0.0117
vn 0.9511 0.3090 -0.0045
vn 0.9511 -0.3090 0.0045
vn 0.5878 -0.8089 0.0117
vn -0.0000 -0.9999 0.0144
vn -0.5878 -0.8089 0.0117
vn -0.9511 -0.3090 0.0045
vn -0.9511 0.3090 -0.0045
vn -0.0000 0.0144 0.9999
vn -0.5878 0.8089 -0.0117
vn 0.5000 0.8659 -0.0125
vn 1.0000 -0.0000 -0.0000
vn 0.5000 -0.8659 0.0125
vn -0.5000 -0.8659 0.0125
vn -1.0000 -0.0000 -0.0000
vn -0.5000 0.8659 -0.0125
vn -0.0000 -0.9999 0.0145
vn -0.0000 -0.0000 1.0000
vn 0.8660 0.5000 -0.0000
vn 0.5000 0.8660 -0.0000
vn -0.5000 0.8660 -0.0000
vn -0.8660 0.5000 -0.0000
vn -0.0000 -1.0000 -0.0000
vn -0.5000 -0.8660 -0.0000
vn 0.8660 -0.5000 -0.0000
vn -0.0000 1.0000 -0.0000
vn -0.8660 -0.5000 -0.0000
vn 0.5000 -0.8660 -0.0000
vn -0.0000 0.0076 1.0000
vn 0.8660 0.5000 -0.0038
vn 0.5000 0.8660 -0.0065
vn 0.5000 0.8660 -0.0066
vn -0.5000 0.8660 -0.0066
vn -0.8660 0.5000 -0.0038
vn -0.0000 -1.0000 0.0076
vn -0.5000 -0.8660 0.0066
vn 0.8660 -0.5000 0.0038
vn -0.0000 1.0000 -0.0076
vn -0.8660 -0.5000 0.0038
vn 0.5000 -0.8660 0.0066
vn 0.5000 -0.8660 0.0065
vn -0.5000 -0.8660 0.0065
vn -0.5000 0.8660 -0.0065
vn 0.5878 0.8090 -0.0000
vn 0.9511 0.3090 -0.0000
vn 0.9511 -0.3090 -0.0000
vn 0.5878 -0.8090 -0.0000
vn -0.5878 -0.8090 -0.0000
vn -0.9511 -0.3090 -0.0000
vn -0.9511 0.3090 -0.0000
vn -0.8980 -0.2918 0.3293
vn -0.5550 -0.7639 0.3293
vn -0.5878 0.8090 -0.0000
vn -0.0000 -0.0000 -1.0000
vn -0.0000 0.9966 0.0819
vn -0.5820 0.8012 0.1391
vn -0.0000 0.9903 0.1391
vn -0.0000 -0.9442 0.3293
vn 0.5550 -0.7639 0.3293
vn 0.8980 -0.2918 0.3293
vn -0.0000 0.9442 0.3293
vn 0.5550 0.7639 0.3293
vn 0.8980 0.2918 0.3293
vn -0.5550 0.7639 0.3293
vn -0.8980 0.2918 0.3293
vn 0.5858 0.8063 0.0819
vn 0.9418 0.3060 0.1391
vn 0.9479 0.3080 0.0819
vn -0.5858 0.8063 0.0819
vn -0.9418 0.3060 0.1391
vn -0.0000 -0.9966 0.0819
vn -0.5821 -0.8011 0.1391
vn -0.5858 -0.8063 0.0819
vn 0.5821 0.8011 0.1391
vn -0.9479 -0.3080 0.0819
vn -0.9418 -0.3060 0.1391
vn 0.9479 -0.3080 0.0819
vn 0.5821 -0.8011 0.1391
vn 0.5858 -0.8063 0.0819
vn 0.9418 -0.3060 0.1391
vn -0.9479 0.3080 0.0819
vn -0.0000 -0.9903 0.1391
vn 0.0736 0.1012 0.9921
vn 0.1191 0.0385 0.9921
vn 0.1190 -0.0388 0.9921
vn 0.0735 -0.1013 0.9921
vn -0.0000 -0.1251 0.9921
vn -0.0736 -0.1012 0.9921
vn -0.1190 -0.0388 0.9921
vn -0.1190 0.0387 0.9921
vn -0.0735 0.1013 0.9921
vn -0.0000 0.1252 0.9921
vn -0.1232 0.9924 -0.0000
vn 0.1232 0.9924 -0.0000
vn -0.8527 0.4872 0.1886
vn -0.9767 0.1350 0.1671
vn -0.9786 0.1216 0.1662
vn 0.8528 -0.4871 0.1883
vn 0.9767 -0.1350 0.1671
vn 0.9786 -0.1216 0.1662
vn -0.8527 -0.4872 0.1886
vn -0.4973 -0.8480 0.1833
vn -0.4829 -0.8565 0.1825
vn -0.9767 -0.1350 0.1671
vn -0.8482 -0.4949 0.1887
vn -0.4830 0.8564 0.1825
vn -0.1363 0.9787 0.1537
vn -0.4973 0.8480 0.1833
vn 0.9767 0.1350 0.1671
vn 0.9785 0.1221 0.1660
vn -0.8482 0.4949 0.1887
vn 0.4973 -0.8480 0.1833
vn 0.8484 -0.4947 0.1884
vn 0.4829 0.8565 0.1825
vn 0.1363 0.9787 0.1537
vn 0.1196 0.9811 0.1520
vn -0.1195 0.9811 0.1520
vn 0.8527 0.4872 0.1886
vn 0.8484 0.4947 0.1884
vn 0.1365 -0.9787 0.1536
vn -0.1197 -0.9811 0.1520
vn -0.1361 -0.9787 0.1537
vn 0.4973 0.8480 0.1833
vn 0.4830 -0.8564 0.1825
vn 0.9904 -0.1383 -0.0000
vn 0.8543 -0.5198 -0.0000
vn 0.9904 0.1383 -0.0000
vn -0.4803 0.8771 -0.0000
vn -0.9904 0.1383 -0.0000
vn -0.9904 -0.1383 -0.0000
vn -0.8543 0.5198 -0.0000
vn 0.4803 0.8771 -0.0000
vn 0.1232 -0.9924 -0.0000
vn -0.1232 -0.9924 -0.0000
vn 0.8543 0.5198 -0.0000
vn -0.4803 -0.8771 -0.0000
vn -0.8543 -0.5198 -0.0000
vn 0.4803 -0.8771 -0.0000
vn -0.9785 -0.1219 0.1661
vn -0.0000 0.6203 -0.7844
vn 0.5878 0.5018 -0.6346
vn 0.9511 0.1917 -0.2424
vn 0.9511 -0.1917 0.2424
vn 0.5878 -0.5018 0.6346
vn -0.0000 -0.6203 0.7844
vn -0.5878 -0.5018 0.6346
vn -0.9511 -0.1917 0.2424
vn -0.9511 0.1917 -0.2424
vn -0.0000 0.7844 0.6203
vn -0.5878 0.5018 -0.6346
vn 0.5000 0.5372 -0.6793
vn 0.5000 -0.5372 0.6793
vn -0.5000 -0.5372 0.6793
vn -0.5000 0.5372 -0.6793
vn -0.0000 0.6246 -0.7809
vn 0.5878 0.5053 -0.6318
vn 0.9511 0.1930 -0.2413
vn 0.9511 -0.1930 0.2413
vn 0.5878 -0.5053 0.6318
vn -0.0000 -0.6246 0.7809
vn -0.5878 -0.5053 0.6318
vn -0.9511 -0.1930 0.2413
vn -0.9511 0.1930 -0.2413
vn -0.0000 0.7809 0.6246
vn -0.5878 0.5053 -0.6318
vn -0.4898 0.6841 -0.5405
vn -0.0000 0.7656 -0.6433
vn 0.8484 0.4614 -0.2594
vn 0.9797 0.1571 0.1245
vn 0.8484 -0.1471 0.5084
vn 0.4899 -0.3698 0.7895
vn 0.4898 -0.3698 0.7895
vn -0.0000 -0.4513 0.8924
vn -0.4898 -0.3698 0.7895
vn -0.4899 -0.3698 0.7895
vn -0.8484 -0.1471 0.5084
vn -0.9797 0.1571 0.1245
vn -0.8484 0.4614 -0.2594
vn 0.4898 0.6841 -0.5405
vn 0.4898 0.6841 -0.5404
vn -0.0000 0.7838 0.6211
vn -0.9797 0.1572 0.1245
vn -0.4899 0.6841 -0.5404
vn 0.4899 0.6841 -0.5404
vn -0.4898 0.6841 -0.5404
vn 0.9797 0.1572 0.1245
vn 0.0349 -0.6240 0.7807
vn -0.0349 -0.6240 0.7807
vn -0.8660 0.3122 -0.3906
vn -0.9994 0.0218 -0.0273
vn 0.5000 -0.5407 0.6765
vn 0.8660 -0.3122 0.3906
vn -0.5000 -0.5407 0.6765
vn -0.8660 -0.3122 0.3906
vn -0.0349 0.6240 -0.7807
vn -0.5000 0.5407 -0.6765
vn -0.9994 -0.0218 0.0272
vn 0.0349 0.6240 -0.7807
vn 0.9994 -0.0218 0.0273
vn 0.9994 -0.0218 0.0272
vn 0.8660 0.3122 -0.3906
vn 0.9994 0.0218 -0.0273
vn 0.5000 0.5407 -0.6765
vn -0.0000 0.7812 0.6243
vn -0.0000 0.7811 0.6244
vn -0.9994 0.0218 -0.0272
vn -0.9994 -0.0218 0.0273
vn 0.9994 0.0218 -0.0272
vn -0.0349 0.6239 -0.7807
vn -0.0348 0.6240 -0.7807
vn -0.0000 0.7811 0.6243
vn -0.0000 -0.6251 0.7806
vn -0.0000 0.6251 -0.7806
vn -0.0000 0.7806 0.6251
vn 0.0169 -0.6250 0.7805
vn -0.0169 -0.6250 0.7805
vn 0.0169 -0.6250 0.7804
vn 1.0000 0.0023 -0.0029
vn 1.0000 -0.0024 0.0029
vn 1.0000 -0.0023 0.0029
vn -1.0000 -0.0023 0.0029
vn -1.0000 0.0023 -0.0029
vn -0.0169 0.6250 -0.7805
vn 0.0169 0.6250 -0.7805
vn -0.0169 -0.6250 0.7804
vn -0.3827 -0.5775 0.7211
vn -0.7071 -0.4420 0.5519
vn -0.9239 -0.2392 0.2987
vn -0.3827 0.5775 -0.7211
vn -0.7071 0.4420 -0.5519
vn -0.9239 0.2392 -0.2987
vn -1.0000 0.0024 -0.0029
vn 0.9239 0.2392 -0.2987
vn 0.7071 0.4420 -0.5519
vn 0.3827 0.5775 -0.7211
vn 0.3827 -0.5775 0.7211
vn 0.7071 -0.4420 0.5519
vn 0.9239 -0.2392 0.2987
vn -0.0000 0.7805 0.6251
vn -0.0000 0.9016 0.4325
vn -0.0000 0.7764 0.6303
vn -0.0000 0.9017 0.4325
vn -0.0000 0.7847 0.6198
vn -0.0000 0.6191 0.7853
vn -0.0000 0.7847 0.6199
vn -0.0000 0.6054 0.7959
vn -0.0000 0.9090 0.4168
vn -0.0000 0.9090 0.4169
vn 0.3827 -0.5775 0.7212
vn 0.0169 0.6250 -0.7804
vn -0.3827 0.5775 -0.7212
vn 0.3827 0.5775 -0.7212
vn -0.0000 0.6055 0.7959
vn 0.4842 0.6708 0.5617
vn 0.9905 0.1361 -0.0217
vn 0.4125 0.8480 0.3329
vn -0.4281 0.6241 0.6537
vn -0.4339 0.8149 0.3843
vn -0.9847 0.1190 0.1274
vn -0.5599 -0.7734 -0.2972
vn -0.9831 0.0373 0.1794
vn 0.5075 -0.7713 -0.3841
vn -0.6004 -0.6175 -0.5081
vn 0.9914 0.1264 -0.0329
vn 0.5612 0.3078 0.7683
vn -0.3823 0.2287 0.8953
vn -0.9812 -0.0660 0.1811
vn 0.5031 -0.5783 -0.6423
vn -0.6018 -0.2958 -0.7419
vn 0.9911 0.0993 -0.0887
vn 0.5981 0.1063 0.7943
vn -0.3715 0.0406 0.9275
vn -0.9862 -0.0657 0.1522
vn 0.4241 -0.2081 -0.8814
vn -0.6077 -0.1052 -0.7872
vn 0.9915 0.0697 -0.1100
vn 0.6104 -0.0036 0.7921
vn -0.3710 -0.0247 0.9283
vn -0.9899 -0.0213 0.1399
vn 0.4002 -0.0360 -0.9157
vn -0.6059 0.0039 -0.7955
vn 0.9926 0.0210 -0.1196
vn 0.6137 -0.0784 0.7857
vn -0.3709 -0.0316 0.9281
vn -0.9895 0.0474 0.1367
vn 0.3953 0.0251 -0.9182
vn -0.5998 0.0782 -0.7963
vn 0.9906 -0.0480 -0.1279
vn 0.6117 -0.1394 0.7787
vn -0.3660 -0.0004 0.9306
vn -0.9804 0.1402 0.1381
vn 0.3954 0.0296 -0.9180
vn -0.5891 0.1370 -0.7963
vn 0.9806 -0.1404 -0.1371
vn 0.6045 -0.1967 0.7720
vn -0.3492 0.0635 0.9349
vn -0.9550 0.2613 0.1405
vn 0.3933 -0.0045 -0.9194
vn -0.5728 0.1887 -0.7977
vn 0.9542 -0.2611 -0.1461
vn 0.5891 -0.2551 0.7667
vn -0.3102 0.1585 0.9374
vn -0.9000 0.4133 0.1385
vn 0.3813 -0.0731 -0.9216
vn -0.5491 0.2361 -0.8017
vn 0.3476 -0.1756 -0.9211
vn 0.5608 -0.3149 0.7657
vn 0.8982 -0.4130 -0.1507
vn -0.2354 0.2775 0.9314
vn -0.7984 0.5893 0.1233
vn -0.5173 0.2786 -0.8092
vn 0.2766 -0.3046 -0.9114
vn 0.7035 -0.7008 -0.1182
vn 0.7955 -0.5890 -0.1424
vn 0.5192 -0.3349 0.7863
vn -0.1846 0.3680 0.9113
vn -0.5082 0.3220 -0.7988
vn 0.1962 -0.3774 -0.9050
vn 0.7156 -0.6894 -0.1120
vn 0.5038 -0.3194 0.8026
vn -0.7041 0.7009 0.1138
vn -0.2093 0.3661 0.9067
vn -0.5214 0.3396 -0.7829
vn 0.1941 -0.3535 -0.9151
vn 0.5137 -0.3113 0.7995
vn -0.2570 0.3075 0.9162
vn -0.7719 0.6217 0.1334
vn -0.7135 0.6896 0.1237
vn -0.5300 0.3261 -0.7828
vn 0.2443 -0.2982 -0.9227
vn 0.5200 -0.3070 0.7971
vn 0.7736 -0.6217 -0.1229
vn -0.2921 0.2558 0.9215
vn -0.8137 0.5647 0.1377
vn -0.5336 0.3171 -0.7841
vn 0.2828 -0.2497 -0.9261
vn 0.5229 -0.3075 0.7950
vn 0.8150 -0.5650 -0.1286
vn -0.3165 0.2141 0.9241
vn -0.8411 0.5229 0.1387
vn -0.5327 0.3137 -0.7860
vn 0.3110 -0.2108 -0.9267
vn 0.5223 -0.3138 0.7929
vn 0.8420 -0.5233 -0.1310
vn -0.3314 0.1843 0.9253
vn -0.8555 0.4990 0.1382
vn -0.5276 0.3168 -0.7882
vn 0.3304 -0.1836 -0.9258
vn 0.5180 -0.3272 0.7903
vn 0.8562 -0.4995 -0.1318
vn -0.3377 0.1678 0.9262
vn -0.8574 0.4959 0.1374
vn -0.5180 0.3272 -0.7903
vn 0.3417 -0.1702 -0.9243
vn 0.5088 -0.3494 0.7867
vn 0.8579 -0.4964 -0.1324
vn -0.3344 0.1663 0.9276
vn -0.8450 0.5169 0.1375
vn -0.5026 0.3458 -0.7924
vn 0.3443 -0.1726 -0.9229
vn 0.4922 -0.3827 0.7818
vn 0.8453 -0.5173 -0.1340
vn -0.3186 0.1818 0.9303
vn -0.8126 0.5661 0.1388
vn -0.4787 0.3736 -0.7945
vn 0.3354 -0.1941 -0.9219
vn 0.4631 -0.4299 0.7751
vn 0.8126 -0.5664 -0.1371
vn -0.2846 0.2161 0.9340
vn -0.7496 0.6467 0.1410
vn -0.4419 0.4110 -0.7974
vn 0.3086 -0.2386 -0.9208
vn 0.3917 -0.5224 0.7574
vn 0.7484 -0.6480 -0.1414
vn -0.1843 0.2723 0.9444
vn -0.5829 0.8002 0.1409
vn -0.3512 0.4630 -0.8138
vn 0.2315 -0.3389 -0.9119
vn 0.1953 -0.6265 0.7546
vn 0.5801 -0.8017 -0.1441
vn 0.0037 0.3252 0.9456
vn -0.2016 0.9717 0.1228
vn -0.1778 0.5143 -0.8390
vn 0.0278 -0.4512 -0.8920
vn -0.2380 -0.9682 -0.0774
vn 0.2012 -0.9717 -0.1239
vn -0.0486 -0.6121 0.7893
vn 0.1936 0.3433 0.9191
vn 0.0237 0.5320 -0.8464
vn -0.2095 -0.4381 -0.8741
vn -0.5160 -0.8557 -0.0398
vn -0.2059 -0.5312 0.8219
vn 0.2402 0.9673 0.0818
vn 0.3105 0.3163 0.8964
vn 0.1781 0.4907 -0.8529
vn -0.3374 -0.3697 -0.8657
vn -0.6630 -0.7484 -0.0191
vn -0.2983 -0.4502 0.8416
vn 0.5176 0.8542 0.0484
vn 0.3619 0.2916 0.8854
vn 0.2794 0.4308 -0.8581
vn -0.3862 -0.3222 -0.8643
vn -0.7439 -0.6682 -0.0089
vn -0.3643 -0.3753 0.8523
vn 0.6638 0.7472 0.0317
vn 0.3739 0.2865 0.8821
vn 0.3542 0.3667 -0.8603
vn -0.3955 -0.3068 -0.8657
vn -0.7926 -0.6097 -0.0034
vn -0.4249 -0.2940 0.8562
vn 0.7917 0.6101 0.0317
vn 0.7443 0.6673 0.0271
vn 0.4231 0.2927 -0.8575
vn -0.3792 -0.3247 -0.8665
vn -0.8246 -0.5658 0.0020
vn 0.3573 0.3086 0.8815
vn -0.4968 -0.1838 0.8482
vn 0.8193 0.5714 0.0465
vn 0.5052 0.1918 -0.8414
vn -0.3352 -0.3886 -0.8583
vn -0.8492 -0.5278 0.0148
vn 0.3073 0.3735 0.8753
vn -0.6037 0.0031 0.7972
vn 0.8256 0.5590 0.0767
vn 0.6286 0.0271 -0.7773
vn -0.2457 -0.5385 -0.8060
vn -0.8790 -0.4756 0.0339
vn 0.1976 0.5240 0.8285
vn -0.7682 0.3095 0.5605
vn 0.7912 0.6041 0.0950
vn 0.8212 -0.2218 -0.5258
vn -0.1017 -0.8209 -0.5620
vn -0.8950 -0.4454 0.0228
vn 0.0074 0.8093 0.5874
vn -0.8204 0.4677 0.3289
vn 0.7613 0.6443 0.0724
vn 0.8841 -0.3532 -0.3058
vn -0.0059 -0.9424 -0.3344
vn 0.4878 0.5788 0.6535
vn 0.9837 0.1787 0.0207
vn 0.3842 0.8005 0.4601
vn -0.4181 0.5269 0.7400
vn -0.3988 0.7653 0.5052
vn -0.9721 0.1544 0.1763
vn -0.5728 -0.7088 -0.4116
vn -0.9823 0.0202 0.1864
vn 0.5082 -0.6981 -0.5044
vn -0.5991 -0.5327 -0.5978
vn 0.9924 0.1218 -0.0185
vn 0.5704 0.2136 0.7931
vn -0.3833 0.1341 0.9139
vn -0.9842 -0.0735 0.1609
vn 0.4917 -0.4828 -0.7247
vn -0.5975 -0.2076 -0.7745
vn 0.9920 0.0899 -0.0885
vn 0.5994 0.0426 0.7993
vn -0.3723 -0.0174 0.9279
vn -0.9869 -0.0629 0.1486
vn 0.4194 -0.1233 -0.8994
vn -0.6108 -0.0441 -0.7906
vn 0.9923 0.0626 -0.1065
vn 0.6146 -0.0171 0.7887
vn -0.3788 -0.0599 0.9236
vn -0.9906 -0.0427 0.1301
vn 0.3800 0.0600 -0.9230
vn 0.3983 0.0214 -0.9170
vn 0.9899 0.0431 -0.1353
vn 0.6329 -0.0403 0.7731
vn -0.3576 0.0124 0.9338
vn -0.9903 0.0519 0.1290
vn -0.6092 0.0169 -0.7928
vn -0.5891 0.0393 -0.8071
vn 0.3969 -0.0141 -0.9178
vn 0.6346 -0.0735 0.7694
vn 0.9884 -0.0544 -0.1420
vn -0.3403 0.1619 0.9263
vn -0.9669 0.2293 0.1122
vn -0.5836 0.0579 -0.8099
vn 0.9619 -0.2317 -0.1453
vn 0.6299 -0.1236 0.7668
vn -0.2531 0.3483 0.9026
vn -0.8860 0.4574 0.0753
vn 0.3700 -0.1680 -0.9137
vn -0.5619 0.0751 -0.8238
vn 0.3141 -0.3718 -0.8735
vn 0.6790 -0.7342 -0.0023
vn 0.8801 -0.4631 -0.1045
vn -0.1214 0.4989 0.8581
vn -0.6793 0.7338 0.0016
vn -0.4894 0.1607 -0.8571
vn 0.1962 -0.5576 -0.8066
vn 0.5421 -0.2405 0.8052
vn 0.3641 -0.9255 0.1043
vn 0.3648 -0.3457 0.8646
vn -0.3621 0.9269 -0.0991
vn -0.3426 0.2553 -0.9041
vn 0.0299 -0.6582 -0.7523
vn 0.0468 -0.9826 0.1796
vn 0.0149 0.5824 0.8128
vn 0.1722 -0.3690 0.9133
vn 0.1341 0.6139 0.7779
vn -0.1751 0.3001 -0.9377
vn -0.1228 -0.6783 -0.7244
vn -0.1926 -0.9574 0.2152
vn 0.0113 -0.3409 0.9400
vn -0.0434 0.9847 -0.1687
vn 0.2072 0.6150 0.7608
vn -0.0220 0.2975 -0.9545
vn -0.2134 -0.6618 -0.7186
vn -0.3566 -0.9066 0.2256
vn -0.1221 -0.2908 0.9490
vn 0.1955 0.9603 -0.1990
vn 0.2329 0.6122 0.7556
vn 0.1127 0.2663 -0.9573
vn -0.2469 -0.6473 -0.7211
vn -0.4727 -0.8527 0.2226
vn -0.2501 -0.2254 0.9416
vn 0.4722 0.8611 -0.1886
vn 0.3583 0.9114 -0.2026
vn 0.2447 0.2145 -0.9456
vn -0.2351 -0.6516 -0.7212
vn -0.5641 -0.7982 0.2114
vn 0.2149 0.6218 0.7531
vn -0.3984 -0.1336 0.9074
vn 0.5560 0.8161 -0.1575
vn 0.3984 0.1364 -0.9070
vn -0.1774 -0.6870 -0.7047
vn -0.6494 -0.7371 0.1870
vn 0.1464 0.6576 0.7390
vn -0.5976 0.0082 0.8017
vn 0.6147 0.7821 -0.1024
vn 0.6043 0.0156 -0.7966
vn -0.0614 -0.7725 -0.6320
vn -0.7344 -0.6673 0.1240
vn 0.0040 0.7402 0.6724
vn -0.8372 0.1944 0.5112
vn 0.6349 0.7719 -0.0335
vn 0.8539 -0.1367 -0.5022
vn 0.0995 -0.9082 -0.4065
vn -0.7692 -0.6355 0.0671
vn -0.2007 0.8743 0.4420
vn -0.9186 0.2792 0.2796
vn 0.6369 0.7709 -0.0092
vn 0.9389 -0.2091 -0.2733
vn 0.1873 -0.9546 -0.2315
vn -0.0000 0.9999 -0.0122
vn 0.5878 0.8090 -0.0098
vn 0.9511 0.3090 -0.0038
vn 0.9511 -0.3090 0.0038
vn 0.5878 -0.8090 0.0098
vn -0.0000 -0.9999 0.0122
vn -0.5878 -0.8090 0.0098
vn -0.9511 -0.3090 0.0038
vn -0.9511 0.3090 -0.0038
vn -0.0000 0.0122 0.9999
vn -0.5878 0.8090 -0.0098
vn 0.5000 0.8660 -0.0105
vn 0.5000 -0.8660 0.0105
vn -0.5000 -0.8660 0.0105
vn -0.5000 0.8660 -0.0105
vn -0.8660 0.5000 -0.0122
vn -0.4067 0.9135 -0.0098
vn 0.2079 0.9781 -0.0038
vn 0.7431 0.6691 0.0038
vn 0.9945 0.1046 0.0098
vn 0.8660 -0.5000 0.0122
vn 0.4067 -0.9135 0.0098
vn -0.2079 -0.9781 0.0038
vn -0.7431 -0.6691 -0.0038
vn -0.0105 0.0061 0.9999
vn -0.9945 -0.1046 -0.0098
vn -0.4999 0.8660 -0.0105
vn 0.9999 -0.0000 0.0105
vn 0.4999 -0.8660 0.0105
vn -0.9999 -0.0000 -0.0105
vn -0.8660 -0.5000 -0.0122
vn -0.9945 0.1046 -0.0098
vn -0.7431 0.6691 -0.0038
vn -0.2079 0.9781 0.0038
vn 0.4067 0.9135 0.0098
vn 0.8660 0.5000 0.0122
vn 0.9945 -0.1046 0.0098
vn 0.7431 -0.6691 0.0038
vn 0.2079 -0.9781 -0.0038
vn -0.0105 -0.0061 0.9999
vn -0.4067 -0.9135 -0.0098
vn 0.4999 0.8660 0.0105
vn -0.4999 -0.8660 -0.0105
vn -0.0000 -0.9999 -0.0122
vn -0.5878 -0.8090 -0.0098
vn -0.9511 -0.3090 -0.0038
vn -0.9511 0.3090 0.0038
vn -0.5878 0.8090 0.0098
vn -0.0000 0.9999 0.0122
vn 0.5878 0.8090 0.0098
vn 0.9511 0.3090 0.0038
vn 0.9511 -0.3090 -0.0038
vn -0.0000 -0.0122 0.9999
vn 0.5878 -0.8090 -0.0098
vn -0.5000 -0.8660 -0.0105
vn -0.5000 0.8660 0.0105
vn 0.5000 0.8660 0.0105
vn 0.5000 -0.8660 -0.0105
vn 0.8660 -0.5000 -0.0122
vn 0.4067 -0.9135 -0.0098
vn -0.2079 -0.9781 -0.0038
vn -0.7431 -0.6691 0.0038
vn -0.9945 -0.1046 0.0098
vn -0.8660 0.5000 0.0122
vn -0.4067 0.9135 0.0098
vn 0.2079 0.9781 0.0038
vn 0.7431 0.6691 -0.0038
vn 0.0105 -0.0061 0.9999
vn 0.9945 0.1046 -0.0098
vn 0.4999 -0.8660 -0.0105
vn -0.9999 -0.0000 0.0105
vn -0.4999 0.8660 0.0105
vn 0.9999 -0.0000 -0.0105
vn 0.8660 0.5000 -0.0122
vn 0.9945 -0.1046 -0.0098
vn 0.7431 -0.6691 -0.0038
vn 0.2079 -0.9781 0.0038
vn -0.4067 -0.9135 0.0098
vn -0.8660 -0.5000 0.0122
vn -0.9945 0.1046 0.0098
vn -0.7431 0.6691 0.0038
vn -0.2079 0.9781 -0.0038
vn 0.0105 0.0061 0.9999
vn 0.4067 0.9135 -0.0098
vn -0.4999 -0.8660 0.0105
vn 0.4999 0.8660 -0.0105
vn -0.4898 0.8484 0.2005
vn -0.0000 0.9797 0.2005
vn -0.4899 0.8484 0.2005
vn 0.8484 0.4898 0.2005
vn 0.9797 -0.0000 0.2005
vn 0.8484 -0.4898 0.2005
vn 0.4899 -0.8484 0.2005
vn 0.4898 -0.8484 0.2005
vn -0.0000 -0.9797 0.2005
vn -0.4898 -0.8484 0.2005
vn -0.8484 -0.4899 0.2005
vn -0.8484 -0.4898 0.2005
vn -0.9797 -0.0000 0.2005
vn -0.8484 0.4898 0.2005
vn -0.8484 0.4899 0.2005
vn 0.4898 0.8484 0.2005
vn 0.4899 0.8484 0.2005
vn 0.8484 0.4899 0.2005
vn 0.8484 -0.4899 0.2005
vn -0.4899 -0.8484 0.2005
vn 0.1190 0.0386 0.9921
vn 0.1190 -0.0387 0.9921
vn -0.0737 -0.1012 0.9921
vn -0.1190 0.0388 0.9921
vn -0.5821 -0.8012 0.1391
vn 0.5821 -0.8012 0.1391
vn 0.0737 0.1012 0.9921
vn -0.0000 -0.1252 0.9921
vn -0.0001 0.1252 0.9921
vn -0.0000 0.9903 0.1392
vn 0.5821 0.8012 0.1391
vn -0.0000 0.1251 0.9921
vn -0.0736 -0.1013 0.9921
vn 0.0349 -0.9994 -0.0000
vn -0.0349 -0.9994 -0.0000
vn -0.9994 0.0349 -0.0000
vn -0.0349 0.9994 -0.0000
vn -0.9994 -0.0349 -0.0000
vn 0.0349 0.9994 -0.0000
vn 0.9994 -0.0349 -0.0000
vn 0.9994 0.0349 -0.0000
vn -0.8660 0.5001 -0.0000
vn -0.8661 0.5000 -0.0000
vn -0.8661 -0.5000 -0.0000
vn 0.9994 -0.0348 -0.0000
vn 0.9994 0.0348 -0.0000
vn -0.8660 -0.5001 -0.0000
vn -0.0348 -0.9994 -0.0000
vn -0.0000 0.0035 1.0000
vn 0.1195 -0.9811 0.1520
vn -0.0000 0.7844 0.6202
vn -0.0000 0.7809 0.6247
vn -0.0000 0.7838 0.6210
vn -0.0001 0.7811 0.6244
vn 0.0001 0.7812 0.6243
vn -0.0000 0.7810 0.6245
vn 0.0001 0.7810 0.6246
vn -0.0001 0.7812 0.6243
vn -0.0000 0.7813 0.6241
vn -0.0000 0.7813 0.6242
vn -0.0000 0.7806 0.6250
vn -0.3827 -0.5775 0.7212
vn -0.0000 0.7807 0.6249
vn -0.0981 0.9328 0.3467
vn -0.2964 0.9218 0.2497
vn -0.0000 0.7810 0.6246
vt 0.218456 0.800094
vt 0.235651 0.772265
vt 0.235651 0.800094
vt 0.218456 0.772265
vt 0.235651 0.744437
vt 0.218456 0.744437
vt 0.235651 0.716609
vt 0.218456 0.716609
vt 0.235651 0.688781
vt 0.218456 0.660953
vt 0.235651 0.660953
vt 0.235651 0.633124
vt 0.218456 0.633124
vt 0.235651 0.605296
vt 0.218456 0.577468
vt 0.235651 0.577468
vt 0.313961 0.631357
vt 0.244671 0.581015
vt 0.287495 0.549902
vt 0.235651 0.549639
vt 0.218456 0.827922
vt 0.235651 0.827922
vt 0.409707 0.688501
vt 0.376303 0.621693
vt 0.409707 0.621693
vt 0.376202 0.688501
vt 0.342798 0.621693
vt 0.376202 0.621693
vt 0.409707 0.755410
vt 0.376303 0.688602
vt 0.409707 0.688602
vt 0.376202 0.688602
vt 0.342798 0.755410
vt 0.342798 0.688602
vt 0.285904 0.716093
vt 0.256975 0.699391
vt 0.256975 0.665987
vt 0.342798 0.554785
vt 0.376202 0.621593
vt 0.342798 0.621593
vt 0.376303 0.621593
vt 0.409707 0.554785
vt 0.409707 0.621593
vt 0.261028 0.631357
vt 0.218456 0.605296
vt 0.218456 0.549639
vt 0.218456 0.688781
vt 0.330318 0.581015
vt 0.314833 0.665987
vt 0.261028 0.558501
vt 0.677222 0.578023
vt 0.687027 0.553993
vt 0.691289 0.569901
vt 0.669101 0.592090
vt 0.665576 0.566377
vt 0.669101 0.608333
vt 0.653192 0.587827
vt 0.677222 0.622400
vt 0.653192 0.612596
vt 0.687027 0.646430
vt 0.665576 0.634046
vt 0.707532 0.630522
vt 0.691289 0.630522
vt 0.733245 0.634046
vt 0.711795 0.646430
vt 0.729721 0.608333
vt 0.721599 0.622400
vt 0.745630 0.587827
vt 0.745630 0.612596
vt 0.729721 0.592090
vt 0.733245 0.566377
vt 0.721599 0.578023
vt 0.711795 0.553993
vt 0.707532 0.569901
vt 0.653192 0.683938
vt 0.640712 0.667695
vt 0.653192 0.667695
vt 0.640712 0.578761
vt 0.628232 0.603530
vt 0.628232 0.578761
vt 0.653192 0.553993
vt 0.640712 0.570236
vt 0.640712 0.553993
vt 0.640712 0.776910
vt 0.628232 0.752141
vt 0.640712 0.752141
vt 0.653192 0.700181
vt 0.640712 0.683938
vt 0.640712 0.553993
vt 0.628232 0.553993
vt 0.653192 0.570236
vt 0.640712 0.586479
vt 0.628232 0.727373
vt 0.640712 0.727373
vt 0.653192 0.716425
vt 0.640712 0.700181
vt 0.653192 0.586479
vt 0.640712 0.602722
vt 0.628232 0.702604
vt 0.640712 0.702604
vt 0.653192 0.732668
vt 0.640712 0.716425
vt 0.653192 0.602722
vt 0.640712 0.618966
vt 0.640712 0.677836
vt 0.628232 0.677836
vt 0.653192 0.748911
vt 0.640712 0.732668
vt 0.653192 0.618966
vt 0.640712 0.635209
vt 0.640712 0.653067
vt 0.628232 0.653067
vt 0.640712 0.851216
vt 0.628232 0.826447
vt 0.640712 0.826447
vt 0.653192 0.635209
vt 0.640712 0.651452
vt 0.640712 0.628299
vt 0.628232 0.628299
vt 0.628232 0.801679
vt 0.640712 0.801679
vt 0.653192 0.651452
vt 0.640712 0.603530
vt 0.628232 0.776910
vt 0.640712 0.748911
vt 0.106638 0.665134
vt 0.011201 0.687940
vt 0.011201 0.665134
vt 0.106638 0.687940
vt 0.011201 0.710746
vt 0.106638 0.710746
vt 0.011201 0.733552
vt 0.106638 0.733552
vt 0.011201 0.756358
vt 0.106638 0.779164
vt 0.011201 0.779164
vt 0.106638 0.551105
vt 0.011201 0.573911
vt 0.011201 0.551105
vt 0.106638 0.596717
vt 0.011201 0.596717
vt 0.106638 0.619522
vt 0.011201 0.619522
vt 0.123902 0.573911
vt 0.123902 0.596717
vt 0.106638 0.642328
vt 0.011201 0.642328
vt 0.283431 0.784740
vt 0.287373 0.796872
vt 0.266733 0.796872
vt 0.201157 0.626941
vt 0.127873 0.641690
vt 0.127873 0.626941
vt 0.106638 0.573911
vt 0.123902 0.551105
vt 0.106638 0.756358
vt 0.123902 0.779164
vt 0.123902 0.756358
vt 0.123902 0.687940
vt 0.123902 0.733552
vt 0.123902 0.710746
vt 0.123902 0.642328
vt 0.123902 0.665134
vt 0.123902 0.619522
vt 0.201157 0.612191
vt 0.127873 0.597442
vt 0.201157 0.597442
vt 0.201157 0.641690
vt 0.127873 0.656440
vt 0.201157 0.700688
vt 0.127873 0.685939
vt 0.201157 0.685939
vt 0.127873 0.612191
vt 0.201157 0.671189
vt 0.127873 0.671189
vt 0.201157 0.582693
vt 0.127873 0.567943
vt 0.201157 0.567943
vt 0.127873 0.582693
vt 0.201157 0.656440
vt 0.127873 0.553193
vt 0.201157 0.553193
vt 0.314796 0.761987
vt 0.306526 0.748655
vt 0.314796 0.745773
vt 0.305289 0.732934
vt 0.300412 0.740120
vt 0.290074 0.728235
vt 0.290404 0.736879
vt 0.275104 0.733397
vt 0.280382 0.740279
vt 0.265795 0.746220
vt 0.273989 0.748716
vt 0.273872 0.759273
vt 0.265823 0.761824
vt 0.280044 0.767818
vt 0.274790 0.774589
vt 0.290096 0.771006
vt 0.289818 0.779696
vt 0.300173 0.767777
vt 0.305106 0.775031
vt 0.306289 0.759164
vt 0.014222 0.966245
vt 0.167694 0.961158
vt 0.167694 0.966245
vt 0.182435 0.881666
vt 0.187581 0.946883
vt 0.182435 0.943513
vt 0.177328 0.948318
vt 0.019731 0.952975
vt 0.023856 0.948318
vt 0.018749 0.881666
vt 0.013603 0.946883
vt 0.013603 0.878296
vt 0.023856 0.876861
vt 0.181453 0.872203
vt 0.177328 0.876861
vt 0.019447 0.879216
vt 0.016647 0.873018
vt 0.021252 0.877517
vt 0.014419 0.875239
vt 0.019750 0.976593
vt 0.022914 0.967965
vt 0.022914 0.976593
vt 0.019447 0.945963
vt 0.016647 0.952161
vt 0.014419 0.949940
vt 0.018749 0.943513
vt 0.019886 0.988245
vt 0.022909 0.979616
vt 0.022909 0.988245
vt 0.181737 0.879216
vt 0.184538 0.873018
vt 0.186766 0.875239
vt 0.187581 0.878296
vt 0.179932 0.947661
vt 0.181453 0.952975
vt 0.181737 0.945963
vt 0.184538 0.952160
vt 0.186766 0.949940
vt 0.097852 0.976593
vt 0.100973 0.967965
vt 0.100973 0.976593
vt 0.094688 0.967965
vt 0.097852 0.967965
vt 0.016629 0.976593
vt 0.013383 0.967965
vt 0.016629 0.967965
vt 0.091497 0.979616
vt 0.091497 0.988245
vt 0.019750 0.967965
vt 0.179932 0.877517
vt 0.016903 0.979616
vt 0.019886 0.979616
vt 0.097503 0.988245
vt 0.100605 0.979616
vt 0.100605 0.988245
vt 0.265796 0.988245
vt 0.265796 0.979616
vt 0.094520 0.988245
vt 0.094520 0.979616
vt 0.277085 0.967965
vt 0.104220 0.976593
vt 0.104220 0.967965
vt 0.019731 0.872203
vt 0.021252 0.947661
vt 0.097503 0.979616
vt 0.016903 0.988245
vt 0.013801 0.979616
vt 0.018710 0.869746
vt 0.013603 0.864941
vt 0.018710 0.798290
vt 0.237252 0.966245
vt 0.239800 0.961158
vt 0.239800 0.966245
vt 0.175406 0.966245
vt 0.237252 0.961158
vt 0.016907 0.956071
vt 0.014222 0.961158
vt 0.014222 0.956071
vt 0.021933 0.956071
vt 0.083780 0.961158
vt 0.021933 0.961158
vt 0.019386 0.956071
vt 0.016907 0.961158
vt 0.170379 0.966245
vt 0.170379 0.961158
vt 0.244964 0.956071
vt 0.091491 0.961158
vt 0.091491 0.956071
vt 0.019386 0.961158
vt 0.172858 0.966245
vt 0.172858 0.961158
vt 0.088806 0.961158
vt 0.088806 0.956071
vt 0.175406 0.961158
vt 0.086327 0.956071
vt 0.086327 0.961158
vt 0.244964 0.966245
vt 0.242279 0.961158
vt 0.244964 0.961158
vt 0.083780 0.956071
vt 0.242279 0.966245
vt 0.094688 0.976593
vt 0.376303 0.688501
vt 0.376202 0.554785
vt 0.376303 0.554785
vt 0.376303 0.755410
vt 0.376202 0.755410
vt 0.611334 0.556110
vt 0.568955 0.585775
vt 0.568955 0.556110
vt 0.611334 0.615440
vt 0.568955 0.615440
vt 0.568955 0.645105
vt 0.611334 0.674771
vt 0.568955 0.674771
vt 0.568955 0.704436
vt 0.611334 0.734101
vt 0.568955 0.734101
vt 0.568955 0.763766
vt 0.611334 0.793431
vt 0.568955 0.793431
vt 0.484329 0.671090
vt 0.512542 0.661923
vt 0.540756 0.748755
vt 0.568955 0.823097
vt 0.611334 0.852762
vt 0.568955 0.852762
vt 0.484329 0.748755
vt 0.466892 0.695090
vt 0.558192 0.695090
vt 0.611334 0.585775
vt 0.611334 0.645105
vt 0.611334 0.704436
vt 0.611334 0.763766
vt 0.611334 0.823097
vt 0.430426 0.584314
vt 0.456559 0.560525
vt 0.456559 0.584314
vt 0.456559 0.798420
vt 0.430426 0.774631
vt 0.456559 0.774631
vt 0.430426 0.750841
vt 0.456559 0.750841
vt 0.456559 0.727052
vt 0.430426 0.727052
vt 0.456559 0.703262
vt 0.430426 0.679473
vt 0.456559 0.679473
vt 0.430426 0.655683
vt 0.456559 0.655683
vt 0.456559 0.631894
vt 0.430426 0.631894
vt 0.456559 0.608104
vt 0.430426 0.608104
vt 0.456559 0.845999
vt 0.430426 0.822210
vt 0.456559 0.822210
vt 0.430426 0.798420
vt 0.473987 0.574291
vt 0.518379 0.562396
vt 0.538981 0.639285
vt 0.430426 0.560525
vt 0.430426 0.845999
vt 0.462092 0.618683
vt 0.792669 0.701064
vt 0.769036 0.652218
vt 0.792669 0.652218
vt 0.792669 0.573108
vt 0.769036 0.580674
vt 0.769036 0.573108
vt 0.769036 0.708630
vt 0.792669 0.716196
vt 0.769036 0.716196
vt 0.769036 0.644652
vt 0.792669 0.637086
vt 0.792669 0.644652
vt 0.792669 0.557976
vt 0.769036 0.565542
vt 0.769036 0.557976
vt 0.792669 0.629520
vt 0.769036 0.629520
vt 0.792669 0.844153
vt 0.769036 0.795307
vt 0.792669 0.795307
vt 0.769036 0.701064
vt 0.792669 0.565542
vt 0.792669 0.723763
vt 0.769036 0.723763
vt 0.792669 0.780175
vt 0.769036 0.772609
vt 0.792669 0.772609
vt 0.792669 0.787741
vt 0.769036 0.780175
vt 0.769036 0.787741
vt 0.474275 0.832081
vt 0.552354 0.832081
vt 0.537738 0.846698
vt 0.769036 0.637086
vt 0.933896 0.552592
vt 0.938859 0.729425
vt 0.933896 0.729425
vt 0.882229 0.737741
vt 0.877266 0.725583
vt 0.882229 0.725583
vt 0.932259 0.729425
vt 0.927296 0.729425
vt 0.927296 0.661027
vt 0.877266 0.737741
vt 0.882229 0.749899
vt 0.877266 0.749899
vt 0.913228 0.552592
vt 0.925386 0.729425
vt 0.913228 0.729425
vt 0.844861 0.552592
vt 0.832114 0.594659
vt 0.832114 0.552592
vt 0.816602 0.610530
vt 0.829348 0.816034
vt 0.816602 0.816034
vt 0.873765 0.753929
vt 0.885923 0.753929
vt 0.858810 0.778433
vt 0.844861 0.610530
vt 0.832114 0.816034
vt 0.832114 0.610530
vt 0.829348 0.552592
vt 0.816602 0.594659
vt 0.816602 0.552592
vt 0.844861 0.594659
vt 0.832114 0.598627
vt 0.844861 0.602595
vt 0.832114 0.602595
vt 0.844861 0.606562
vt 0.832114 0.606562
vt 0.844861 0.831904
vt 0.832114 0.827936
vt 0.844861 0.827936
vt 0.844861 0.823969
vt 0.832114 0.820001
vt 0.844861 0.820001
vt 0.844861 0.816034
vt 0.829348 0.610530
vt 0.816602 0.606562
vt 0.829348 0.606562
vt 0.829348 0.602595
vt 0.816602 0.598627
vt 0.829348 0.598627
vt 0.829348 0.594659
vt 0.829348 0.831904
vt 0.816602 0.827936
vt 0.829348 0.827936
vt 0.829348 0.823969
vt 0.816602 0.823969
vt 0.829348 0.820001
vt 0.816602 0.820001
vt 0.848641 0.562760
vt 0.849415 0.558869
vt 0.851620 0.555570
vt 0.955783 0.559782
vt 0.941089 0.552592
vt 0.955764 0.552592
vt 0.941089 0.684365
vt 0.955764 0.661622
vt 0.955764 0.684365
vt 0.955783 0.625669
vt 0.941089 0.618478
vt 0.955764 0.618478
vt 0.955764 0.595735
vt 0.960113 0.560865
vt 0.982856 0.553674
vt 0.982856 0.560865
vt 0.960113 0.598338
vt 0.982856 0.591147
vt 0.982856 0.598338
vt 0.960113 0.591147
vt 0.982856 0.583200
vt 0.960113 0.583200
vt 0.982856 0.576006
vt 0.960113 0.576006
vt 0.982856 0.568812
vt 0.960113 0.568812
vt 0.941089 0.661622
vt 0.955783 0.654431
vt 0.944426 0.647241
vt 0.955783 0.647241
vt 0.944641 0.640050
vt 0.955783 0.640050
vt 0.955783 0.632859
vt 0.944426 0.632859
vt 0.941089 0.595735
vt 0.955783 0.588545
vt 0.944426 0.581354
vt 0.955783 0.581354
vt 0.944641 0.574163
vt 0.955783 0.574163
vt 0.955783 0.566973
vt 0.944426 0.566973
vt 0.858810 0.552592
vt 0.787690 0.890735
vt 0.801034 0.885011
vt 0.803414 0.889727
vt 0.787824 0.894493
vt 0.803779 0.895011
vt 0.801881 0.899924
vt 0.799381 0.904270
vt 0.787751 0.898350
vt 0.798432 0.908711
vt 0.787726 0.902660
vt 0.787641 0.886821
vt 0.798810 0.880545
vt 0.771970 0.890386
vt 0.771973 0.894580
vt 0.772022 0.898743
vt 0.787514 0.907375
vt 0.772133 0.902983
vt 0.772080 0.886264
vt 0.787509 0.882385
vt 0.749875 0.890163
vt 0.749860 0.894528
vt 0.749864 0.898869
vt 0.772202 0.907528
vt 0.749891 0.903209
vt 0.749921 0.885842
vt 0.772233 0.881855
vt 0.721680 0.890008
vt 0.721664 0.894417
vt 0.721655 0.898816
vt 0.749912 0.907658
vt 0.721654 0.903205
vt 0.721701 0.885613
vt 0.749988 0.881430
vt 0.688916 0.889855
vt 0.688898 0.894288
vt 0.688889 0.898719
vt 0.721652 0.907632
vt 0.688884 0.903141
vt 0.688932 0.885422
vt 0.721733 0.881190
vt 0.653089 0.889620
vt 0.653061 0.894096
vt 0.653043 0.898572
vt 0.688879 0.907575
vt 0.653027 0.903056
vt 0.653110 0.885174
vt 0.688957 0.880979
vt 0.615586 0.889497
vt 0.615891 0.893969
vt 0.615993 0.898349
vt 0.653007 0.907519
vt 0.615771 0.902755
vt 0.615413 0.884987
vt 0.653133 0.880752
vt 0.547816 0.894032
vt 0.585721 0.889637
vt 0.585519 0.894057
vt 0.547827 0.898468
vt 0.585213 0.898358
vt 0.547851 0.902962
vt 0.585118 0.902633
vt 0.585347 0.906901
vt 0.585721 0.911234
vt 0.547915 0.907435
vt 0.547825 0.885183
vt 0.585608 0.885254
vt 0.508878 0.894055
vt 0.547807 0.889593
vt 0.508884 0.898652
vt 0.508889 0.903248
vt 0.547984 0.911873
vt 0.508894 0.907851
vt 0.508862 0.884943
vt 0.468732 0.889766
vt 0.508868 0.889490
vt 0.468744 0.894220
vt 0.468748 0.898653
vt 0.468721 0.907571
vt 0.468692 0.912032
vt 0.508901 0.912385
vt 0.429071 0.889926
vt 0.429086 0.894342
vt 0.468744 0.903126
vt 0.429094 0.898721
vt 0.429094 0.907429
vt 0.429085 0.911824
vt 0.468704 0.885337
vt 0.391289 0.894423
vt 0.391304 0.898759
vt 0.391320 0.903108
vt 0.429097 0.903066
vt 0.391323 0.907448
vt 0.391248 0.885741
vt 0.429049 0.885501
vt 0.354829 0.894565
vt 0.391275 0.890091
vt 0.354843 0.898867
vt 0.354861 0.903181
vt 0.391325 0.911802
vt 0.354869 0.907487
vt 0.354801 0.885933
vt 0.319411 0.894598
vt 0.354818 0.890255
vt 0.319326 0.898928
vt 0.319335 0.903296
vt 0.354880 0.911818
vt 0.319441 0.907634
vt 0.319495 0.886006
vt 0.337129 0.980903
vt 0.303849 0.984953
vt 0.303784 0.980735
vt 0.337153 0.976708
vt 0.303726 0.976508
vt 0.337176 0.972519
vt 0.303758 0.972287
vt 0.303876 0.968067
vt 0.303991 0.963863
vt 0.337203 0.968323
vt 0.337082 0.989322
vt 0.303833 0.989167
vt 0.369044 0.981104
vt 0.337105 0.985111
vt 0.369068 0.976899
vt 0.369090 0.972691
vt 0.337229 0.964120
vt 0.369109 0.968485
vt 0.368989 0.989520
vt 0.399380 0.981299
vt 0.369018 0.985313
vt 0.399407 0.977068
vt 0.399430 0.972831
vt 0.369125 0.964274
vt 0.399442 0.968597
vt 0.399313 0.989762
vt 0.427980 0.981508
vt 0.399351 0.985535
vt 0.428012 0.977227
vt 0.428037 0.972934
vt 0.399449 0.964364
vt 0.428037 0.968645
vt 0.427893 0.990065
vt 0.454823 0.981696
vt 0.427946 0.985796
vt 0.454862 0.977331
vt 0.454878 0.972957
vt 0.428028 0.964371
vt 0.454845 0.968592
vt 0.454703 0.990460
vt 0.480407 0.981920
vt 0.454780 0.986105
vt 0.480422 0.977398
vt 0.480416 0.972800
vt 0.454788 0.964250
vt 0.480345 0.968205
vt 0.480295 0.991042
vt 0.526470 0.982258
vt 0.480387 0.986522
vt 0.526492 0.977463
vt 0.526525 0.972638
vt 0.480265 0.963701
vt 0.526546 0.967812
vt 0.526436 0.991904
vt 0.569750 0.986892
vt 0.526451 0.987075
vt 0.569774 0.982264
vt 0.569775 0.977765
vt 0.569904 0.968697
vt 0.570037 0.964228
vt 0.526571 0.963122
vt 0.615231 0.987024
vt 0.615276 0.982627
vt 0.569797 0.973229
vt 0.615317 0.978317
vt 0.615469 0.969614
vt 0.615572 0.965290
vt 0.569771 0.991431
vt 0.664825 0.987458
vt 0.664774 0.983053
vt 0.615374 0.973974
vt 0.664504 0.978801
vt 0.664457 0.970457
vt 0.664825 0.966248
vt 0.615217 0.991358
vt 0.679035 0.984506
vt 0.732763 0.988790
vt 0.678971 0.988985
vt 0.679338 0.980034
vt 0.732752 0.984385
vt 0.679566 0.975616
vt 0.732739 0.979954
vt 0.732720 0.971142
vt 0.679484 0.971257
vt 0.732715 0.966711
vt 0.679167 0.966848
vt 0.679223 0.993457
vt 0.785817 0.988634
vt 0.785812 0.984219
vt 0.785803 0.975406
vt 0.732726 0.975555
vt 0.785801 0.971050
vt 0.785799 0.966649
vt 0.785827 0.993058
vt 0.732779 0.993180
vt 0.834724 0.988507
vt 0.785808 0.979794
vt 0.834710 0.984122
vt 0.834699 0.975308
vt 0.834702 0.970987
vt 0.834702 0.966571
vt 0.834746 0.992925
vt 0.875920 0.988275
vt 0.834706 0.979680
vt 0.875880 0.983984
vt 0.875884 0.975246
vt 0.875912 0.971005
vt 0.875929 0.966538
vt 0.875980 0.992678
vt 0.907388 0.987841
vt 0.875882 0.979548
vt 0.907394 0.983717
vt 0.907458 0.975482
vt 0.907475 0.971159
vt 0.907417 0.966601
vt 0.907383 0.992195
vt 0.935415 0.989017
vt 0.907464 0.979600
vt 0.937233 0.984255
vt 0.935605 0.974329
vt 0.933776 0.969937
vt 0.933465 0.965565
vt 0.933725 0.993457
vt 0.385021 0.856565
vt 0.407342 0.851365
vt 0.410025 0.855770
vt 0.385110 0.860578
vt 0.410385 0.861012
vt 0.408083 0.865685
vt 0.405413 0.869763
vt 0.385127 0.864572
vt 0.404855 0.874190
vt 0.385184 0.868796
vt 0.385044 0.852550
vt 0.405049 0.847153
vt 0.352046 0.856209
vt 0.351977 0.860702
vt 0.351948 0.865063
vt 0.385159 0.873376
vt 0.352011 0.869337
vt 0.352115 0.851911
vt 0.385047 0.848195
vt 0.302273 0.856095
vt 0.302523 0.860699
vt 0.302875 0.865150
vt 0.352124 0.873849
vt 0.302972 0.869491
vt 0.302379 0.851616
vt 0.352136 0.847483
vt 0.660582 0.939681
vt 0.385447 0.935211
vt 0.660449 0.935248
vt 0.660339 0.944099
vt 0.385103 0.939643
vt 0.659963 0.948514
vt 0.384911 0.944085
vt 0.385405 0.952952
vt 0.659830 0.952952
vt 0.385598 0.930772
vt 0.659827 0.926385
vt 0.660071 0.930829
vt 0.318120 0.935269
vt 0.318687 0.939668
vt 0.318910 0.944087
vt 0.385063 0.948525
vt 0.318565 0.948517
vt 0.317996 0.926390
vt 0.385405 0.926336
vt 0.869504 0.930472
vt 0.927570 0.926386
vt 0.927338 0.930711
vt 0.869491 0.934849
vt 0.927110 0.934923
vt 0.927093 0.939138
vt 0.927304 0.943349
vt 0.869498 0.939255
vt 0.927542 0.947673
vt 0.869526 0.943611
vt 0.869520 0.926060
vt 0.927582 0.921936
vt 0.820917 0.930385
vt 0.820886 0.934868
vt 0.820871 0.939373
vt 0.869559 0.947974
vt 0.820891 0.943965
vt 0.820971 0.921237
vt 0.869548 0.921688
vt 0.781950 0.925620
vt 0.820940 0.925727
vt 0.781890 0.934826
vt 0.781835 0.939367
vt 0.781786 0.943947
vt 0.820939 0.948384
vt 0.781969 0.921113
vt 0.781913 0.930175
vt 0.748983 0.925679
vt 0.748953 0.930144
vt 0.748909 0.939160
vt 0.748809 0.943661
vt 0.748690 0.948056
vt 0.781767 0.948513
vt 0.748974 0.921113
vt 0.718048 0.925736
vt 0.748952 0.934569
vt 0.718022 0.930007
vt 0.718002 0.934241
vt 0.717854 0.942938
vt 0.717718 0.947192
vt 0.686722 0.925697
vt 0.686856 0.930016
vt 0.717968 0.938577
vt 0.687285 0.934144
vt 0.687386 0.942223
vt 0.686871 0.946291
vt 0.718026 0.921519
vt 0.987556 0.890244
vt 0.953656 0.885942
vt 0.987653 0.885697
vt 0.987108 0.894766
vt 0.953674 0.890355
vt 0.986781 0.899207
vt 0.953700 0.894812
vt 0.953726 0.903736
vt 0.986915 0.903579
vt 0.953732 0.908219
vt 0.987387 0.908012
vt 0.987280 0.881166
vt 0.920611 0.886155
vt 0.920619 0.890570
vt 0.920630 0.899398
vt 0.953720 0.899247
vt 0.920624 0.903798
vt 0.920620 0.908238
vt 0.920588 0.881719
vt 0.953620 0.881555
vt 0.889827 0.886321
vt 0.920628 0.894994
vt 0.889845 0.890689
vt 0.889847 0.899453
vt 0.889832 0.903819
vt 0.889824 0.908279
vt 0.889786 0.881900
vt 0.863023 0.886569
vt 0.889849 0.895096
vt 0.863053 0.890832
vt 0.863019 0.899436
vt 0.862978 0.903776
vt 0.862964 0.908307
vt 0.862951 0.882175
vt 0.840670 0.886822
vt 0.863039 0.895168
vt 0.840617 0.890991
vt 0.840555 0.899302
vt 0.840562 0.903804
vt 0.840628 0.908413
vt 0.840705 0.882430
vt 0.818242 0.885739
vt 0.840545 0.895094
vt 0.816939 0.890635
vt 0.818729 0.900377
vt 0.820111 0.904843
vt 0.820162 0.909224
vt 0.819810 0.881166
vt 0.218406 0.800134
vt 0.235607 0.772296
vt 0.235607 0.800134
vt 0.218406 0.772296
vt 0.235607 0.744457
vt 0.218406 0.716619
vt 0.235607 0.716619
vt 0.218406 0.688781
vt 0.235607 0.688781
vt 0.235607 0.660942
vt 0.218406 0.633104
vt 0.235607 0.633104
vt 0.235607 0.605266
vt 0.218406 0.605266
vt 0.235607 0.577427
vt 0.260890 0.558454
vt 0.287366 0.549852
vt 0.313841 0.631336
vt 0.218406 0.549589
vt 0.235607 0.549589
vt 0.235607 0.827972
vt 0.342584 0.755231
vt 0.376000 0.688399
vt 0.376000 0.755231
vt 0.409416 0.554735
vt 0.376000 0.621567
vt 0.376000 0.554735
vt 0.409416 0.688399
vt 0.376000 0.755231
vt 0.376000 0.621567
vt 0.342584 0.554735
vt 0.376000 0.554735
vt 0.285770 0.649166
vt 0.314709 0.665874
vt 0.285770 0.715998
vt 0.342584 0.621567
vt 0.376000 0.688399
vt 0.342584 0.688399
vt 0.218406 0.744457
vt 0.218406 0.660942
vt 0.330204 0.580976
vt 0.244527 0.580976
vt 0.218406 0.827972
vt 0.409416 0.621567
vt 0.256831 0.665874
vt 0.218406 0.577427
vt 0.376000 0.621567
vt 0.342584 0.688399
vt 0.342584 0.621567
vt 0.409416 0.755231
vt 0.218406 0.800134
vt 0.218406 0.744457
vt 0.218406 0.716619
vt 0.235607 0.716619
vt 0.218406 0.688781
vt 0.218406 0.633104
vt 0.235607 0.633104
vt 0.218406 0.605266
vt 0.235607 0.577428
vt 0.313841 0.631336
vt 0.287366 0.549852
vt 0.218406 0.577428
vt 0.235607 0.549589
vt 0.342584 0.755231
vt 0.256831 0.699290
vt 0.256831 0.665874
vt 0.314709 0.665874
vt 0.218406 0.549589
vt 0.342584 0.554735
vt 0.430426 0.703262
vt 0.550876 0.594893
vt 0.277053 0.804369
vt 0.270675 0.784740
vt 0.266733 0.790165
vt 0.127873 0.700688
vt 0.792669 0.708630
vt 0.792669 0.580674
vt 0.884809 0.471440
vt 0.962055 0.450742
vt 0.941357 0.527988
vt 0.917457 0.527988
vt 0.896759 0.516038
vt 0.884809 0.495340
vt 0.896759 0.450742
vt 0.917457 0.438792
vt 0.941357 0.438792
vt 0.974005 0.471440
vt 0.974005 0.495340
vt 0.962055 0.516038
vt 0.313961 0.558501
vt 0.330318 0.608843
vt 0.287495 0.639956
vt 0.244671 0.608843
vt 0.342798 0.688501
vt 0.285904 0.649285
vt 0.314833 0.699391
vt 0.628232 0.851216
vt 0.277053 0.782668
vt 0.287373 0.790165
vt 0.283431 0.802297
vt 0.270675 0.802297
vt 0.013383 0.976593
vt 0.277085 0.976593
vt 0.013801 0.988245
vt 0.172182 0.798290
vt 0.172182 0.869746
vt 0.174786 0.798946
vt 0.177289 0.803095
vt 0.176591 0.800645
vt 0.177289 0.864941
vt 0.176591 0.867391
vt 0.174786 0.869090
vt 0.016106 0.869090
vt 0.014300 0.867391
vt 0.013603 0.803095
vt 0.014300 0.800645
vt 0.016106 0.798946
vt 0.540756 0.671090
vt 0.558192 0.724755
vt 0.512542 0.757922
vt 0.466892 0.724755
vt 0.518379 0.651180
vt 0.494590 0.651180
vt 0.473987 0.639285
vt 0.462092 0.594893
vt 0.494590 0.562396
vt 0.538981 0.574291
vt 0.550876 0.618683
vt 0.769036 0.844153
vt 0.550396 0.839390
vt 0.545046 0.844740
vt 0.488892 0.846698
vt 0.481584 0.844740
vt 0.476234 0.839390
vt 0.474275 0.783236
vt 0.552354 0.783236
vt 0.476234 0.775927
vt 0.488892 0.768619
vt 0.481584 0.770577
vt 0.537738 0.768619
vt 0.545046 0.770577
vt 0.550396 0.775927
vt 0.938859 0.552592
vt 0.927296 0.552592
vt 0.932259 0.552592
vt 0.925386 0.552592
vt 0.911046 0.562760
vt 0.911046 0.768264
vt 0.885923 0.645494
vt 0.910272 0.772155
vt 0.900878 0.778433
vt 0.908068 0.775454
vt 0.904769 0.777659
vt 0.854918 0.777659
vt 0.851619 0.775454
vt 0.849415 0.772155
vt 0.848641 0.768264
vt 0.873765 0.577096
vt 0.844861 0.598627
vt 0.832114 0.831904
vt 0.832114 0.823969
vt 0.816602 0.602595
vt 0.816602 0.831904
vt 0.910272 0.558869
vt 0.900878 0.552592
vt 0.885923 0.577096
vt 0.904769 0.553366
vt 0.908068 0.555570
vt 0.854918 0.553366
vt 0.941041 0.559782
vt 0.941041 0.625669
vt 0.960113 0.553674
vt 0.941041 0.654431
vt 0.941041 0.588545
vt 0.615419 0.907188
vt 0.615560 0.880545
vt 0.319498 0.890302
vt 0.319544 0.911970
vt 0.664328 0.974628
vt 0.664565 0.991764
vt 0.937323 0.979134
vt 0.302736 0.873962
vt 0.302735 0.847153
vt 0.317775 0.930834
vt 0.317998 0.952919
vt 0.687557 0.938184
vt 0.687032 0.921494
vt 0.817188 0.895632
vt 0.313841 0.558454
vt 0.330204 0.608814
vt 0.287366 0.639938
vt 0.260890 0.631336
vt 0.244527 0.608814
vt 0.314709 0.699290
vt 0.218406 0.660942
vt 0.313841 0.558454
vt 0.287366 0.639938
vt 0.218406 0.827972
vt 0.285770 0.649166
s 1
usemtl Synth_Buttons
f 1394/1731/1017 1395/1732/1018 1393/1733/1017
f 1396/1734/1018 1397/1735/1019 1395/1732/1018
f 1398/1736/1019 1399/1737/1020 1397/1735/1019
f 1400/1738/1020 1401/1739/1021 1399/1737/1020
f 1401/1739/1021 1404/1740/1022 1403/1741/1022
f 1404/1740/1022 1405/1742/1023 1403/1741/1022
f 1406/1743/1023 1407/1744/1024 1405/1742/1023
f 1407/1744/1024 1410/1745/1025 1409/1746/1025
f 1410/1747/1026 1402/1748/1026 1398/1749/1026
f 1410/1745/1025 1411/1750/1027 1409/1746/1025
f 1412/1751/1027 1393/1733/1017 1411/1752/1027
f 1414/1753/1028 1415/1754/1028 1413/1755/1028
f 1416/1756/1029 1417/1757/1029 1415/1758/1029
f 1418/1759/1030 1419/1760/1030 1417/1761/1030
f 1419/1762/1031 1422/1763/1031 1421/1764/1031
f 1422/1765/1026 1420/1766/1026 1418/1767/1026
f 1422/1768/1032 1423/1769/1032 1421/1770/1032
f 1423/1771/1033 1414/1772/1033 1413/1773/1033
f 1426/1731/1017 1427/1732/1018 1425/1733/1017
f 1428/1734/1018 1429/1735/1019 1427/1732/1018
f 1430/1736/1019 1431/1737/1020 1429/1735/1019
f 1432/1738/1020 1433/1739/1021 1431/1737/1020
f 1433/1739/1021 1436/1740/1022 1435/1741/1022
f 1436/1740/1022 1437/1742/1023 1435/1741/1022
f 1438/1743/1023 1439/1744/1024 1437/1742/1023
f 1439/1744/1024 1442/1745/1025 1441/1746/1025
f 1442/1747/1026 1438/1774/1026 1434/1748/1026
f 1442/1745/1025 1443/1750/1027 1441/1746/1025
f 1444/1751/1027 1425/1733/1017 1443/1752/1027
f 1446/1753/1028 1447/1754/1028 1445/1755/1028
f 1448/1756/1029 1449/1757/1029 1447/1758/1029
f 1450/1759/1030 1451/1760/1030 1449/1761/1030
f 1451/1762/1031 1454/1763/1031 1453/1764/1031
f 1454/1765/1026 1452/1766/1026 1450/1767/1026
f 1454/1768/1032 1455/1769/1032 1453/1770/1032
f 1455/1771/1033 1446/1772/1033 1445/1773/1033
f 1458/1731/1017 1459/1732/1018 1457/1733/1017
f 1460/1734/1018 1461/1735/1019 1459/1732/1018
f 1462/1736/1019 1463/1737/1020 1461/1735/1019
f 1464/1738/1020 1465/1739/1021 1463/1737/1020
f 1465/1739/1021 1468/1740/1022 1467/1741/1022
f 1468/1740/1022 1469/1742/1023 1467/1741/1022
f 1470/1743/1023 1471/1744/1024 1469/1742/1023
f 1471/1744/1024 1474/1745/1025 1473/1746/1025
f 1474/1747/1026 1470/1774/1026 1466/1748/1026
f 1474/1745/1025 1475/1750/1027 1473/1746/1025
f 1476/1751/1027 1457/1733/1017 1475/1752/1027
f 1478/1753/1028 1479/1754/1028 1477/1755/1028
f 1480/1756/1029 1481/1757/1029 1479/1758/1029
f 1482/1759/1030 1483/1760/1030 1481/1761/1030
f 1483/1762/1031 1486/1763/1031 1485/1764/1031
f 1486/1765/1026 1484/1766/1026 1482/1767/1026
f 1486/1768/1032 1487/1769/1032 1485/1770/1032
f 1487/1771/1033 1478/1772/1033 1477/1773/1033
f 1490/1731/1017 1491/1732/1018 1489/1733/1017
f 1492/1734/1018 1493/1735/1019 1491/1732/1018
f 1494/1736/1019 1495/1737/1020 1493/1735/1019
f 1496/1738/1020 1497/1739/1021 1495/1737/1020
f 1497/1739/1021 1500/1740/1022 1499/1741/1022
f 1500/1740/1022 1501/1742/1023 1499/1741/1022
f 1502/1743/1023 1503/1744/1024 1501/1742/1023
f 1503/1744/1024 1506/1745/1025 1505/1746/1025
f 1506/1747/1026 1502/1774/1026 1498/1748/1026
f 1506/1745/1025 1507/1750/1027 1505/1746/1025
f 1508/1751/1027 1489/1733/1017 1507/1752/1027
f 1510/1753/1028 1511/1754/1028 1509/1755/1028
f 1512/1756/1029 1513/1757/1029 1511/1758/1029
f 1514/1759/1030 1515/1760/1030 1513/1761/1030
f 1515/1762/1031 1518/1763/1031 1517/1764/1031
f 1518/1765/1026 1516/1766/1026 1514/1767/1026
f 1518/1768/1032 1519/1769/1032 1517/1770/1032
f 1519/1771/1033 1510/1772/1033 1509/1773/1033
f 1522/1731/1017 1523/1732/1018 1521/1733/1017
f 1524/1734/1018 1525/1735/1019 1523/1732/1018
f 1526/1736/1019 1527/1737/1020 1525/1735/1019
f 1528/1738/1020 1529/1739/1021 1527/1737/1020
f 1529/1739/1021 1532/1740/1022 1531/1741/1022
f 1532/1740/1022 1533/1742/1023 1531/1741/1022
f 1533/1742/1023 1536/1775/1024 1535/1744/1024
f 1535/1744/1024 1538/1745/1025 1537/1746/1025
f 1538/1747/1026 1534/1774/1026 1530/1748/1026
f 1537/1746/1025 1540/1776/1027 1539/1750/1027
f 1540/1751/1027 1521/1733/1017 1539/1752/1027
f 1542/1753/1028 1543/1754/1028 1541/1755/1028
f 1544/1756/1029 1545/1757/1029 1543/1758/1029
f 1546/1759/1030 1547/1760/1030 1545/1761/1030
f 1547/1762/1031 1550/1763/1031 1549/1764/1031
f 1550/1765/1026 1548/1766/1026 1546/1767/1026
f 1550/1768/1032 1551/1769/1032 1549/1770/1032
f 1551/1771/1033 1542/1772/1033 1541/1773/1033
f 1554/1731/1017 1555/1732/1018 1553/1733/1017
f 1556/1734/1018 1557/1735/1019 1555/1732/1018
f 1558/1736/1019 1559/1737/1020 1557/1735/1019
f 1560/1738/1020 1561/1739/1021 1559/1737/1020
f 1561/1739/1021 1564/1740/1022 1563/1741/1022
f 1564/1740/1022 1565/1742/1023 1563/1741/1022
f 1565/1742/1023 1568/1775/1024 1567/1744/1024
f 1567/1744/1024 1570/1745/1025 1569/1746/1025
f 1570/1747/1026 1566/1774/1026 1562/1748/1026
f 1569/1746/1025 1572/1776/1027 1571/1750/1027
f 1572/1751/1027 1553/1733/1017 1571/1752/1027
f 1574/1753/1028 1575/1754/1028 1573/1755/1028
f 1576/1756/1029 1577/1757/1029 1575/1758/1029
f 1578/1759/1030 1579/1760/1030 1577/1761/1030
f 1579/1762/1031 1582/1763/1031 1581/1764/1031
f 1582/1765/1026 1580/1766/1026 1578/1767/1026
f 1582/1768/1032 1583/1769/1032 1581/1770/1032
f 1583/1771/1033 1574/1772/1033 1573/1773/1033
f 1586/1731/1017 1587/1732/1018 1585/1733/1017
f 1588/1734/1018 1589/1735/1019 1587/1732/1018
f 1590/1736/1019 1591/1737/1020 1589/1735/1019
f 1592/1738/1020 1593/1739/1021 1591/1737/1020
f 1593/1739/1021 1596/1740/1022 1595/1741/1022
f 1596/1740/1022 1597/1742/1023 1595/1741/1022
f 1597/1742/1023 1600/1775/1024 1599/1744/1024
f 1599/1744/1024 1602/1745/1025 1601/1746/1025
f 1602/1747/1026 1598/1774/1026 1594/1748/1026
f 1601/1746/1025 1604/1776/1027 1603/1750/1027
f 1604/1751/1027 1585/1733/1017 1603/1752/1027
f 1606/1753/1028 1607/1754/1028 1605/1755/1028
f 1608/1756/1029 1609/1757/1029 1607/1758/1029
f 1610/1759/1030 1611/1760/1030 1609/1761/1030
f 1611/1762/1031 1614/1763/1031 1613/1764/1031
f 1614/1765/1026 1612/1766/1026 1610/1767/1026
f 1614/1768/1032 1615/1769/1032 1613/1770/1032
f 1615/1771/1033 1606/1772/1033 1605/1773/1033
f 1618/1731/1017 1619/1732/1018 1617/1733/1017
f 1620/1734/1018 1621/1735/1019 1619/1732/1018
f 1622/1736/1019 1623/1737/1020 1621/1735/1019
f 1624/1738/1020 1625/1739/1021 1623/1737/1020
f 1625/1739/1021 1628/1740/1022 1627/1741/1022
f 1628/1740/1022 1629/1742/1023 1627/1741/1022
f 1629/1742/1023 1632/1775/1024 1631/1744/1024
f 1631/1744/1024 1634/1745/1025 1633/1746/1025
f 1634/1747/1026 1630/1774/1026 1626/1748/1026
f 1633/1746/1025 1636/1776/1027 1635/1750/1027
f 1636/1751/1027 1617/1733/1017 1635/1752/1027
f 1638/1753/1028 1639/1754/1028 1637/1755/1028
f 1640/1756/1029 1641/1757/1029 1639/1758/1029
f 1642/1759/1030 1643/1760/1030 1641/1761/1030
f 1643/1762/1031 1646/1763/1031 1645/1764/1031
f 1646/1765/1026 1644/1766/1026 1642/1767/1026
f 1646/1768/1032 1647/1769/1032 1645/1770/1032
f 1647/1771/1033 1638/1772/1033 1637/1773/1033
f 1649/1733/1017 1652/1734/1018 1651/1732/1018
f 1652/1734/1018 1653/1735/1019 1651/1732/1018
f 1654/1736/1019 1655/1737/1020 1653/1735/1019
f 1656/1738/1020 1657/1739/1021 1655/1737/1020
f 1658/1777/1021 1659/1741/1022 1657/1739/1021
f 1660/1740/1022 1661/1742/1023 1659/1741/1022
f 1662/1743/1023 1663/1744/1024 1661/1742/1023
f 1663/1744/1024 1666/1745/1025 1665/1746/1025
f 1650/1778/1026 1666/1747/1026 1658/1748/1026
f 1666/1745/1025 1667/1750/1027 1665/1746/1025
f 1668/1751/1027 1649/1733/1017 1667/1752/1027
f 1670/1753/1028 1671/1754/1028 1669/1755/1028
f 1672/1756/1029 1673/1757/1029 1671/1758/1029
f 1674/1759/1030 1675/1760/1030 1673/1761/1030
f 1675/1762/1031 1678/1763/1031 1677/1764/1031
f 1678/1765/1026 1676/1766/1026 1674/1767/1026
f 1678/1768/1032 1679/1769/1032 1677/1770/1032
f 1679/1771/1033 1670/1772/1033 1669/1773/1033
f 1681/1733/1017 1684/1734/1018 1683/1732/1018
f 1684/1734/1018 1685/1735/1019 1683/1732/1018
f 1686/1736/1019 1687/1737/1020 1685/1735/1019
f 1688/1738/1020 1689/1739/1021 1687/1737/1020
f 1690/1777/1021 1691/1741/1022 1689/1739/1021
f 1692/1740/1022 1693/1742/1023 1691/1741/1022
f 1694/1743/1023 1695/1744/1024 1693/1742/1023
f 1695/1744/1024 1698/1745/1025 1697/1746/1025
f 1682/1778/1026 1698/1747/1026 1690/1748/1026
f 1698/1745/1025 1699/1750/1027 1697/1746/1025
f 1700/1751/1027 1681/1733/1017 1699/1752/1027
f 1702/1753/1028 1703/1754/1028 1701/1755/1028
f 1704/1756/1029 1705/1757/1029 1703/1758/1029
f 1706/1759/1030 1707/1760/1030 1705/1761/1030
f 1707/1762/1031 1710/1763/1031 1709/1764/1031
f 1710/1765/1026 1708/1766/1026 1706/1767/1026
f 1710/1768/1032 1711/1769/1032 1709/1770/1032
f 1711/1771/1033 1702/1772/1033 1701/1773/1033
f 1714/1731/1017 1715/1732/1018 1713/1733/1017
f 1715/1732/1018 1718/1736/1019 1717/1735/1019
f 1717/1735/1019 1720/1738/1020 1719/1737/1020
f 1720/1738/1020 1721/1739/1021 1719/1737/1020
f 1721/1739/1021 1724/1740/1022 1723/1741/1022
f 1724/1740/1022 1725/1742/1023 1723/1741/1022
f 1726/1743/1023 1727/1744/1024 1725/1742/1023
f 1728/1775/1024 1729/1746/1025 1727/1744/1024
f 1730/1747/1026 1726/1774/1026 1722/1748/1026
f 1730/1745/1025 1731/1750/1027 1729/1746/1025
f 1732/1751/1027 1713/1733/1017 1731/1752/1027
f 1734/1753/1028 1735/1754/1028 1733/1755/1028
f 1736/1756/1029 1737/1757/1029 1735/1758/1029
f 1738/1759/1030 1739/1760/1030 1737/1761/1030
f 1739/1762/1031 1742/1763/1031 1741/1764/1031
f 1742/1765/1026 1740/1766/1026 1738/1767/1026
f 1742/1768/1032 1743/1769/1032 1741/1770/1032
f 1743/1771/1033 1734/1772/1033 1733/1773/1033
f 1746/1731/1017 1747/1732/1018 1745/1733/1017
f 1748/1734/1018 1749/1735/1019 1747/1732/1018
f 1749/1735/1019 1752/1738/1020 1751/1737/1020
f 1751/1737/1020 1754/1777/1021 1753/1739/1021
f 1753/1739/1021 1756/1740/1022 1755/1741/1034
f 1756/1740/1022 1757/1742/1023 1755/1741/1034
f 1758/1743/1023 1759/1744/1024 1757/1742/1023
f 1760/1775/1024 1761/1746/1025 1759/1744/1024
f 1762/1747/1026 1754/1748/1026 1750/1749/1026
f 1762/1745/1025 1763/1750/1027 1761/1746/1025
f 1764/1751/1027 1745/1733/1017 1763/1752/1027
f 1766/1753/1028 1767/1754/1028 1765/1755/1028
f 1768/1756/1029 1769/1757/1029 1767/1758/1029
f 1770/1759/1030 1771/1760/1030 1769/1761/1030
f 1771/1762/1031 1774/1763/1031 1773/1764/1031
f 1766/1779/1026 1774/1765/1026 1770/1767/1026
f 1774/1768/1032 1775/1769/1032 1773/1770/1032
f 1775/1771/1033 1766/1772/1033 1765/1773/1033
f 1778/1731/1017 1779/1732/1018 1777/1733/1017
f 1780/1734/1018 1781/1735/1019 1779/1732/1018
f 1781/1735/1019 1784/1738/1020 1783/1737/1020
f 1783/1737/1020 1786/1777/1021 1785/1739/1021
f 1785/1739/1021 1788/1740/1022 1787/1741/1022
f 1788/1740/1022 1789/1742/1023 1787/1741/1022
f 1790/1743/1023 1791/1744/1024 1789/1742/1023
f 1792/1775/1024 1793/1746/1025 1791/1744/1024
f 1784/1780/1026 1782/1749/1026 1794/1747/1026
f 1794/1745/1025 1795/1750/1027 1793/1746/1025
f 1796/1751/1027 1777/1733/1017 1795/1752/1027
f 1798/1753/1028 1799/1754/1028 1797/1755/1028
f 1800/1756/1029 1801/1757/1029 1799/1758/1029
f 1802/1759/1030 1803/1760/1030 1801/1761/1030
f 1803/1762/1031 1806/1763/1031 1805/1764/1031
f 1806/1765/1026 1804/1766/1026 1802/1767/1026
f 1806/1768/1032 1807/1769/1032 1805/1770/1032
f 1807/1771/1033 1798/1772/1033 1797/1773/1033
f 1810/1731/1017 1811/1732/1018 1809/1733/1017
f 1812/1734/1018 1813/1735/1019 1811/1732/1018
f 1813/1735/1019 1816/1738/1020 1815/1737/1020
f 1815/1737/1020 1818/1777/1021 1817/1739/1021
f 1817/1739/1021 1820/1740/1022 1819/1741/1022
f 1820/1740/1022 1821/1742/1023 1819/1741/1022
f 1822/1743/1023 1823/1744/1024 1821/1742/1023
f 1824/1775/1024 1825/1746/1025 1823/1744/1024
f 1822/1774/1026 1818/1748/1026 1814/1749/1026
f 1826/1745/1025 1827/1750/1027 1825/1746/1025
f 1828/1751/1027 1809/1733/1017 1827/1752/1027
f 1830/1753/1028 1831/1754/1028 1829/1755/1028
f 1832/1756/1029 1833/1757/1029 1831/1758/1029
f 1834/1759/1030 1835/1760/1030 1833/1761/1030
f 1835/1762/1031 1838/1763/1031 1837/1764/1031
f 1838/1765/1026 1836/1766/1026 1834/1767/1026
f 1838/1768/1032 1839/1769/1032 1837/1770/1032
f 1839/1771/1033 1830/1772/1033 1829/1773/1033
f 1842/1731/1017 1843/1732/1018 1841/1733/1017
f 1844/1734/1018 1845/1735/1019 1843/1732/1018
f 1845/1735/1019 1848/1738/1020 1847/1737/1020
f 1847/1737/1020 1850/1777/1021 1849/1739/1021
f 1849/1739/1021 1852/1740/1022 1851/1741/1022
f 1852/1740/1022 1853/1742/1023 1851/1741/1022
f 1854/1743/1023 1855/1744/1024 1853/1742/1023
f 1856/1775/1024 1857/1746/1025 1855/1744/1024
f 1858/1747/1026 1854/1774/1026 1850/1748/1026
f 1858/1745/1025 1859/1750/1027 1857/1746/1025
f 1860/1751/1027 1841/1733/1017 1859/1752/1027
f 1862/1753/1028 1863/1754/1028 1861/1755/1028
f 1864/1756/1029 1865/1757/1029 1863/1758/1029
f 1866/1759/1030 1867/1760/1030 1865/1761/1030
f 1867/1762/1031 1870/1763/1031 1869/1764/1031
f 1868/1766/1026 1866/1767/1026 1862/1779/1026
f 1870/1768/1032 1871/1769/1032 1869/1770/1032
f 1871/1771/1033 1862/1772/1033 1861/1773/1033
f 1874/1731/1017 1875/1732/1018 1873/1733/1017
f 1876/1734/1018 1877/1735/1019 1875/1732/1018
f 1877/1735/1019 1880/1738/1020 1879/1737/1020
f 1879/1737/1020 1882/1777/1021 1881/1739/1021
f 1881/1739/1021 1884/1740/1022 1883/1741/1022
f 1884/1740/1022 1885/1742/1023 1883/1741/1022
f 1886/1743/1023 1887/1744/1024 1885/1742/1023
f 1888/1775/1024 1889/1746/1025 1887/1744/1024
f 1890/1747/1026 1886/1774/1026 1882/1748/1026
f 1890/1745/1025 1891/1750/1027 1889/1746/1025
f 1892/1751/1027 1873/1733/1017 1891/1752/1027
f 1894/1753/1028 1895/1754/1028 1893/1755/1028
f 1896/1756/1029 1897/1757/1029 1895/1758/1029
f 1898/1759/1030 1899/1760/1030 1897/1761/1030
f 1899/1762/1031 1902/1763/1031 1901/1764/1031
f 1900/1766/1026 1898/1767/1026 1894/1779/1026
f 1902/1768/1032 1903/1769/1032 1901/1770/1032
f 1903/1771/1033 1894/1772/1033 1893/1773/1033
f 1906/1731/1017 1907/1732/1018 1905/1733/1017
f 1908/1734/1018 1909/1735/1019 1907/1732/1018
f 1909/1735/1019 1912/1738/1020 1911/1737/1020
f 1911/1737/1020 1914/1777/1021 1913/1739/1021
f 1913/1739/1021 1916/1740/1022 1915/1741/1022
f 1916/1740/1022 1917/1742/1023 1915/1741/1022
f 1918/1743/1023 1919/1744/1024 1917/1742/1023
f 1920/1775/1024 1921/1746/1025 1919/1744/1024
f 1922/1747/1026 1918/1774/1026 1914/1748/1026
f 1922/1745/1025 1923/1750/1027 1921/1746/1025
f 1924/1751/1027 1905/1733/1017 1923/1752/1027
f 1926/1753/1028 1927/1754/1028 1925/1755/1028
f 1928/1756/1029 1929/1757/1029 1927/1758/1029
f 1930/1759/1030 1931/1760/1030 1929/1761/1030
f 1931/1762/1031 1934/1763/1031 1933/1764/1031
f 1932/1766/1026 1930/1767/1026 1926/1779/1026
f 1934/1768/1032 1935/1769/1032 1933/1770/1032
f 1935/1771/1033 1926/1772/1033 1925/1773/1033
f 1938/1731/1017 1939/1732/1018 1937/1733/1017
f 1940/1734/1018 1941/1735/1019 1939/1732/1018
f 1941/1735/1019 1944/1738/1020 1943/1737/1020
f 1943/1737/1020 1946/1777/1021 1945/1739/1021
f 1945/1739/1021 1948/1740/1022 1947/1741/1022
f 1948/1740/1022 1949/1742/1023 1947/1741/1022
f 1950/1743/1023 1951/1744/1024 1949/1742/1023
f 1952/1775/1024 1953/1746/1025 1951/1744/1024
f 1954/1747/1026 1950/1774/1026 1946/1748/1026
f 1954/1745/1025 1955/1750/1027 1953/1746/1025
f 1956/1751/1027 1937/1733/1017 1955/1752/1027
f 1958/1753/1028 1959/1754/1028 1957/1755/1028
f 1960/1756/1029 1961/1757/1029 1959/1758/1029
f 1962/1759/1030 1963/1760/1030 1961/1761/1030
f 1963/1762/1031 1966/1763/1031 1965/1764/1031
f 1964/1766/1026 1962/1767/1026 1958/1779/1026
f 1966/1768/1032 1967/1769/1032 1965/1770/1032
f 1967/1771/1033 1958/1772/1033 1957/1773/1033
f 1969/1733/1017 1972/1734/1018 1971/1732/1018
f 1971/1732/1018 1974/1736/1019 1973/1735/1019
f 1973/1735/1019 1976/1738/1020 1975/1737/1020
f 1976/1738/1020 1977/1739/1021 1975/1737/1020
f 1978/1777/1021 1979/1741/1022 1977/1739/1021
f 1980/1740/1022 1981/1742/1023 1979/1741/1022
f 1982/1743/1023 1983/1744/1024 1981/1742/1023
f 1984/1775/1024 1985/1746/1025 1983/1744/1024
f 1970/1778/1026 1986/1747/1026 1978/1748/1026
f 1986/1745/1025 1987/1750/1027 1985/1746/1025
f 1988/1751/1027 1969/1733/1017 1987/1752/1027
f 1990/1753/1028 1991/1754/1028 1989/1755/1028
f 1992/1756/1029 1993/1757/1029 1991/1758/1029
f 1994/1759/1030 1995/1760/1030 1993/1761/1030
f 1995/1762/1031 1998/1763/1031 1997/1764/1031
f 1998/1765/1026 1996/1766/1026 1994/1767/1026
f 1998/1768/1032 1999/1769/1032 1997/1770/1032
f 1999/1771/1033 1990/1772/1033 1989/1773/1033
f 2001/1733/1017 2004/1734/1018 2003/1732/1018
f 2003/1732/1018 2006/1736/1019 2005/1735/1019
f 2005/1735/1019 2008/1738/1020 2007/1737/1020
f 2008/1738/1020 2009/1739/1021 2007/1737/1020
f 2010/1777/1021 2011/1741/1022 2009/1739/1021
f 2012/1740/1022 2013/1742/1023 2011/1741/1022
f 2014/1743/1023 2015/1744/1024 2013/1742/1023
f 2016/1775/1024 2017/1746/1025 2015/1744/1024
f 2002/1778/1026 2018/1747/1026 2010/1748/1026
f 2018/1745/1025 2019/1750/1027 2017/1746/1025
f 2020/1751/1027 2001/1733/1017 2019/1752/1027
f 2022/1753/1028 2023/1754/1028 2021/1755/1028
f 2024/1756/1029 2025/1757/1029 2023/1758/1029
f 2026/1759/1030 2027/1760/1030 2025/1761/1030
f 2027/1762/1031 2030/1763/1031 2029/1764/1031
f 2030/1765/1026 2028/1766/1026 2026/1767/1026
f 2030/1768/1032 2031/1769/1032 2029/1770/1032
f 2031/1771/1033 2022/1772/1033 2021/1773/1033
f 2057/1781/1035 2070/1782/1035 2058/1783/1035
f 2059/1784/1035 2069/1785/1035 2057/1781/1035
f 2060/1786/1035 2071/1787/1035 2059/1784/1035
f 2061/1788/1035 2072/1789/1035 2060/1786/1035
f 2061/1788/1035 2074/1790/1035 2073/1791/1035
f 2063/1792/1035 2074/1790/1035 2062/1793/1035
f 2063/1792/1035 2076/1794/1035 2075/1795/1035
f 2065/1796/1035 2076/1794/1035 2064/1797/1035
f 2065/1796/1035 2078/1798/1035 2077/1799/1035
f 2066/1800/1035 2079/1801/1035 2078/1798/1035
f 2067/1802/1035 2080/1803/1035 2079/1801/1035
f 2068/1804/1035 2070/1782/1035 2080/1803/1035
f 2053/1805/1036 2064/1806/1037 2052/1807/1037
f 2044/1808/1038 2079/1809/1039 2080/1810/1038
f 2046/1811/1040 2057/1812/1041 2058/1813/1040
f 2036/1814/1029 2073/1815/1042 2037/1816/1042
f 2054/1817/1029 2065/1818/1036 2053/1805/1036
f 2033/1819/1043 2080/1810/1038 2070/1820/1043
f 2045/1821/1041 2059/1822/1044 2057/1812/1041
f 2037/1816/1042 2074/1823/1045 2038/1824/1045
f 2055/1825/1042 2066/1826/1029 2054/1817/1029
f 2047/1827/1044 2060/1828/1032 2059/1822/1044
f 2038/1824/1045 2075/1829/1040 2039/1830/1040
f 2056/1831/1045 2067/1832/1042 2055/1825/1042
f 2048/1833/1032 2061/1834/1039 2060/1828/1032
f 2040/1835/1041 2075/1829/1040 2076/1836/1041
f 2046/1837/1040 2068/1838/1045 2056/1831/1045
f 2049/1839/1039 2062/1840/1038 2061/1834/1039
f 2041/1841/1044 2076/1836/1041 2077/1842/1044
f 2033/1843/1043 2069/1844/1037 2034/1845/1037
f 2050/1846/1038 2063/1847/1043 2062/1840/1038
f 2042/1848/1032 2077/1842/1044 2078/1849/1032
f 2034/1845/1037 2071/1850/1036 2035/1851/1036
f 2052/1807/1037 2063/1847/1043 2051/1852/1043
f 2043/1853/1039 2078/1849/1032 2079/1809/1039
f 2035/1851/1036 2072/1854/1029 2036/1814/1029
f 2106/1783/1035 2117/1785/1035 2118/1782/1035
f 2107/1784/1035 2117/1785/1035 2105/1781/1035
f 2108/1786/1035 2119/1787/1035 2107/1784/1035
f 2109/1788/1035 2120/1789/1035 2108/1786/1035
f 2109/1788/1035 2122/1790/1035 2121/1791/1035
f 2111/1792/1035 2122/1790/1035 2110/1793/1035
f 2111/1792/1035 2124/1794/1035 2123/1795/1035
f 2113/1796/1035 2124/1794/1035 2112/1797/1035
f 2113/1796/1035 2126/1798/1035 2125/1799/1035
f 2114/1800/1035 2127/1801/1035 2126/1798/1035
f 2115/1802/1035 2128/1803/1035 2127/1801/1035
f 2116/1804/1035 2118/1782/1035 2128/1803/1035
f 2101/1805/1036 2112/1806/1037 2100/1807/1037
f 2092/1808/1038 2127/1809/1039 2128/1810/1038
f 2094/1811/1040 2105/1812/1041 2106/1813/1040
f 2084/1814/1029 2121/1815/1042 2085/1816/1042
f 2102/1817/1029 2113/1818/1036 2101/1805/1036
f 2081/1819/1043 2128/1810/1038 2118/1820/1043
f 2093/1821/1041 2107/1822/1044 2105/1812/1041
f 2085/1816/1042 2122/1823/1045 2086/1824/1045
f 2103/1825/1042 2114/1826/1029 2102/1817/1029
f 2095/1827/1044 2108/1828/1032 2107/1822/1044
f 2086/1824/1045 2123/1829/1040 2087/1830/1040
f 2104/1831/1045 2115/1832/1042 2103/1825/1042
f 2096/1833/1032 2109/1834/1039 2108/1828/1032
f 2088/1835/1041 2123/1829/1040 2124/1836/1041
f 2094/1837/1040 2116/1838/1045 2104/1831/1045
f 2097/1839/1039 2110/1840/1038 2109/1834/1039
f 2089/1841/1044 2124/1836/1041 2125/1842/1044
f 2081/1843/1043 2117/1844/1037 2082/1845/1037
f 2098/1846/1038 2111/1847/1043 2110/1840/1038
f 2090/1848/1032 2125/1842/1044 2126/1849/1032
f 2082/1845/1037 2119/1850/1036 2083/1851/1036
f 2100/1807/1037 2111/1847/1043 2099/1852/1043
f 2091/1853/1039 2126/1849/1032 2127/1809/1039
f 2083/1851/1036 2120/1854/1029 2084/1814/1029
f 2154/1783/1035 2165/1785/1035 2166/1782/1035
f 2153/1781/1035 2167/1787/1035 2165/1785/1035
f 2155/1784/1035 2168/1789/1035 2167/1787/1035
f 2157/1788/1035 2168/1789/1035 2156/1786/1035
f 2158/1793/1035 2169/1791/1035 2157/1788/1035
f 2159/1792/1035 2170/1790/1035 2158/1793/1035
f 2159/1792/1035 2172/1794/1035 2171/1795/1035
f 2160/1797/1035 2173/1799/1035 2172/1794/1035
f 2161/1796/1035 2174/1798/1035 2173/1799/1035
f 2162/1800/1035 2175/1801/1035 2174/1798/1035
f 2164/1804/1035 2175/1801/1035 2163/1802/1035
f 2154/1783/1035 2176/1803/1035 2164/1804/1035
f 2149/1805/1036 2160/1806/1037 2148/1807/1037
f 2140/1808/1038 2175/1809/1039 2176/1810/1038
f 2142/1811/1040 2153/1812/1041 2154/1813/1040
f 2132/1814/1029 2169/1815/1042 2133/1816/1042
f 2150/1817/1029 2161/1818/1036 2149/1805/1036
f 2129/1819/1043 2176/1810/1038 2166/1820/1043
f 2141/1821/1041 2155/1822/1044 2153/1812/1041
f 2133/1816/1042 2170/1823/1045 2134/1824/1045
f 2151/1825/1042 2162/1826/1029 2150/1817/1029
f 2143/1827/1044 2156/1828/1032 2155/1822/1044
f 2134/1824/1045 2171/1829/1040 2135/1830/1040
f 2152/1831/1045 2163/1832/1042 2151/1825/1042
f 2144/1833/1032 2157/1834/1039 2156/1828/1032
f 2136/1835/1041 2171/1829/1040 2172/1836/1041
f 2142/1837/1040 2164/1838/1045 2152/1831/1045
f 2145/1839/1039 2158/1840/1038 2157/1834/1039
f 2137/1841/1044 2172/1836/1041 2173/1842/1044
f 2129/1843/1043 2165/1844/1037 2130/1845/1037
f 2146/1846/1038 2159/1847/1043 2158/1840/1038
f 2138/1848/1032 2173/1842/1044 2174/1849/1032
f 2130/1845/1037 2167/1850/1036 2131/1851/1036
f 2148/1807/1037 2159/1847/1043 2147/1852/1043
f 2139/1853/1039 2174/1849/1032 2175/1809/1039
f 2131/1851/1036 2168/1854/1029 2132/1814/1029
f 2202/1783/1035 2213/1785/1035 2214/1782/1035
f 2201/1781/1035 2215/1787/1035 2213/1785/1035
f 2203/1784/1035 2216/1789/1035 2215/1787/1035
f 2205/1788/1035 2216/1789/1035 2204/1786/1035
f 2206/1793/1035 2217/1791/1035 2205/1788/1035
f 2207/1792/1035 2218/1790/1035 2206/1793/1035
f 2207/1792/1035 2220/1794/1035 2219/1795/1035
f 2208/1797/1035 2221/1799/1035 2220/1794/1035
f 2209/1796/1035 2222/1798/1035 2221/1799/1035
f 2211/1802/1035 2222/1798/1035 2210/1800/1035
f 2212/1804/1035 2223/1801/1035 2211/1802/1035
f 2202/1783/1035 2224/1803/1035 2212/1804/1035
f 2197/1805/1036 2208/1806/1037 2196/1807/1037
f 2188/1808/1038 2223/1809/1039 2224/1810/1038
f 2190/1811/1040 2201/1812/1041 2202/1813/1040
f 2180/1814/1029 2217/1815/1042 2181/1816/1042
f 2198/1817/1029 2209/1818/1036 2197/1805/1036
f 2177/1819/1043 2224/1810/1038 2214/1820/1043
f 2189/1821/1041 2203/1822/1044 2201/1812/1041
f 2181/1816/1042 2218/1823/1045 2182/1824/1045
f 2199/1825/1042 2210/1826/1029 2198/1817/1029
f 2191/1827/1044 2204/1828/1032 2203/1822/1044
f 2182/1824/1045 2219/1829/1040 2183/1830/1040
f 2200/1831/1045 2211/1832/1042 2199/1825/1042
f 2192/1833/1032 2205/1834/1039 2204/1828/1032
f 2184/1835/1041 2219/1829/1040 2220/1836/1041
f 2190/1837/1040 2212/1838/1045 2200/1831/1045
f 2193/1839/1039 2206/1840/1038 2205/1834/1039
f 2185/1841/1044 2220/1836/1041 2221/1842/1044
f 2177/1843/1043 2213/1844/1037 2178/1845/1037
f 2194/1846/1038 2207/1847/1043 2206/1840/1038
f 2186/1848/1032 2221/1842/1044 2222/1849/1032
f 2178/1845/1037 2215/1850/1036 2179/1851/1036
f 2196/1807/1037 2207/1847/1043 2195/1852/1043
f 2187/1853/1039 2222/1849/1032 2223/1809/1039
f 2179/1851/1036 2216/1854/1029 2180/1814/1029
f 2250/1783/1035 2261/1785/1035 2262/1782/1035
f 2249/1781/1035 2263/1787/1035 2261/1785/1035
f 2252/1786/1035 2263/1787/1035 2251/1784/1035
f 2252/1786/1035 2265/1791/1035 2264/1789/1035
f 2254/1793/1035 2265/1791/1035 2253/1788/1035
f 2255/1792/1035 2266/1790/1035 2254/1793/1035
f 2255/1792/1035 2268/1794/1035 2267/1795/1035
f 2257/1796/1035 2268/1794/1035 2256/1797/1035
f 2257/1796/1035 2270/1798/1035 2269/1799/1035
f 2258/1800/1035 2271/1801/1035 2270/1798/1035
f 2259/1802/1035 2272/1803/1035 2271/1801/1035
f 2250/1783/1035 2272/1803/1035 2260/1804/1035
f 2245/1805/1036 2256/1806/1037 2244/1807/1037
f 2236/1808/1038 2271/1809/1039 2272/1810/1038
f 2238/1811/1040 2249/1812/1041 2250/1813/1040
f 2228/1814/1029 2265/1815/1042 2229/1816/1042
f 2246/1817/1029 2257/1818/1036 2245/1805/1036
f 2225/1819/1043 2272/1810/1038 2262/1820/1043
f 2237/1821/1041 2251/1822/1044 2249/1812/1041
f 2229/1816/1042 2266/1823/1045 2230/1824/1045
f 2247/1825/1042 2258/1826/1029 2246/1817/1029
f 2239/1827/1044 2252/1828/1032 2251/1822/1044
f 2230/1824/1045 2267/1829/1040 2231/1830/1040
f 2248/1831/1045 2259/1832/1042 2247/1825/1042
f 2240/1833/1032 2253/1834/1039 2252/1828/1032
f 2232/1835/1041 2267/1829/1040 2268/1836/1041
f 2238/1837/1040 2260/1838/1045 2248/1831/1045
f 2241/1839/1039 2254/1840/1038 2253/1834/1039
f 2233/1841/1044 2268/1836/1041 2269/1842/1044
f 2225/1843/1043 2261/1844/1037 2226/1845/1037
f 2242/1846/1038 2255/1847/1043 2254/1840/1038
f 2234/1848/1032 2269/1842/1044 2270/1849/1032
f 2226/1845/1037 2263/1850/1036 2227/1851/1036
f 2244/1807/1037 2255/1847/1043 2243/1852/1043
f 2235/1853/1039 2270/1849/1032 2271/1809/1039
f 2227/1851/1036 2264/1854/1029 2228/1814/1029
f 2298/1783/1035 2309/1785/1035 2310/1782/1035
f 2297/1781/1035 2311/1787/1035 2309/1785/1035
f 2300/1786/1035 2311/1787/1035 2299/1784/1035
f 2300/1786/1035 2313/1791/1035 2312/1789/1035
f 2302/1793/1035 2313/1791/1035 2301/1788/1035
f 2303/1792/1035 2314/1790/1035 2302/1793/1035
f 2303/1792/1035 2316/1794/1035 2315/1795/1035
f 2305/1796/1035 2316/1794/1035 2304/1797/1035
f 2306/1800/1035 2317/1799/1035 2305/1796/1035
f 2306/1800/1035 2319/1801/1035 2318/1798/1035
f 2307/1802/1035 2320/1803/1035 2319/1801/1035
f 2298/1783/1035 2320/1803/1035 2308/1804/1035
f 2293/1805/1036 2304/1806/1037 2292/1807/1037
f 2284/1808/1038 2319/1809/1039 2320/1810/1038
f 2286/1811/1040 2297/1812/1041 2298/1813/1040
f 2276/1814/1029 2313/1815/1042 2277/1816/1042
f 2294/1817/1029 2305/1818/1036 2293/1805/1036
f 2273/1819/1043 2320/1810/1038 2310/1820/1043
f 2285/1821/1041 2299/1822/1044 2297/1812/1041
f 2277/1816/1042 2314/1823/1045 2278/1824/1045
f 2295/1825/1042 2306/1826/1029 2294/1817/1029
f 2287/1827/1044 2300/1828/1032 2299/1822/1044
f 2278/1824/1045 2315/1829/1040 2279/1830/1040
f 2296/1831/1045 2307/1832/1042 2295/1825/1042
f 2288/1833/1032 2301/1834/1039 2300/1828/1032
f 2280/1835/1041 2315/1829/1040 2316/1836/1041
f 2286/1837/1040 2308/1838/1045 2296/1831/1045
f 2289/1839/1039 2302/1840/1038 2301/1834/1039
f 2281/1841/1044 2316/1836/1041 2317/1842/1044
f 2273/1843/1043 2309/1844/1037 2274/1845/1037
f 2290/1846/1038 2303/1847/1043 2302/1840/1038
f 2282/1848/1032 2317/1842/1044 2318/1849/1032
f 2274/1845/1037 2311/1850/1036 2275/1851/1036
f 2292/1807/1037 2303/1847/1043 2291/1852/1043
f 2283/1853/1039 2318/1849/1032 2319/1809/1039
f 2275/1851/1036 2312/1854/1029 2276/1814/1029
f 2346/1783/1035 2357/1785/1035 2358/1782/1035
f 2345/1781/1035 2359/1787/1035 2357/1785/1035
f 2348/1786/1035 2359/1787/1035 2347/1784/1035
f 2348/1786/1035 2361/1791/1035 2360/1789/1035
f 2350/1793/1035 2361/1791/1035 2349/1788/1035
f 2351/1792/1035 2362/1790/1035 2350/1793/1035
f 2351/1792/1035 2364/1794/1035 2363/1795/1035
f 2353/1796/1035 2364/1794/1035 2352/1797/1035
f 2354/1800/1035 2365/1799/1035 2353/1796/1035
f 2354/1800/1035 2367/1801/1035 2366/1798/1035
f 2355/1802/1035 2368/1803/1035 2367/1801/1035
f 2346/1783/1035 2368/1803/1035 2356/1804/1035
f 2341/1805/1036 2352/1806/1037 2340/1807/1037
f 2332/1808/1038 2367/1809/1039 2368/1810/1038
f 2334/1811/1040 2345/1812/1041 2346/1813/1040
f 2324/1814/1029 2361/1815/1042 2325/1816/1042
f 2342/1817/1029 2353/1818/1036 2341/1805/1036
f 2321/1819/1043 2368/1810/1038 2358/1820/1043
f 2333/1821/1041 2347/1822/1044 2345/1812/1041
f 2325/1816/1042 2362/1823/1045 2326/1824/1045
f 2343/1825/1042 2354/1826/1029 2342/1817/1029
f 2335/1827/1044 2348/1828/1032 2347/1822/1044
f 2326/1824/1045 2363/1829/1040 2327/1830/1040
f 2344/1831/1045 2355/1832/1042 2343/1825/1042
f 2336/1833/1032 2349/1834/1039 2348/1828/1032
f 2328/1835/1041 2363/1829/1040 2364/1836/1041
f 2334/1837/1040 2356/1838/1045 2344/1831/1045
f 2337/1839/1039 2350/1840/1038 2349/1834/1039
f 2329/1841/1044 2364/1836/1041 2365/1842/1044
f 2321/1843/1043 2357/1844/1037 2322/1845/1037
f 2338/1846/1038 2351/1847/1043 2350/1840/1038
f 2330/1848/1032 2365/1842/1044 2366/1849/1032
f 2322/1845/1037 2359/1850/1036 2323/1851/1036
f 2340/1807/1037 2351/1847/1043 2339/1852/1043
f 2331/1853/1039 2366/1849/1032 2367/1809/1039
f 2323/1851/1036 2360/1854/1029 2324/1814/1029
f 2394/1783/1035 2405/1785/1035 2406/1782/1035
f 2393/1781/1035 2407/1787/1035 2405/1785/1035
f 2396/1786/1035 2407/1787/1035 2395/1784/1035
f 2396/1786/1035 2409/1791/1035 2408/1789/1035
f 2398/1793/1035 2409/1791/1035 2397/1788/1035
f 2399/1792/1035 2410/1790/1035 2398/1793/1035
f 2399/1792/1035 2412/1794/1035 2411/1795/1035
f 2401/1796/1035 2412/1794/1035 2400/1797/1035
f 2402/1800/1035 2413/1799/1035 2401/1796/1035
f 2402/1800/1035 2415/1801/1035 2414/1798/1035
f 2403/1802/1035 2416/1803/1035 2415/1801/1035
f 2394/1783/1035 2416/1803/1035 2404/1804/1035
f 2389/1805/1036 2400/1806/1037 2388/1807/1037
f 2380/1808/1038 2415/1809/1039 2416/1810/1038
f 2382/1811/1040 2393/1812/1041 2394/1813/1040
f 2372/1814/1029 2409/1815/1042 2373/1816/1042
f 2390/1817/1029 2401/1818/1036 2389/1805/1036
f 2369/1819/1043 2416/1810/1038 2406/1820/1043
f 2381/1821/1041 2395/1822/1044 2393/1812/1041
f 2373/1816/1042 2410/1823/1045 2374/1824/1045
f 2391/1825/1042 2402/1826/1029 2390/1817/1029
f 2383/1827/1044 2396/1828/1032 2395/1822/1044
f 2374/1824/1045 2411/1829/1040 2375/1830/1040
f 2392/1831/1045 2403/1832/1042 2391/1825/1042
f 2384/1833/1032 2397/1834/1039 2396/1828/1032
f 2376/1835/1041 2411/1829/1040 2412/1836/1041
f 2382/1837/1040 2404/1838/1045 2392/1831/1045
f 2385/1839/1039 2398/1840/1038 2397/1834/1039
f 2377/1841/1044 2412/1836/1041 2413/1842/1044
f 2369/1843/1043 2405/1844/1037 2370/1845/1037
f 2386/1846/1038 2399/1847/1043 2398/1840/1038
f 2378/1848/1032 2413/1842/1044 2414/1849/1032
f 2370/1845/1037 2407/1850/1036 2371/1851/1036
f 2388/1807/1037 2399/1847/1043 2387/1852/1043
f 2379/1853/1039 2414/1849/1032 2415/1809/1039
f 2371/1851/1036 2408/1854/1029 2372/1814/1029
f 2442/1783/1035 2453/1785/1035 2454/1782/1035
f 2441/1781/1035 2455/1787/1035 2453/1785/1035
f 2443/1784/1035 2456/1789/1035 2455/1787/1035
f 2445/1788/1035 2456/1789/1035 2444/1786/1035
f 2446/1793/1035 2457/1791/1035 2445/1788/1035
f 2447/1792/1035 2458/1790/1035 2446/1793/1035
f 2447/1792/1035 2460/1794/1035 2459/1795/1035
f 2448/1797/1035 2461/1799/1035 2460/1794/1035
f 2449/1796/1035 2462/1798/1035 2461/1799/1035
f 2451/1802/1035 2462/1798/1035 2450/1800/1035
f 2452/1804/1035 2463/1801/1035 2451/1802/1035
f 2442/1783/1035 2464/1803/1035 2452/1804/1035
f 2437/1805/1036 2448/1806/1037 2436/1807/1037
f 2428/1808/1038 2463/1809/1039 2464/1810/1038
f 2430/1811/1040 2441/1812/1041 2442/1813/1040
f 2420/1814/1029 2457/1815/1042 2421/1816/1042
f 2438/1817/1029 2449/1818/1036 2437/1805/1036
f 2417/1819/1043 2464/1810/1038 2454/1820/1043
f 2429/1821/1041 2443/1822/1044 2441/1812/1041
f 2421/1816/1042 2458/1823/1045 2422/1824/1045
f 2439/1825/1042 2450/1826/1029 2438/1817/1029
f 2431/1827/1044 2444/1828/1032 2443/1822/1044
f 2422/1824/1045 2459/1829/1040 2423/1830/1040
f 2440/1831/1045 2451/1832/1042 2439/1825/1042
f 2432/1833/1032 2445/1834/1039 2444/1828/1032
f 2424/1835/1041 2459/1829/1040 2460/1836/1041
f 2430/1837/1040 2452/1838/1045 2440/1831/1045
f 2433/1839/1039 2446/1840/1038 2445/1834/1039
f 2425/1841/1044 2460/1836/1041 2461/1842/1044
f 2417/1843/1043 2453/1844/1037 2418/1845/1037
f 2434/1846/1038 2447/1847/1043 2446/1840/1038
f 2426/1848/1032 2461/1842/1044 2462/1849/1032
f 2418/1845/1037 2455/1850/1036 2419/1851/1036
f 2436/1807/1037 2447/1847/1043 2435/1852/1043
f 2427/1853/1039 2462/1849/1032 2463/1809/1039
f 2419/1851/1036 2456/1854/1029 2420/1814/1029
f 2490/1783/1035 2501/1785/1035 2502/1782/1035
f 2489/1781/1035 2503/1787/1035 2501/1785/1035
f 2491/1784/1035 2504/1789/1035 2503/1787/1035
f 2493/1788/1035 2504/1789/1035 2492/1786/1035
f 2494/1793/1035 2505/1791/1035 2493/1788/1035
f 2495/1792/1035 2506/1790/1035 2494/1793/1035
f 2495/1792/1035 2508/1794/1035 2507/1795/1035
f 2496/1797/1035 2509/1799/1035 2508/1794/1035
f 2497/1796/1035 2510/1798/1035 2509/1799/1035
f 2499/1802/1035 2510/1798/1035 2498/1800/1035
f 2500/1804/1035 2511/1801/1035 2499/1802/1035
f 2490/1783/1035 2512/1803/1035 2500/1804/1035
f 2485/1805/1036 2496/1806/1037 2484/1807/1037
f 2476/1808/1038 2511/1809/1039 2512/1810/1038
f 2478/1811/1040 2489/1812/1041 2490/1813/1040
f 2468/1814/1029 2505/1815/1042 2469/1816/1042
f 2486/1817/1029 2497/1818/1036 2485/1805/1036
f 2465/1819/1043 2512/1810/1038 2502/1820/1043
f 2477/1821/1041 2491/1822/1044 2489/1812/1041
f 2469/1816/1042 2506/1823/1045 2470/1824/1045
f 2487/1825/1042 2498/1826/1029 2486/1817/1029
f 2479/1827/1044 2492/1828/1032 2491/1822/1044
f 2470/1824/1045 2507/1829/1040 2471/1830/1040
f 2488/1831/1045 2499/1832/1042 2487/1825/1042
f 2480/1833/1032 2493/1834/1039 2492/1828/1032
f 2472/1835/1041 2507/1829/1040 2508/1836/1041
f 2478/1837/1040 2500/1838/1045 2488/1831/1045
f 2481/1839/1039 2494/1840/1038 2493/1834/1039
f 2473/1841/1044 2508/1836/1041 2509/1842/1044
f 2465/1843/1043 2501/1844/1037 2466/1845/1037
f 2482/1846/1038 2495/1847/1043 2494/1840/1038
f 2474/1848/1032 2509/1842/1044 2510/1849/1032
f 2466/1845/1037 2503/1850/1036 2467/1851/1036
f 2484/1807/1037 2495/1847/1043 2483/1852/1043
f 2475/1853/1039 2510/1849/1032 2511/1809/1039
f 2467/1851/1036 2504/1854/1029 2468/1814/1029
f 2538/1783/1035 2549/1785/1035 2550/1782/1035
f 2539/1784/1035 2549/1785/1035 2537/1781/1035
f 2539/1784/1035 2552/1789/1035 2551/1787/1035
f 2541/1788/1035 2552/1789/1035 2540/1786/1035
f 2542/1793/1035 2553/1791/1035 2541/1788/1035
f 2542/1793/1035 2555/1795/1035 2554/1790/1035
f 2544/1797/1035 2555/1795/1035 2543/1792/1035
f 2544/1797/1035 2557/1799/1035 2556/1794/1035
f 2545/1796/1035 2558/1798/1035 2557/1799/1035
f 2547/1802/1035 2558/1798/1035 2546/1800/1035
f 2547/1802/1035 2560/1803/1035 2559/1801/1035
f 2538/1783/1035 2560/1803/1035 2548/1804/1035
f 2533/1805/1036 2544/1806/1037 2532/1807/1037
f 2524/1808/1038 2559/1809/1039 2560/1810/1038
f 2526/1811/1040 2537/1812/1041 2538/1813/1040
f 2516/1814/1029 2553/1815/1042 2517/1816/1042
f 2534/1817/1029 2545/1818/1036 2533/1805/1036
f 2524/1808/1038 2550/1820/1043 2513/1819/1043
f 2525/1821/1041 2539/1822/1044 2537/1812/1041
f 2517/1816/1042 2554/1823/1045 2518/1824/1045
f 2535/1825/1042 2546/1826/1029 2534/1817/1029
f 2527/1827/1044 2540/1828/1032 2539/1822/1044
f 2518/1824/1045 2555/1829/1040 2519/1830/1040
f 2536/1831/1045 2547/1832/1042 2535/1825/1042
f 2528/1833/1032 2541/1834/1039 2540/1828/1032
f 2519/1830/1040 2556/1836/1041 2520/1835/1041
f 2526/1837/1040 2548/1838/1045 2536/1831/1045
f 2529/1839/1039 2542/1840/1038 2541/1834/1039
f 2521/1841/1044 2556/1836/1041 2557/1842/1044
f 2513/1843/1043 2549/1844/1037 2514/1845/1037
f 2530/1846/1038 2543/1847/1043 2542/1840/1038
f 2522/1848/1032 2557/1842/1044 2558/1849/1032
f 2514/1845/1037 2551/1850/1036 2515/1851/1036
f 2532/1807/1037 2543/1847/1043 2531/1852/1043
f 2523/1853/1039 2558/1849/1032 2559/1809/1039
f 2515/1851/1036 2552/1854/1029 2516/1814/1029
f 2586/1783/1035 2597/1785/1035 2598/1782/1035
f 2587/1784/1035 2597/1785/1035 2585/1781/1035
f 2588/1786/1035 2599/1787/1035 2587/1784/1035
f 2589/1788/1035 2600/1789/1035 2588/1786/1035
f 2590/1793/1035 2601/1791/1035 2589/1788/1035
f 2591/1792/1035 2602/1790/1035 2590/1793/1035
f 2592/1797/1035 2603/1795/1035 2591/1792/1035
f 2592/1797/1035 2605/1799/1035 2604/1794/1035
f 2593/1796/1035 2606/1798/1035 2605/1799/1035
f 2595/1802/1035 2606/1798/1035 2594/1800/1035
f 2595/1802/1035 2608/1803/1035 2607/1801/1035
f 2586/1783/1035 2608/1803/1035 2596/1804/1035
f 2581/1805/1036 2592/1806/1037 2580/1807/1037
f 2572/1808/1038 2607/1809/1039 2608/1810/1038
f 2574/1811/1040 2585/1812/1041 2586/1813/1040
f 2564/1814/1029 2601/1815/1042 2565/1816/1042
f 2582/1817/1029 2593/1818/1036 2581/1805/1036
f 2572/1808/1038 2598/1820/1043 2561/1819/1043
f 2573/1821/1041 2587/1822/1044 2585/1812/1041
f 2565/1816/1042 2602/1823/1045 2566/1824/1045
f 2583/1825/1042 2594/1826/1029 2582/1817/1029
f 2575/1827/1044 2588/1828/1032 2587/1822/1044
f 2566/1824/1045 2603/1829/1040 2567/1830/1040
f 2584/1831/1045 2595/1832/1042 2583/1825/1042
f 2576/1833/1032 2589/1834/1039 2588/1828/1032
f 2567/1830/1040 2604/1836/1041 2568/1835/1041
f 2574/1837/1040 2596/1838/1045 2584/1831/1045
f 2577/1839/1039 2590/1840/1038 2589/1834/1039
f 2569/1841/1044 2604/1836/1041 2605/1842/1044
f 2561/1843/1043 2597/1844/1037 2562/1845/1037
f 2578/1846/1038 2591/1847/1043 2590/1840/1038
f 2570/1848/1032 2605/1842/1044 2606/1849/1032
f 2562/1845/1037 2599/1850/1036 2563/1851/1036
f 2580/1807/1037 2591/1847/1043 2579/1852/1043
f 2571/1853/1039 2606/1849/1032 2607/1809/1039
f 2563/1851/1036 2600/1854/1029 2564/1814/1029
f 2634/1783/1035 2645/1785/1035 2646/1782/1035
f 2633/1781/1035 2647/1787/1035 2645/1785/1035
f 2635/1784/1035 2648/1789/1035 2647/1787/1035
f 2637/1788/1035 2648/1789/1035 2636/1786/1035
f 2638/1793/1035 2649/1791/1035 2637/1788/1035
f 2639/1792/1035 2650/1790/1035 2638/1793/1035
f 2639/1792/1035 2652/1794/1035 2651/1795/1035
f 2640/1797/1035 2653/1799/1035 2652/1794/1035
f 2641/1796/1035 2654/1798/1035 2653/1799/1035
f 2643/1802/1035 2654/1798/1035 2642/1800/1035
f 2644/1804/1035 2655/1801/1035 2643/1802/1035
f 2634/1783/1035 2656/1803/1035 2644/1804/1035
f 2629/1805/1036 2640/1806/1037 2628/1807/1037
f 2620/1808/1038 2655/1809/1039 2656/1810/1038
f 2622/1811/1040 2633/1812/1041 2634/1813/1040
f 2612/1814/1029 2649/1815/1042 2613/1816/1042
f 2630/1817/1029 2641/1818/1036 2629/1805/1036
f 2620/1808/1038 2646/1820/1043 2609/1819/1043
f 2621/1821/1041 2635/1822/1044 2633/1812/1041
f 2613/1816/1042 2650/1823/1045 2614/1824/1045
f 2631/1825/1042 2642/1826/1029 2630/1817/1029
f 2623/1827/1044 2636/1828/1032 2635/1822/1044
f 2614/1824/1045 2651/1829/1040 2615/1830/1040
f 2632/1831/1045 2643/1832/1042 2631/1825/1042
f 2624/1833/1032 2637/1834/1039 2636/1828/1032
f 2615/1830/1040 2652/1836/1041 2616/1835/1041
f 2622/1837/1040 2644/1838/1045 2632/1831/1045
f 2625/1839/1039 2638/1840/1038 2637/1834/1039
f 2617/1841/1044 2652/1836/1041 2653/1842/1044
f 2609/1843/1043 2645/1844/1037 2610/1845/1037
f 2626/1846/1038 2639/1847/1043 2638/1840/1038
f 2618/1848/1032 2653/1842/1044 2654/1849/1032
f 2610/1845/1037 2647/1850/1036 2611/1851/1036
f 2628/1807/1037 2639/1847/1043 2627/1852/1043
f 2619/1853/1039 2654/1849/1032 2655/1809/1039
f 2611/1851/1036 2648/1854/1029 2612/1814/1029
f 2682/1783/1035 2693/1785/1035 2694/1782/1035
f 2681/1781/1035 2695/1787/1035 2693/1785/1035
f 2683/1784/1035 2696/1789/1035 2695/1787/1035
f 2685/1788/1035 2696/1789/1035 2684/1786/1035
f 2686/1793/1035 2697/1791/1035 2685/1788/1035
f 2687/1792/1035 2698/1790/1035 2686/1793/1035
f 2687/1792/1035 2700/1794/1035 2699/1795/1035
f 2688/1797/1035 2701/1799/1035 2700/1794/1035
f 2689/1796/1035 2702/1798/1035 2701/1799/1035
f 2691/1802/1035 2702/1798/1035 2690/1800/1035
f 2692/1804/1035 2703/1801/1035 2691/1802/1035
f 2682/1783/1035 2704/1803/1035 2692/1804/1035
f 2677/1805/1036 2688/1806/1037 2676/1807/1037
f 2668/1808/1038 2703/1809/1039 2704/1810/1038
f 2670/1811/1040 2681/1812/1041 2682/1813/1040
f 2660/1814/1029 2697/1815/1042 2661/1816/1042
f 2678/1817/1029 2689/1818/1036 2677/1805/1036
f 2668/1808/1038 2694/1820/1043 2657/1819/1043
f 2669/1821/1041 2683/1822/1044 2681/1812/1041
f 2661/1816/1042 2698/1823/1045 2662/1824/1045
f 2679/1825/1042 2690/1826/1029 2678/1817/1029
f 2671/1827/1044 2684/1828/1032 2683/1822/1044
f 2662/1824/1045 2699/1829/1040 2663/1830/1040
f 2680/1831/1045 2691/1832/1042 2679/1825/1042
f 2672/1833/1032 2685/1834/1039 2684/1828/1032
f 2663/1830/1040 2700/1836/1041 2664/1835/1041
f 2670/1837/1040 2692/1838/1045 2680/1831/1045
f 2673/1839/1039 2686/1840/1038 2685/1834/1039
f 2665/1841/1044 2700/1836/1041 2701/1842/1044
f 2657/1843/1043 2693/1844/1037 2658/1845/1037
f 2674/1846/1038 2687/1847/1043 2686/1840/1038
f 2666/1848/1032 2701/1842/1044 2702/1849/1032
f 2658/1845/1037 2695/1850/1036 2659/1851/1036
f 2676/1807/1037 2687/1847/1043 2675/1852/1043
f 2667/1853/1039 2702/1849/1032 2703/1809/1039
f 2659/1851/1036 2696/1854/1029 2660/1814/1029
f 2730/1783/1035 2741/1785/1035 2742/1782/1035
f 2729/1781/1035 2743/1787/1035 2741/1785/1035
f 2732/1786/1035 2743/1787/1035 2731/1784/1035
f 2732/1786/1035 2745/1791/1035 2744/1789/1035
f 2734/1793/1035 2745/1791/1035 2733/1788/1035
f 2735/1792/1035 2746/1790/1035 2734/1793/1035
f 2735/1792/1035 2748/1794/1035 2747/1795/1035
f 2737/1796/1035 2748/1794/1035 2736/1797/1035
f 2737/1796/1035 2750/1798/1035 2749/1799/1035
f 2739/1802/1035 2750/1798/1035 2738/1800/1035
f 2739/1802/1035 2752/1803/1035 2751/1801/1035
f 2730/1783/1035 2752/1803/1035 2740/1804/1035
f 2725/1805/1036 2736/1806/1037 2724/1807/1037
f 2716/1808/1038 2751/1809/1039 2752/1810/1038
f 2718/1811/1040 2729/1812/1041 2730/1813/1040
f 2708/1814/1029 2745/1815/1042 2709/1816/1042
f 2726/1817/1029 2737/1818/1036 2725/1805/1036
f 2716/1808/1038 2742/1820/1043 2705/1819/1043
f 2717/1821/1041 2731/1822/1044 2729/1812/1041
f 2709/1816/1042 2746/1823/1045 2710/1824/1045
f 2727/1825/1042 2738/1826/1029 2726/1817/1029
f 2719/1827/1044 2732/1828/1032 2731/1822/1044
f 2710/1824/1045 2747/1829/1040 2711/1830/1040
f 2728/1831/1045 2739/1832/1042 2727/1825/1042
f 2720/1833/1032 2733/1834/1039 2732/1828/1032
f 2711/1830/1040 2748/1836/1041 2712/1835/1041
f 2718/1837/1040 2740/1838/1045 2728/1831/1045
f 2721/1839/1039 2734/1840/1038 2733/1834/1039
f 2713/1841/1044 2748/1836/1041 2749/1842/1044
f 2705/1843/1043 2741/1844/1037 2706/1845/1037
f 2722/1846/1038 2735/1847/1043 2734/1840/1038
f 2714/1848/1032 2749/1842/1044 2750/1849/1032
f 2706/1845/1037 2743/1850/1036 2707/1851/1036
f 2724/1807/1037 2735/1847/1043 2723/1852/1043
f 2715/1853/1039 2750/1849/1032 2751/1809/1039
f 2707/1851/1036 2744/1854/1029 2708/1814/1029
f 2778/1783/1035 2789/1785/1035 2790/1782/1035
f 2777/1781/1035 2791/1787/1035 2789/1785/1035
f 2780/1786/1035 2791/1787/1035 2779/1784/1035
f 2780/1786/1035 2793/1791/1035 2792/1789/1035
f 2782/1793/1035 2793/1791/1035 2781/1788/1035
f 2783/1792/1035 2794/1790/1035 2782/1793/1035
f 2783/1792/1035 2796/1794/1035 2795/1795/1035
f 2785/1796/1035 2796/1794/1035 2784/1797/1035
f 2786/1800/1035 2797/1799/1035 2785/1796/1035
f 2786/1800/1035 2799/1801/1035 2798/1798/1035
f 2787/1802/1035 2800/1803/1035 2799/1801/1035
f 2778/1783/1035 2800/1803/1035 2788/1804/1035
f 2773/1805/1036 2784/1806/1037 2772/1807/1037
f 2764/1808/1038 2799/1809/1039 2800/1810/1038
f 2766/1811/1040 2777/1812/1041 2778/1813/1040
f 2756/1814/1029 2793/1815/1042 2757/1816/1042
f 2774/1817/1029 2785/1818/1036 2773/1805/1036
f 2764/1808/1038 2790/1820/1043 2753/1819/1043
f 2765/1821/1041 2779/1822/1044 2777/1812/1041
f 2757/1816/1042 2794/1823/1045 2758/1824/1045
f 2775/1825/1042 2786/1826/1029 2774/1817/1029
f 2767/1827/1044 2780/1828/1032 2779/1822/1044
f 2758/1824/1045 2795/1829/1040 2759/1830/1040
f 2776/1831/1045 2787/1832/1042 2775/1825/1042
f 2768/1833/1032 2781/1834/1039 2780/1828/1032
f 2759/1830/1040 2796/1836/1041 2760/1835/1041
f 2766/1837/1040 2788/1838/1045 2776/1831/1045
f 2769/1839/1039 2782/1840/1038 2781/1834/1039
f 2761/1841/1044 2796/1836/1041 2797/1842/1044
f 2753/1843/1043 2789/1844/1037 2754/1845/1037
f 2770/1846/1038 2783/1847/1043 2782/1840/1038
f 2762/1848/1032 2797/1842/1044 2798/1849/1032
f 2754/1845/1037 2791/1850/1036 2755/1851/1036
f 2772/1807/1037 2783/1847/1043 2771/1852/1043
f 2763/1853/1039 2798/1849/1032 2799/1809/1039
f 2755/1851/1036 2792/1854/1029 2756/1814/1029
f 2826/1783/1035 2837/1785/1035 2838/1782/1035
f 2825/1781/1035 2839/1787/1035 2837/1785/1035
f 2828/1786/1035 2839/1787/1035 2827/1784/1035
f 2828/1786/1035 2841/1791/1035 2840/1789/1035
f 2830/1793/1035 2841/1791/1035 2829/1788/1035
f 2831/1792/1035 2842/1790/1035 2830/1793/1035
f 2831/1792/1035 2844/1794/1035 2843/1795/1035
f 2833/1796/1035 2844/1794/1035 2832/1797/1035
f 2834/1800/1035 2845/1799/1035 2833/1796/1035
f 2834/1800/1035 2847/1801/1035 2846/1798/1035
f 2835/1802/1035 2848/1803/1035 2847/1801/1035
f 2826/1783/1035 2848/1803/1035 2836/1804/1035
f 2821/1805/1036 2832/1806/1037 2820/1807/1037
f 2812/1808/1038 2847/1809/1039 2848/1810/1038
f 2814/1811/1040 2825/1812/1041 2826/1813/1040
f 2804/1814/1029 2841/1815/1042 2805/1816/1042
f 2822/1817/1029 2833/1818/1036 2821/1805/1036
f 2812/1808/1038 2838/1820/1043 2801/1819/1043
f 2813/1821/1041 2827/1822/1044 2825/1812/1041
f 2805/1816/1042 2842/1823/1045 2806/1824/1045
f 2823/1825/1042 2834/1826/1029 2822/1817/1029
f 2815/1827/1044 2828/1828/1032 2827/1822/1044
f 2806/1824/1045 2843/1829/1040 2807/1830/1040
f 2824/1831/1045 2835/1832/1042 2823/1825/1042
f 2816/1833/1032 2829/1834/1039 2828/1828/1032
f 2807/1830/1040 2844/1836/1041 2808/1835/1041
f 2814/1837/1040 2836/1838/1045 2824/1831/1045
f 2817/1839/1039 2830/1840/1038 2829/1834/1039
f 2809/1841/1044 2844/1836/1041 2845/1842/1044
f 2801/1843/1043 2837/1844/1037 2802/1845/1037
f 2818/1846/1038 2831/1847/1043 2830/1840/1038
f 2810/1848/1032 2845/1842/1044 2846/1849/1032
f 2802/1845/1037 2839/1850/1036 2803/1851/1036
f 2820/1807/1037 2831/1847/1043 2819/1852/1043
f 2811/1853/1039 2846/1849/1032 2847/1809/1039
f 2803/1851/1036 2840/1854/1029 2804/1814/1029
f 2874/1783/1035 2885/1785/1035 2886/1782/1035
f 2873/1781/1035 2887/1787/1035 2885/1785/1035
f 2876/1786/1035 2887/1787/1035 2875/1784/1035
f 2876/1786/1035 2889/1791/1035 2888/1789/1035
f 2878/1793/1035 2889/1791/1035 2877/1788/1035
f 2879/1792/1035 2890/1790/1035 2878/1793/1035
f 2879/1792/1035 2892/1794/1035 2891/1795/1035
f 2881/1796/1035 2892/1794/1035 2880/1797/1035
f 2882/1800/1035 2893/1799/1035 2881/1796/1035
f 2882/1800/1035 2895/1801/1035 2894/1798/1035
f 2883/1802/1035 2896/1803/1035 2895/1801/1035
f 2874/1783/1035 2896/1803/1035 2884/1804/1035
f 2869/1805/1036 2880/1806/1037 2868/1807/1037
f 2860/1808/1038 2895/1809/1039 2896/1810/1038
f 2862/1811/1040 2873/1812/1041 2874/1813/1040
f 2852/1814/1029 2889/1815/1042 2853/1816/1042
f 2870/1817/1029 2881/1818/1036 2869/1805/1036
f 2860/1808/1038 2886/1820/1043 2849/1819/1043
f 2861/1821/1041 2875/1822/1044 2873/1812/1041
f 2853/1816/1042 2890/1823/1045 2854/1824/1045
f 2871/1825/1042 2882/1826/1029 2870/1817/1029
f 2863/1827/1044 2876/1828/1032 2875/1822/1044
f 2854/1824/1045 2891/1829/1040 2855/1830/1040
f 2872/1831/1045 2883/1832/1042 2871/1825/1042
f 2864/1833/1032 2877/1834/1039 2876/1828/1032
f 2855/1830/1040 2892/1836/1041 2856/1835/1041
f 2862/1837/1040 2884/1838/1045 2872/1831/1045
f 2865/1839/1039 2878/1840/1038 2877/1834/1039
f 2857/1841/1044 2892/1836/1041 2893/1842/1044
f 2849/1843/1043 2885/1844/1037 2850/1845/1037
f 2866/1846/1038 2879/1847/1043 2878/1840/1038
f 2858/1848/1032 2893/1842/1044 2894/1849/1032
f 2850/1845/1037 2887/1850/1036 2851/1851/1036
f 2868/1807/1037 2879/1847/1043 2867/1852/1043
f 2859/1853/1039 2894/1849/1032 2895/1809/1039
f 2851/1851/1036 2888/1854/1029 2852/1814/1029
f 2922/1783/1035 2933/1785/1035 2934/1782/1035
f 2921/1781/1035 2935/1787/1035 2933/1785/1035
f 2923/1784/1035 2936/1789/1035 2935/1787/1035
f 2925/1788/1035 2936/1789/1035 2924/1786/1035
f 2926/1793/1035 2937/1791/1035 2925/1788/1035
f 2927/1792/1035 2938/1790/1035 2926/1793/1035
f 2927/1792/1035 2940/1794/1035 2939/1795/1035
f 2928/1797/1035 2941/1799/1035 2940/1794/1035
f 2929/1796/1035 2942/1798/1035 2941/1799/1035
f 2931/1802/1035 2942/1798/1035 2930/1800/1035
f 2932/1804/1035 2943/1801/1035 2931/1802/1035
f 2922/1783/1035 2944/1803/1035 2932/1804/1035
f 2917/1805/1036 2928/1806/1037 2916/1807/1037
f 2908/1808/1038 2943/1809/1039 2944/1810/1038
f 2910/1811/1040 2921/1812/1041 2922/1813/1040
f 2900/1814/1029 2937/1815/1042 2901/1816/1042
f 2918/1817/1029 2929/1818/1036 2917/1805/1036
f 2908/1808/1038 2934/1820/1043 2897/1819/1043
f 2909/1821/1041 2923/1822/1044 2921/1812/1041
f 2901/1816/1042 2938/1823/1045 2902/1824/1045
f 2919/1825/1042 2930/1826/1029 2918/1817/1029
f 2911/1827/1044 2924/1828/1032 2923/1822/1044
f 2902/1824/1045 2939/1829/1040 2903/1830/1040
f 2920/1831/1045 2931/1832/1042 2919/1825/1042
f 2912/1833/1032 2925/1834/1039 2924/1828/1032
f 2903/1830/1040 2940/1836/1041 2904/1835/1041
f 2910/1837/1040 2932/1838/1045 2920/1831/1045
f 2913/1839/1039 2926/1840/1038 2925/1834/1039
f 2905/1841/1044 2940/1836/1041 2941/1842/1044
f 2897/1843/1043 2933/1844/1037 2898/1845/1037
f 2914/1846/1038 2927/1847/1043 2926/1840/1038
f 2906/1848/1032 2941/1842/1044 2942/1849/1032
f 2898/1845/1037 2935/1850/1036 2899/1851/1036
f 2916/1807/1037 2927/1847/1043 2915/1852/1043
f 2907/1853/1039 2942/1849/1032 2943/1809/1039
f 2899/1851/1036 2936/1854/1029 2900/1814/1029
f 2970/1783/1035 2981/1785/1035 2982/1782/1035
f 2969/1781/1035 2983/1787/1035 2981/1785/1035
f 2971/1784/1035 2984/1789/1035 2983/1787/1035
f 2973/1788/1035 2984/1789/1035 2972/1786/1035
f 2974/1793/1035 2985/1791/1035 2973/1788/1035
f 2975/1792/1035 2986/1790/1035 2974/1793/1035
f 2975/1792/1035 2988/1794/1035 2987/1795/1035
f 2976/1797/1035 2989/1799/1035 2988/1794/1035
f 2977/1796/1035 2990/1798/1035 2989/1799/1035
f 2979/1802/1035 2990/1798/1035 2978/1800/1035
f 2980/1804/1035 2991/1801/1035 2979/1802/1035
f 2970/1783/1035 2992/1803/1035 2980/1804/1035
f 2965/1805/1036 2976/1806/1037 2964/1807/1037
f 2956/1808/1038 2991/1809/1039 2992/1810/1038
f 2958/1811/1040 2969/1812/1041 2970/1813/1040
f 2948/1814/1029 2985/1815/1042 2949/1816/1042
f 2966/1817/1029 2977/1818/1036 2965/1805/1036
f 2956/1808/1038 2982/1820/1043 2945/1819/1043
f 2957/1821/1041 2971/1822/1044 2969/1812/1041
f 2949/1816/1042 2986/1823/1045 2950/1824/1045
f 2967/1825/1042 2978/1826/1029 2966/1817/1029
f 2959/1827/1044 2972/1828/1032 2971/1822/1044
f 2950/1824/1045 2987/1829/1040 2951/1830/1040
f 2968/1831/1045 2979/1832/1042 2967/1825/1042
f 2960/1833/1032 2973/1834/1039 2972/1828/1032
f 2951/1830/1040 2988/1836/1041 2952/1835/1041
f 2958/1837/1040 2980/1838/1045 2968/1831/1045
f 2961/1839/1039 2974/1840/1038 2973/1834/1039
f 2953/1841/1044 2988/1836/1041 2989/1842/1044
f 2945/1843/1043 2981/1844/1037 2946/1845/1037
f 2962/1846/1038 2975/1847/1043 2974/1840/1038
f 2954/1848/1032 2989/1842/1044 2990/1849/1032
f 2946/1845/1037 2983/1850/1036 2947/1851/1036
f 2964/1807/1037 2975/1847/1043 2963/1852/1043
f 2955/1853/1039 2990/1849/1032 2991/1809/1039
f 2947/1851/1036 2984/1854/1029 2948/1814/1029
f 3018/1783/1046 3029/1785/1046 3030/1782/1046
f 3017/1781/1046 3031/1787/1046 3029/1785/1046
f 3020/1786/1046 3031/1787/1046 3019/1784/1046
f 3020/1786/1046 3033/1791/1046 3032/1789/1046
f 3022/1793/1046 3033/1791/1046 3021/1788/1046
f 3023/1792/1046 3034/1790/1046 3022/1793/1046
f 3023/1792/1046 3036/1794/1046 3035/1795/1046
f 3024/1797/1046 3037/1799/1046 3036/1794/1046
f 3026/1800/1046 3037/1799/1046 3025/1796/1046
f 3026/1800/1046 3039/1801/1046 3038/1798/1046
f 3028/1804/1046 3039/1801/1046 3027/1802/1046
f 3018/1783/1046 3040/1803/1046 3028/1804/1046
f 3013/1805/1047 3024/1806/1048 3012/1807/1049
f 3004/1808/1050 3039/1809/1051 3040/1810/1050
f 3006/1811/1052 3017/1812/1053 3018/1813/1052
f 2996/1814/1029 3033/1815/1054 2997/1816/1054
f 3014/1817/1029 3025/1818/1047 3013/1805/1047
f 2993/1819/1055 3040/1810/1050 3030/1820/1055
f 3005/1821/1053 3019/1822/1056 3017/1812/1053
f 2998/1824/1057 3033/1815/1054 3034/1823/1058
f 3015/1825/1054 3026/1826/1029 3014/1817/1029
f 3007/1827/1056 3020/1828/1032 3019/1822/1056
f 2999/1830/1052 3034/1823/1058 3035/1829/1052
f 3016/1831/1057 3027/1832/1054 3015/1825/1054
f 3008/1833/1032 3021/1834/1051 3020/1828/1032
f 2999/1830/1052 3036/1836/1059 3000/1835/1053
f 3006/1837/1052 3028/1838/1057 3016/1831/1057
f 3009/1839/1051 3022/1840/1060 3021/1834/1051
f 3000/1835/1053 3037/1842/1056 3001/1841/1056
f 2993/1843/1055 3029/1844/1049 2994/1845/1049
f 3010/1846/1050 3023/1847/1055 3022/1840/1060
f 3002/1848/1032 3037/1842/1056 3038/1849/1032
f 2994/1845/1049 3031/1850/1047 2995/1851/1047
f 3012/1807/1049 3023/1847/1055 3011/1852/1055
f 3003/1853/1051 3038/1849/1032 3039/1809/1051
f 2995/1851/1047 3032/1854/1029 2996/1814/1029
f 3066/1783/1046 3077/1785/1046 3078/1782/1046
f 3065/1781/1046 3079/1787/1046 3077/1785/1046
f 3067/1784/1046 3080/1789/1046 3079/1787/1046
f 3069/1788/1046 3080/1789/1046 3068/1786/1046
f 3070/1793/1046 3081/1791/1046 3069/1788/1046
f 3071/1792/1046 3082/1790/1046 3070/1793/1046
f 3071/1792/1046 3084/1794/1046 3083/1795/1046
f 3072/1797/1046 3085/1799/1046 3084/1794/1046
f 3074/1800/1046 3085/1799/1046 3073/1796/1046
f 3074/1800/1046 3087/1801/1046 3086/1798/1046
f 3076/1804/1046 3087/1801/1046 3075/1802/1046
f 3066/1783/1046 3088/1803/1046 3076/1804/1046
f 3061/1805/1047 3072/1806/1049 3060/1807/1049
f 3052/1808/1050 3087/1809/1051 3088/1810/1050
f 3054/1811/1052 3065/1812/1053 3066/1813/1052
f 3044/1814/1029 3081/1815/1054 3045/1816/1054
f 3062/1817/1029 3073/1818/1047 3061/1805/1047
f 3041/1819/1055 3088/1810/1050 3078/1820/1055
f 3053/1821/1053 3067/1822/1056 3065/1812/1053
f 3046/1824/1057 3081/1815/1054 3082/1823/1058
f 3063/1825/1054 3074/1826/1029 3062/1817/1029
f 3055/1827/1056 3068/1828/1032 3067/1822/1056
f 3047/1830/1052 3082/1823/1058 3083/1829/1052
f 3064/1831/1057 3075/1832/1054 3063/1825/1054
f 3056/1833/1032 3069/1834/1051 3068/1828/1032
f 3047/1830/1052 3084/1836/1059 3048/1835/1053
f 3054/1837/1052 3076/1838/1057 3064/1831/1057
f 3057/1839/1051 3070/1840/1060 3069/1834/1051
f 3048/1835/1053 3085/1842/1056 3049/1841/1056
f 3041/1843/1055 3077/1844/1049 3042/1845/1049
f 3058/1846/1050 3071/1847/1055 3070/1840/1060
f 3050/1848/1032 3085/1842/1056 3086/1849/1032
f 3042/1845/1049 3079/1850/1047 3043/1851/1047
f 3060/1807/1049 3071/1847/1055 3059/1852/1055
f 3051/1853/1051 3086/1849/1032 3087/1809/1051
f 3043/1851/1047 3080/1854/1029 3044/1814/1029
f 3114/1783/1046 3125/1785/1046 3126/1782/1046
f 3113/1781/1046 3127/1787/1046 3125/1785/1046
f 3116/1786/1046 3127/1787/1046 3115/1784/1046
f 3116/1786/1046 3129/1791/1046 3128/1789/1046
f 3118/1793/1046 3129/1791/1046 3117/1788/1046
f 3119/1792/1046 3130/1790/1046 3118/1793/1046
f 3119/1792/1046 3132/1794/1046 3131/1795/1046
f 3120/1797/1046 3133/1799/1046 3132/1794/1046
f 3121/1796/1046 3134/1798/1046 3133/1799/1046
f 3122/1800/1046 3135/1801/1046 3134/1798/1046
f 3124/1804/1046 3135/1801/1046 3123/1802/1046
f 3114/1783/1046 3136/1803/1046 3124/1804/1046
f 3109/1805/1047 3120/1806/1048 3108/1807/1049
f 3100/1808/1050 3135/1809/1051 3136/1810/1050
f 3102/1811/1052 3113/1812/1053 3114/1813/1052
f 3092/1814/1029 3129/1815/1054 3093/1816/1054
f 3110/1817/1029 3121/1818/1047 3109/1805/1047
f 3089/1819/1055 3136/1810/1050 3126/1820/1055
f 3101/1821/1053 3115/1822/1056 3113/1812/1053
f 3094/1824/1057 3129/1815/1054 3130/1823/1058
f 3111/1825/1054 3122/1826/1029 3110/1817/1029
f 3103/1827/1056 3116/1828/1032 3115/1822/1056
f 3095/1830/1052 3130/1823/1058 3131/1829/1052
f 3112/1831/1057 3123/1832/1054 3111/1825/1054
f 3104/1833/1032 3117/1834/1051 3116/1828/1032
f 3095/1830/1052 3132/1836/1059 3096/1835/1053
f 3102/1837/1052 3124/1838/1057 3112/1831/1057
f 3105/1839/1051 3118/1840/1050 3117/1834/1051
f 3096/1835/1053 3133/1842/1056 3097/1841/1056
f 3089/1843/1055 3125/1844/1049 3090/1845/1049
f 3106/1846/1050 3119/1847/1055 3118/1840/1050
f 3098/1848/1032 3133/1842/1056 3134/1849/1032
f 3090/1845/1049 3127/1850/1047 3091/1851/1047
f 3108/1807/1049 3119/1847/1055 3107/1852/1055
f 3099/1853/1051 3134/1849/1032 3135/1809/1051
f 3091/1851/1047 3128/1854/1029 3092/1814/1029
f 3162/1783/1046 3173/1785/1046 3174/1782/1046
f 3161/1781/1046 3175/1787/1046 3173/1785/1046
f 3163/1784/1046 3176/1789/1046 3175/1787/1046
f 3165/1788/1046 3176/1789/1046 3164/1786/1046
f 3166/1793/1046 3177/1791/1046 3165/1788/1046
f 3167/1792/1046 3178/1790/1046 3166/1793/1046
f 3167/1792/1046 3180/1794/1046 3179/1795/1046
f 3168/1797/1046 3181/1799/1046 3180/1794/1046
f 3169/1796/1046 3182/1798/1046 3181/1799/1046
f 3170/1800/1046 3183/1801/1046 3182/1798/1046
f 3172/1804/1046 3183/1801/1046 3171/1802/1046
f 3162/1783/1046 3184/1803/1046 3172/1804/1046
f 3157/1805/1047 3168/1806/1048 3156/1807/1049
f 3148/1808/1050 3183/1809/1051 3184/1810/1050
f 3150/1811/1052 3161/1812/1053 3162/1813/1052
f 3140/1814/1029 3177/1815/1054 3141/1816/1054
f 3158/1817/1029 3169/1818/1047 3157/1805/1047
f 3137/1819/1055 3184/1810/1050 3174/1820/1055
f 3149/1821/1053 3163/1822/1056 3161/1812/1053
f 3142/1824/1057 3177/1815/1054 3178/1823/1058
f 3159/1825/1054 3170/1826/1029 3158/1817/1029
f 3151/1827/1056 3164/1828/1032 3163/1822/1056
f 3143/1830/1052 3178/1823/1058 3179/1829/1052
f 3160/1831/1057 3171/1832/1054 3159/1825/1054
f 3152/1833/1032 3165/1834/1051 3164/1828/1032
f 3143/1830/1052 3180/1836/1059 3144/1835/1053
f 3150/1837/1052 3172/1838/1057 3160/1831/1057
f 3153/1839/1051 3166/1840/1060 3165/1834/1051
f 3144/1835/1053 3181/1842/1056 3145/1841/1056
f 3137/1843/1055 3173/1844/1049 3138/1845/1049
f 3154/1846/1050 3167/1847/1055 3166/1840/1060
f 3146/1848/1032 3181/1842/1056 3182/1849/1032
f 3138/1845/1049 3175/1850/1047 3139/1851/1047
f 3156/1807/1049 3167/1847/1055 3155/1852/1055
f 3147/1853/1051 3182/1849/1032 3183/1809/1051
f 3139/1851/1047 3176/1854/1029 3140/1814/1029
f 3210/1783/1046 3221/1785/1046 3222/1782/1046
f 3209/1781/1046 3223/1787/1046 3221/1785/1046
f 3211/1784/1046 3224/1789/1046 3223/1787/1046
f 3213/1788/1046 3224/1789/1046 3212/1786/1046
f 3214/1793/1046 3225/1791/1046 3213/1788/1046
f 3215/1792/1046 3226/1790/1046 3214/1793/1046
f 3215/1792/1046 3228/1794/1046 3227/1795/1046
f 3216/1797/1046 3229/1799/1046 3228/1794/1046
f 3218/1800/1046 3229/1799/1046 3217/1796/1046
f 3218/1800/1046 3231/1801/1046 3230/1798/1046
f 3220/1804/1046 3231/1801/1046 3219/1802/1046
f 3210/1783/1046 3232/1803/1046 3220/1804/1046
f 3205/1805/1047 3216/1806/1049 3204/1807/1049
f 3196/1808/1050 3231/1809/1051 3232/1810/1050
f 3198/1811/1052 3209/1812/1053 3210/1813/1052
f 3188/1814/1029 3225/1815/1054 3189/1816/1054
f 3206/1817/1029 3217/1818/1047 3205/1805/1047
f 3185/1819/1055 3232/1810/1050 3222/1820/1055
f 3197/1821/1053 3211/1822/1056 3209/1812/1053
f 3190/1824/1057 3225/1815/1054 3226/1823/1058
f 3207/1825/1054 3218/1826/1029 3206/1817/1029
f 3199/1827/1056 3212/1828/1032 3211/1822/1056
f 3191/1830/1052 3226/1823/1058 3227/1829/1052
f 3208/1831/1057 3219/1832/1054 3207/1825/1054
f 3200/1833/1032 3213/1834/1051 3212/1828/1032
f 3191/1830/1052 3228/1836/1059 3192/1835/1053
f 3198/1837/1052 3220/1838/1057 3208/1831/1057
f 3201/1839/1051 3214/1840/1050 3213/1834/1051
f 3192/1835/1053 3229/1842/1056 3193/1841/1056
f 3185/1843/1055 3221/1844/1049 3186/1845/1049
f 3202/1846/1050 3215/1847/1055 3214/1840/1050
f 3194/1848/1032 3229/1842/1056 3230/1849/1032
f 3186/1845/1049 3223/1850/1047 3187/1851/1047
f 3204/1807/1049 3215/1847/1055 3203/1852/1055
f 3195/1853/1051 3230/1849/1032 3231/1809/1051
f 3187/1851/1047 3224/1854/1029 3188/1814/1029
f 3258/1783/1046 3269/1785/1046 3270/1782/1046
f 3257/1781/1046 3271/1787/1046 3269/1785/1046
f 3260/1786/1046 3271/1787/1046 3259/1784/1046
f 3260/1786/1046 3273/1791/1046 3272/1789/1046
f 3261/1788/1046 3274/1790/1046 3273/1791/1046
f 3263/1792/1046 3274/1790/1046 3262/1793/1046
f 3263/1792/1046 3276/1794/1046 3275/1795/1046
f 3265/1796/1046 3276/1794/1046 3264/1797/1046
f 3266/1800/1046 3277/1799/1046 3265/1796/1046
f 3266/1800/1046 3279/1801/1046 3278/1798/1046
f 3268/1804/1046 3279/1801/1046 3267/1802/1046
f 3258/1783/1046 3280/1803/1046 3268/1804/1046
f 3253/1805/1047 3264/1806/1049 3252/1807/1049
f 3244/1808/1050 3279/1809/1051 3280/1810/1050
f 3245/1821/1053 3258/1813/1052 3246/1811/1052
f 3237/1816/1054 3272/1854/1029 3273/1815/1054
f 3254/1817/1029 3265/1818/1047 3253/1805/1047
f 3233/1819/1055 3280/1810/1050 3270/1820/1055
f 3247/1827/1056 3257/1812/1053 3245/1821/1053
f 3238/1824/1057 3273/1815/1054 3274/1823/1057
f 3254/1817/1029 3267/1832/1054 3266/1826/1029
f 3248/1833/1032 3259/1822/1056 3247/1827/1056
f 3238/1824/1057 3275/1829/1052 3239/1830/1052
f 3255/1825/1054 3268/1838/1057 3267/1832/1054
f 3248/1833/1032 3261/1834/1051 3260/1828/1032
f 3240/1835/1053 3275/1829/1052 3276/1836/1053
f 3256/1831/1057 3258/1855/1052 3268/1838/1057
f 3249/1839/1051 3262/1840/1050 3261/1834/1051
f 3240/1835/1053 3277/1842/1056 3241/1841/1056
f 3233/1843/1055 3269/1844/1049 3234/1845/1049
f 3250/1846/1050 3263/1847/1055 3262/1840/1050
f 3241/1841/1056 3278/1849/1032 3242/1848/1032
f 3234/1845/1049 3271/1850/1047 3235/1851/1047
f 3252/1807/1049 3263/1847/1055 3251/1852/1055
f 3243/1853/1051 3278/1849/1032 3279/1809/1051
f 3235/1851/1047 3272/1854/1029 3236/1814/1029
f 3306/1783/1046 3317/1785/1046 3318/1782/1046
f 3305/1781/1046 3319/1787/1046 3317/1785/1046
f 3307/1784/1046 3320/1789/1046 3319/1787/1046
f 3309/1788/1046 3320/1789/1046 3308/1786/1046
f 3309/1788/1046 3322/1790/1046 3321/1791/1046
f 3311/1792/1046 3322/1790/1046 3310/1793/1046
f 3311/1792/1046 3324/1794/1046 3323/1795/1046
f 3312/1797/1046 3325/1799/1046 3324/1794/1046
f 3314/1800/1046 3325/1799/1046 3313/1796/1046
f 3314/1800/1046 3327/1801/1046 3326/1798/1046
f 3316/1804/1046 3327/1801/1046 3315/1802/1046
f 3316/1804/1046 3318/1782/1046 3328/1803/1046
f 3301/1805/1047 3312/1806/1049 3300/1807/1049
f 3292/1808/1050 3327/1809/1051 3328/1810/1050
f 3293/1821/1053 3306/1813/1052 3294/1811/1052
f 3285/1816/1054 3320/1854/1029 3321/1815/1054
f 3302/1817/1029 3313/1818/1047 3301/1805/1047
f 3281/1819/1055 3328/1810/1050 3318/1820/1055
f 3295/1827/1056 3305/1812/1053 3293/1821/1053
f 3286/1824/1057 3321/1815/1054 3322/1823/1057
f 3302/1817/1029 3315/1832/1054 3314/1826/1029
f 3296/1833/1032 3307/1822/1056 3295/1827/1056
f 3286/1824/1057 3323/1829/1052 3287/1830/1052
f 3303/1825/1054 3316/1838/1057 3315/1832/1054
f 3296/1833/1032 3309/1834/1051 3308/1828/1032
f 3288/1835/1053 3323/1829/1052 3324/1836/1053
f 3304/1831/1057 3306/1855/1052 3316/1838/1057
f 3297/1839/1051 3310/1840/1050 3309/1834/1051
f 3288/1835/1053 3325/1842/1056 3289/1841/1056
f 3281/1843/1055 3317/1844/1049 3282/1845/1049
f 3298/1846/1050 3311/1847/1055 3310/1840/1050
f 3289/1841/1056 3326/1849/1032 3290/1848/1032
f 3282/1845/1049 3319/1850/1047 3283/1851/1047
f 3300/1807/1049 3311/1847/1055 3299/1852/1055
f 3291/1853/1051 3326/1849/1032 3327/1809/1051
f 3283/1851/1047 3320/1854/1029 3284/1814/1029
f 3353/1781/1046 3366/1782/1046 3354/1783/1046
f 3353/1781/1046 3367/1787/1046 3365/1785/1046
f 3356/1786/1046 3367/1787/1046 3355/1784/1046
f 3356/1786/1046 3369/1791/1046 3368/1789/1046
f 3358/1793/1046 3369/1791/1046 3357/1788/1046
f 3359/1792/1046 3370/1790/1046 3358/1793/1046
f 3359/1792/1046 3372/1794/1046 3371/1795/1046
f 3361/1796/1046 3372/1794/1046 3360/1797/1046
f 3361/1796/1046 3374/1798/1046 3373/1799/1046
f 3363/1802/1046 3374/1798/1046 3362/1800/1046
f 3364/1804/1046 3375/1801/1046 3363/1802/1046
f 3354/1783/1046 3376/1803/1046 3364/1804/1046
f 3349/1805/1047 3360/1806/1049 3348/1807/1049
f 3340/1808/1050 3375/1809/1051 3376/1810/1050
f 3341/1821/1053 3354/1813/1052 3342/1811/1052
f 3333/1816/1054 3368/1854/1029 3369/1815/1054
f 3350/1817/1029 3361/1818/1047 3349/1805/1047
f 3329/1819/1055 3376/1810/1050 3366/1820/1055
f 3343/1827/1056 3353/1812/1053 3341/1821/1053
f 3334/1824/1057 3369/1815/1054 3370/1823/1057
f 3350/1817/1029 3363/1832/1054 3362/1826/1029
f 3344/1833/1032 3355/1822/1056 3343/1827/1056
f 3334/1824/1057 3371/1829/1052 3335/1830/1052
f 3351/1825/1054 3364/1838/1057 3363/1832/1054
f 3344/1833/1032 3357/1834/1051 3356/1828/1032
f 3336/1835/1053 3371/1829/1052 3372/1836/1053
f 3352/1831/1057 3354/1855/1052 3364/1838/1057
f 3345/1839/1051 3358/1840/1050 3357/1834/1051
f 3336/1835/1053 3373/1842/1056 3337/1841/1056
f 3329/1843/1055 3365/1844/1049 3330/1845/1049
f 3346/1846/1050 3359/1847/1055 3358/1840/1050
f 3337/1841/1056 3374/1849/1032 3338/1848/1032
f 3330/1845/1049 3367/1850/1047 3331/1851/1047
f 3348/1807/1049 3359/1847/1055 3347/1852/1055
f 3339/1853/1051 3374/1849/1032 3375/1809/1051
f 3331/1851/1047 3368/1854/1029 3332/1814/1029
f 3402/1783/1046 3413/1785/1046 3414/1782/1046
f 3401/1781/1046 3415/1787/1046 3413/1785/1046
f 3403/1784/1046 3416/1789/1046 3415/1787/1046
f 3405/1788/1046 3416/1789/1046 3404/1786/1046
f 3405/1788/1046 3418/1790/1046 3417/1791/1046
f 3407/1792/1046 3418/1790/1046 3406/1793/1046
f 3407/1792/1046 3420/1794/1046 3419/1795/1046
f 3409/1796/1046 3420/1794/1046 3408/1797/1046
f 3409/1796/1046 3422/1798/1046 3421/1799/1046
f 3411/1802/1046 3422/1798/1046 3410/1800/1046
f 3412/1804/1046 3423/1801/1046 3411/1802/1046
f 3402/1783/1046 3424/1803/1046 3412/1804/1046
f 3397/1805/1047 3408/1806/1049 3396/1807/1049
f 3388/1808/1050 3423/1809/1051 3424/1810/1050
f 3389/1821/1053 3402/1813/1052 3390/1811/1052
f 3381/1816/1054 3416/1854/1029 3417/1815/1054
f 3398/1817/1029 3409/1818/1047 3397/1805/1047
f 3377/1819/1055 3424/1810/1050 3414/1820/1055
f 3391/1827/1056 3401/1812/1053 3389/1821/1053
f 3382/1824/1057 3417/1815/1054 3418/1823/1057
f 3398/1817/1029 3411/1832/1054 3410/1826/1029
f 3392/1833/1032 3403/1822/1056 3391/1827/1056
f 3382/1824/1057 3419/1829/1052 3383/1830/1052
f 3399/1825/1054 3412/1838/1057 3411/1832/1054
f 3392/1833/1032 3405/1834/1051 3404/1828/1032
f 3384/1835/1053 3419/1829/1052 3420/1836/1053
f 3400/1831/1057 3402/1855/1052 3412/1838/1057
f 3393/1839/1051 3406/1840/1050 3405/1834/1051
f 3384/1835/1053 3421/1842/1056 3385/1841/1056
f 3377/1843/1055 3413/1844/1049 3378/1845/1049
f 3394/1846/1050 3407/1847/1055 3406/1840/1050
f 3385/1841/1056 3422/1849/1032 3386/1848/1032
f 3378/1845/1049 3415/1850/1047 3379/1851/1047
f 3396/1807/1049 3407/1847/1055 3395/1852/1055
f 3387/1853/1051 3422/1849/1032 3423/1809/1051
f 3379/1851/1047 3416/1854/1029 3380/1814/1029
f 3449/1781/1046 3462/1782/1046 3450/1783/1046
f 3449/1781/1046 3463/1787/1046 3461/1785/1046
f 3451/1784/1046 3464/1789/1046 3463/1787/1046
f 3453/1788/1046 3464/1789/1046 3452/1786/1046
f 3453/1788/1046 3466/1790/1046 3465/1791/1046
f 3455/1792/1046 3466/1790/1046 3454/1793/1046
f 3455/1792/1046 3468/1794/1046 3467/1795/1046
f 3456/1797/1046 3469/1799/1046 3468/1794/1046
f 3458/1800/1046 3469/1799/1046 3457/1796/1046
f 3458/1800/1046 3471/1801/1046 3470/1798/1046
f 3460/1804/1046 3471/1801/1046 3459/1802/1046
f 3450/1783/1046 3472/1803/1046 3460/1804/1046
f 3445/1805/1047 3456/1806/1049 3444/1807/1049
f 3436/1808/1050 3471/1809/1051 3472/1810/1050
f 3437/1821/1053 3450/1813/1052 3438/1811/1052
f 3429/1816/1054 3464/1854/1029 3465/1815/1054
f 3446/1817/1029 3457/1818/1047 3445/1805/1047
f 3425/1819/1055 3472/1810/1050 3462/1820/1055
f 3439/1827/1056 3449/1812/1053 3437/1821/1053
f 3430/1824/1057 3465/1815/1054 3466/1823/1057
f 3446/1817/1029 3459/1832/1054 3458/1826/1029
f 3440/1833/1032 3451/1822/1056 3439/1827/1056
f 3430/1824/1057 3467/1829/1052 3431/1830/1052
f 3447/1825/1054 3460/1838/1057 3459/1832/1054
f 3440/1833/1032 3453/1834/1051 3452/1828/1032
f 3432/1835/1053 3467/1829/1052 3468/1836/1053
f 3448/1831/1057 3450/1855/1052 3460/1838/1057
f 3441/1839/1051 3454/1840/1050 3453/1834/1051
f 3432/1835/1053 3469/1842/1056 3433/1841/1056
f 3425/1843/1055 3461/1844/1049 3426/1845/1049
f 3442/1846/1050 3455/1847/1055 3454/1840/1050
f 3433/1841/1056 3470/1849/1032 3434/1848/1032
f 3426/1845/1049 3463/1850/1047 3427/1851/1047
f 3444/1807/1049 3455/1847/1055 3443/1852/1055
f 3435/1853/1051 3470/1849/1032 3471/1809/1051
f 3427/1851/1047 3464/1854/1029 3428/1814/1029
f 3498/1783/1046 3509/1785/1046 3510/1782/1046
f 3499/1784/1046 3509/1785/1046 3497/1781/1046
f 3500/1786/1046 3511/1787/1046 3499/1784/1046
f 3500/1786/1046 3513/1791/1046 3512/1789/1046
f 3502/1793/1046 3513/1791/1046 3501/1788/1046
f 3503/1792/1046 3514/1790/1046 3502/1793/1046
f 3503/1792/1046 3516/1794/1046 3515/1795/1046
f 3504/1797/1046 3517/1799/1046 3516/1794/1046
f 3506/1800/1046 3517/1799/1046 3505/1796/1046
f 3506/1800/1046 3519/1801/1046 3518/1798/1046
f 3507/1802/1046 3520/1803/1046 3519/1801/1046
f 3498/1783/1046 3520/1803/1046 3508/1804/1046
f 3493/1805/1047 3504/1806/1049 3492/1807/1049
f 3484/1808/1050 3519/1809/1051 3520/1810/1050
f 3486/1811/1052 3497/1812/1053 3498/1813/1052
f 3476/1814/1029 3513/1815/1054 3477/1816/1054
f 3494/1817/1029 3505/1818/1047 3493/1805/1047
f 3473/1819/1055 3520/1810/1050 3510/1820/1055
f 3485/1821/1053 3499/1822/1056 3497/1812/1053
f 3477/1816/1054 3514/1823/1057 3478/1824/1057
f 3495/1825/1054 3506/1826/1029 3494/1817/1029
f 3487/1827/1056 3500/1828/1032 3499/1822/1056
f 3478/1824/1057 3515/1829/1052 3479/1830/1052
f 3496/1831/1057 3507/1832/1054 3495/1825/1054
f 3488/1833/1032 3501/1834/1051 3500/1828/1032
f 3480/1835/1053 3515/1829/1052 3516/1836/1053
f 3486/1837/1052 3508/1838/1057 3496/1831/1057
f 3489/1839/1051 3502/1840/1050 3501/1834/1051
f 3481/1841/1056 3516/1836/1053 3517/1842/1056
f 3473/1843/1055 3509/1844/1049 3474/1845/1049
f 3490/1846/1050 3503/1847/1055 3502/1840/1050
f 3482/1848/1032 3517/1842/1056 3518/1849/1032
f 3474/1845/1049 3511/1850/1047 3475/1851/1047
f 3492/1807/1049 3503/1847/1055 3491/1852/1055
f 3483/1853/1051 3518/1849/1032 3519/1809/1051
f 3475/1851/1047 3512/1854/1029 3476/1814/1029
f 3546/1783/1046 3557/1785/1046 3558/1782/1046
f 3547/1784/1046 3557/1785/1046 3545/1781/1046
f 3547/1784/1046 3560/1789/1046 3559/1787/1046
f 3549/1788/1046 3560/1789/1046 3548/1786/1046
f 3550/1793/1046 3561/1791/1046 3549/1788/1046
f 3551/1792/1046 3562/1790/1046 3550/1793/1046
f 3552/1797/1046 3563/1795/1046 3551/1792/1046
f 3552/1797/1046 3565/1799/1046 3564/1794/1046
f 3554/1800/1046 3565/1799/1046 3553/1796/1046
f 3554/1800/1046 3567/1801/1046 3566/1798/1046
f 3556/1804/1046 3567/1801/1046 3555/1802/1046
f 3556/1804/1046 3558/1782/1046 3568/1803/1046
f 3541/1805/1047 3552/1806/1049 3540/1807/1049
f 3532/1808/1050 3567/1809/1051 3568/1810/1050
f 3534/1811/1052 3545/1812/1053 3546/1813/1052
f 3524/1814/1029 3561/1815/1054 3525/1816/1054
f 3542/1817/1029 3553/1818/1047 3541/1805/1047
f 3521/1819/1055 3568/1810/1050 3558/1820/1055
f 3533/1821/1053 3547/1822/1056 3545/1812/1053
f 3525/1816/1054 3562/1823/1057 3526/1824/1057
f 3543/1825/1054 3554/1826/1029 3542/1817/1029
f 3535/1827/1056 3548/1828/1032 3547/1822/1056
f 3526/1824/1057 3563/1829/1052 3527/1830/1052
f 3544/1831/1057 3555/1832/1054 3543/1825/1054
f 3536/1833/1032 3549/1834/1051 3548/1828/1032
f 3528/1835/1053 3563/1829/1052 3564/1836/1053
f 3534/1837/1052 3556/1838/1057 3544/1831/1057
f 3537/1839/1051 3550/1840/1050 3549/1834/1051
f 3529/1841/1056 3564/1836/1053 3565/1842/1056
f 3521/1843/1055 3557/1844/1049 3522/1845/1049
f 3538/1846/1050 3551/1847/1055 3550/1840/1050
f 3530/1848/1032 3565/1842/1056 3566/1849/1032
f 3522/1845/1049 3559/1850/1047 3523/1851/1047
f 3540/1807/1049 3551/1847/1055 3539/1852/1055
f 3531/1853/1051 3566/1849/1032 3567/1809/1051
f 3523/1851/1047 3560/1854/1029 3524/1814/1029
f 3593/1781/1046 3606/1782/1046 3594/1783/1046
f 3593/1781/1046 3607/1787/1046 3605/1785/1046
f 3596/1786/1046 3607/1787/1046 3595/1784/1046
f 3596/1786/1046 3609/1791/1046 3608/1789/1046
f 3598/1793/1046 3609/1791/1046 3597/1788/1046
f 3598/1793/1046 3611/1795/1046 3610/1790/1046
f 3599/1792/1046 3612/1794/1046 3611/1795/1046
f 3600/1797/1046 3613/1799/1046 3612/1794/1046
f 3601/1796/1046 3614/1798/1046 3613/1799/1046
f 3602/1800/1046 3615/1801/1046 3614/1798/1046
f 3603/1802/1046 3616/1803/1046 3615/1801/1046
f 3594/1783/1046 3616/1803/1046 3604/1804/1046
f 3589/1805/1047 3600/1806/1049 3588/1807/1049
f 3580/1808/1050 3615/1809/1051 3616/1810/1050
f 3582/1811/1052 3593/1812/1053 3594/1813/1052
f 3572/1814/1029 3609/1815/1054 3573/1816/1054
f 3590/1817/1029 3601/1818/1047 3589/1805/1047
f 3569/1819/1055 3616/1810/1050 3606/1820/1055
f 3581/1821/1053 3595/1822/1056 3593/1812/1053
f 3573/1816/1054 3610/1823/1057 3574/1824/1057
f 3591/1825/1054 3602/1826/1029 3590/1817/1029
f 3583/1827/1056 3596/1828/1032 3595/1822/1056
f 3574/1824/1057 3611/1829/1052 3575/1830/1052
f 3592/1831/1057 3603/1832/1054 3591/1825/1054
f 3584/1833/1032 3597/1834/1051 3596/1828/1032
f 3576/1835/1053 3611/1829/1052 3612/1836/1053
f 3582/1837/1052 3604/1838/1057 3592/1831/1057
f 3585/1839/1051 3598/1840/1050 3597/1834/1051
f 3577/1841/1056 3612/1836/1053 3613/1842/1056
f 3569/1843/1055 3605/1844/1049 3570/1845/1049
f 3586/1846/1050 3599/1847/1055 3598/1840/1050
f 3578/1848/1032 3613/1842/1056 3614/1849/1032
f 3570/1845/1049 3607/1850/1047 3571/1851/1047
f 3588/1807/1049 3599/1847/1055 3587/1852/1055
f 3579/1853/1051 3614/1849/1032 3615/1809/1051
f 3571/1851/1047 3608/1854/1029 3572/1814/1029
f 3642/1783/1046 3653/1785/1046 3654/1782/1046
f 3643/1784/1046 3653/1785/1046 3641/1781/1046
f 3643/1784/1046 3656/1789/1046 3655/1787/1046
f 3645/1788/1046 3656/1789/1046 3644/1786/1046
f 3646/1793/1046 3657/1791/1046 3645/1788/1046
f 3647/1792/1046 3658/1790/1046 3646/1793/1046
f 3647/1792/1046 3660/1794/1046 3659/1795/1046
f 3648/1797/1046 3661/1799/1046 3660/1794/1046
f 3649/1796/1046 3662/1798/1046 3661/1799/1046
f 3650/1800/1046 3663/1801/1046 3662/1798/1046
f 3651/1802/1046 3664/1803/1046 3663/1801/1046
f 3642/1783/1046 3664/1803/1046 3652/1804/1046
f 3637/1805/1047 3648/1806/1049 3636/1807/1049
f 3628/1808/1050 3663/1809/1051 3664/1810/1050
f 3630/1811/1052 3641/1812/1053 3642/1813/1052
f 3620/1814/1029 3657/1815/1054 3621/1816/1054
f 3638/1817/1029 3649/1818/1047 3637/1805/1047
f 3617/1819/1055 3664/1810/1050 3654/1820/1055
f 3629/1821/1053 3643/1822/1056 3641/1812/1053
f 3621/1816/1054 3658/1823/1057 3622/1824/1057
f 3639/1825/1054 3650/1826/1029 3638/1817/1029
f 3631/1827/1056 3644/1828/1032 3643/1822/1056
f 3622/1824/1057 3659/1829/1052 3623/1830/1052
f 3640/1831/1057 3651/1832/1054 3639/1825/1054
f 3632/1833/1032 3645/1834/1051 3644/1828/1032
f 3624/1835/1053 3659/1829/1052 3660/1836/1053
f 3630/1837/1052 3652/1838/1057 3640/1831/1057
f 3633/1839/1051 3646/1840/1050 3645/1834/1051
f 3625/1841/1056 3660/1836/1053 3661/1842/1056
f 3617/1843/1055 3653/1844/1049 3618/1845/1049
f 3634/1846/1050 3647/1847/1055 3646/1840/1050
f 3626/1848/1032 3661/1842/1056 3662/1849/1032
f 3618/1845/1049 3655/1850/1047 3619/1851/1047
f 3636/1807/1049 3647/1847/1055 3635/1852/1055
f 3627/1853/1051 3662/1849/1032 3663/1809/1051
f 3619/1851/1047 3656/1854/1029 3620/1814/1029
f 3689/1781/1046 3702/1782/1046 3690/1783/1046
f 3691/1784/1046 3701/1785/1046 3689/1781/1046
f 3691/1784/1046 3704/1789/1046 3703/1787/1046
f 3693/1788/1046 3704/1789/1046 3692/1786/1046
f 3694/1793/1046 3705/1791/1046 3693/1788/1046
f 3694/1793/1046 3707/1795/1046 3706/1790/1046
f 3695/1792/1046 3708/1794/1046 3707/1795/1046
f 3696/1797/1046 3709/1799/1046 3708/1794/1046
f 3698/1800/1046 3709/1799/1046 3697/1796/1046
f 3698/1800/1046 3711/1801/1046 3710/1798/1046
f 3700/1804/1046 3711/1801/1046 3699/1802/1046
f 3690/1783/1046 3712/1803/1046 3700/1804/1046
f 3685/1805/1047 3696/1806/1049 3684/1807/1049
f 3676/1808/1050 3711/1809/1051 3712/1810/1050
f 3678/1811/1052 3689/1812/1053 3690/1813/1052
f 3668/1814/1029 3705/1815/1054 3669/1816/1054
f 3686/1817/1029 3697/1818/1047 3685/1805/1047
f 3665/1819/1055 3712/1810/1050 3702/1820/1055
f 3677/1821/1053 3691/1822/1056 3689/1812/1053
f 3669/1816/1054 3706/1823/1057 3670/1824/1057
f 3687/1825/1054 3698/1826/1029 3686/1817/1029
f 3679/1827/1056 3692/1828/1032 3691/1822/1056
f 3670/1824/1057 3707/1829/1052 3671/1830/1052
f 3688/1831/1057 3699/1832/1054 3687/1825/1054
f 3680/1833/1032 3693/1834/1051 3692/1828/1032
f 3672/1835/1053 3707/1829/1052 3708/1836/1053
f 3678/1837/1052 3700/1838/1057 3688/1831/1057
f 3681/1839/1051 3694/1840/1050 3693/1834/1051
f 3673/1841/1056 3708/1836/1053 3709/1842/1056
f 3665/1843/1055 3701/1844/1049 3666/1845/1049
f 3682/1846/1050 3695/1847/1055 3694/1840/1050
f 3674/1848/1032 3709/1842/1056 3710/1849/1032
f 3666/1845/1049 3703/1850/1047 3667/1851/1047
f 3684/1807/1049 3695/1847/1055 3683/1852/1055
f 3675/1853/1051 3710/1849/1032 3711/1809/1051
f 3667/1851/1047 3704/1854/1029 3668/1814/1029
f 3714/1856/1043 3715/1857/1061 3713/1858/1043
f 3716/1859/1061 3717/1860/1062 3715/1857/1061
f 3718/1861/1062 3719/1862/1063 3717/1860/1062
f 3720/1863/1063 3721/1864/1064 3719/1862/1063
f 3721/1864/1064 3724/1865/1040 3723/1866/1040
f 3724/1867/1040 3725/1868/1065 3723/1869/1040
f 3725/1868/1065 3728/1870/1066 3727/1871/1066
f 3727/1871/1066 3730/1872/1067 3729/1873/1067
f 3728/1870/1068 3739/1874/1069 3740/1875/1068
f 3729/1873/1067 3732/1876/1070 3731/1877/1070
f 3731/1877/1070 3714/1856/1043 3713/1858/1043
f 3715/1878/1071 3719/1879/1071 3727/1880/1071
f 3734/1881/1072 3762/1882/1073 3745/1883/1074
f 3726/1884/1069 3738/1885/1075 3739/1874/1069
f 3722/1886/1076 3738/1887/1075 3724/1865/1075
f 3720/1863/1077 3737/1888/1076 3722/1886/1076
f 3714/1856/1078 3733/1889/1079 3716/1859/1079
f 3718/1861/1080 3736/1890/1077 3720/1863/1077
f 3716/1859/1079 3735/1891/1080 3718/1861/1080
f 3714/1856/1078 3742/1892/1081 3734/1893/1078
f 3732/1876/1081 3741/1894/1082 3742/1892/1081
f 3730/1872/1082 3740/1875/1068 3741/1894/1082
f 3733/1895/1083 3748/1896/1084 3735/1897/1085
f 3742/1898/1086 3760/1899/1087 3762/1882/1073
f 3738/1900/1088 3756/1901/1089 3739/1902/1090
f 3734/1881/1072 3744/1903/1091 3733/1895/1083
f 3740/1904/1092 3756/1901/1089 3758/1905/1093
f 3736/1906/1094 3752/1907/1095 3737/1908/1096
f 3735/1897/1085 3750/1909/1097 3736/1906/1094
f 3741/1910/1098 3758/1905/1093 3760/1899/1087
f 3737/1908/1096 3754/1911/1099 3738/1912/1088
f 3745/1913/1074 3743/1914/1100 3744/1915/1091
f 3748/1916/1084 3743/1914/1100 3747/1917/1101
f 3750/1918/1097 3747/1917/1101 3749/1919/1102
f 3752/1920/1095 3749/1919/1102 3751/1921/1103
f 3754/1922/1099 3751/1921/1103 3753/1923/1104
f 3754/1922/1099 3755/1924/1105 3756/1925/1089
f 3756/1925/1089 3757/1926/1106 3758/1927/1093
f 3758/1927/1093 3759/1928/1107 3760/1929/1087
f 3760/1929/1087 3761/1930/1108 3762/1931/1073
f 3745/1913/1074 3761/1930/1108 3746/1932/1109
f 3746/1932/1109 3759/1928/1107 3751/1921/1103
f 3779/1933/1110 3795/1934/1111 3764/1935/1111
f 3780/1936/1035 3826/1937/1035 3783/1938/1035
f 3784/1939/1035 3816/1940/1035 3767/1941/1035
f 3763/1942/1035 3818/1943/1035 3814/1944/1035
f 3764/1945/1035 3820/1946/1035 3779/1947/1035
f 3765/1948/1035 3812/1949/1035 3766/1950/1035
f 3765/1948/1035 3814/1944/1035 3813/1951/1035
f 3817/1952/1112 3775/1953/1113 3818/1954/1114
f 3770/1955/1035 3815/1956/1035 3817/1957/1035
f 3770/1955/1035 3818/1943/1035 3768/1958/1035
f 3821/1959/1115 3787/1960/1116 3822/1961/1117
f 3782/1962/1035 3819/1963/1035 3821/1964/1035
f 3782/1962/1035 3822/1965/1035 3780/1936/1035
f 3786/1966/1035 3823/1967/1035 3784/1939/1035
f 3785/1968/1035 3824/1969/1035 3786/1966/1035
f 3785/1968/1035 3826/1937/1035 3825/1970/1035
f 3813/1971/1118 3773/1972/1119 3812/1973/1120
f 3813/1971/1118 3772/1974/1121 3774/1975/1122
f 3815/1976/1123 3776/1977/1124 3778/1978/1125
f 3822/1961/1117 3792/1979/1126 3826/1980/1127
f 3817/1952/1112 3778/1978/1125 3777/1981/1128
f 3781/1982/1035 3820/1946/1035 3819/1963/1035
f 3821/1959/1115 3790/1983/1129 3789/1984/1130
f 3824/1985/1131 3791/1986/1132 3823/1987/1133
f 3816/1988/1134 3791/1986/1132 3776/1989/1124
f 3825/1990/1135 3792/1979/1126 3794/1991/1136
f 3788/1992/1137 3811/1993/1138 3771/1994/1139
f 3766/1950/1035 3811/1995/1035 3764/1945/1035
f 3769/1996/1035 3816/1940/1035 3815/1956/1035
f 3825/1990/1135 3793/1997/1140 3824/1985/1131
f 3819/1998/1141 3788/1999/1137 3790/1983/1129
f 3800/2000/1035 3802/2001/1035 3795/2002/1035
f 3768/2003/1142 3801/2004/1143 3770/2005/1143
f 3763/2006/1144 3802/2007/1142 3768/2003/1142
f 3781/2008/1145 3804/2009/1110 3779/2010/1110
f 3780/2011/1146 3810/2012/1147 3806/2013/1146
f 3782/2014/1148 3803/2015/1145 3781/2008/1145
f 3766/2016/1149 3795/1934/1111 3796/2017/1149
f 3767/2018/1150 3807/2019/1151 3784/2020/1151
f 3780/2011/1146 3805/2021/1148 3782/2014/1148
f 3765/2022/1152 3796/2017/1149 3797/2023/1152
f 3784/2020/1151 3808/2024/1153 3786/2025/1153
f 3763/2006/1144 3797/2023/1152 3798/2026/1144
f 3785/2027/1154 3808/2024/1153 3809/2028/1154
f 3767/2029/1150 3799/2030/1155 3800/2031/1150
f 3783/2032/1147 3809/2028/1154 3810/2012/1147
f 3770/2005/1143 3799/2030/1155 3769/2033/1155
f 3814/2034/1156 3775/1953/1113 3772/1974/1121
f 3812/1973/1120 3771/1994/1139 3811/1993/1138
f 3827/1733/1157 3830/1734/1158 3829/1732/1158
f 3829/1732/1158 3832/1736/1159 3831/1735/1159
f 3832/1736/1159 3833/1737/1160 3831/1735/1159
f 3834/1738/1160 3835/1739/1161 3833/1737/1160
f 3836/1777/1161 3837/1741/1162 3835/1739/1161
f 3837/1741/1162 3840/1743/1163 3839/1742/1163
f 3839/1742/1163 3842/1775/1164 3841/1744/1164
f 3841/1744/1164 3844/1745/1165 3843/1746/1165
f 3834/1780/1166 3832/1749/1166 3844/1747/1166
f 3844/1745/1165 3845/1750/1167 3843/1746/1165
f 3846/1751/1167 3827/1733/1157 3845/1752/1167
f 3847/1755/1168 3850/2035/1168 3849/1754/1168
f 3850/1756/1029 3851/1757/1029 3849/1758/1029
f 3852/1759/1169 3853/1760/1169 3851/1761/1169
f 3853/1762/1170 3856/1763/1170 3855/1764/1170
f 3856/1765/1166 3854/1766/1166 3852/1767/1166
f 3855/1770/1032 3858/2036/1032 3857/1769/1032
f 3858/2037/1171 3847/1773/1171 3857/1771/1171
f 3859/1733/1157 3862/1734/1158 3861/1732/1158
f 3861/1732/1158 3864/1736/1159 3863/1735/1159
f 3864/1736/1159 3865/1737/1160 3863/1735/1159
f 3866/1738/1160 3867/1739/1161 3865/1737/1160
f 3868/1777/1161 3869/1741/1162 3867/1739/1161
f 3869/1741/1162 3872/1743/1163 3871/1742/1163
f 3871/1742/1163 3874/1775/1164 3873/1744/1164
f 3873/1744/1164 3876/1745/1165 3875/1746/1165
f 3866/1780/1166 3864/1749/1166 3876/1747/1166
f 3876/1745/1165 3877/1750/1167 3875/1746/1165
f 3878/1751/1167 3859/1733/1157 3877/1752/1167
f 3879/1755/1168 3882/2035/1168 3881/1754/1168
f 3882/1756/1029 3883/1757/1029 3881/1758/1029
f 3884/1759/1169 3885/1760/1169 3883/1761/1169
f 3885/1762/1170 3888/1763/1170 3887/1764/1170
f 3888/1765/1166 3886/1766/1166 3884/1767/1166
f 3887/1770/1032 3890/2036/1032 3889/1769/1032
f 3890/2037/1171 3879/1773/1171 3889/1771/1171
f 3891/1733/1157 3894/1734/1158 3893/1732/1158
f 3893/1732/1158 3896/1736/1159 3895/1735/1159
f 3896/1736/1159 3897/1737/1160 3895/1735/1159
f 3898/1738/1160 3899/1739/1161 3897/1737/1160
f 3900/1777/1161 3901/1741/1162 3899/1739/1161
f 3901/1741/1162 3904/1743/1163 3903/1742/1163
f 3903/1742/1163 3906/1775/1164 3905/1744/1164
f 3905/1744/1164 3908/1745/1165 3907/1746/1165
f 3892/1778/1166 3908/1747/1166 3900/1748/1166
f 3908/1745/1165 3909/1750/1167 3907/1746/1165
f 3910/1751/1167 3891/1733/1157 3909/1752/1167
f 3911/1755/1168 3914/2035/1168 3913/1754/1168
f 3914/1756/1029 3915/1757/1029 3913/1758/1029
f 3916/1759/1169 3917/1760/1169 3915/1761/1169
f 3917/1762/1170 3920/1763/1170 3919/1764/1170
f 3920/1765/1166 3918/1766/1166 3916/1767/1166
f 3919/1770/1032 3922/2036/1032 3921/1769/1032
f 3922/2037/1171 3911/1773/1171 3921/1771/1171
f 3923/1733/1157 3926/1734/1158 3925/1732/1158
f 3925/1732/1158 3928/1736/1159 3927/1735/1159
f 3928/1736/1159 3929/1737/1160 3927/1735/1159
f 3930/1738/1160 3931/1739/1161 3929/1737/1160
f 3932/1777/1161 3933/1741/1162 3931/1739/1161
f 3933/1741/1162 3936/1743/1163 3935/1742/1163
f 3935/1742/1163 3938/1775/1164 3937/1744/1164
f 3937/1744/1164 3940/1745/1165 3939/1746/1165
f 3930/1780/1166 3928/1749/1166 3940/1747/1166
f 3940/1745/1165 3941/1750/1167 3939/1746/1165
f 3942/1751/1167 3923/1733/1157 3941/1752/1167
f 3943/1755/1168 3946/2035/1168 3945/1754/1168
f 3946/1756/1029 3947/1757/1029 3945/1758/1029
f 3948/1759/1169 3949/1760/1169 3947/1761/1169
f 3949/1762/1170 3952/1763/1170 3951/1764/1170
f 3952/1765/1166 3950/1766/1166 3948/1767/1166
f 3951/1770/1032 3954/2036/1032 3953/1769/1032
f 3954/2037/1171 3943/1773/1171 3953/1771/1171
f 3955/1733/1157 3958/1734/1158 3957/1732/1158
f 3957/1732/1158 3960/1736/1159 3959/1735/1159
f 3960/1736/1159 3961/1737/1160 3959/1735/1159
f 3962/1738/1160 3963/1739/1161 3961/1737/1160
f 3964/1777/1161 3965/1741/1162 3963/1739/1161
f 3965/1741/1162 3968/1743/1163 3967/1742/1163
f 3967/1742/1163 3970/1775/1164 3969/1744/1164
f 3969/1744/1164 3972/1745/1165 3971/1746/1165
f 3962/1780/1166 3960/1749/1166 3972/1747/1166
f 3972/1745/1165 3973/1750/1167 3971/1746/1165
f 3974/1751/1167 3955/1733/1157 3973/1752/1167
f 3975/1755/1168 3978/2035/1168 3977/1754/1168
f 3978/1756/1029 3979/1757/1029 3977/1758/1029
f 3980/1759/1169 3981/1760/1169 3979/1761/1169
f 3981/1762/1170 3984/1763/1170 3983/1764/1170
f 3976/1779/1166 3984/1765/1166 3980/1767/1166
f 3983/1770/1032 3986/2036/1032 3985/1769/1032
f 3986/2037/1171 3975/1773/1171 3985/1771/1171
f 3988/1731/1157 3989/1732/1158 3987/1733/1157
f 3989/1732/1158 3992/1736/1159 3991/1735/1159
f 3991/1735/1159 3994/1738/1160 3993/1737/1160
f 3993/1737/1160 3996/1777/1161 3995/1739/1161
f 3996/1777/1161 3997/1741/1162 3995/1739/1161
f 3997/1741/1162 4000/1743/1163 3999/1742/1163
f 4000/1743/1163 4001/1744/1164 3999/1742/1163
f 4002/1775/1164 4003/1746/1165 4001/1744/1164
f 3988/1778/1166 4004/1747/1166 3996/1748/1166
f 4004/1745/1165 4005/1750/1167 4003/1746/1165
f 4005/1752/1167 3988/1731/1157 3987/1733/1157
f 4008/1753/1168 4009/1754/1168 4007/1755/1168
f 4010/1756/1029 4011/1757/1029 4009/1758/1029
f 4011/1761/1169 4014/2038/1169 4013/1760/1169
f 4014/2039/1170 4015/1764/1170 4013/1762/1170
f 4014/1766/1166 4012/1767/1166 4008/1779/1166
f 4015/1770/1032 4018/2036/1032 4017/1769/1032
f 4017/1771/1171 4008/1772/1171 4007/1773/1171
f 4020/1731/1157 4021/1732/1158 4019/1733/1157
f 4021/1732/1158 4024/1736/1159 4023/1735/1159
f 4023/1735/1159 4026/1738/1160 4025/1737/1160
f 4025/1737/1160 4028/1777/1161 4027/1739/1161
f 4028/1777/1161 4029/1741/1162 4027/1739/1161
f 4029/1741/1162 4032/1743/1163 4031/1742/1163
f 4032/1743/1163 4033/1744/1164 4031/1742/1163
f 4034/1775/1164 4035/1746/1165 4033/1744/1164
f 4036/1747/1166 4032/1774/1166 4028/1748/1166
f 4036/1745/1165 4037/1750/1167 4035/1746/1165
f 4037/1752/1167 4020/1731/1157 4019/1733/1157
f 4040/1753/1168 4041/1754/1168 4039/1755/1168
f 4042/1756/1029 4043/1757/1029 4041/1758/1029
f 4043/1761/1169 4046/2038/1169 4045/1760/1169
f 4046/2039/1170 4047/1764/1170 4045/1762/1170
f 4048/1765/1166 4046/1766/1166 4044/1767/1166
f 4047/1770/1032 4050/2036/1032 4049/1769/1032
f 4049/1771/1171 4040/1772/1171 4039/1773/1171
f 4052/1731/1157 4053/1732/1158 4051/1733/1157
f 4053/1732/1158 4056/1736/1159 4055/1735/1159
f 4055/1735/1159 4058/1738/1160 4057/1737/1160
f 4057/1737/1160 4060/1777/1161 4059/1739/1161
f 4060/1777/1161 4061/1741/1162 4059/1739/1161
f 4061/1741/1162 4064/1743/1163 4063/1742/1163
f 4064/1743/1163 4065/1744/1164 4063/1742/1163
f 4066/1775/1164 4067/1746/1165 4065/1744/1164
f 4056/1749/1166 4052/1778/1166 4068/1747/1166
f 4068/1745/1165 4069/1750/1167 4067/1746/1165
f 4069/1752/1167 4052/1731/1157 4051/1733/1157
f 4072/1753/1168 4073/1754/1168 4071/1755/1168
f 4074/1756/1029 4075/1757/1029 4073/1758/1029
f 4075/1761/1169 4078/2038/1169 4077/1760/1169
f 4078/2039/1170 4079/1764/1170 4077/1762/1170
f 4078/1766/1166 4076/1767/1166 4072/1779/1166
f 4079/1770/1032 4082/2036/1032 4081/1769/1032
f 4081/1771/1171 4072/1772/1171 4071/1773/1171
f 4084/1731/1157 4085/1732/1158 4083/1733/1157
f 4085/1732/1158 4088/1736/1159 4087/1735/1159
f 4087/1735/1159 4090/1738/1160 4089/1737/1160
f 4089/1737/1160 4092/1777/1161 4091/1739/1161
f 4092/1777/1161 4093/1741/1162 4091/1739/1161
f 4093/1741/1162 4096/1743/1163 4095/1742/1163
f 4096/1743/1163 4097/1744/1164 4095/1742/1163
f 4098/1775/1164 4099/1746/1165 4097/1744/1164
f 4088/1749/1166 4084/1778/1166 4100/1747/1166
f 4100/1745/1165 4101/1750/1167 4099/1746/1165
f 4101/1752/1167 4084/1731/1157 4083/1733/1157
f 4104/1753/1168 4105/1754/1168 4103/1755/1168
f 4106/1756/1029 4107/1757/1029 4105/1758/1029
f 4107/1761/1169 4110/2038/1169 4109/1760/1169
f 4110/2039/1170 4111/1764/1170 4109/1762/1170
f 4110/1766/1166 4108/1767/1166 4104/1779/1166
f 4111/1770/1032 4114/2036/1032 4113/1769/1032
f 4113/1771/1171 4104/1772/1171 4103/1773/1171
f 4116/1731/1157 4117/1732/1158 4115/1733/1157
f 4117/1732/1158 4120/1736/1159 4119/1735/1159
f 4119/1735/1159 4122/1738/1160 4121/1737/1160
f 4121/1737/1160 4124/1777/1161 4123/1739/1161
f 4124/1777/1161 4125/1741/1162 4123/1739/1161
f 4125/1741/1162 4128/1743/1163 4127/1742/1163
f 4128/1743/1163 4129/1744/1164 4127/1742/1163
f 4130/1775/1164 4131/1746/1165 4129/1744/1164
f 4120/1749/1166 4116/1778/1166 4132/1747/1166
f 4132/1745/1165 4133/1750/1167 4131/1746/1165
f 4133/1752/1167 4116/1731/1157 4115/1733/1157
f 4136/1753/1168 4137/1754/1168 4135/1755/1168
f 4138/1756/1029 4139/1757/1029 4137/1758/1029
f 4139/1761/1169 4142/2038/1169 4141/1760/1169
f 4142/2039/1170 4143/1764/1170 4141/1762/1170
f 4136/1779/1166 4144/1765/1166 4140/1767/1166
f 4143/1770/1032 4146/2036/1032 4145/1769/1032
f 4145/1771/1171 4136/1772/1171 4135/1773/1171
f 4148/2040/1172 4149/2041/1173 4147/2042/1172
f 4149/2041/1173 4152/2043/1174 4151/2044/1174
f 4152/2043/1174 4153/2045/1175 4151/2044/1174
f 4153/2045/1175 4156/2046/1176 4155/2047/1176
f 4156/2046/1176 4157/2048/1177 4155/2047/1176
f 4157/2048/1177 4160/2049/1178 4159/2050/1178
f 4160/2049/1178 4161/2051/1179 4159/2050/1178
f 4161/2051/1179 4164/2052/1180 4163/2053/1180
f 4154/2054/1181 4152/2055/1181 4164/2056/1181
f 4164/2052/1180 4165/2057/1182 4163/2053/1180
f 4165/2057/1182 4148/2058/1172 4147/2059/1172
f 4168/2040/1172 4169/2041/1173 4167/2042/1172
f 4169/2041/1173 4172/2043/1174 4171/2044/1174
f 4172/2043/1174 4173/2045/1175 4171/2044/1174
f 4173/2045/1175 4176/2046/1176 4175/2047/1176
f 4176/2046/1176 4177/2048/1177 4175/2047/1176
f 4177/2048/1177 4180/2049/1178 4179/2050/1178
f 4180/2049/1178 4181/2051/1179 4179/2050/1178
f 4181/2051/1179 4184/2052/1180 4183/2053/1180
f 4184/2056/1181 4180/2060/1181 4176/2061/1181
f 4184/2052/1180 4185/2057/1182 4183/2053/1180
f 4185/2057/1182 4168/2058/1172 4167/2059/1172
f 4188/2040/1172 4189/2041/1173 4187/2042/1172
f 4189/2041/1173 4192/2043/1174 4191/2044/1174
f 4192/2043/1174 4193/2045/1175 4191/2044/1174
f 4193/2045/1175 4196/2046/1176 4195/2047/1176
f 4196/2046/1176 4197/2048/1177 4195/2047/1176
f 4197/2048/1177 4200/2049/1178 4199/2050/1178
f 4200/2049/1178 4201/2051/1179 4199/2050/1178
f 4201/2051/1179 4204/2052/1180 4203/2053/1180
f 4194/2054/1181 4192/2055/1181 4204/2056/1181
f 4204/2052/1180 4205/2057/1182 4203/2053/1180
f 4205/2057/1182 4188/2058/1172 4187/2059/1172
f 4208/2040/1172 4209/2041/1173 4207/2042/1172
f 4209/2041/1173 4212/2043/1174 4211/2044/1174
f 4212/2043/1174 4213/2045/1175 4211/2044/1174
f 4213/2045/1175 4216/2046/1176 4215/2047/1176
f 4216/2046/1176 4217/2048/1177 4215/2047/1176
f 4217/2048/1177 4220/2049/1178 4219/2050/1178
f 4220/2049/1178 4221/2051/1179 4219/2050/1178
f 4221/2051/1179 4224/2052/1180 4223/2053/1180
f 4212/2055/1181 4208/2062/1181 4224/2056/1181
f 4224/2052/1180 4225/2057/1182 4223/2053/1180
f 4225/2057/1182 4208/2058/1172 4207/2059/1172
f 4228/2040/1172 4229/2041/1173 4227/2042/1172
f 4229/2041/1173 4232/2043/1174 4231/2044/1174
f 4232/2043/1174 4233/2045/1175 4231/2044/1174
f 4233/2045/1175 4236/2046/1176 4235/2047/1176
f 4236/2046/1176 4237/2048/1177 4235/2047/1176
f 4237/2048/1177 4240/2049/1178 4239/2050/1178
f 4240/2049/1178 4241/2051/1179 4239/2050/1178
f 4241/2051/1179 4244/2052/1180 4243/2053/1180
f 4232/2055/1181 4228/2062/1181 4244/2056/1181
f 4244/2052/1180 4245/2057/1182 4243/2053/1180
f 4245/2057/1182 4228/2058/1172 4227/2059/1172
f 4248/2040/1172 4249/2041/1173 4247/2042/1172
f 4249/2041/1173 4252/2043/1174 4251/2044/1174
f 4252/2043/1174 4253/2045/1175 4251/2044/1174
f 4253/2045/1175 4256/2046/1176 4255/2047/1176
f 4256/2046/1176 4257/2048/1177 4255/2047/1176
f 4257/2048/1177 4260/2049/1178 4259/2050/1178
f 4260/2049/1178 4261/2051/1179 4259/2050/1178
f 4261/2051/1179 4264/2052/1180 4263/2053/1180
f 4248/2062/1181 4264/2056/1181 4256/2061/1181
f 4264/2052/1180 4265/2057/1182 4263/2053/1180
f 4265/2057/1182 4248/2058/1172 4247/2059/1172
f 4268/2040/1172 4269/2041/1173 4267/2042/1172
f 4269/2041/1173 4272/2043/1174 4271/2044/1174
f 4272/2043/1174 4273/2045/1175 4271/2044/1174
f 4273/2045/1175 4276/2046/1176 4275/2047/1176
f 4276/2046/1176 4277/2048/1177 4275/2047/1176
f 4277/2048/1177 4280/2049/1178 4279/2050/1178
f 4280/2049/1178 4281/2051/1179 4279/2050/1178
f 4281/2051/1179 4284/2052/1180 4283/2053/1180
f 4284/2056/1181 4280/2060/1181 4276/2061/1181
f 4284/2052/1180 4285/2057/1182 4283/2053/1180
f 4285/2057/1182 4268/2058/1172 4267/2059/1172
f 4288/2040/1172 4289/2041/1173 4287/2042/1172
f 4289/2041/1173 4292/2043/1174 4291/2044/1174
f 4292/2043/1174 4293/2045/1175 4291/2044/1174
f 4293/2045/1175 4296/2046/1176 4295/2047/1176
f 4296/2046/1176 4297/2048/1177 4295/2047/1176
f 4297/2048/1177 4300/2049/1178 4299/2050/1178
f 4300/2049/1178 4301/2051/1179 4299/2050/1178
f 4301/2051/1179 4304/2052/1180 4303/2053/1180
f 4292/2055/1181 4288/2062/1181 4304/2056/1181
f 4304/2052/1180 4305/2057/1182 4303/2053/1180
f 4305/2057/1182 4288/2058/1172 4287/2059/1172
f 4308/2040/1172 4309/2041/1173 4307/2042/1172
f 4309/2041/1173 4312/2043/1174 4311/2044/1174
f 4312/2043/1174 4313/2045/1175 4311/2044/1174
f 4313/2045/1175 4316/2046/1176 4315/2047/1176
f 4316/2046/1176 4317/2048/1177 4315/2047/1176
f 4317/2048/1177 4320/2049/1178 4319/2050/1178
f 4320/2049/1178 4321/2051/1179 4319/2050/1178
f 4321/2051/1179 4324/2052/1180 4323/2053/1180
f 4324/2056/1181 4320/2060/1181 4316/2061/1181
f 4324/2052/1180 4325/2057/1182 4323/2053/1180
f 4325/2057/1182 4308/2058/1172 4307/2059/1172
f 4328/2040/1172 4329/2041/1173 4327/2042/1172
f 4329/2041/1173 4332/2043/1174 4331/2044/1174
f 4332/2043/1174 4333/2045/1175 4331/2044/1174
f 4333/2045/1175 4336/2046/1176 4335/2047/1176
f 4336/2046/1176 4337/2048/1177 4335/2047/1176
f 4337/2048/1177 4340/2049/1178 4339/2050/1178
f 4340/2049/1178 4341/2051/1179 4339/2050/1178
f 4341/2051/1179 4344/2052/1180 4343/2053/1180
f 4344/2056/1181 4340/2060/1181 4336/2061/1181
f 4344/2052/1180 4345/2057/1182 4343/2053/1180
f 4345/2057/1182 4328/2058/1172 4327/2059/1172
f 4348/2040/1172 4349/2041/1173 4347/2042/1172
f 4350/2063/1173 4351/2044/1174 4349/2041/1173
f 4351/2044/1174 4354/2064/1175 4353/2045/1175
f 4354/2064/1175 4355/2047/1176 4353/2045/1175
f 4355/2047/1176 4358/2065/1177 4357/2048/1177
f 4358/2065/1177 4359/2050/1178 4357/2048/1177
f 4359/2050/1178 4362/2066/1179 4361/2051/1179
f 4362/2066/1179 4363/2053/1180 4361/2051/1179
f 4354/2054/1181 4352/2055/1181 4364/2056/1181
f 4363/2053/1180 4366/2067/1182 4365/2057/1182
f 4365/2057/1182 4348/2058/1172 4347/2059/1172
f 4368/2040/1172 4369/2041/1173 4367/2042/1172
f 4370/2063/1173 4371/2044/1174 4369/2041/1173
f 4371/2044/1174 4374/2064/1175 4373/2045/1175
f 4374/2064/1175 4375/2047/1176 4373/2045/1175
f 4375/2047/1176 4378/2065/1177 4377/2048/1177
f 4378/2065/1177 4379/2050/1178 4377/2048/1177
f 4379/2050/1178 4382/2066/1179 4381/2051/1179
f 4382/2066/1179 4383/2053/1180 4381/2051/1179
f 4372/2055/1181 4368/2062/1181 4384/2056/1181
f 4383/2053/1180 4386/2067/1182 4385/2057/1182
f 4385/2057/1182 4368/2058/1172 4367/2059/1172
f 4388/2040/1172 4389/2041/1173 4387/2042/1172
f 4390/2063/1173 4391/2044/1174 4389/2041/1173
f 4391/2044/1174 4394/2064/1175 4393/2045/1175
f 4394/2064/1175 4395/2047/1176 4393/2045/1175
f 4395/2047/1176 4398/2065/1177 4397/2048/1177
f 4398/2065/1177 4399/2050/1178 4397/2048/1177
f 4399/2050/1178 4402/2066/1179 4401/2051/1179
f 4402/2066/1179 4403/2053/1180 4401/2051/1179
f 4404/2056/1181 4400/2060/1181 4396/2061/1181
f 4403/2053/1180 4406/2067/1182 4405/2057/1182
f 4405/2057/1182 4388/2058/1172 4387/2059/1172
f 4408/2040/1172 4409/2041/1173 4407/2042/1172
f 4410/2063/1173 4411/2044/1174 4409/2041/1173
f 4411/2044/1174 4414/2064/1175 4413/2045/1175
f 4414/2064/1175 4415/2047/1176 4413/2045/1175
f 4415/2047/1176 4418/2065/1177 4417/2048/1177
f 4418/2065/1177 4419/2050/1178 4417/2048/1177
f 4419/2050/1178 4422/2066/1179 4421/2051/1179
f 4422/2066/1179 4423/2053/1180 4421/2051/1179
f 4424/2056/1181 4420/2060/1181 4416/2061/1181
f 4423/2053/1180 4426/2067/1182 4425/2057/1182
f 4425/2057/1182 4408/2058/1172 4407/2059/1172
f 4428/2040/1172 4429/2041/1173 4427/2042/1172
f 4430/2063/1173 4431/2044/1174 4429/2041/1173
f 4431/2044/1174 4434/2064/1175 4433/2045/1175
f 4434/2064/1175 4435/2047/1176 4433/2045/1175
f 4435/2047/1176 4438/2065/1177 4437/2048/1177
f 4438/2065/1177 4439/2050/1178 4437/2048/1177
f 4439/2050/1178 4442/2066/1179 4441/2051/1179
f 4442/2066/1179 4443/2053/1180 4441/2051/1179
f 4444/2056/1181 4436/2061/1181 4432/2055/1181
f 4443/2053/1180 4446/2067/1182 4445/2057/1182
f 4445/2057/1182 4428/2058/1172 4427/2059/1172
f 4448/2040/1172 4449/2041/1173 4447/2042/1172
f 4450/2063/1173 4451/2044/1174 4449/2041/1173
f 4451/2044/1174 4454/2064/1175 4453/2045/1175
f 4454/2064/1175 4455/2047/1176 4453/2045/1175
f 4455/2047/1176 4458/2065/1177 4457/2048/1177
f 4458/2065/1177 4459/2050/1178 4457/2048/1177
f 4459/2050/1178 4462/2066/1179 4461/2051/1179
f 4462/2066/1179 4463/2053/1180 4461/2051/1179
f 4452/2055/1181 4448/2062/1181 4464/2056/1181
f 4463/2053/1180 4466/2067/1182 4465/2057/1182
f 4465/2057/1182 4448/2058/1172 4447/2059/1172
f 4468/2040/1172 4469/2041/1173 4467/2042/1172
f 4470/2063/1173 4471/2044/1174 4469/2041/1173
f 4471/2044/1174 4474/2064/1175 4473/2045/1175
f 4474/2064/1175 4475/2047/1176 4473/2045/1175
f 4475/2047/1176 4478/2065/1177 4477/2048/1177
f 4478/2065/1177 4479/2050/1178 4477/2048/1177
f 4479/2050/1178 4482/2066/1179 4481/2051/1179
f 4482/2066/1179 4483/2053/1180 4481/2051/1179
f 4484/2056/1181 4480/2060/1181 4476/2061/1181
f 4483/2053/1180 4486/2067/1182 4485/2057/1182
f 4485/2057/1182 4468/2058/1172 4467/2059/1172
f 4488/2040/1172 4489/2041/1173 4487/2042/1172
f 4490/2063/1173 4491/2044/1174 4489/2041/1173
f 4491/2044/1174 4494/2064/1175 4493/2045/1175
f 4494/2064/1175 4495/2047/1176 4493/2045/1175
f 4495/2047/1176 4498/2065/1177 4497/2048/1177
f 4498/2065/1177 4499/2050/1178 4497/2048/1177
f 4499/2050/1178 4502/2066/1179 4501/2051/1179
f 4502/2066/1179 4503/2053/1180 4501/2051/1179
f 4492/2055/1181 4488/2062/1181 4504/2056/1181
f 4503/2053/1180 4506/2067/1182 4505/2057/1182
f 4505/2057/1182 4488/2058/1172 4487/2059/1172
f 4508/2040/1172 4509/2041/1173 4507/2042/1172
f 4510/2063/1173 4511/2044/1174 4509/2041/1173
f 4511/2044/1174 4514/2064/1175 4513/2045/1175
f 4514/2064/1175 4515/2047/1176 4513/2045/1175
f 4515/2047/1176 4518/2065/1177 4517/2048/1177
f 4518/2065/1177 4519/2050/1178 4517/2048/1177
f 4519/2050/1178 4522/2066/1179 4521/2051/1179
f 4522/2066/1179 4523/2053/1180 4521/2051/1179
f 4512/2055/1181 4508/2062/1181 4524/2056/1181
f 4523/2053/1180 4526/2067/1182 4525/2057/1182
f 4525/2057/1182 4508/2058/1172 4507/2059/1172
f 4528/2040/1172 4529/2041/1173 4527/2042/1172
f 4530/2063/1173 4531/2044/1174 4529/2041/1173
f 4531/2044/1174 4534/2064/1175 4533/2045/1175
f 4534/2064/1175 4535/2047/1176 4533/2045/1175
f 4535/2047/1176 4538/2065/1177 4537/2048/1177
f 4538/2065/1177 4539/2050/1178 4537/2048/1177
f 4539/2050/1178 4542/2066/1179 4541/2051/1179
f 4542/2066/1179 4543/2053/1180 4541/2051/1179
f 4544/2056/1181 4540/2060/1181 4536/2061/1181
f 4543/2053/1180 4546/2067/1182 4545/2057/1182
f 4545/2057/1182 4528/2058/1172 4527/2059/1172
f 4570/2068/1183 4547/2069/1184 4558/2070/1183
f 4549/2071/1185 4562/2072/1186 4550/2073/1186
f 4550/2073/1186 4563/2074/1187 4551/2075/1187
f 4563/2074/1187 4552/2076/1188 4551/2075/1187
f 4564/2077/1189 4553/2078/1190 4552/2076/1188
f 4553/2078/1190 4566/2079/1191 4554/2080/1192
f 4554/2080/1192 4567/2081/1193 4555/2082/1193
f 4567/2081/1193 4556/2083/1194 4555/2082/1193
f 4568/2084/1194 4557/2085/1195 4556/2083/1194
f 4569/2086/1195 4558/2070/1183 4557/2085/1195
f 4547/2087/1184 4560/2088/1196 4548/2089/1197
f 4548/2089/1197 4561/2090/1185 4549/2071/1185
f 4565/2091/1198 4563/2092/1198 4559/2093/1198
f 4582/2070/1183 4583/2094/1184 4571/2069/1184
f 4573/2071/1185 4586/2072/1186 4574/2073/1186
f 4574/2073/1186 4587/2074/1187 4575/2075/1187
f 4575/2075/1187 4588/2077/1189 4576/2076/1188
f 4588/2077/1189 4577/2078/1190 4576/2076/1188
f 4577/2078/1190 4590/2079/1191 4578/2080/1192
f 4590/2079/1191 4579/2082/1193 4578/2080/1192
f 4591/2081/1193 4580/2083/1199 4579/2082/1193
f 4592/2084/1199 4581/2085/1195 4580/2083/1199
f 4581/2085/1195 4594/2068/1200 4582/2070/1183
f 4583/2095/1184 4572/2089/1196 4571/2087/1184
f 4584/2088/1201 4573/2071/1185 4572/2089/1196
f 4591/2096/1198 4587/2092/1198 4583/2093/1198
f 4606/2070/1202 4607/2094/1184 4595/2069/1184
f 4597/2071/1185 4610/2072/1203 4598/2073/1186
f 4598/2073/1186 4611/2074/1187 4599/2075/1187
f 4599/2075/1187 4612/2077/1189 4600/2076/1188
f 4612/2077/1189 4601/2078/1190 4600/2076/1188
f 4601/2078/1190 4614/2079/1191 4602/2080/1192
f 4602/2080/1192 4615/2081/1193 4603/2082/1193
f 4615/2081/1193 4604/2083/1194 4603/2082/1193
f 4616/2084/1199 4605/2085/1195 4604/2083/1194
f 4617/2086/1195 4606/2070/1202 4605/2085/1195
f 4607/2095/1184 4596/2089/1196 4595/2087/1184
f 4608/2088/1201 4597/2071/1185 4596/2089/1196
f 4613/2091/1198 4611/2092/1198 4607/2093/1198
f 4628/2097/1204 4636/2098/1205 4619/2099/1205
f 4625/2100/1206 4640/2101/1207 4642/2102/1206
f 4645/2103/1208 4629/2104/1209 4646/2105/1209
f 4638/2106/1210 4622/2107/1211 4621/2108/1210
f 4624/2109/1212 4641/2110/1213 4639/2111/1212
f 4640/2101/1207 4620/2112/1214 4635/2113/1214
f 4624/2114/1212 4648/2115/1215 4631/2116/1215
f 4628/2097/1204 4645/2103/1208 4643/2117/1204
f 4626/2118/1213 4642/2102/1206 4641/2110/1213
f 4646/2105/1209 4627/2119/1216 4644/2120/1217
f 4634/2121/1218 4647/2122/1219 4632/2123/1219
f 4627/2119/1216 4647/2122/1219 4644/2120/1217
f 4633/2124/1220 4649/2125/1218 4634/2121/1218
f 4631/2116/1215 4650/2126/1220 4633/2124/1220
f 4619/2099/1205 4638/2106/1210 4621/2108/1210
f 4644/2127/1221 4635/2128/1221 4636/2129/1222
f 4637/2130/1211 4620/2112/1214 4622/2107/1211
f 4660/2097/1204 4668/2098/1205 4651/2099/1205
f 4657/2100/1206 4672/2101/1223 4674/2102/1206
f 4677/2103/1208 4661/2104/1209 4678/2105/1209
f 4670/2106/1210 4654/2107/1211 4653/2108/1210
f 4656/2109/1212 4673/2110/1213 4671/2111/1212
f 4672/2101/1223 4652/2112/1224 4667/2113/1214
f 4656/2114/1212 4680/2115/1215 4663/2116/1215
f 4660/2097/1204 4677/2103/1208 4675/2117/1204
f 4658/2118/1213 4674/2102/1206 4673/2110/1213
f 4678/2105/1209 4659/2119/1216 4676/2120/1217
f 4666/2121/1218 4679/2122/1219 4664/2123/1225
f 4659/2119/1216 4679/2122/1219 4676/2120/1217
f 4665/2124/1220 4681/2125/1218 4666/2121/1218
f 4663/2116/1215 4682/2126/1220 4665/2124/1220
f 4651/2099/1205 4670/2106/1210 4653/2108/1210
f 4676/2127/1221 4667/2128/1221 4668/2129/1221
f 4669/2130/1211 4652/2112/1224 4654/2107/1211
f 4692/2097/1204 4700/2098/1205 4683/2099/1205
f 4689/2100/1206 4704/2101/1207 4706/2102/1206
f 4709/2103/1208 4693/2104/1209 4710/2105/1209
f 4702/2106/1210 4686/2107/1211 4685/2108/1210
f 4688/2109/1226 4705/2110/1213 4703/2111/1227
f 4704/2101/1207 4684/2112/1214 4699/2113/1214
f 4688/2114/1226 4712/2115/1215 4695/2116/1215
f 4692/2097/1204 4709/2103/1208 4707/2117/1204
f 4690/2118/1213 4706/2102/1206 4705/2110/1213
f 4710/2105/1209 4691/2119/1216 4708/2120/1217
f 4698/2121/1218 4711/2122/1219 4696/2123/1225
f 4691/2119/1216 4711/2122/1219 4708/2120/1217
f 4697/2124/1220 4713/2125/1218 4698/2121/1218
f 4695/2116/1215 4714/2126/1220 4697/2124/1220
f 4683/2099/1205 4702/2106/1210 4685/2108/1210
f 4708/2127/1221 4699/2128/1228 4700/2129/1222
f 4701/2130/1211 4684/2112/1214 4686/2107/1211
f 4724/2097/1204 4732/2098/1205 4715/2099/1205
f 4721/2100/1206 4736/2101/1207 4738/2102/1206
f 4741/2103/1208 4725/2104/1209 4742/2105/1209
f 4734/2106/1210 4718/2107/1211 4717/2108/1210
f 4720/2109/1212 4737/2110/1213 4735/2111/1227
f 4736/2101/1207 4716/2112/1224 4731/2113/1214
f 4720/2114/1212 4744/2115/1215 4727/2116/1215
f 4724/2097/1204 4741/2103/1208 4739/2117/1204
f 4722/2118/1213 4738/2102/1206 4737/2110/1213
f 4742/2105/1209 4723/2119/1216 4740/2120/1217
f 4730/2121/1218 4743/2122/1219 4728/2123/1225
f 4723/2119/1216 4743/2122/1219 4740/2120/1217
f 4729/2124/1220 4745/2125/1218 4730/2121/1218
f 4727/2116/1215 4746/2126/1220 4729/2124/1220
f 4715/2099/1205 4734/2106/1210 4717/2108/1210
f 4740/2127/1221 4731/2128/1221 4732/2129/1222
f 4733/2130/1211 4716/2112/1224 4718/2107/1211
f 4756/2097/1204 4764/2098/1205 4747/2099/1205
f 4753/2100/1206 4768/2101/1207 4770/2102/1206
f 4773/2103/1208 4757/2104/1209 4774/2105/1209
f 4766/2106/1210 4750/2107/1211 4749/2108/1210
f 4752/2109/1226 4769/2110/1213 4767/2111/1212
f 4768/2101/1207 4748/2112/1224 4763/2113/1214
f 4752/2114/1226 4776/2115/1215 4759/2116/1215
f 4756/2097/1204 4773/2103/1208 4771/2117/1204
f 4754/2118/1213 4770/2102/1206 4769/2110/1213
f 4774/2105/1209 4755/2119/1216 4772/2120/1217
f 4762/2121/1218 4775/2122/1219 4760/2123/1225
f 4755/2119/1216 4775/2122/1219 4772/2120/1217
f 4761/2124/1220 4777/2125/1218 4762/2121/1218
f 4759/2116/1215 4778/2126/1220 4761/2124/1220
f 4747/2099/1205 4766/2106/1210 4749/2108/1210
f 4772/2127/1221 4763/2128/1221 4764/2129/1222
f 4765/2130/1211 4748/2112/1224 4750/2107/1211
f 4780/2131/1029 4827/2132/1029 4779/2133/1029
f 4782/2134/1229 4823/2135/1229 4780/2136/1229
f 4781/2137/1032 4826/2138/1032 4825/2139/1032
f 4779/2140/1230 4826/2141/1230 4781/2142/1230
f 4779/2143/1231 4782/2144/1231 4780/2145/1231
f 4808/2146/1232 4783/2147/1233 4804/2148/1234
f 4814/2149/1235 4809/2150/1236 4803/2151/1237
f 4823/2152/1231 4824/2153/1231 4798/2154/1231
f 4788/2155/1238 4793/2156/1239 4784/2157/1238
f 4798/2158/1240 4813/2159/1241 4794/2160/1240
f 4789/2161/1242 4785/2162/1243 4783/2147/1233
f 4785/2162/1243 4791/2163/1244 4786/2164/1244
f 4786/2164/1244 4790/2165/1245 4787/2166/1245
f 4787/2166/1245 4788/2155/1238 4784/2157/1238
f 4798/2167/1240 4797/2168/1246 4800/2169/1246
f 4797/2168/1246 4801/2170/1247 4800/2169/1246
f 4801/2170/1247 4795/2171/1248 4802/2172/1248
f 4795/2171/1248 4799/2173/1249 4802/2172/1248
f 4818/2174/1235 4817/2175/1250 4820/2176/1250
f 4817/2175/1250 4821/2177/1251 4820/2176/1250
f 4821/2177/1251 4815/2178/1252 4822/2179/1252
f 4815/2178/1252 4819/2180/1241 4822/2179/1252
f 4808/2181/1232 4807/2182/1253 4810/2183/1253
f 4807/2182/1253 4811/2184/1254 4810/2183/1253
f 4806/2185/1254 4812/2186/1255 4811/2184/1254
f 4805/2187/1255 4809/2150/1236 4812/2186/1255
f 4788/2188/1231 4790/2189/1256 4791/2190/1231
f 4836/2191/1032 4831/2192/1032 4830/2193/1032
f 4831/2194/1230 4834/2195/1230 4830/2196/1230
f 4846/2197/1029 4833/2198/1029 4832/2199/1029
f 4833/2198/1229 4828/2200/1229 4832/2199/1229
f 4841/2201/1257 4833/2202/1258 4855/2203/1259
f 4831/2204/1260 4851/2205/1261 4835/2206/1262
f 4845/2207/1261 4852/2208/1263 4851/2205/1261
f 4844/2209/1263 4853/2210/1231 4852/2208/1263
f 4843/2211/1231 4854/2212/1264 4853/2210/1231
f 4842/2213/1265 4855/2203/1259 4854/2212/1264
f 4835/2214/1029 4850/2215/1029 4834/2195/1029
f 4850/2215/1029 4852/2216/1029 4849/2217/1029
f 4849/2217/1029 4853/2218/1029 4848/2219/1029
f 4853/2218/1029 4847/2220/1029 4848/2219/1029
f 4854/2221/1029 4846/2197/1029 4847/2220/1029
f 4829/2222/1032 4840/2223/1032 4828/2200/1032
f 4840/2223/1032 4842/2224/1032 4839/2225/1032
f 4839/2225/1032 4843/2226/1032 4838/2227/1032
f 4843/2226/1032 4837/2228/1032 4838/2227/1032
f 4844/2229/1032 4836/2191/1032 4837/2228/1032
f 4857/2131/1029 4904/2132/1029 4856/2133/1029
f 4859/2134/1229 4900/2135/1229 4857/2136/1229
f 4858/2137/1032 4903/2138/1032 4902/2139/1032
f 4856/2140/1230 4903/2141/1230 4858/2142/1230
f 4856/2143/1231 4859/2144/1231 4857/2145/1231
f 4885/2146/1232 4860/2147/1233 4881/2148/1234
f 4891/2149/1235 4886/2150/1236 4880/2151/1237
f 4900/2152/1231 4901/2153/1231 4875/2154/1231
f 4865/2155/1238 4870/2156/1239 4861/2157/1238
f 4875/2158/1240 4890/2159/1241 4871/2160/1240
f 4866/2161/1233 4862/2162/1243 4860/2147/1233
f 4862/2162/1243 4868/2163/1244 4863/2164/1244
f 4863/2164/1244 4867/2165/1245 4864/2166/1245
f 4864/2166/1245 4865/2155/1238 4861/2157/1238
f 4875/2167/1240 4874/2168/1246 4877/2169/1246
f 4874/2168/1246 4878/2170/1247 4877/2169/1246
f 4878/2170/1247 4872/2171/1248 4879/2172/1248
f 4872/2171/1248 4876/2173/1239 4879/2172/1248
f 4895/2174/1235 4894/2175/1250 4897/2176/1250
f 4894/2175/1250 4898/2177/1251 4897/2176/1250
f 4898/2177/1251 4892/2178/1252 4899/2179/1252
f 4892/2178/1252 4896/2180/1241 4899/2179/1252
f 4885/2181/1232 4884/2182/1253 4887/2183/1266
f 4884/2182/1253 4888/2184/1254 4887/2183/1266
f 4883/2185/1254 4889/2186/1255 4888/2184/1254
f 4882/2187/1255 4886/2150/1236 4889/2186/1255
f 4867/2189/1231 4868/2190/1231 4866/2230/1231
f 4913/2191/1032 4908/2192/1032 4907/2193/1032
f 4908/2194/1230 4911/2195/1230 4907/2196/1230
f 4923/2197/1029 4910/2198/1029 4909/2199/1029
f 4910/2198/1229 4905/2200/1229 4909/2199/1229
f 4918/2201/1257 4910/2202/1258 4932/2203/1257
f 4908/2204/1260 4928/2205/1261 4912/2206/1260
f 4922/2207/1261 4929/2208/1263 4928/2205/1261
f 4921/2209/1263 4930/2210/1231 4929/2208/1263
f 4920/2211/1231 4931/2212/1265 4930/2210/1231
f 4919/2213/1265 4932/2203/1257 4931/2212/1265
f 4912/2214/1029 4927/2215/1029 4911/2195/1029
f 4927/2215/1029 4929/2216/1029 4926/2217/1029
f 4926/2217/1029 4930/2218/1029 4925/2219/1029
f 4930/2218/1029 4924/2220/1029 4925/2219/1029
f 4931/2221/1029 4923/2197/1029 4924/2220/1029
f 4906/2222/1032 4917/2223/1032 4905/2200/1032
f 4917/2223/1032 4919/2224/1032 4916/2225/1032
f 4916/2225/1032 4920/2226/1032 4915/2227/1032
f 4920/2226/1032 4914/2228/1032 4915/2227/1032
f 4921/2229/1032 4913/2191/1032 4914/2228/1032
f 4934/2131/1029 4981/2132/1029 4933/2133/1029
f 4936/2134/1229 4977/2135/1229 4934/2136/1229
f 4935/2137/1032 4980/2138/1032 4979/2139/1032
f 4933/2140/1230 4980/2141/1230 4935/2142/1230
f 4933/2143/1231 4936/2144/1231 4934/2145/1231
f 4962/2146/1232 4937/2147/1233 4958/2148/1234
f 4968/2149/1235 4963/2150/1237 4957/2151/1237
f 4977/2152/1231 4978/2153/1231 4952/2154/1231
f 4942/2155/1238 4947/2156/1239 4938/2157/1238
f 4952/2158/1240 4967/2159/1267 4948/2160/1240
f 4943/2161/1233 4939/2162/1243 4937/2147/1233
f 4939/2162/1243 4945/2163/1244 4940/2164/1244
f 4940/2164/1244 4944/2165/1245 4941/2166/1245
f 4941/2166/1245 4942/2155/1238 4938/2157/1238
f 4952/2167/1240 4951/2168/1246 4954/2169/1246
f 4951/2168/1246 4955/2170/1247 4954/2169/1246
f 4955/2170/1247 4949/2171/1248 4956/2172/1248
f 4949/2171/1248 4953/2173/1239 4956/2172/1248
f 4972/2174/1235 4971/2175/1250 4974/2176/1250
f 4971/2175/1250 4975/2177/1251 4974/2176/1250
f 4975/2177/1251 4969/2178/1252 4976/2179/1252
f 4969/2178/1252 4973/2180/1241 4976/2179/1252
f 4962/2181/1232 4961/2182/1253 4964/2183/1253
f 4961/2182/1253 4965/2184/1254 4964/2183/1253
f 4960/2185/1254 4966/2186/1255 4965/2184/1254
f 4959/2187/1255 4963/2150/1237 4966/2186/1255
f 4942/2188/1231 4944/2189/1256 4945/2190/1231
f 4990/2191/1032 4985/2192/1032 4984/2193/1032
f 4985/2194/1230 4988/2195/1230 4984/2196/1230
f 5000/2197/1029 4987/2198/1029 4986/2199/1029
f 4987/2198/1229 4982/2200/1229 4986/2199/1229
f 4995/2201/1257 4987/2202/1258 5009/2203/1257
f 4985/2204/1260 5005/2205/1261 4989/2206/1260
f 4999/2207/1261 5006/2208/1263 5005/2205/1261
f 4998/2209/1263 5007/2210/1231 5006/2208/1263
f 4997/2211/1231 5008/2212/1264 5007/2210/1231
f 4996/2213/1265 5009/2203/1257 5008/2212/1264
f 4989/2214/1029 5004/2215/1029 4988/2195/1029
f 5004/2215/1029 5006/2216/1029 5003/2217/1029
f 5003/2217/1029 5007/2218/1029 5002/2219/1029
f 5007/2218/1029 5001/2220/1029 5002/2219/1029
f 5008/2221/1029 5000/2197/1029 5001/2220/1029
f 4983/2222/1032 4994/2223/1032 4982/2200/1032
f 4994/2223/1032 4996/2224/1032 4993/2225/1032
f 4993/2225/1032 4997/2226/1032 4992/2227/1032
f 4997/2226/1032 4991/2228/1032 4992/2227/1032
f 4998/2229/1032 4990/2191/1032 4991/2228/1032
f 5011/2131/1029 5058/2132/1029 5010/2133/1029
f 5013/2134/1229 5054/2135/1229 5011/2136/1229
f 5012/2137/1032 5057/2138/1032 5056/2139/1032
f 5010/2140/1230 5057/2141/1230 5012/2142/1230
f 5010/2143/1231 5013/2144/1231 5011/2145/1231
f 5039/2146/1232 5014/2147/1233 5035/2148/1234
f 5045/2149/1235 5040/2150/1237 5034/2151/1237
f 5054/2152/1231 5055/2153/1231 5029/2154/1231
f 5019/2155/1238 5024/2156/1239 5015/2157/1238
f 5029/2158/1240 5044/2159/1241 5025/2160/1240
f 5020/2161/1242 5016/2162/1243 5014/2147/1233
f 5016/2162/1243 5022/2163/1244 5017/2164/1244
f 5017/2164/1244 5021/2165/1245 5018/2166/1245
f 5018/2166/1245 5019/2155/1238 5015/2157/1238
f 5029/2167/1240 5028/2168/1268 5031/2169/1246
f 5028/2168/1268 5032/2170/1247 5031/2169/1246
f 5032/2170/1247 5026/2171/1248 5033/2172/1248
f 5026/2171/1248 5030/2173/1239 5033/2172/1248
f 5049/2174/1235 5048/2175/1250 5051/2176/1250
f 5048/2175/1250 5052/2177/1251 5051/2176/1250
f 5052/2177/1251 5046/2178/1269 5053/2179/1252
f 5046/2178/1269 5050/2180/1267 5053/2179/1252
f 5039/2181/1232 5038/2182/1253 5041/2183/1266
f 5038/2182/1253 5042/2184/1254 5041/2183/1266
f 5037/2185/1254 5043/2186/1255 5042/2184/1254
f 5036/2187/1255 5040/2150/1237 5043/2186/1255
f 5021/2189/1256 5022/2190/1256 5020/2230/1231
f 5067/2191/1032 5062/2192/1032 5061/2193/1032
f 5062/2194/1230 5065/2195/1230 5061/2196/1230
f 5077/2197/1029 5064/2198/1029 5063/2199/1029
f 5064/2198/1229 5059/2200/1229 5063/2199/1229
f 5072/2201/1257 5064/2202/1258 5086/2203/1257
f 5062/2204/1260 5082/2205/1261 5066/2206/1260
f 5076/2207/1261 5083/2208/1263 5082/2205/1261
f 5075/2209/1270 5084/2210/1231 5083/2208/1263
f 5074/2211/1231 5085/2212/1264 5084/2210/1231
f 5073/2213/1265 5086/2203/1257 5085/2212/1264
f 5066/2214/1029 5081/2215/1029 5065/2195/1029
f 5081/2215/1029 5083/2216/1029 5080/2217/1029
f 5080/2217/1029 5084/2218/1029 5079/2219/1029
f 5084/2218/1029 5078/2220/1029 5079/2219/1029
f 5085/2221/1029 5077/2197/1029 5078/2220/1029
f 5060/2222/1032 5071/2223/1032 5059/2200/1032
f 5071/2223/1032 5073/2224/1032 5070/2225/1032
f 5070/2225/1032 5074/2226/1032 5069/2227/1032
f 5074/2226/1032 5068/2228/1032 5069/2227/1032
f 5075/2229/1032 5067/2191/1032 5068/2228/1032
f 5088/2131/1029 5135/2132/1029 5087/2133/1029
f 5090/2134/1229 5131/2135/1229 5088/2136/1229
f 5089/2137/1032 5134/2138/1032 5133/2139/1032
f 5087/2140/1230 5134/2141/1230 5089/2142/1230
f 5087/2143/1231 5090/2144/1231 5088/2145/1231
f 5116/2146/1232 5091/2147/1242 5112/2148/1234
f 5122/2149/1235 5117/2150/1237 5111/2151/1237
f 5131/2152/1231 5132/2153/1231 5106/2154/1231
f 5096/2155/1238 5101/2156/1239 5092/2157/1238
f 5106/2158/1240 5121/2159/1241 5102/2160/1240
f 5097/2161/1242 5093/2162/1243 5091/2147/1242
f 5093/2162/1243 5099/2163/1244 5094/2164/1244
f 5094/2164/1244 5098/2165/1245 5095/2166/1245
f 5095/2166/1245 5096/2155/1238 5092/2157/1238
f 5106/2167/1240 5105/2168/1246 5108/2169/1246
f 5105/2168/1246 5109/2170/1247 5108/2169/1246
f 5109/2170/1247 5103/2171/1248 5110/2172/1248
f 5103/2171/1248 5107/2173/1249 5110/2172/1248
f 5126/2174/1235 5125/2175/1250 5128/2176/1250
f 5125/2175/1250 5129/2177/1251 5128/2176/1250
f 5129/2177/1251 5123/2178/1269 5130/2179/1252
f 5123/2178/1269 5127/2180/1241 5130/2179/1252
f 5116/2181/1232 5115/2182/1253 5118/2183/1266
f 5115/2182/1253 5119/2184/1254 5118/2183/1266
f 5114/2185/1254 5120/2186/1255 5119/2184/1254
f 5113/2187/1255 5117/2150/1237 5120/2186/1255
f 5098/2189/1256 5099/2190/1256 5097/2230/1231
f 5144/2191/1032 5139/2192/1032 5138/2193/1032
f 5139/2194/1230 5142/2195/1230 5138/2196/1230
f 5154/2197/1029 5141/2198/1029 5140/2199/1029
f 5141/2198/1229 5136/2200/1229 5140/2199/1229
f 5149/2201/1257 5141/2202/1258 5163/2203/1257
f 5139/2204/1260 5159/2205/1261 5143/2206/1260
f 5153/2207/1261 5160/2208/1263 5159/2205/1261
f 5152/2209/1263 5161/2210/1231 5160/2208/1263
f 5151/2211/1231 5162/2212/1264 5161/2210/1231
f 5150/2213/1265 5163/2203/1257 5162/2212/1264
f 5143/2214/1029 5158/2215/1029 5142/2195/1029
f 5158/2215/1029 5160/2216/1029 5157/2217/1029
f 5157/2217/1029 5161/2218/1029 5156/2219/1029
f 5161/2218/1029 5155/2220/1029 5156/2219/1029
f 5162/2221/1029 5154/2197/1029 5155/2220/1029
f 5137/2222/1032 5148/2223/1032 5136/2200/1032
f 5148/2223/1032 5150/2224/1032 5147/2225/1032
f 5147/2225/1032 5151/2226/1032 5146/2227/1032
f 5151/2226/1032 5145/2228/1032 5146/2227/1032
f 5152/2229/1032 5144/2191/1032 5145/2228/1032
f 5170/2231/1271 5169/2232/1272 5164/2233/1273
f 5171/2234/1274 5164/2233/1273 5165/2235/1275
f 5166/2236/1276 5171/2234/1274 5165/2235/1275
f 5167/2237/1277 5172/2238/1278 5166/2236/1276
f 5168/2239/1279 5173/2240/1280 5167/2237/1277
f 5175/2241/1281 5168/2242/1279 5169/2232/1272
f 5176/2243/1282 5175/2241/1281 5170/2231/1271
f 5177/2244/1283 5170/2231/1271 5171/2234/1274
f 5172/2238/1278 5177/2244/1283 5171/2234/1274
f 5173/2240/1280 5178/2245/1284 5172/2238/1278
f 5174/2246/1285 5179/2247/1286 5173/2240/1280
f 5181/2248/1287 5174/2249/1285 5175/2241/1281
f 5182/2250/1288 5181/2248/1287 5176/2243/1282
f 5183/2251/1289 5176/2243/1282 5177/2244/1283
f 5178/2245/1284 5183/2251/1289 5177/2244/1283
f 5179/2247/1286 5184/2252/1290 5178/2245/1284
f 5180/2253/1291 5185/2254/1292 5179/2247/1286
f 5187/2255/1293 5180/2256/1291 5181/2248/1287
f 5188/2257/1294 5187/2255/1293 5182/2250/1288
f 5189/2258/1295 5182/2250/1288 5183/2251/1289
f 5184/2252/1290 5189/2258/1295 5183/2251/1289
f 5185/2254/1292 5190/2259/1296 5184/2252/1290
f 5186/2260/1297 5191/2261/1298 5185/2254/1292
f 5193/2262/1299 5186/2263/1297 5187/2255/1293
f 5194/2264/1300 5193/2262/1299 5188/2257/1294
f 5195/2265/1301 5188/2257/1294 5189/2258/1295
f 5190/2259/1296 5195/2265/1301 5189/2258/1295
f 5191/2261/1298 5196/2266/1302 5190/2259/1296
f 5192/2267/1303 5197/2268/1304 5191/2261/1298
f 5199/2269/1305 5192/2270/1303 5193/2262/1299
f 5200/2271/1306 5199/2269/1305 5194/2264/1300
f 5201/2272/1307 5194/2264/1300 5195/2265/1301
f 5196/2266/1302 5201/2272/1307 5195/2265/1301
f 5197/2268/1304 5202/2273/1308 5196/2266/1302
f 5198/2274/1309 5203/2275/1310 5197/2268/1304
f 5205/2276/1311 5198/2277/1309 5199/2269/1305
f 5206/2278/1312 5205/2276/1311 5200/2271/1306
f 5207/2279/1313 5200/2271/1306 5201/2272/1307
f 5202/2273/1308 5207/2279/1313 5201/2272/1307
f 5203/2275/1310 5208/2280/1314 5202/2273/1308
f 5204/2281/1315 5209/2282/1316 5203/2275/1310
f 5211/2283/1317 5204/2284/1315 5205/2276/1311
f 5212/2285/1318 5211/2286/1317 5206/2287/1312
f 5213/2288/1319 5206/2287/1312 5207/2289/1313
f 5214/2290/1320 5207/2289/1313 5208/2291/1314
f 5209/2292/1316 5214/2290/1320 5208/2291/1314
f 5210/2293/1321 5215/2294/1322 5209/2292/1316
f 5211/2286/1317 5216/2295/1323 5210/2296/1321
f 5218/2297/1324 5217/2298/1325 5212/2285/1318
f 5219/2299/1326 5212/2285/1318 5213/2288/1319
f 5220/2300/1327 5213/2288/1319 5214/2290/1320
f 5215/2294/1322 5220/2300/1327 5214/2290/1320
f 5216/2301/1323 5221/2302/1328 5215/2294/1322
f 5217/2298/1325 5222/2303/1329 5216/2295/1323
f 5218/2297/1324 5229/2304/1330 5223/2305/1331
f 5219/2299/1326 5224/2306/1332 5218/2297/1324
f 5220/2300/1327 5225/2307/1333 5219/2299/1326
f 5227/2308/1334 5220/2300/1327 5221/2302/1328
f 5228/2309/1335 5221/2302/1328 5222/2310/1329
f 5229/2304/1330 5222/2303/1329 5223/2305/1331
f 5224/2306/1332 5235/2311/1336 5229/2304/1330
f 5225/2307/1333 5230/2312/1337 5224/2306/1332
f 5226/2313/1338 5231/2314/1339 5225/2307/1333
f 5233/2315/1340 5226/2313/1338 5227/2308/1334
f 5234/2316/1341 5227/2308/1334 5228/2309/1335
f 5235/2311/1336 5228/2317/1335 5229/2304/1330
f 5236/2318/1342 5235/2311/1336 5230/2312/1337
f 5237/2319/1343 5230/2312/1337 5231/2314/1339
f 5238/2320/1344 5231/2314/1339 5232/2321/1345
f 5233/2315/1340 5238/2320/1344 5232/2321/1345
f 5234/2316/1341 5239/2322/1346 5233/2315/1340
f 5235/2311/1336 5240/2323/1347 5234/2324/1341
f 5242/2325/1348 5241/2326/1349 5236/2318/1342
f 5243/2327/1350 5236/2318/1342 5237/2319/1343
f 5244/2328/1351 5237/2319/1343 5238/2320/1344
f 5239/2322/1346 5244/2328/1351 5238/2320/1344
f 5240/2329/1347 5245/2330/1352 5239/2322/1346
f 5241/2326/1349 5246/2331/1353 5240/2323/1347
f 5248/2332/1354 5247/2333/1355 5242/2325/1348
f 5249/2334/1356 5242/2325/1348 5243/2327/1350
f 5250/2335/1357 5243/2327/1350 5244/2328/1351
f 5245/2330/1352 5250/2335/1357 5244/2328/1351
f 5246/2336/1353 5251/2337/1358 5245/2330/1352
f 5247/2333/1355 5252/2338/1359 5246/2331/1353
f 5254/2339/1360 5253/2340/1361 5248/2341/1354
f 5255/2342/1362 5248/2341/1354 5249/2343/1356
f 5256/2344/1363 5249/2343/1356 5250/2345/1357
f 5251/2346/1358 5256/2344/1363 5250/2345/1357
f 5252/2347/1359 5257/2348/1364 5251/2346/1358
f 5253/2340/1361 5258/2349/1365 5252/2350/1359
f 5260/2351/1366 5259/2352/1367 5254/2339/1360
f 5261/2353/1368 5254/2339/1360 5255/2342/1362
f 5262/2354/1369 5255/2342/1362 5256/2344/1363
f 5257/2348/1364 5262/2354/1369 5256/2344/1363
f 5258/2355/1365 5263/2356/1370 5257/2348/1364
f 5259/2352/1367 5264/2357/1371 5258/2349/1365
f 5266/2358/1372 5265/2359/1373 5260/2351/1366
f 5267/2360/1374 5260/2351/1366 5261/2353/1368
f 5268/2361/1375 5261/2353/1368 5262/2354/1369
f 5263/2356/1370 5268/2361/1375 5262/2354/1369
f 5264/2362/1371 5269/2363/1376 5263/2356/1370
f 5265/2359/1373 5270/2364/1377 5264/2357/1371
f 5272/2365/1378 5271/2366/1379 5266/2358/1372
f 5273/2367/1380 5266/2358/1372 5267/2360/1374
f 5274/2368/1381 5267/2360/1374 5268/2361/1375
f 5269/2363/1376 5274/2368/1381 5268/2361/1375
f 5270/2369/1377 5275/2370/1382 5269/2363/1376
f 5271/2366/1379 5276/2371/1383 5270/2364/1377
f 5278/2372/1384 5277/2373/1385 5272/2365/1378
f 5279/2374/1386 5272/2365/1378 5273/2367/1380
f 5280/2375/1387 5273/2367/1380 5274/2368/1381
f 5275/2370/1382 5280/2375/1387 5274/2368/1381
f 5276/2376/1383 5281/2377/1388 5275/2370/1382
f 5277/2373/1385 5282/2378/1389 5276/2371/1383
f 5284/2379/1390 5283/2380/1391 5278/2372/1384
f 5285/2381/1392 5278/2372/1384 5279/2374/1386
f 5286/2382/1393 5279/2374/1386 5280/2375/1387
f 5281/2377/1388 5286/2382/1393 5280/2375/1387
f 5282/2383/1389 5287/2384/1394 5281/2377/1388
f 5283/2380/1391 5288/2385/1395 5282/2378/1389
f 5290/2386/1396 5289/2387/1397 5284/2379/1390
f 5291/2388/1398 5284/2379/1390 5285/2381/1392
f 5292/2389/1399 5285/2381/1392 5286/2382/1393
f 5287/2384/1394 5292/2389/1399 5286/2382/1393
f 5288/2390/1395 5293/2391/1400 5287/2384/1394
f 5289/2387/1397 5294/2392/1401 5288/2385/1395
f 5290/2386/1396 5301/2393/1402 5295/2394/1403
f 5291/2388/1398 5296/2395/1404 5290/2386/1396
f 5292/2389/1399 5297/2396/1405 5291/2388/1398
f 5299/2397/1406 5292/2389/1399 5293/2391/1400
f 5300/2398/1407 5293/2391/1400 5294/2399/1401
f 5301/2393/1402 5294/2392/1401 5295/2394/1403
f 5296/2395/1404 5307/2400/1408 5301/2393/1402
f 5297/2396/1405 5302/2401/1409 5296/2395/1404
f 5298/2402/1410 5303/2403/1411 5297/2396/1405
f 5305/2404/1412 5298/2402/1410 5299/2397/1406
f 5306/2405/1413 5299/2397/1406 5300/2398/1407
f 5307/2400/1408 5300/2406/1407 5301/2393/1402
f 5302/2401/1409 5313/2407/1414 5307/2400/1408
f 5303/2403/1411 5308/2408/1415 5302/2401/1409
f 5304/2409/1416 5309/2410/1417 5303/2403/1411
f 5311/2411/1418 5304/2409/1416 5305/2404/1412
f 5312/2412/1419 5305/2404/1412 5306/2405/1413
f 5313/2407/1414 5306/2413/1413 5307/2400/1408
f 5308/2414/1415 5319/2415/1420 5313/2416/1414
f 5309/2417/1417 5314/2418/1421 5308/2414/1415
f 5310/2419/1422 5315/2420/1423 5309/2417/1417
f 5317/2421/1424 5310/2419/1422 5311/2422/1418
f 5318/2423/1425 5311/2422/1418 5312/2424/1419
f 5319/2415/1420 5312/2425/1419 5313/2416/1414
f 5314/2418/1421 5325/2426/1426 5319/2415/1420
f 5315/2420/1423 5320/2427/1427 5314/2418/1421
f 5322/2428/1428 5315/2420/1423 5316/2429/1429
f 5323/2430/1430 5316/2429/1429 5317/2421/1424
f 5324/2431/1431 5317/2421/1424 5318/2423/1425
f 5319/2415/1420 5324/2432/1431 5318/2433/1425
f 5320/2427/1427 5331/2434/1432 5325/2426/1426
f 5321/2435/1433 5326/2436/1434 5320/2427/1427
f 5328/2437/1435 5321/2435/1433 5322/2428/1428
f 5329/2438/1436 5322/2428/1428 5323/2430/1430
f 5330/2439/1437 5323/2430/1430 5324/2431/1431
f 5325/2426/1426 5330/2440/1437 5324/2432/1431
f 5326/2436/1434 5337/2441/1438 5331/2434/1432
f 5327/2442/1439 5332/2443/1440 5326/2436/1434
f 5334/2444/1441 5327/2442/1439 5328/2437/1435
f 5335/2445/1442 5328/2437/1435 5329/2438/1436
f 5336/2446/1443 5329/2438/1436 5330/2439/1437
f 5331/2434/1432 5336/2447/1443 5330/2440/1437
f 5332/2443/1440 5343/2448/1444 5337/2441/1438
f 5333/2449/1445 5338/2450/1446 5332/2443/1440
f 5340/2451/1447 5333/2449/1445 5334/2444/1441
f 5341/2452/1448 5334/2444/1441 5335/2445/1442
f 5342/2453/1449 5335/2445/1442 5336/2446/1443
f 5337/2441/1438 5342/2454/1449 5336/2447/1443
f 5338/2450/1446 5349/2455/1450 5343/2448/1444
f 5339/2456/1451 5344/2457/1452 5338/2450/1446
f 5346/2458/1453 5339/2456/1451 5340/2451/1447
f 5347/2459/1454 5340/2451/1447 5341/2452/1448
f 5348/2460/1455 5341/2452/1448 5342/2453/1449
f 5343/2448/1444 5348/2461/1455 5342/2454/1449
f 5356/2462/1456 5355/2463/1457 5350/2464/1458
f 5357/2465/1459 5350/2464/1458 5351/2466/1460
f 5352/2467/1461 5357/2465/1459 5351/2466/1460
f 5353/2468/1462 5358/2469/1463 5352/2467/1461
f 5354/2470/1464 5359/2471/1465 5353/2468/1462
f 5361/2472/1466 5354/2473/1464 5355/2463/1457
f 5362/2474/1467 5361/2472/1466 5356/2462/1456
f 5363/2475/1468 5356/2462/1456 5357/2465/1459
f 5358/2469/1463 5363/2475/1468 5357/2465/1459
f 5359/2471/1465 5364/2476/1469 5358/2469/1463
f 5360/2477/1470 5365/2478/1471 5359/2471/1465
f 5367/2479/1472 5360/2480/1470 5361/2472/1466
f 5368/2481/1473 5367/2479/1472 5362/2474/1467
f 5369/2482/1474 5362/2474/1467 5363/2475/1468
f 5364/2476/1469 5369/2482/1474 5363/2475/1468
f 5365/2478/1471 5370/2483/1475 5364/2476/1469
f 5366/2484/1476 5371/2485/1477 5365/2478/1471
f 5373/2486/1478 5366/2487/1476 5367/2479/1472
f 5369/2488/1474 5374/2489/1479 5368/2490/1473
f 5370/2491/1475 5375/2492/1480 5369/2488/1474
f 5371/2493/1477 5376/2494/1481 5370/2491/1475
f 5378/2495/1482 5371/2493/1477 5372/2496/1483
f 5379/2497/1484 5372/2498/1483 5373/2499/1478
f 5380/2500/1485 5379/2497/1484 5374/2489/1479
f 5381/2501/1486 5374/2489/1479 5375/2492/1480
f 5382/2502/1487 5375/2492/1480 5376/2494/1481
f 5377/2503/1488 5382/2502/1487 5376/2494/1481
f 5378/2495/1482 5383/2504/1489 5377/2503/1488
f 5379/2497/1484 5384/2505/1490 5378/2506/1482
f 5386/2507/1491 5385/2508/1492 5380/2509/1485
f 5387/2510/1493 5380/2509/1485 5381/2511/1486
f 5382/2512/1487 5387/2510/1493 5381/2511/1486
f 5383/2513/1489 5388/2514/1494 5382/2512/1487
f 5384/2515/1490 5389/2516/1495 5383/2513/1489
f 5391/2517/1496 5384/2518/1490 5385/2508/1492
f 5392/2519/1497 5391/2517/1496 5386/2507/1491
f 5393/2520/1498 5386/2507/1491 5387/2510/1493
f 5394/2521/1499 5387/2510/1493 5388/2514/1494
f 5389/2516/1495 5394/2521/1499 5388/2514/1494
f 5390/2522/1500 5395/2523/1501 5389/2516/1495
f 5391/2517/1496 5396/2524/1502 5390/2525/1500
f 5392/2519/1497 5403/2526/1503 5397/2527/1504
f 5399/2528/1505 5392/2519/1497 5393/2520/1498
f 5400/2529/1506 5393/2520/1498 5394/2521/1499
f 5401/2530/1507 5394/2521/1499 5395/2523/1501
f 5396/2531/1502 5401/2530/1507 5395/2523/1501
f 5397/2527/1504 5402/2532/1508 5396/2524/1502
f 5398/2533/1509 5409/2534/1510 5403/2526/1503
f 5399/2528/1505 5404/2535/1511 5398/2533/1509
f 5406/2536/1512 5399/2528/1505 5400/2529/1506
f 5407/2537/1513 5400/2529/1506 5401/2530/1507
f 5408/2538/1514 5401/2530/1507 5402/2539/1508
f 5403/2526/1503 5408/2540/1514 5402/2532/1508
f 5404/2535/1511 5415/2541/1515 5409/2534/1510
f 5405/2542/1516 5410/2543/1517 5404/2535/1511
f 5406/2536/1512 5411/2544/1518 5405/2542/1516
f 5413/2545/1519 5406/2536/1512 5407/2537/1513
f 5414/2546/1520 5407/2537/1513 5408/2538/1514
f 5415/2541/1515 5408/2540/1514 5409/2534/1510
f 5410/2543/1517 5421/2547/1521 5415/2541/1515
f 5411/2544/1518 5416/2548/1522 5410/2543/1517
f 5412/2549/1523 5417/2550/1524 5411/2544/1518
f 5419/2551/1525 5412/2549/1523 5413/2545/1519
f 5420/2552/1526 5413/2545/1519 5414/2546/1520
f 5421/2547/1521 5414/2553/1520 5415/2541/1515
f 5416/2554/1522 5427/2555/1527 5421/2556/1521
f 5417/2557/1524 5422/2558/1528 5416/2554/1522
f 5418/2559/1529 5423/2560/1530 5417/2557/1524
f 5425/2561/1531 5418/2559/1529 5419/2562/1525
f 5426/2563/1532 5419/2562/1525 5420/2564/1526
f 5427/2555/1527 5420/2565/1526 5421/2556/1521
f 5422/2558/1528 5433/2566/1533 5427/2555/1527
f 5423/2560/1530 5428/2567/1534 5422/2558/1528
f 5430/2568/1535 5423/2560/1530 5424/2569/1536
f 5431/2570/1537 5424/2569/1536 5425/2561/1531
f 5432/2571/1538 5425/2561/1531 5426/2563/1532
f 5427/2555/1527 5432/2572/1538 5426/2573/1532
f 5428/2567/1534 5439/2574/1539 5433/2566/1533
f 5429/2575/1540 5434/2576/1541 5428/2567/1534
f 5436/2577/1542 5429/2575/1540 5430/2568/1535
f 5437/2578/1543 5430/2568/1535 5431/2570/1537
f 5438/2579/1544 5431/2570/1537 5432/2571/1538
f 5433/2566/1533 5438/2580/1544 5432/2572/1538
f 5434/2576/1541 5445/2581/1545 5439/2574/1539
f 5435/2582/1546 5440/2583/1547 5434/2576/1541
f 5442/2584/1548 5435/2582/1546 5436/2577/1542
f 5443/2585/1549 5436/2577/1542 5437/2578/1543
f 5444/2586/1550 5437/2578/1543 5438/2579/1544
f 5439/2574/1539 5444/2587/1550 5438/2580/1544
f 5440/2583/1547 5451/2588/1551 5445/2581/1545
f 5441/2589/1552 5446/2590/1553 5440/2583/1547
f 5448/2591/1554 5441/2589/1552 5442/2584/1548
f 5449/2592/1555 5442/2584/1548 5443/2585/1549
f 5450/2593/1556 5443/2585/1549 5444/2586/1550
f 5445/2581/1545 5450/2594/1556 5444/2587/1550
f 5446/2590/1553 5457/2595/1557 5451/2588/1551
f 5447/2596/1558 5452/2597/1559 5446/2590/1553
f 5454/2598/1560 5447/2596/1558 5448/2591/1554
f 5455/2599/1561 5448/2591/1554 5449/2592/1555
f 5456/2600/1562 5449/2592/1555 5450/2593/1556
f 5451/2588/1551 5456/2601/1562 5450/2594/1556
f 5374/2489/1479 5373/2499/1478 5368/2490/1473
f 5459/2602/1563 5460/2603/1564 5458/2604/1563
f 5461/2605/1564 5462/2606/1565 5460/2603/1564
f 5462/2606/1565 5465/2607/1566 5464/2608/1566
f 5464/2608/1566 5467/2609/1567 5466/2610/1567
f 5467/2609/1567 5468/2611/1568 5466/2610/1567
f 5468/2611/1568 5471/2612/1569 5470/2613/1569
f 5471/2612/1569 5472/2614/1570 5470/2613/1569
f 5473/2615/1570 5474/2616/1571 5472/2614/1570
f 5465/2617/1572 5463/2618/1572 5475/2619/1572
f 5474/2616/1571 5477/2620/1573 5476/2621/1573
f 5476/2622/1573 5459/2602/1563 5458/2604/1563
f 5478/2623/1574 5481/2624/1574 5480/2625/1574
f 5480/2626/1029 5483/2627/1029 5482/2628/1029
f 5482/2629/1575 5485/2630/1575 5484/2624/1575
f 5485/2631/1576 5486/2632/1576 5484/2633/1576
f 5485/2634/1572 5483/2635/1572 5479/2636/1572
f 5487/2627/1032 5488/2629/1032 5486/2624/1032
f 5489/2637/1577 5478/2638/1577 5488/2639/1577
f 5491/2602/1578 5492/2603/1579 5490/2604/1578
f 5492/2603/1579 5495/2640/1580 5494/2606/1580
f 5494/2606/1580 5497/2607/1581 5496/2608/1581
f 5496/2608/1581 5499/2609/1582 5498/2610/1582
f 5499/2609/1582 5500/2611/1583 5498/2610/1582
f 5501/2641/1583 5502/2613/1584 5500/2611/1583
f 5503/2612/1584 5504/2614/1585 5502/2613/1584
f 5505/2615/1585 5506/2616/1586 5504/2614/1585
f 5491/2642/1587 5507/2619/1587 5499/2643/1587
f 5506/2616/1586 5509/2620/1588 5508/2621/1588
f 5509/2644/1588 5490/2604/1578 5508/2622/1588
f 5510/2623/1589 5513/2624/1589 5512/2625/1589
f 5513/2645/1037 5514/2628/1037 5512/2626/1037
f 5514/2629/1590 5517/2630/1590 5516/2624/1590
f 5517/2631/1591 5518/2632/1591 5516/2633/1591
f 5519/2646/1587 5517/2634/1587 5515/2635/1587
f 5519/2627/1041 5520/2629/1041 5518/2624/1041
f 5521/2637/1592 5510/2638/1592 5520/2639/1592
f 5523/2602/1593 5524/2603/1594 5522/2604/1593
f 5525/2605/1594 5526/2606/1595 5524/2603/1594
f 5527/2640/1595 5528/2608/1596 5526/2606/1595
f 5528/2608/1596 5531/2609/1597 5530/2610/1597
f 5530/2610/1597 5533/2641/1598 5532/2611/1598
f 5533/2641/1598 5534/2613/1599 5532/2611/1598
f 5535/2612/1599 5536/2614/1600 5534/2613/1599
f 5536/2614/1600 5539/2647/1601 5538/2616/1601
f 5539/2619/1602 5531/2643/1602 5527/2618/1602
f 5539/2647/1601 5540/2621/1603 5538/2616/1601
f 5541/2644/1603 5522/2604/1593 5540/2622/1603
f 5542/2623/1592 5545/2624/1592 5544/2625/1592
f 5544/2626/1038 5547/2627/1038 5546/2628/1038
f 5546/2629/1604 5549/2630/1604 5548/2624/1604
f 5549/2631/1590 5550/2632/1590 5548/2633/1590
f 5551/2646/1602 5549/2634/1602 5547/2635/1602
f 5550/2624/1045 5553/2645/1045 5552/2629/1045
f 5552/2639/1605 5543/2648/1605 5542/2638/1605
f 5554/2604/1606 5557/2605/1607 5556/2603/1607
f 5556/2603/1607 5559/2640/1608 5558/2606/1608
f 5558/2606/1608 5561/2607/1609 5560/2608/1609
f 5560/2608/1609 5563/2609/1610 5562/2610/1610
f 5562/2610/1610 5565/2641/1611 5564/2611/1611
f 5565/2641/1611 5566/2613/1612 5564/2611/1611
f 5566/2613/1612 5569/2615/1613 5568/2614/1613
f 5568/2614/1613 5571/2647/1614 5570/2616/1614
f 5561/2617/1615 5559/2618/1615 5571/2619/1615
f 5570/2616/1614 5573/2620/1616 5572/2621/1616
f 5572/2622/1616 5555/2602/1606 5554/2604/1606
f 5575/2649/1617 5576/2625/1617 5574/2623/1617
f 5576/2626/1032 5579/2627/1032 5578/2628/1032
f 5578/2629/1618 5581/2630/1618 5580/2624/1618
f 5580/2633/1619 5583/2650/1619 5582/2632/1619
f 5583/2646/1615 5581/2634/1615 5579/2635/1615
f 5583/2627/1029 5584/2629/1029 5582/2624/1029
f 5585/2637/1620 5574/2638/1620 5584/2639/1620
f 5586/2604/1621 5589/2605/1622 5588/2603/1622
f 5588/2603/1622 5591/2640/1623 5590/2606/1623
f 5590/2606/1623 5593/2607/1624 5592/2608/1624
f 5592/2608/1624 5595/2609/1625 5594/2610/1625
f 5594/2610/1625 5597/2641/1626 5596/2611/1626
f 5596/2611/1626 5599/2612/1627 5598/2613/1627
f 5599/2612/1627 5600/2614/1628 5598/2613/1627
f 5600/2614/1628 5603/2647/1629 5602/2616/1629
f 5603/2619/1630 5595/2643/1630 5591/2618/1630
f 5602/2616/1629 5605/2620/1631 5604/2621/1631
f 5604/2622/1631 5587/2602/1621 5586/2604/1621
f 5607/2649/1632 5608/2625/1632 5606/2623/1632
f 5609/2645/1041 5610/2628/1041 5608/2626/1041
f 5611/2651/1633 5612/2624/1633 5610/2629/1633
f 5613/2631/1634 5614/2632/1634 5612/2633/1634
f 5613/2634/1630 5611/2635/1630 5607/2636/1630
f 5615/2627/1037 5616/2629/1037 5614/2624/1037
f 5616/2639/1635 5607/2648/1635 5606/2638/1635
f 5618/2604/1636 5621/2605/1637 5620/2603/1637
f 5621/2605/1637 5622/2606/1638 5620/2603/1637
f 5623/2640/1638 5624/2608/1639 5622/2606/1638
f 5624/2608/1639 5627/2609/1640 5626/2610/1640
f 5627/2609/1640 5628/2611/1641 5626/2610/1640
f 5628/2611/1641 5631/2612/1642 5630/2613/1642
f 5631/2612/1642 5632/2614/1643 5630/2613/1642
f 5633/2615/1643 5634/2616/1644 5632/2614/1643
f 5619/2642/1645 5635/2619/1645 5627/2643/1645
f 5635/2647/1644 5636/2621/1646 5634/2616/1644
f 5636/2622/1646 5619/2602/1636 5618/2604/1636
f 5639/2649/1635 5640/2625/1635 5638/2623/1635
f 5640/2626/1045 5643/2627/1045 5642/2628/1045
f 5642/2629/1647 5645/2630/1647 5644/2624/1647
f 5644/2633/1633 5647/2650/1633 5646/2632/1633
f 5645/2634/1645 5643/2635/1645 5639/2636/1645
f 5646/2624/1038 5649/2645/1038 5648/2629/1038
f 5648/2639/1648 5639/2648/1648 5638/2638/1648
f 5651/2652/1563 5652/2603/1564 5650/2604/1563
f 5652/2603/1564 5655/2653/1565 5654/2606/1565
f 5654/2606/1565 5657/2654/1566 5656/2655/1566
f 5657/2654/1566 5658/2610/1567 5656/2655/1566
f 5659/2656/1567 5660/2611/1568 5658/2610/1567
f 5660/2611/1568 5663/2657/1569 5662/2658/1569
f 5662/2658/1569 5665/2659/1570 5664/2614/1570
f 5665/2659/1570 5666/2660/1571 5664/2614/1570
f 5667/2661/1572 5659/2643/1572 5655/2662/1572
f 5667/2663/1571 5668/2664/1573 5666/2660/1571
f 5668/2622/1573 5651/2652/1563 5650/2604/1563
f 5671/2629/1574 5672/2627/1574 5670/2645/1574
f 5673/2624/1029 5674/2650/1029 5672/2627/1029
f 5675/2651/1575 5676/2624/1575 5674/2629/1575
f 5676/2624/1576 5679/2665/1576 5678/2639/1576
f 5677/2666/1572 5675/2667/1572 5671/2668/1572
f 5678/2650/1032 5681/2628/1032 5680/2627/1032
f 5680/2627/1577 5671/2626/1577 5670/2645/1577
f 5683/2652/1563 5684/2603/1564 5682/2604/1563
f 5685/2605/1564 5686/2606/1565 5684/2603/1564
f 5687/2653/1565 5688/2655/1566 5686/2606/1565
f 5689/2654/1566 5690/2610/1567 5688/2655/1566
f 5691/2656/1567 5692/2611/1568 5690/2610/1567
f 5692/2611/1568 5695/2657/1569 5694/2658/1569
f 5694/2658/1569 5697/2659/1570 5696/2614/1570
f 5696/2614/1570 5699/2663/1571 5698/2660/1571
f 5699/2661/1572 5691/2643/1572 5687/2662/1572
f 5698/2660/1571 5701/2669/1573 5700/2664/1573
f 5700/2622/1573 5683/2652/1563 5682/2604/1563
f 5703/2629/1574 5704/2627/1574 5702/2645/1574
f 5704/2627/1029 5707/2639/1029 5706/2650/1029
f 5706/2629/1575 5709/2625/1575 5708/2624/1575
f 5709/2625/1576 5710/2639/1576 5708/2624/1576
f 5711/2636/1572 5709/2666/1572 5707/2667/1572
f 5711/2670/1032 5712/2627/1032 5710/2650/1032
f 5712/2627/1577 5703/2626/1577 5702/2645/1577
f 5715/2652/1563 5716/2603/1564 5714/2604/1563
f 5717/2605/1564 5718/2606/1565 5716/2603/1564
f 5719/2653/1565 5720/2655/1566 5718/2606/1565
f 5721/2654/1566 5722/2610/1567 5720/2655/1566
f 5723/2656/1567 5724/2611/1568 5722/2610/1567
f 5724/2611/1568 5727/2657/1569 5726/2658/1569
f 5726/2658/1569 5729/2659/1570 5728/2614/1570
f 5728/2614/1570 5731/2663/1571 5730/2660/1571
f 5715/2642/1572 5731/2661/1572 5723/2643/1572
f 5730/2660/1571 5733/2669/1573 5732/2664/1573
f 5732/2622/1573 5715/2652/1563 5714/2604/1563
f 5734/2645/1574 5737/2624/1574 5736/2627/1574
f 5737/2624/1029 5738/2650/1029 5736/2627/1029
f 5739/2651/1575 5740/2624/1575 5738/2629/1575
f 5740/2624/1576 5743/2665/1576 5742/2639/1576
f 5741/2666/1572 5739/2667/1572 5735/2668/1572
f 5742/2650/1032 5745/2628/1032 5744/2627/1032
f 5745/2628/1577 5734/2645/1577 5744/2627/1577
f 5746/1733/1157 5749/1734/1158 5748/1732/1158
f 5748/1732/1158 5751/1736/1159 5750/1735/1159
f 5751/1736/1159 5752/1737/1160 5750/1735/1159
f 5753/1738/1160 5754/1739/1161 5752/1737/1160
f 5755/1777/1161 5756/1741/1162 5754/1739/1161
f 5756/1741/1162 5759/1743/1163 5758/1742/1163
f 5758/1742/1163 5761/1775/1164 5760/1744/1164
f 5760/1744/1164 5763/1745/1165 5762/1746/1165
f 5753/1780/1166 5751/1749/1166 5763/1747/1166
f 5763/1745/1165 5764/1750/1167 5762/1746/1165
f 5765/1751/1167 5746/1733/1157 5764/1752/1167
f 5766/1755/1168 5769/2035/1168 5768/1754/1168
f 5769/1756/1029 5770/1757/1029 5768/1758/1029
f 5771/1759/1169 5772/1760/1169 5770/1761/1169
f 5772/1762/1170 5775/1763/1170 5774/1764/1170
f 5775/1765/1166 5773/1766/1166 5771/1767/1166
f 5774/1770/1032 5777/2036/1032 5776/1769/1032
f 5777/2037/1171 5766/1773/1171 5776/1771/1171
f 5778/1733/1157 5781/1734/1158 5780/1732/1158
f 5780/1732/1158 5783/1736/1159 5782/1735/1159
f 5783/1736/1159 5784/1737/1160 5782/1735/1159
f 5785/1738/1160 5786/1739/1161 5784/1737/1160
f 5787/1777/1161 5788/1741/1162 5786/1739/1161
f 5788/1741/1162 5791/1743/1163 5790/1742/1163
f 5790/1742/1163 5793/1775/1164 5792/1744/1164
f 5792/1744/1164 5795/1745/1165 5794/1746/1165
f 5783/1749/1166 5779/1778/1166 5795/1747/1166
f 5795/1745/1165 5796/1750/1167 5794/1746/1165
f 5797/1751/1167 5778/1733/1157 5796/1752/1167
f 5798/1755/1168 5801/2035/1168 5800/1754/1168
f 5801/1756/1029 5802/1757/1029 5800/1758/1029
f 5803/1759/1169 5804/1760/1169 5802/1761/1169
f 5804/1762/1170 5807/1763/1170 5806/1764/1170
f 5799/1779/1166 5807/1765/1166 5803/1767/1166
f 5806/1770/1032 5809/2036/1032 5808/1769/1032
f 5809/2037/1171 5798/1773/1171 5808/1771/1171
f 5810/1733/1157 5813/1734/1158 5812/1732/1158
f 5812/1732/1158 5815/1736/1159 5814/1735/1159
f 5815/1736/1159 5816/1737/1160 5814/1735/1159
f 5817/1738/1160 5818/1739/1161 5816/1737/1160
f 5819/1777/1161 5820/1741/1162 5818/1739/1161
f 5820/1741/1162 5823/1743/1163 5822/1742/1163
f 5822/1742/1163 5825/1775/1164 5824/1744/1164
f 5824/1744/1164 5827/1745/1165 5826/1746/1165
f 5817/1780/1166 5815/1749/1166 5827/1747/1166
f 5827/1745/1165 5828/1750/1167 5826/1746/1165
f 5829/1751/1167 5810/1733/1157 5828/1752/1167
f 5830/1755/1168 5833/2035/1168 5832/1754/1168
f 5833/1756/1029 5834/1757/1029 5832/1758/1029
f 5835/1759/1169 5836/1760/1169 5834/1761/1169
f 5836/1762/1170 5839/1763/1170 5838/1764/1170
f 5831/1779/1166 5839/1765/1166 5835/1767/1166
f 5838/1770/1032 5841/2036/1032 5840/1769/1032
f 5841/2037/1171 5830/1773/1171 5840/1771/1171
f 5842/1733/1157 5845/1734/1158 5844/1732/1158
f 5844/1732/1158 5847/1736/1159 5846/1735/1159
f 5847/1736/1159 5848/1737/1160 5846/1735/1159
f 5849/1738/1160 5850/1739/1161 5848/1737/1160
f 5851/1777/1161 5852/1741/1162 5850/1739/1161
f 5852/1741/1162 5855/1743/1163 5854/1742/1163
f 5854/1742/1163 5857/1775/1164 5856/1744/1164
f 5856/1744/1164 5859/1745/1165 5858/1746/1165
f 5849/1780/1166 5847/1749/1166 5859/1747/1166
f 5859/1745/1165 5860/1750/1167 5858/1746/1165
f 5861/1751/1167 5842/1733/1157 5860/1752/1167
f 5862/1755/1168 5865/2035/1168 5864/1754/1168
f 5865/1756/1029 5866/1757/1029 5864/1758/1029
f 5867/1759/1169 5868/1760/1169 5866/1761/1169
f 5868/1762/1170 5871/1763/1170 5870/1764/1170
f 5871/1765/1166 5869/1766/1166 5867/1767/1166
f 5870/1770/1032 5873/2036/1032 5872/1769/1032
f 5873/2037/1171 5862/1773/1171 5872/1771/1171
f 5874/1733/1157 5877/1734/1158 5876/1732/1158
f 5876/1732/1158 5879/1736/1159 5878/1735/1159
f 5879/1736/1159 5880/1737/1160 5878/1735/1159
f 5881/1738/1160 5882/1739/1161 5880/1737/1160
f 5883/1777/1161 5884/1741/1162 5882/1739/1161
f 5884/1741/1162 5887/1743/1163 5886/1742/1163
f 5886/1742/1163 5889/1775/1164 5888/1744/1164
f 5888/1744/1164 5891/1745/1165 5890/1746/1165
f 5891/1747/1166 5883/1748/1166 5879/1749/1166
f 5891/1745/1165 5892/1750/1167 5890/1746/1165
f 5893/1751/1167 5874/1733/1157 5892/1752/1167
f 5894/1755/1168 5897/2035/1168 5896/1754/1168
f 5897/1756/1029 5898/1757/1029 5896/1758/1029
f 5899/1759/1169 5900/1760/1169 5898/1761/1169
f 5900/1762/1170 5903/1763/1170 5902/1764/1170
f 5903/1765/1166 5901/1766/1166 5899/1767/1166
f 5902/1770/1032 5905/2036/1032 5904/1769/1032
f 5905/2037/1171 5894/1773/1171 5904/1771/1171
f 5907/1731/1157 5908/1732/1158 5906/1733/1157
f 5908/1732/1158 5911/1736/1159 5910/1735/1159
f 5910/1735/1159 5913/1738/1160 5912/1737/1160
f 5912/1737/1160 5915/1777/1161 5914/1739/1161
f 5915/1777/1161 5916/1741/1162 5914/1739/1161
f 5916/1741/1162 5919/1743/1163 5918/1742/1163
f 5919/1743/1163 5920/1744/1164 5918/1742/1163
f 5921/1775/1164 5922/1746/1165 5920/1744/1164
f 5907/1778/1166 5923/1747/1166 5915/1748/1166
f 5923/1745/1165 5924/1750/1167 5922/1746/1165
f 5924/1752/1167 5907/1731/1157 5906/1733/1157
f 5927/1753/1168 5928/1754/1168 5926/1755/1168
f 5929/1756/1029 5930/1757/1029 5928/1758/1029
f 5930/1761/1169 5933/2038/1169 5932/1760/1169
f 5933/2039/1170 5934/1764/1170 5932/1762/1170
f 5933/1766/1166 5931/1767/1166 5927/1779/1166
f 5934/1770/1032 5937/2036/1032 5936/1769/1032
f 5936/1771/1171 5927/1772/1171 5926/1773/1171
f 5939/1731/1157 5940/1732/1158 5938/1733/1157
f 5940/1732/1158 5943/1736/1159 5942/1735/1159
f 5942/1735/1159 5945/1738/1160 5944/1737/1160
f 5944/1737/1160 5947/1777/1161 5946/1739/1161
f 5947/1777/1161 5948/1741/1162 5946/1739/1161
f 5948/1741/1162 5951/1743/1163 5950/1742/1163
f 5951/1743/1163 5952/1744/1164 5950/1742/1163
f 5953/1775/1164 5954/1746/1165 5952/1744/1164
f 5943/1749/1166 5939/1778/1166 5955/1747/1166
f 5955/1745/1165 5956/1750/1167 5954/1746/1165
f 5956/1752/1167 5939/1731/1157 5938/1733/1157
f 5959/1753/1168 5960/1754/1168 5958/1755/1168
f 5961/1756/1029 5962/1757/1029 5960/1758/1029
f 5962/1761/1169 5965/2038/1169 5964/1760/1169
f 5965/2039/1170 5966/1764/1170 5964/1762/1170
f 5965/1766/1166 5963/1767/1166 5959/1779/1166
f 5966/1770/1032 5969/2036/1032 5968/1769/1032
f 5968/1771/1171 5959/1772/1171 5958/1773/1171
f 5971/1731/1157 5972/1732/1158 5970/1733/1157
f 5972/1732/1158 5975/1736/1159 5974/1735/1159
f 5974/1735/1159 5977/1738/1160 5976/1737/1160
f 5976/1737/1160 5979/1777/1161 5978/1739/1161
f 5979/1777/1161 5980/1741/1162 5978/1739/1161
f 5980/1741/1162 5983/1743/1163 5982/1742/1163
f 5983/1743/1163 5984/1744/1164 5982/1742/1163
f 5985/1775/1164 5986/1746/1165 5984/1744/1164
f 5975/1749/1166 5971/1778/1166 5987/1747/1166
f 5987/1745/1165 5988/1750/1167 5986/1746/1165
f 5988/1752/1167 5971/1731/1157 5970/1733/1157
f 5991/1753/1168 5992/1754/1168 5990/1755/1168
f 5993/1756/1029 5994/1757/1029 5992/1758/1029
f 5994/1761/1169 5997/2038/1169 5996/1760/1169
f 5997/2039/1170 5998/1764/1170 5996/1762/1170
f 5999/1765/1166 5997/1766/1166 5995/1767/1166
f 5998/1770/1032 6001/2036/1032 6000/1769/1032
f 6000/1771/1171 5991/1772/1171 5990/1773/1171
f 6003/1731/1157 6004/1732/1158 6002/1733/1157
f 6004/1732/1158 6007/1736/1159 6006/1735/1159
f 6006/1735/1159 6009/1738/1160 6008/1737/1160
f 6008/1737/1160 6011/1777/1161 6010/1739/1161
f 6011/1777/1161 6012/1741/1162 6010/1739/1161
f 6012/1741/1162 6015/1743/1163 6014/1742/1163
f 6015/1743/1163 6016/1744/1164 6014/1742/1163
f 6017/1775/1164 6018/1746/1165 6016/1744/1164
f 6019/1747/1166 6011/1748/1166 6007/1749/1166
f 6019/1745/1165 6020/1750/1167 6018/1746/1165
f 6020/1752/1167 6003/1731/1157 6002/1733/1157
f 6023/1753/1168 6024/1754/1168 6022/1755/1168
f 6025/1756/1029 6026/1757/1029 6024/1758/1029
f 6026/1761/1169 6029/2038/1169 6028/1760/1169
f 6029/2039/1170 6030/1764/1170 6028/1762/1170
f 6031/1765/1166 6029/1766/1166 6027/1767/1166
f 6030/1770/1032 6033/2036/1032 6032/1769/1032
f 6032/1771/1171 6023/1772/1171 6022/1773/1171
f 6035/1731/1157 6036/1732/1158 6034/1733/1157
f 6036/1732/1158 6039/1736/1159 6038/1735/1159
f 6038/1735/1159 6041/1738/1160 6040/1737/1160
f 6040/1737/1160 6043/1777/1161 6042/1739/1161
f 6043/1777/1161 6044/1741/1162 6042/1739/1161
f 6044/1741/1162 6047/1743/1163 6046/1742/1163
f 6047/1743/1163 6048/1744/1164 6046/1742/1163
f 6049/1775/1164 6050/1746/1165 6048/1744/1164
f 6051/1747/1166 6043/1748/1166 6039/1749/1166
f 6051/1745/1165 6052/1750/1167 6050/1746/1165
f 6052/1752/1167 6035/1731/1157 6034/1733/1157
f 6055/1753/1168 6056/1754/1168 6054/1755/1168
f 6057/1756/1029 6058/1757/1029 6056/1758/1029
f 6058/1761/1169 6061/2038/1169 6060/1760/1169
f 6061/2039/1170 6062/1764/1170 6060/1762/1170
f 6063/1765/1166 6061/1766/1166 6059/1767/1166
f 6062/1770/1032 6065/2036/1032 6064/1769/1032
f 6064/1771/1171 6055/1772/1171 6054/1773/1171
f 6067/2040/1172 6068/2041/1173 6066/2042/1172
f 6068/2041/1173 6071/2043/1174 6070/2044/1174
f 6071/2043/1174 6072/2045/1175 6070/2044/1174
f 6072/2045/1175 6075/2046/1176 6074/2047/1176
f 6075/2046/1176 6076/2048/1177 6074/2047/1176
f 6076/2048/1177 6079/2049/1178 6078/2050/1178
f 6079/2049/1178 6080/2051/1179 6078/2050/1178
f 6080/2051/1179 6083/2052/1180 6082/2053/1180
f 6079/2060/1181 6075/2061/1181 6071/2055/1181
f 6083/2052/1180 6084/2057/1182 6082/2053/1180
f 6084/2057/1182 6067/2058/1172 6066/2059/1172
f 6087/2040/1172 6088/2041/1173 6086/2042/1172
f 6088/2041/1173 6091/2043/1174 6090/2044/1174
f 6091/2043/1174 6092/2045/1175 6090/2044/1174
f 6092/2045/1175 6095/2046/1176 6094/2047/1176
f 6095/2046/1176 6096/2048/1177 6094/2047/1176
f 6096/2048/1177 6099/2049/1178 6098/2050/1178
f 6099/2049/1178 6100/2051/1179 6098/2050/1178
f 6100/2051/1179 6103/2052/1180 6102/2053/1180
f 6093/2054/1181 6091/2055/1181 6103/2056/1181
f 6103/2052/1180 6104/2057/1182 6102/2053/1180
f 6104/2057/1182 6087/2058/1172 6086/2059/1172
f 6107/2040/1172 6108/2041/1173 6106/2042/1172
f 6108/2041/1173 6111/2043/1174 6110/2044/1174
f 6111/2043/1174 6112/2045/1175 6110/2044/1174
f 6112/2045/1175 6115/2046/1176 6114/2047/1176
f 6115/2046/1176 6116/2048/1177 6114/2047/1176
f 6116/2048/1177 6119/2049/1178 6118/2050/1178
f 6119/2049/1178 6120/2051/1179 6118/2050/1178
f 6120/2051/1179 6123/2052/1180 6122/2053/1180
f 6111/2055/1181 6107/2062/1181 6123/2056/1181
f 6123/2052/1180 6124/2057/1182 6122/2053/1180
f 6124/2057/1182 6107/2058/1172 6106/2059/1172
f 6127/2040/1172 6128/2041/1173 6126/2042/1172
f 6128/2041/1173 6131/2043/1174 6130/2044/1174
f 6131/2043/1174 6132/2045/1175 6130/2044/1174
f 6132/2045/1175 6135/2046/1176 6134/2047/1176
f 6135/2046/1176 6136/2048/1177 6134/2047/1176
f 6136/2048/1177 6139/2049/1178 6138/2050/1178
f 6139/2049/1178 6140/2051/1179 6138/2050/1178
f 6140/2051/1179 6143/2052/1180 6142/2053/1180
f 6131/2055/1181 6127/2062/1181 6143/2056/1181
f 6143/2052/1180 6144/2057/1182 6142/2053/1180
f 6144/2057/1182 6127/2058/1172 6126/2059/1172
f 6147/2040/1172 6148/2041/1173 6146/2042/1172
f 6148/2041/1173 6151/2043/1174 6150/2044/1174
f 6151/2043/1174 6152/2045/1175 6150/2044/1174
f 6152/2045/1175 6155/2046/1176 6154/2047/1176
f 6155/2046/1176 6156/2048/1177 6154/2047/1176
f 6156/2048/1177 6159/2049/1178 6158/2050/1178
f 6159/2049/1178 6160/2051/1179 6158/2050/1178
f 6160/2051/1179 6163/2052/1180 6162/2053/1180
f 6151/2055/1181 6147/2062/1181 6163/2056/1181
f 6163/2052/1180 6164/2057/1182 6162/2053/1180
f 6164/2057/1182 6147/2058/1172 6146/2059/1172
f 6167/2040/1172 6168/2041/1173 6166/2042/1172
f 6168/2041/1173 6171/2043/1174 6170/2044/1174
f 6171/2043/1174 6172/2045/1175 6170/2044/1174
f 6172/2045/1175 6175/2046/1176 6174/2047/1176
f 6175/2046/1176 6176/2048/1177 6174/2047/1176
f 6176/2048/1177 6179/2049/1178 6178/2050/1178
f 6179/2049/1178 6180/2051/1179 6178/2050/1178
f 6180/2051/1179 6183/2052/1180 6182/2053/1180
f 6183/2056/1181 6179/2060/1181 6175/2061/1181
f 6183/2052/1180 6184/2057/1182 6182/2053/1180
f 6184/2057/1182 6167/2058/1172 6166/2059/1172
f 6187/2040/1172 6188/2041/1173 6186/2042/1172
f 6188/2041/1173 6191/2043/1174 6190/2044/1174
f 6191/2043/1174 6192/2045/1175 6190/2044/1174
f 6192/2045/1175 6195/2046/1176 6194/2047/1176
f 6195/2046/1176 6196/2048/1177 6194/2047/1176
f 6196/2048/1177 6199/2049/1178 6198/2050/1178
f 6199/2049/1178 6200/2051/1179 6198/2050/1178
f 6200/2051/1179 6203/2052/1180 6202/2053/1180
f 6203/2056/1181 6195/2061/1181 6191/2055/1181
f 6203/2052/1180 6204/2057/1182 6202/2053/1180
f 6204/2057/1182 6187/2058/1172 6186/2059/1172
f 6207/2040/1172 6208/2041/1173 6206/2042/1172
f 6208/2041/1173 6211/2043/1174 6210/2044/1174
f 6211/2043/1174 6212/2045/1175 6210/2044/1174
f 6212/2045/1175 6215/2046/1176 6214/2047/1176
f 6215/2046/1176 6216/2048/1177 6214/2047/1176
f 6216/2048/1177 6219/2049/1178 6218/2050/1178
f 6219/2049/1178 6220/2051/1179 6218/2050/1178
f 6220/2051/1179 6223/2052/1180 6222/2053/1180
f 6213/2054/1181 6211/2055/1181 6223/2056/1181
f 6223/2052/1180 6224/2057/1182 6222/2053/1180
f 6224/2057/1182 6207/2058/1172 6206/2059/1172
f 6227/2040/1172 6228/2041/1173 6226/2042/1172
f 6228/2041/1173 6231/2043/1174 6230/2044/1174
f 6231/2043/1174 6232/2045/1175 6230/2044/1174
f 6232/2045/1175 6235/2046/1176 6234/2047/1176
f 6235/2046/1176 6236/2048/1177 6234/2047/1176
f 6236/2048/1177 6239/2049/1178 6238/2050/1178
f 6239/2049/1178 6240/2051/1179 6238/2050/1178
f 6240/2051/1179 6243/2052/1180 6242/2053/1180
f 6239/2060/1181 6235/2061/1181 6231/2055/1181
f 6243/2052/1180 6244/2057/1182 6242/2053/1180
f 6244/2057/1182 6227/2058/1172 6226/2059/1172
f 6247/2040/1172 6248/2041/1173 6246/2042/1172
f 6248/2041/1173 6251/2043/1174 6250/2044/1174
f 6251/2043/1174 6252/2045/1175 6250/2044/1174
f 6252/2045/1175 6255/2046/1176 6254/2047/1176
f 6255/2046/1176 6256/2048/1177 6254/2047/1176
f 6256/2048/1177 6259/2049/1178 6258/2050/1178
f 6259/2049/1178 6260/2051/1179 6258/2050/1178
f 6260/2051/1179 6263/2052/1180 6262/2053/1180
f 6259/2060/1181 6255/2061/1181 6251/2055/1181
f 6263/2052/1180 6264/2057/1182 6262/2053/1180
f 6264/2057/1182 6247/2058/1172 6246/2059/1172
f 6266/2042/1172 6269/2063/1173 6268/2041/1173
f 6269/2063/1173 6270/2044/1174 6268/2041/1173
f 6270/2044/1174 6273/2064/1175 6272/2045/1175
f 6273/2064/1175 6274/2047/1176 6272/2045/1175
f 6274/2047/1176 6277/2065/1177 6276/2048/1177
f 6277/2065/1177 6278/2050/1178 6276/2048/1177
f 6278/2050/1178 6281/2066/1179 6280/2051/1179
f 6281/2066/1179 6282/2053/1180 6280/2051/1179
f 6283/2056/1181 6275/2061/1181 6271/2055/1181
f 6282/2053/1180 6285/2067/1182 6284/2057/1182
f 6285/2067/1182 6266/2059/1172 6284/2057/1182
f 6286/2042/1172 6289/2063/1173 6288/2041/1173
f 6289/2063/1173 6290/2044/1174 6288/2041/1173
f 6290/2044/1174 6293/2064/1175 6292/2045/1175
f 6293/2064/1175 6294/2047/1176 6292/2045/1175
f 6294/2047/1176 6297/2065/1177 6296/2048/1177
f 6297/2065/1177 6298/2050/1178 6296/2048/1177
f 6298/2050/1178 6301/2066/1179 6300/2051/1179
f 6301/2066/1179 6302/2053/1180 6300/2051/1179
f 6303/2056/1181 6295/2061/1181 6291/2055/1181
f 6302/2053/1180 6305/2067/1182 6304/2057/1182
f 6305/2067/1182 6286/2059/1172 6304/2057/1182
f 6306/2042/1172 6309/2063/1173 6308/2041/1173
f 6309/2063/1173 6310/2044/1174 6308/2041/1173
f 6310/2044/1174 6313/2064/1175 6312/2045/1175
f 6313/2064/1175 6314/2047/1176 6312/2045/1175
f 6314/2047/1176 6317/2065/1177 6316/2048/1177
f 6317/2065/1177 6318/2050/1178 6316/2048/1177
f 6318/2050/1178 6321/2066/1179 6320/2051/1179
f 6321/2066/1179 6322/2053/1180 6320/2051/1179
f 6313/2054/1181 6311/2055/1181 6323/2056/1181
f 6322/2053/1180 6325/2067/1182 6324/2057/1182
f 6325/2067/1182 6306/2059/1172 6324/2057/1182
f 6326/2042/1172 6329/2063/1173 6328/2041/1173
f 6329/2063/1173 6330/2044/1174 6328/2041/1173
f 6330/2044/1174 6333/2064/1175 6332/2045/1175
f 6333/2064/1175 6334/2047/1176 6332/2045/1175
f 6334/2047/1176 6337/2065/1177 6336/2048/1177
f 6337/2065/1177 6338/2050/1178 6336/2048/1177
f 6338/2050/1178 6341/2066/1179 6340/2051/1179
f 6341/2066/1179 6342/2053/1180 6340/2051/1179
f 6343/2056/1181 6335/2061/1181 6331/2055/1181
f 6342/2053/1180 6345/2067/1182 6344/2057/1182
f 6345/2067/1182 6326/2059/1172 6344/2057/1182
f 6346/2042/1172 6349/2063/1173 6348/2041/1173
f 6349/2063/1173 6350/2044/1174 6348/2041/1173
f 6350/2044/1174 6353/2064/1175 6352/2045/1175
f 6353/2064/1175 6354/2047/1176 6352/2045/1175
f 6354/2047/1176 6357/2065/1177 6356/2048/1177
f 6357/2065/1177 6358/2050/1178 6356/2048/1177
f 6358/2050/1178 6361/2066/1179 6360/2051/1179
f 6361/2066/1179 6362/2053/1180 6360/2051/1179
f 6363/2056/1181 6359/2060/1181 6355/2061/1181
f 6362/2053/1180 6365/2067/1182 6364/2057/1182
f 6365/2067/1182 6346/2059/1172 6364/2057/1182
f 6367/1731/1563 6368/1732/1564 6366/1733/1563
f 6368/1732/1564 6371/1736/1565 6370/1735/1565
f 6370/1735/1565 6373/1738/1566 6372/1737/1566
f 6373/1738/1566 6374/1739/1567 6372/1737/1566
f 6375/1777/1567 6376/1741/1568 6374/1739/1567
f 6376/1741/1568 6379/1743/1569 6378/1742/1569
f 6378/1742/1569 6381/1775/1570 6380/1744/1570
f 6381/1775/1570 6382/1746/1571 6380/1744/1570
f 6373/1780/1572 6371/1749/1572 6383/1747/1572
f 6383/1745/1571 6384/1750/1573 6382/1746/1571
f 6384/1752/1573 6367/1731/1563 6366/1733/1563
f 6387/1753/1574 6388/1754/1574 6386/1755/1574
f 6389/1756/1029 6390/1757/1029 6388/1758/1029
f 6391/1759/1575 6392/1760/1575 6390/1761/1575
f 6392/1762/1576 6395/1763/1576 6394/1764/1576
f 6395/1765/1572 6393/1766/1572 6391/1767/1572
f 6394/1770/1032 6397/2036/1032 6396/1769/1032
f 6396/1771/1577 6387/1772/1577 6386/1773/1577
f 6399/1731/1563 6400/1732/1564 6398/1733/1563
f 6400/1732/1564 6403/1736/1565 6402/1735/1565
f 6402/1735/1565 6405/1738/1566 6404/1737/1566
f 6405/1738/1566 6406/1739/1567 6404/1737/1566
f 6407/1777/1567 6408/1741/1568 6406/1739/1567
f 6408/1741/1568 6411/1743/1569 6410/1742/1569
f 6410/1742/1569 6413/1775/1570 6412/1744/1570
f 6413/1775/1570 6414/1746/1571 6412/1744/1570
f 6405/1780/1572 6403/1749/1572 6415/1747/1572
f 6415/1745/1571 6416/1750/1573 6414/1746/1571
f 6416/1752/1573 6399/1731/1563 6398/1733/1563
f 6419/1753/1574 6420/1754/1574 6418/1755/1574
f 6421/1756/1029 6422/1757/1029 6420/1758/1029
f 6423/1759/1575 6424/1760/1575 6422/1761/1575
f 6424/1762/1576 6427/1763/1576 6426/1764/1576
f 6425/1766/1572 6423/1767/1572 6419/1779/1572
f 6426/1770/1032 6429/2036/1032 6428/1769/1032
f 6428/1771/1577 6419/1772/1577 6418/1773/1577
f 6431/1731/1563 6432/1732/1564 6430/1733/1563
f 6432/1732/1564 6435/1736/1565 6434/1735/1565
f 6434/1735/1565 6437/1738/1566 6436/1737/1566
f 6437/1738/1566 6438/1739/1567 6436/1737/1566
f 6439/1777/1567 6440/1741/1568 6438/1739/1567
f 6440/1741/1568 6443/1743/1569 6442/1742/1569
f 6442/1742/1569 6445/1775/1570 6444/1744/1570
f 6445/1775/1570 6446/1746/1571 6444/1744/1570
f 6435/1749/1572 6431/1778/1572 6447/1747/1572
f 6447/1745/1571 6448/1750/1573 6446/1746/1571
f 6448/1752/1573 6431/1731/1563 6430/1733/1563
f 6451/1753/1574 6452/1754/1574 6450/1755/1574
f 6453/1756/1029 6454/1757/1029 6452/1758/1029
f 6455/1759/1575 6456/1760/1575 6454/1761/1575
f 6456/1762/1576 6459/1763/1576 6458/1764/1576
f 6457/1766/1572 6455/1767/1572 6451/1779/1572
f 6458/1770/1032 6461/2036/1032 6460/1769/1032
f 6461/2037/1577 6450/1773/1577 6460/1771/1577
f 6463/1731/1563 6464/1732/1564 6462/1733/1563
f 6464/1732/1564 6467/1736/1565 6466/1735/1565
f 6466/1735/1565 6469/1738/1566 6468/1737/1566
f 6469/1738/1566 6470/1739/1567 6468/1737/1566
f 6471/1777/1567 6472/1741/1568 6470/1739/1567
f 6472/1741/1568 6475/1743/1569 6474/1742/1569
f 6474/1742/1569 6477/1775/1570 6476/1744/1570
f 6477/1775/1570 6478/1746/1571 6476/1744/1570
f 6469/1780/1572 6467/1749/1572 6479/1747/1572
f 6479/1745/1571 6480/1750/1573 6478/1746/1571
f 6480/1752/1573 6463/1731/1563 6462/1733/1563
f 6483/1753/1574 6484/1754/1574 6482/1755/1574
f 6485/1756/1029 6486/1757/1029 6484/1758/1029
f 6487/1759/1575 6488/1760/1575 6486/1761/1575
f 6488/1762/1576 6491/1763/1576 6490/1764/1576
f 6491/1765/1572 6489/1766/1572 6487/1767/1572
f 6490/1770/1032 6493/2036/1032 6492/1769/1032
f 6492/1771/1577 6483/1772/1577 6482/1773/1577
f 6495/1731/1563 6496/1732/1564 6494/1733/1563
f 6496/1732/1564 6499/1736/1565 6498/1735/1565
f 6498/1735/1565 6501/1738/1566 6500/1737/1566
f 6501/1738/1566 6502/1739/1567 6500/1737/1566
f 6503/1777/1567 6504/1741/1568 6502/1739/1567
f 6504/1741/1568 6507/1743/1569 6506/1742/1569
f 6506/1742/1569 6509/1775/1570 6508/1744/1570
f 6509/1775/1570 6510/1746/1571 6508/1744/1570
f 6501/1780/1572 6499/1749/1572 6511/1747/1572
f 6511/1745/1571 6512/1750/1573 6510/1746/1571
f 6512/1752/1573 6495/1731/1563 6494/1733/1563
f 6515/1753/1574 6516/1754/1574 6514/1755/1574
f 6517/1756/1029 6518/1757/1029 6516/1758/1029
f 6519/1759/1575 6520/1760/1575 6518/1761/1575
f 6520/1762/1576 6523/1763/1576 6522/1764/1576
f 6523/1765/1572 6521/1766/1572 6519/1767/1572
f 6522/1770/1032 6525/2036/1032 6524/1769/1032
f 6524/1771/1577 6515/1772/1577 6514/1773/1577
f 6527/1731/1563 6528/1732/1564 6526/1733/1563
f 6529/1734/1564 6530/1735/1565 6528/1732/1564
f 6531/1736/1565 6532/1737/1566 6530/1735/1565
f 6533/1738/1566 6534/1739/1567 6532/1737/1566
f 6535/1777/1567 6536/1741/1568 6534/1739/1567
f 6536/1741/1568 6539/1743/1569 6538/1742/1569
f 6538/1742/1569 6541/1775/1570 6540/1744/1570
f 6540/1744/1570 6543/1745/1571 6542/1746/1571
f 6531/1749/1572 6527/1778/1572 6543/1747/1572
f 6542/1746/1571 6545/1776/1573 6544/1750/1573
f 6544/1752/1573 6527/1731/1563 6526/1733/1563
f 6547/1753/1574 6548/1754/1574 6546/1755/1574
f 6549/1756/1029 6550/1757/1029 6548/1758/1029
f 6550/1761/1575 6553/2038/1575 6552/1760/1575
f 6553/2039/1576 6554/1764/1576 6552/1762/1576
f 6555/1765/1572 6553/1766/1572 6551/1767/1572
f 6554/1770/1032 6557/2036/1032 6556/1769/1032
f 6556/1771/1577 6547/1772/1577 6546/1773/1577
f 6559/1731/1563 6560/1732/1564 6558/1733/1563
f 6561/1734/1564 6562/1735/1565 6560/1732/1564
f 6563/1736/1565 6564/1737/1566 6562/1735/1565
f 6565/1738/1566 6566/1739/1567 6564/1737/1566
f 6567/1777/1567 6568/1741/1568 6566/1739/1567
f 6568/1741/1568 6571/1743/1569 6570/1742/1569
f 6570/1742/1569 6573/1775/1570 6572/1744/1570
f 6572/1744/1570 6575/1745/1571 6574/1746/1571
f 6559/1778/1572 6575/1747/1572 6567/1748/1572
f 6574/1746/1571 6577/1776/1573 6576/1750/1573
f 6576/1752/1573 6559/1731/1563 6558/1733/1563
f 6579/1753/1574 6580/1754/1574 6578/1755/1574
f 6581/1756/1029 6582/1757/1029 6580/1758/1029
f 6582/1761/1575 6585/2038/1575 6584/1760/1575
f 6585/2039/1576 6586/1764/1576 6584/1762/1576
f 6585/1766/1572 6583/1767/1572 6579/1779/1572
f 6586/1770/1032 6589/2036/1032 6588/1769/1032
f 6588/1771/1577 6579/1772/1577 6578/1773/1577
f 6591/1731/1563 6592/1732/1564 6590/1733/1563
f 6593/1734/1564 6594/1735/1565 6592/1732/1564
f 6595/1736/1565 6596/1737/1566 6594/1735/1565
f 6597/1738/1566 6598/1739/1567 6596/1737/1566
f 6599/1777/1567 6600/1741/1568 6598/1739/1567
f 6600/1741/1568 6603/1743/1569 6602/1742/1569
f 6602/1742/1569 6605/1775/1570 6604/1744/1570
f 6604/1744/1570 6607/1745/1571 6606/1746/1571
f 6595/1749/1572 6591/1778/1572 6607/1747/1572
f 6606/1746/1571 6609/1776/1573 6608/1750/1573
f 6608/1752/1573 6591/1731/1563 6590/1733/1563
f 6611/1753/1574 6612/1754/1574 6610/1755/1574
f 6613/1756/1029 6614/1757/1029 6612/1758/1029
f 6614/1761/1575 6617/2038/1575 6616/1760/1575
f 6617/2039/1576 6618/1764/1576 6616/1762/1576
f 6619/1765/1572 6617/1766/1572 6615/1767/1572
f 6618/1770/1032 6621/2036/1032 6620/1769/1032
f 6620/1771/1577 6611/1772/1577 6610/1773/1577
f 6623/1731/1563 6624/1732/1564 6622/1733/1563
f 6625/1734/1564 6626/1735/1565 6624/1732/1564
f 6627/1736/1565 6628/1737/1566 6626/1735/1565
f 6629/1738/1566 6630/1739/1567 6628/1737/1566
f 6631/1777/1567 6632/1741/1568 6630/1739/1567
f 6632/1741/1568 6635/1743/1569 6634/1742/1569
f 6634/1742/1569 6637/1775/1570 6636/1744/1570
f 6636/1744/1570 6639/1745/1571 6638/1746/1571
f 6627/1749/1572 6623/1778/1572 6639/1747/1572
f 6638/1746/1571 6641/1776/1573 6640/1750/1573
f 6640/1752/1573 6623/1731/1563 6622/1733/1563
f 6643/1753/1574 6644/1754/1574 6642/1755/1574
f 6645/1756/1029 6646/1757/1029 6644/1758/1029
f 6646/1761/1575 6649/2038/1575 6648/1760/1575
f 6649/2039/1576 6650/1764/1576 6648/1762/1576
f 6651/1765/1572 6649/1766/1572 6647/1767/1572
f 6650/1770/1032 6653/2036/1032 6652/1769/1032
f 6652/1771/1577 6643/1772/1577 6642/1773/1577
f 6655/1731/1563 6656/1732/1564 6654/1733/1563
f 6657/1734/1564 6658/1735/1565 6656/1732/1564
f 6659/1736/1565 6660/1737/1566 6658/1735/1565
f 6661/1738/1566 6662/1739/1567 6660/1737/1566
f 6663/1777/1567 6664/1741/1568 6662/1739/1567
f 6664/1741/1568 6667/1743/1569 6666/1742/1569
f 6666/1742/1569 6669/1775/1570 6668/1744/1570
f 6668/1744/1570 6671/1745/1571 6670/1746/1571
f 6659/1749/1572 6655/1778/1572 6671/1747/1572
f 6670/1746/1571 6673/1776/1573 6672/1750/1573
f 6672/1752/1573 6655/1731/1563 6654/1733/1563
f 6675/1753/1574 6676/1754/1574 6674/1755/1574
f 6677/1756/1029 6678/1757/1029 6676/1758/1029
f 6678/1761/1575 6681/2038/1575 6680/1760/1575
f 6681/2039/1576 6682/1764/1576 6680/1762/1576
f 6683/1765/1572 6681/1766/1572 6679/1767/1572
f 6682/1770/1032 6685/2036/1032 6684/1769/1032
f 6684/1771/1577 6675/1772/1577 6674/1773/1577
f 6709/2068/1649 6686/2069/1650 6697/2070/1651
f 6688/2071/1652 6701/2072/1653 6689/2073/1653
f 6701/2072/1653 6690/2075/1654 6689/2073/1653
f 6690/2075/1654 6703/2077/1655 6691/2076/1656
f 6691/2076/1656 6704/2671/1657 6692/2078/1657
f 6704/2671/1657 6693/2080/1658 6692/2078/1657
f 6693/2080/1658 6706/2081/1659 6694/2082/1660
f 6694/2082/1660 6707/2084/1661 6695/2083/1661
f 6707/2084/1661 6696/2085/1662 6695/2083/1661
f 6708/2086/1663 6697/2070/1651 6696/2085/1662
f 6686/2087/1650 6699/2088/1664 6687/2089/1665
f 6687/2089/1665 6700/2090/1666 6688/2071/1652
f 6700/2672/1035 6698/2093/1035 6706/2096/1035
f 6733/2068/1649 6710/2069/1650 6721/2070/1649
f 6712/2071/1652 6725/2072/1653 6713/2073/1653
f 6725/2072/1653 6714/2075/1654 6713/2073/1653
f 6726/2074/1667 6715/2076/1655 6714/2075/1654
f 6727/2077/1656 6716/2078/1657 6715/2076/1655
f 6728/2671/1657 6717/2080/1658 6716/2078/1657
f 6717/2080/1658 6730/2081/1659 6718/2082/1660
f 6718/2082/1660 6731/2084/1661 6719/2083/1661
f 6731/2084/1661 6720/2085/1662 6719/2083/1661
f 6732/2086/1663 6721/2070/1649 6720/2085/1662
f 6710/2087/1650 6723/2088/1664 6711/2089/1664
f 6711/2089/1664 6724/2090/1666 6712/2071/1652
f 6724/2672/1035 6722/2093/1035 6730/2096/1035
f 6757/2068/1649 6734/2069/1650 6745/2070/1649
f 6736/2071/1652 6749/2072/1653 6737/2073/1653
f 6737/2073/1653 6750/2074/1654 6738/2075/1654
f 6750/2074/1654 6739/2076/1656 6738/2075/1654
f 6739/2076/1656 6752/2671/1657 6740/2078/1657
f 6752/2671/1657 6741/2080/1658 6740/2078/1657
f 6741/2080/1658 6754/2081/1660 6742/2082/1660
f 6754/2081/1660 6743/2083/1661 6742/2082/1660
f 6755/2084/1661 6744/2085/1662 6743/2083/1661
f 6756/2086/1663 6745/2070/1649 6744/2085/1662
f 6734/2087/1650 6747/2088/1664 6735/2089/1664
f 6735/2089/1664 6748/2090/1666 6736/2071/1652
f 6748/2672/1035 6746/2093/1035 6754/2096/1035
f 6781/2068/1649 6758/2069/1650 6769/2070/1649
f 6760/2071/1652 6773/2072/1653 6761/2073/1653
f 6761/2073/1653 6774/2074/1654 6762/2075/1667
f 6762/2075/1667 6775/2077/1655 6763/2076/1656
f 6763/2076/1656 6776/2671/1657 6764/2078/1657
f 6776/2671/1657 6765/2080/1658 6764/2078/1657
f 6777/2079/1668 6766/2082/1660 6765/2080/1658
f 6778/2081/1660 6767/2083/1661 6766/2082/1660
f 6779/2084/1661 6768/2085/1662 6767/2083/1661
f 6780/2086/1663 6769/2070/1649 6768/2085/1662
f 6758/2087/1650 6771/2088/1664 6759/2089/1664
f 6759/2089/1664 6772/2090/1666 6760/2071/1652
f 6778/2096/1035 6776/2091/1035 6774/2092/1035
f 6782/1858/1043 6785/1859/1061 6784/1857/1061
f 6784/1857/1061 6787/1861/1062 6786/1860/1062
f 6787/1861/1062 6788/1862/1063 6786/1860/1062
f 6789/1863/1063 6790/1864/1064 6788/1862/1063
f 6791/1886/1064 6792/1866/1040 6790/1864/1064
f 6792/1869/1040 6795/1884/1065 6794/1868/1065
f 6794/1868/1065 6797/1870/1066 6796/1871/1066
f 6796/1871/1066 6799/1872/1067 6798/1873/1067
f 6797/1870/1068 6808/1874/1069 6809/1875/1068
f 6799/1872/1067 6800/1877/1070 6798/1873/1067
f 6801/1876/1070 6782/1858/1043 6800/1877/1070
f 6792/2673/1071 6796/1880/1071 6800/2674/1071
f 6803/1881/1072 6831/1882/1073 6814/1883/1074
f 6795/1884/1069 6807/1885/1075 6808/1874/1069
f 6791/1886/1076 6807/1887/1075 6793/1865/1075
f 6789/1863/1077 6806/1888/1076 6791/1886/1076
f 6783/1856/1078 6802/1889/1079 6785/1859/1079
f 6787/1861/1080 6805/1890/1077 6789/1863/1077
f 6785/1859/1079 6804/1891/1080 6787/1861/1080
f 6783/1856/1078 6811/1892/1081 6803/1893/1078
f 6801/1876/1081 6810/1894/1082 6811/1892/1081
f 6799/1872/1082 6809/1875/1068 6810/1894/1082
f 6802/1895/1083 6817/1896/1084 6804/1897/1085
f 6811/1898/1086 6829/1899/1087 6831/1882/1073
f 6807/1900/1088 6825/1901/1089 6808/1902/1090
f 6803/1881/1072 6813/1903/1091 6802/1895/1083
f 6809/1904/1092 6825/1901/1089 6827/1905/1093
f 6805/1906/1094 6821/1907/1095 6806/1908/1096
f 6804/1897/1085 6819/1909/1097 6805/1906/1094
f 6810/1910/1098 6827/1905/1093 6829/1899/1087
f 6806/1908/1096 6823/1911/1099 6807/1912/1088
f 6814/1913/1074 6812/1914/1100 6813/1915/1091
f 6813/1915/1091 6816/1917/1669 6817/1916/1084
f 6817/1916/1084 6818/1919/1670 6819/1918/1097
f 6821/1920/1095 6818/1919/1670 6820/1921/1103
f 6823/1922/1099 6820/1921/1103 6822/1923/1104
f 6823/1922/1099 6824/1924/1671 6825/1925/1089
f 6825/1925/1089 6826/1926/1106 6827/1927/1093
f 6829/1929/1087 6826/1926/1106 6828/1928/1672
f 6831/1931/1073 6828/1928/1672 6830/1930/1108
f 6814/1913/1074 6830/1930/1108 6815/1932/1109
f 6815/1932/1109 6828/1928/1672 6820/1921/1103
f 6832/1858/1043 6835/1859/1061 6834/1857/1061
f 6835/1859/1061 6836/1860/1062 6834/1857/1061
f 6837/1861/1062 6838/1862/1063 6836/1860/1062
f 6839/1863/1063 6840/1864/1064 6838/1862/1063
f 6841/1886/1064 6842/1866/1040 6840/1864/1064
f 6842/1869/1040 6845/1884/1065 6844/1868/1065
f 6844/1868/1065 6847/1870/1066 6846/1871/1066
f 6846/1871/1066 6849/1872/1067 6848/1873/1067
f 6847/1870/1068 6858/1874/1069 6859/1875/1068
f 6848/1873/1067 6851/1876/1070 6850/1877/1070
f 6851/1876/1070 6832/1858/1043 6850/1877/1070
f 6848/2675/1071 6850/2674/1071 6838/1879/1071
f 6853/1881/1072 6881/1882/1073 6864/1883/1074
f 6845/1884/1069 6857/1885/1075 6858/1874/1069
f 6841/1886/1076 6857/1887/1075 6843/1865/1075
f 6839/1863/1077 6856/1888/1076 6841/1886/1076
f 6833/1856/1078 6852/1889/1079 6835/1859/1079
f 6837/1861/1080 6855/1890/1077 6839/1863/1077
f 6835/1859/1079 6854/1891/1080 6837/1861/1080
f 6833/1856/1078 6861/1892/1081 6853/1893/1078
f 6851/1876/1081 6860/1894/1082 6861/1892/1081
f 6849/1872/1082 6859/1875/1068 6860/1894/1082
f 6852/1895/1083 6867/1896/1084 6854/1897/1085
f 6861/1898/1086 6879/1899/1087 6881/1882/1073
f 6858/1902/1090 6873/2676/1099 6875/1901/1673
f 6853/1881/1072 6863/1903/1091 6852/1895/1083
f 6859/1904/1092 6875/1901/1673 6877/1905/1093
f 6855/1906/1094 6871/1907/1674 6856/1908/1096
f 6854/1897/1085 6869/1909/1097 6855/1906/1094
f 6860/1910/1098 6877/1905/1093 6879/1899/1087
f 6856/1908/1096 6873/1911/1099 6857/1912/1088
f 6864/1913/1074 6862/1914/1675 6863/1915/1091
f 6863/1915/1091 6866/1917/1669 6867/1916/1084
f 6867/1916/1084 6868/1919/1670 6869/1918/1097
f 6869/1918/1097 6870/1921/1103 6871/1920/1674
f 6871/1920/1674 6872/1923/1676 6873/1922/1099
f 6875/1925/1673 6872/1923/1676 6874/1924/1105
f 6877/1927/1093 6874/1924/1105 6876/1926/1106
f 6879/1929/1087 6876/1926/1106 6878/1928/1107
f 6881/1931/1073 6878/1928/1107 6880/1930/1108
f 6864/1913/1074 6880/1930/1108 6865/1932/1677
f 6878/1928/1107 6874/1924/1105 6870/1921/1103
f 6883/1856/1043 6884/1857/1061 6882/1858/1043
f 6885/1859/1061 6886/1860/1062 6884/1857/1061
f 6887/1861/1062 6888/1862/1063 6886/1860/1062
f 6889/1863/1063 6890/1864/1064 6888/1862/1063
f 6891/1886/1064 6892/1866/1040 6890/1864/1064
f 6892/1869/1040 6895/1884/1065 6894/1868/1065
f 6894/1868/1065 6897/1870/1066 6896/1871/1066
f 6897/1870/1066 6898/1873/1067 6896/1871/1066
f 6897/1870/1068 6908/1874/1069 6909/1875/1068
f 6898/1873/1067 6901/1876/1070 6900/1877/1070
f 6900/1877/1070 6883/1856/1043 6882/1858/1043
f 6884/1878/1071 6888/1879/1071 6896/1880/1071
f 6903/1881/1072 6931/1882/1073 6914/1883/1678
f 6895/1884/1069 6907/1885/1075 6908/1874/1069
f 6891/1886/1076 6907/1887/1075 6893/1865/1075
f 6889/1863/1077 6906/1888/1076 6891/1886/1076
f 6883/1856/1078 6902/1889/1079 6885/1859/1079
f 6887/1861/1080 6905/1890/1077 6889/1863/1077
f 6885/1859/1079 6904/1891/1080 6887/1861/1080
f 6883/1856/1078 6911/1892/1081 6903/1893/1078
f 6901/1876/1081 6910/1894/1082 6911/1892/1081
f 6899/1872/1082 6909/1875/1068 6910/1894/1082
f 6902/1895/1083 6917/1896/1084 6904/1897/1085
f 6911/1898/1086 6929/1899/1087 6931/1882/1073
f 6907/1900/1088 6925/1901/1673 6908/1902/1090
f 6903/1881/1072 6913/1903/1679 6902/1895/1083
f 6909/1904/1092 6925/1901/1673 6927/1905/1093
f 6905/1906/1094 6921/1907/1674 6906/1908/1096
f 6904/1897/1085 6919/1909/1097 6905/1906/1094
f 6910/1910/1098 6927/1905/1093 6929/1899/1087
f 6906/1908/1096 6923/1911/1099 6907/1912/1088
f 6913/1915/1679 6915/1932/1680 6912/1914/1100
f 6917/1916/1084 6912/1914/1100 6916/1917/1101
f 6917/1916/1084 6918/1919/1670 6919/1918/1097
f 6919/1918/1097 6920/1921/1103 6921/1920/1674
f 6921/1920/1674 6922/1923/1676 6923/1922/1099
f 6925/1925/1673 6922/1923/1676 6924/1924/1681
f 6927/1927/1093 6924/1924/1681 6926/1926/1106
f 6929/1929/1087 6926/1926/1106 6928/1928/1107
f 6929/1929/1087 6930/1930/1108 6931/1931/1073
f 6931/1931/1073 6915/1932/1680 6914/1913/1678
f 6916/1917/1101 6915/1932/1680 6928/1928/1107
f 6941/2097/1682 6949/2098/1683 6932/2099/1683
f 6938/2100/1039 6953/2101/1684 6955/2102/1039
f 6943/2677/1045 6959/2105/1042 6958/2103/1045
f 6934/2108/1041 6950/2130/1044 6935/2107/1044
f 6937/2109/1685 6954/2110/1038 6952/2111/1685
f 6953/2101/1684 6933/2112/1686 6948/2113/1686
f 6937/2114/1685 6961/2115/1687 6944/2116/1687
f 6941/2097/1682 6958/2103/1045 6956/2117/1682
f 6954/2110/1038 6938/2100/1039 6955/2102/1039
f 6959/2105/1042 6940/2119/1688 6957/2120/1688
f 6947/2121/1036 6960/2122/1689 6945/2123/1689
f 6940/2119/1688 6960/2122/1689 6957/2120/1688
f 6963/2126/1037 6947/2121/1036 6946/2124/1037
f 6961/2115/1687 6946/2124/1037 6944/2116/1687
f 6949/2098/1683 6934/2108/1041 6932/2099/1683
f 6957/2127/1035 6948/2128/1035 6949/2129/1035
f 6950/2130/1044 6933/2112/1686 6935/2107/1044
f 6973/2097/1682 6981/2098/1683 6964/2099/1683
f 6970/2100/1039 6985/2101/1684 6987/2102/1039
f 6975/2677/1045 6991/2105/1042 6990/2103/1045
f 6966/2108/1041 6982/2130/1044 6967/2107/1044
f 6969/2109/1685 6986/2110/1038 6984/2111/1685
f 6985/2101/1684 6965/2112/1686 6980/2113/1686
f 6969/2114/1685 6993/2115/1687 6976/2116/1687
f 6973/2097/1682 6990/2103/1045 6988/2117/1682
f 6971/2118/1038 6987/2102/1039 6986/2110/1038
f 6991/2105/1042 6972/2119/1688 6989/2120/1688
f 6979/2121/1036 6992/2122/1689 6977/2123/1689
f 6972/2119/1688 6992/2122/1689 6989/2120/1688
f 6995/2126/1037 6979/2121/1036 6978/2124/1037
f 6993/2115/1687 6978/2124/1037 6976/2116/1687
f 6981/2098/1683 6966/2108/1041 6964/2099/1683
f 6989/2127/1035 6980/2128/1035 6981/2129/1035
f 6982/2130/1044 6965/2112/1686 6967/2107/1044
f 7005/2097/1682 7013/2098/1683 6996/2099/1683
f 7002/2100/1039 7017/2101/1684 7019/2102/1039
f 7007/2677/1045 7023/2105/1042 7022/2103/1045
f 6998/2108/1041 7014/2130/1044 6999/2107/1044
f 7001/2109/1685 7018/2110/1038 7016/2111/1685
f 7017/2101/1684 6997/2112/1686 7012/2113/1686
f 7001/2114/1685 7025/2115/1687 7008/2116/1687
f 7005/2097/1682 7022/2103/1045 7020/2117/1682
f 7018/2110/1038 7002/2100/1039 7019/2102/1039
f 7023/2105/1042 7004/2119/1688 7021/2120/1688
f 7011/2121/1036 7024/2122/1689 7009/2123/1689
f 7004/2119/1688 7024/2122/1689 7021/2120/1688
f 7027/2126/1037 7011/2121/1036 7010/2124/1037
f 7025/2115/1687 7010/2124/1037 7008/2116/1687
f 7013/2098/1683 6998/2108/1041 6996/2099/1683
f 7021/2127/1035 7012/2128/1035 7013/2129/1035
f 7014/2130/1044 6997/2112/1686 6999/2107/1044
f 7037/2097/1682 7045/2098/1683 7028/2099/1683
f 7034/2100/1039 7049/2101/1684 7051/2102/1039
f 7039/2677/1045 7055/2105/1042 7054/2103/1045
f 7030/2108/1041 7046/2130/1044 7031/2107/1044
f 7033/2109/1685 7050/2110/1038 7048/2111/1685
f 7049/2101/1684 7029/2112/1686 7044/2113/1686
f 7033/2114/1685 7057/2115/1687 7040/2116/1687
f 7037/2097/1682 7054/2103/1045 7052/2117/1682
f 7050/2110/1038 7034/2100/1039 7051/2102/1039
f 7055/2105/1042 7036/2119/1688 7053/2120/1688
f 7043/2121/1036 7056/2122/1689 7041/2123/1689
f 7036/2119/1688 7056/2122/1689 7053/2120/1688
f 7059/2126/1037 7043/2121/1036 7042/2124/1037
f 7057/2115/1687 7042/2124/1037 7040/2116/1687
f 7045/2098/1683 7030/2108/1041 7028/2099/1683
f 7053/2127/1035 7044/2128/1035 7045/2129/1035
f 7046/2130/1044 7029/2112/1686 7031/2107/1044
f 7069/2097/1682 7077/2098/1683 7060/2099/1683
f 7066/2100/1039 7081/2101/1684 7083/2102/1039
f 7071/2677/1045 7087/2105/1042 7086/2103/1045
f 7062/2108/1041 7078/2130/1044 7063/2107/1044
f 7065/2109/1685 7082/2110/1038 7080/2111/1685
f 7076/2113/1686 7064/2678/1684 7061/2112/1686
f 7065/2114/1685 7089/2115/1687 7072/2116/1687
f 7069/2097/1682 7086/2103/1045 7084/2117/1682
f 7082/2110/1038 7066/2100/1039 7083/2102/1039
f 7087/2105/1042 7068/2119/1688 7085/2120/1688
f 7075/2121/1036 7088/2122/1689 7073/2123/1689
f 7073/2123/1689 7085/2120/1688 7068/2119/1688
f 7091/2126/1037 7075/2121/1036 7074/2124/1037
f 7089/2115/1687 7074/2124/1037 7072/2116/1687
f 7077/2098/1683 7062/2108/1041 7060/2099/1683
f 7085/2127/1035 7076/2128/1035 7077/2129/1035
f 7078/2130/1044 7061/2112/1686 7063/2107/1044
f 7101/2097/1682 7109/2098/1683 7092/2099/1683
f 7098/2100/1039 7113/2101/1684 7115/2102/1039
f 7103/2677/1045 7119/2105/1042 7118/2103/1045
f 7094/2108/1041 7110/2130/1044 7095/2107/1044
f 7097/2109/1685 7114/2110/1038 7112/2111/1685
f 7108/2113/1686 7096/2678/1684 7093/2112/1686
f 7097/2114/1685 7121/2115/1687 7104/2116/1687
f 7101/2097/1682 7118/2103/1045 7116/2117/1682
f 7114/2110/1038 7098/2100/1039 7115/2102/1039
f 7119/2105/1042 7100/2119/1688 7117/2120/1688
f 7107/2121/1036 7120/2122/1689 7105/2123/1689
f 7105/2123/1689 7117/2120/1688 7100/2119/1688
f 7123/2126/1037 7107/2121/1036 7106/2124/1037
f 7121/2115/1687 7106/2124/1037 7104/2116/1687
f 7109/2098/1683 7094/2108/1041 7092/2099/1683
f 7117/2127/1035 7108/2128/1035 7109/2129/1035
f 7110/2130/1044 7093/2112/1686 7095/2107/1044
f 7133/2097/1682 7141/2098/1683 7124/2099/1683
f 7130/2100/1039 7145/2101/1684 7147/2102/1039
f 7135/2677/1045 7151/2105/1042 7150/2103/1045
f 7143/2106/1041 7127/2107/1044 7126/2108/1041
f 7129/2109/1685 7146/2110/1038 7144/2111/1685
f 7140/2113/1686 7128/2678/1684 7125/2112/1686
f 7129/2114/1685 7153/2115/1687 7136/2116/1687
f 7148/2117/1682 7135/2677/1045 7150/2103/1045
f 7131/2118/1038 7147/2102/1039 7146/2110/1038
f 7151/2105/1042 7132/2119/1688 7149/2120/1688
f 7139/2121/1036 7152/2122/1689 7137/2123/1689
f 7137/2123/1689 7149/2120/1688 7132/2119/1688
f 7155/2126/1037 7139/2121/1036 7138/2124/1037
f 7136/2116/1687 7155/2126/1037 7138/2124/1037
f 7141/2098/1683 7126/2108/1041 7124/2099/1683
f 7149/2127/1035 7140/2128/1035 7141/2129/1035
f 7142/2130/1044 7125/2112/1686 7127/2107/1044
f 7165/2097/1682 7173/2098/1683 7156/2099/1683
f 7162/2100/1039 7177/2101/1684 7179/2102/1039
f 7167/2677/1045 7183/2105/1042 7182/2103/1045
f 7158/2108/1041 7174/2130/1044 7159/2107/1044
f 7161/2109/1685 7178/2110/1038 7176/2111/1685
f 7172/2113/1686 7160/2678/1684 7157/2112/1686
f 7161/2114/1685 7185/2115/1687 7168/2116/1687
f 7165/2097/1682 7182/2103/1045 7180/2117/1682
f 7178/2110/1038 7162/2100/1039 7179/2102/1039
f 7183/2105/1042 7164/2119/1688 7181/2120/1688
f 7171/2121/1036 7184/2122/1689 7169/2123/1689
f 7169/2123/1689 7181/2120/1688 7164/2119/1688
f 7187/2126/1037 7171/2121/1036 7170/2124/1037
f 7185/2115/1687 7170/2124/1037 7168/2116/1687
f 7173/2098/1683 7158/2108/1041 7156/2099/1683
f 7181/2127/1035 7172/2128/1035 7173/2129/1035
f 7174/2130/1044 7157/2112/1686 7159/2107/1044
f 7197/2097/1682 7205/2098/1683 7188/2099/1683
f 7194/2100/1039 7209/2101/1684 7211/2102/1039
f 7199/2677/1045 7215/2105/1042 7214/2103/1045
f 7190/2108/1041 7206/2130/1044 7191/2107/1044
f 7193/2109/1685 7210/2110/1038 7208/2111/1685
f 7204/2113/1686 7192/2678/1684 7189/2112/1686
f 7193/2114/1685 7217/2115/1687 7200/2116/1687
f 7197/2097/1682 7214/2103/1045 7212/2117/1682
f 7210/2110/1038 7194/2100/1039 7211/2102/1039
f 7215/2105/1042 7196/2119/1688 7213/2120/1688
f 7203/2121/1036 7216/2122/1689 7201/2123/1689
f 7201/2123/1689 7213/2120/1688 7196/2119/1688
f 7219/2126/1037 7203/2121/1036 7202/2124/1037
f 7217/2115/1687 7202/2124/1037 7200/2116/1687
f 7205/2098/1683 7190/2108/1041 7188/2099/1683
f 7213/2127/1035 7204/2128/1035 7205/2129/1035
f 7206/2130/1044 7189/2112/1686 7191/2107/1044
f 7229/2097/1682 7237/2098/1683 7220/2099/1683
f 7226/2100/1039 7241/2101/1684 7243/2102/1039
f 7231/2677/1045 7247/2105/1042 7246/2103/1045
f 7239/2106/1041 7223/2107/1044 7222/2108/1041
f 7225/2109/1685 7242/2110/1038 7240/2111/1685
f 7236/2113/1686 7224/2678/1684 7221/2112/1686
f 7225/2114/1685 7249/2115/1687 7232/2116/1687
f 7244/2117/1682 7231/2677/1045 7246/2103/1045
f 7227/2118/1038 7243/2102/1039 7242/2110/1038
f 7247/2105/1042 7228/2119/1688 7245/2120/1688
f 7235/2121/1036 7248/2122/1689 7233/2123/1689
f 7233/2123/1689 7245/2120/1688 7228/2119/1688
f 7251/2126/1037 7235/2121/1036 7234/2124/1037
f 7232/2116/1687 7251/2126/1037 7234/2124/1037
f 7237/2098/1683 7222/2108/1041 7220/2099/1683
f 7245/2127/1035 7236/2128/1035 7237/2129/1035
f 7238/2130/1044 7221/2112/1686 7223/2107/1044
f 7261/2097/1682 7269/2098/1683 7252/2099/1683
f 7258/2100/1039 7273/2101/1684 7275/2102/1039
f 7263/2677/1045 7279/2105/1042 7278/2103/1045
f 7271/2106/1041 7255/2107/1044 7254/2108/1041
f 7257/2109/1685 7274/2110/1038 7272/2111/1685
f 7268/2113/1686 7256/2678/1684 7253/2112/1686
f 7257/2114/1685 7281/2115/1687 7264/2116/1687
f 7276/2117/1682 7263/2677/1045 7278/2103/1045
f 7259/2118/1038 7275/2102/1039 7274/2110/1038
f 7279/2105/1042 7260/2119/1688 7277/2120/1688
f 7267/2121/1036 7280/2122/1689 7265/2123/1689
f 7265/2123/1689 7277/2120/1688 7260/2119/1688
f 7283/2126/1037 7267/2121/1036 7266/2124/1037
f 7264/2116/1687 7283/2126/1037 7266/2124/1037
f 7269/2098/1683 7254/2108/1041 7252/2099/1683
f 7277/2127/1035 7268/2128/1035 7269/2129/1035
f 7270/2130/1044 7253/2112/1686 7255/2107/1044
f 7293/2097/1682 7301/2098/1683 7284/2099/1683
f 7290/2100/1690 7305/2101/1684 7307/2102/1691
f 7295/2677/1045 7311/2105/1042 7310/2103/1045
f 7303/2106/1041 7287/2107/1692 7286/2108/1041
f 7289/2109/1685 7306/2110/1038 7304/2111/1685
f 7300/2113/1686 7288/2678/1684 7285/2112/1686
f 7289/2114/1685 7313/2115/1687 7296/2116/1687
f 7308/2117/1682 7295/2677/1045 7310/2103/1045
f 7291/2118/1038 7307/2102/1691 7306/2110/1038
f 7311/2105/1042 7292/2119/1688 7309/2120/1693
f 7299/2121/1036 7312/2122/1689 7297/2123/1694
f 7297/2123/1694 7309/2120/1693 7292/2119/1688
f 7315/2126/1037 7299/2121/1036 7298/2124/1037
f 7296/2116/1687 7315/2126/1037 7298/2124/1037
f 7301/2098/1683 7286/2108/1041 7284/2099/1683
f 7309/2127/1035 7300/2128/1035 7301/2129/1035
f 7302/2130/1695 7285/2112/1686 7287/2107/1692
f 7325/2097/1682 7333/2098/1683 7316/2099/1696
f 7322/2100/1039 7337/2101/1684 7339/2102/1039
f 7342/2103/1045 7326/2104/1042 7343/2105/1042
f 7335/2106/1041 7319/2107/1044 7318/2108/1041
f 7321/2109/1685 7338/2110/1038 7336/2111/1685
f 7332/2113/1686 7320/2678/1684 7317/2112/1686
f 7321/2114/1685 7345/2115/1687 7328/2116/1687
f 7340/2117/1682 7327/2677/1045 7342/2103/1045
f 7323/2118/1038 7339/2102/1039 7338/2110/1038
f 7343/2105/1042 7324/2119/1688 7341/2120/1688
f 7331/2121/1036 7344/2122/1689 7329/2123/1689
f 7329/2123/1689 7341/2120/1688 7324/2119/1688
f 7330/2124/1037 7346/2125/1036 7331/2121/1036
f 7328/2116/1687 7347/2126/1037 7330/2124/1037
f 7333/2098/1683 7318/2108/1041 7316/2099/1696
f 7341/2127/1035 7332/2128/1035 7333/2129/1035
f 7334/2130/1044 7317/2112/1686 7319/2107/1044
f 7357/2097/1682 7365/2098/1683 7348/2099/1683
f 7371/2102/1039 7352/2678/1684 7369/2101/1684
f 7359/2677/1045 7375/2105/1042 7374/2103/1045
f 7350/2108/1041 7366/2130/1044 7351/2107/1044
f 7353/2109/1685 7370/2110/1038 7368/2111/1685
f 7364/2113/1686 7352/2678/1684 7349/2112/1686
f 7353/2114/1685 7377/2115/1687 7360/2116/1687
f 7357/2097/1682 7374/2103/1045 7372/2117/1682
f 7355/2118/1038 7371/2102/1039 7370/2110/1038
f 7375/2105/1042 7356/2119/1688 7373/2120/1688
f 7378/2125/1036 7361/2123/1689 7363/2121/1036
f 7361/2123/1689 7373/2120/1688 7356/2119/1688
f 7362/2124/1037 7378/2125/1036 7363/2121/1036
f 7377/2115/1687 7362/2124/1037 7360/2116/1687
f 7365/2098/1683 7350/2108/1041 7348/2099/1683
f 7373/2127/1035 7364/2128/1035 7365/2129/1035
f 7366/2130/1044 7349/2112/1686 7351/2107/1044
f 7389/2097/1682 7397/2098/1683 7380/2099/1683
f 7403/2102/1039 7384/2678/1684 7401/2101/1684
f 7406/2103/1045 7390/2104/1042 7407/2105/1042
f 7399/2106/1041 7383/2107/1044 7382/2108/1041
f 7400/2111/1685 7387/2118/1038 7402/2110/1038
f 7396/2113/1686 7384/2678/1684 7381/2112/1686
f 7385/2114/1685 7409/2115/1687 7392/2116/1687
f 7404/2117/1682 7391/2677/1045 7406/2103/1045
f 7402/2110/1038 7386/2100/1039 7403/2102/1039
f 7407/2105/1042 7388/2119/1688 7405/2120/1688
f 7410/2125/1036 7393/2123/1689 7395/2121/1036
f 7393/2123/1689 7405/2120/1688 7388/2119/1688
f 7411/2126/1037 7395/2121/1036 7394/2124/1037
f 7409/2115/1687 7394/2124/1037 7392/2116/1687
f 7397/2098/1683 7382/2108/1041 7380/2099/1683
f 7405/2127/1035 7396/2128/1035 7397/2129/1035
f 7398/2130/1044 7381/2112/1686 7383/2107/1044
f 7422/2679/1697 7418/2680/1697 7414/2681/1697
f 7414/2681/1697 7413/2682/1697 7412/2683/1697
f 7412/2683/1697 7423/2684/1697 7414/2681/1697
f 7423/2684/1697 7422/2679/1697 7414/2681/1697
f 7422/2679/1697 7421/2685/1697 7418/2680/1697
f 7421/2685/1697 7420/2686/1697 7418/2680/1697
f 7420/2686/1697 7419/2687/1697 7418/2680/1697
f 7418/2680/1697 7417/2688/1697 7416/2689/1697
f 7416/2689/1697 7415/2690/1697 7418/2680/1697
f 7415/2690/1697 7414/2681/1697 7418/2680/1697
f 7434/2679/1697 7430/2680/1697 7426/2681/1697
f 7426/2681/1697 7425/2682/1697 7424/2683/1697
f 7424/2683/1697 7435/2684/1697 7426/2681/1697
f 7435/2684/1697 7434/2679/1697 7426/2681/1697
f 7434/2679/1697 7433/2685/1697 7430/2680/1697
f 7433/2685/1697 7432/2686/1697 7430/2680/1697
f 7432/2686/1697 7431/2687/1697 7430/2680/1697
f 7430/2680/1697 7429/2688/1697 7428/2689/1697
f 7428/2689/1697 7427/2690/1697 7430/2680/1697
f 7427/2690/1697 7426/2681/1697 7430/2680/1697
f 7446/2679/1697 7442/2680/1697 7438/2681/1697
f 7438/2681/1697 7437/2682/1697 7436/2683/1697
f 7436/2683/1697 7447/2684/1697 7438/2681/1697
f 7447/2684/1697 7446/2679/1697 7438/2681/1697
f 7446/2679/1697 7445/2685/1697 7442/2680/1697
f 7445/2685/1697 7444/2686/1697 7442/2680/1697
f 7444/2686/1697 7443/2687/1697 7442/2680/1697
f 7442/2680/1697 7441/2688/1697 7440/2689/1697
f 7440/2689/1697 7439/2690/1697 7442/2680/1697
f 7439/2690/1697 7438/2681/1697 7442/2680/1697
f 7458/2679/1697 7454/2680/1697 7450/2681/1697
f 7450/2681/1697 7449/2682/1697 7448/2683/1697
f 7448/2683/1697 7459/2684/1697 7450/2681/1697
f 7459/2684/1697 7458/2679/1697 7450/2681/1697
f 7458/2679/1697 7457/2685/1697 7454/2680/1697
f 7457/2685/1697 7456/2686/1697 7454/2680/1697
f 7456/2686/1697 7455/2687/1697 7454/2680/1697
f 7454/2680/1697 7453/2688/1697 7452/2689/1697
f 7452/2689/1697 7451/2690/1697 7454/2680/1697
f 7451/2690/1697 7450/2681/1697 7454/2680/1697
f 7470/2679/1697 7466/2680/1697 7462/2681/1697
f 7462/2681/1697 7461/2682/1697 7460/2683/1697
f 7460/2683/1697 7471/2684/1697 7462/2681/1697
f 7471/2684/1697 7470/2679/1697 7462/2681/1697
f 7470/2679/1697 7469/2685/1697 7466/2680/1697
f 7469/2685/1697 7468/2686/1697 7466/2680/1697
f 7468/2686/1697 7467/2687/1697 7466/2680/1697
f 7466/2680/1697 7465/2688/1697 7464/2689/1697
f 7464/2689/1697 7463/2690/1697 7466/2680/1697
f 7463/2690/1697 7462/2681/1697 7466/2680/1697
f 7482/2679/1697 7478/2680/1697 7474/2681/1697
f 7474/2681/1697 7473/2682/1697 7472/2683/1697
f 7472/2683/1697 7483/2684/1697 7474/2681/1697
f 7483/2684/1697 7482/2679/1697 7474/2681/1697
f 7482/2679/1697 7481/2685/1697 7478/2680/1697
f 7481/2685/1697 7480/2686/1697 7478/2680/1697
f 7480/2686/1697 7479/2687/1697 7478/2680/1697
f 7478/2680/1697 7477/2688/1697 7476/2689/1697
f 7476/2689/1697 7475/2690/1697 7478/2680/1697
f 7475/2690/1697 7474/2681/1697 7478/2680/1697
f 7494/2679/1697 7490/2680/1697 7486/2681/1697
f 7486/2681/1697 7485/2682/1697 7484/2683/1697
f 7484/2683/1697 7495/2684/1697 7486/2681/1697
f 7495/2684/1697 7494/2679/1697 7486/2681/1697
f 7494/2679/1697 7493/2685/1697 7490/2680/1697
f 7493/2685/1697 7492/2686/1697 7490/2680/1697
f 7492/2686/1697 7491/2687/1697 7490/2680/1697
f 7490/2680/1697 7489/2688/1697 7488/2689/1697
f 7488/2689/1697 7487/2690/1697 7490/2680/1697
f 7487/2690/1697 7486/2681/1697 7490/2680/1697
f 7506/2679/1697 7502/2680/1697 7498/2681/1697
f 7498/2681/1697 7497/2682/1697 7496/2683/1697
f 7496/2683/1697 7507/2684/1697 7498/2681/1697
f 7507/2684/1697 7506/2679/1697 7498/2681/1697
f 7506/2679/1697 7505/2685/1697 7502/2680/1697
f 7505/2685/1697 7504/2686/1697 7502/2680/1697
f 7504/2686/1697 7503/2687/1697 7502/2680/1697
f 7502/2680/1697 7501/2688/1697 7500/2689/1697
f 7500/2689/1697 7499/2690/1697 7502/2680/1697
f 7499/2690/1697 7498/2681/1697 7502/2680/1697
f 7518/2679/1697 7514/2680/1697 7510/2681/1697
f 7510/2681/1697 7509/2682/1697 7508/2683/1697
f 7508/2683/1697 7519/2684/1697 7510/2681/1697
f 7519/2684/1697 7518/2679/1697 7510/2681/1697
f 7518/2679/1697 7517/2685/1697 7514/2680/1697
f 7517/2685/1697 7516/2686/1697 7514/2680/1697
f 7516/2686/1697 7515/2687/1697 7514/2680/1697
f 7514/2680/1697 7513/2688/1697 7512/2689/1697
f 7512/2689/1697 7511/2690/1697 7514/2680/1697
f 7511/2690/1697 7510/2681/1697 7514/2680/1697
f 7530/2679/1697 7526/2680/1697 7522/2681/1697
f 7522/2681/1697 7521/2682/1697 7520/2683/1697
f 7520/2683/1697 7531/2684/1697 7522/2681/1697
f 7531/2684/1697 7530/2679/1697 7522/2681/1697
f 7530/2679/1697 7529/2685/1697 7526/2680/1697
f 7529/2685/1697 7528/2686/1697 7526/2680/1697
f 7528/2686/1697 7527/2687/1697 7526/2680/1697
f 7526/2680/1697 7525/2688/1697 7524/2689/1697
f 7524/2689/1697 7523/2690/1697 7526/2680/1697
f 7523/2690/1697 7522/2681/1697 7526/2680/1697
f 7542/2679/1697 7538/2680/1697 7534/2681/1697
f 7534/2681/1697 7533/2682/1697 7532/2683/1697
f 7532/2683/1697 7543/2684/1697 7534/2681/1697
f 7543/2684/1697 7542/2679/1697 7534/2681/1697
f 7542/2679/1697 7541/2685/1697 7538/2680/1697
f 7541/2685/1697 7540/2686/1697 7538/2680/1697
f 7540/2686/1697 7539/2687/1697 7538/2680/1697
f 7538/2680/1697 7537/2688/1697 7536/2689/1697
f 7536/2689/1697 7535/2690/1697 7538/2680/1697
f 7535/2690/1697 7534/2681/1697 7538/2680/1697
f 7554/2679/1697 7550/2680/1697 7546/2681/1697
f 7546/2681/1697 7545/2682/1697 7544/2683/1697
f 7544/2683/1697 7555/2684/1697 7546/2681/1697
f 7555/2684/1697 7554/2679/1697 7546/2681/1697
f 7554/2679/1697 7553/2685/1697 7550/2680/1697
f 7553/2685/1697 7552/2686/1697 7550/2680/1697
f 7552/2686/1697 7551/2687/1697 7550/2680/1697
f 7550/2680/1697 7549/2688/1697 7548/2689/1697
f 7548/2689/1697 7547/2690/1697 7550/2680/1697
f 7547/2690/1697 7546/2681/1697 7550/2680/1697
f 7566/2679/1697 7562/2680/1697 7558/2681/1697
f 7558/2681/1697 7557/2682/1697 7556/2683/1697
f 7556/2683/1697 7567/2684/1697 7558/2681/1697
f 7567/2684/1697 7566/2679/1697 7558/2681/1697
f 7566/2679/1697 7565/2685/1697 7562/2680/1697
f 7565/2685/1697 7564/2686/1697 7562/2680/1697
f 7564/2686/1697 7563/2687/1697 7562/2680/1697
f 7562/2680/1697 7561/2688/1697 7560/2689/1697
f 7560/2689/1697 7559/2690/1697 7562/2680/1697
f 7559/2690/1697 7558/2681/1697 7562/2680/1697
f 7578/2679/1697 7574/2680/1697 7570/2681/1697
f 7570/2681/1697 7569/2682/1697 7568/2683/1697
f 7568/2683/1697 7579/2684/1697 7570/2681/1697
f 7579/2684/1697 7578/2679/1697 7570/2681/1697
f 7578/2679/1697 7577/2685/1697 7574/2680/1697
f 7577/2685/1697 7576/2686/1697 7574/2680/1697
f 7576/2686/1697 7575/2687/1697 7574/2680/1697
f 7574/2680/1697 7573/2688/1697 7572/2689/1697
f 7572/2689/1697 7571/2690/1697 7574/2680/1697
f 7571/2690/1697 7570/2681/1697 7574/2680/1697
f 7590/2679/1697 7586/2680/1697 7582/2681/1697
f 7582/2681/1697 7581/2682/1697 7580/2683/1697
f 7580/2683/1697 7591/2684/1697 7582/2681/1697
f 7591/2684/1697 7590/2679/1697 7582/2681/1697
f 7590/2679/1697 7589/2685/1697 7586/2680/1697
f 7589/2685/1697 7588/2686/1697 7586/2680/1697
f 7588/2686/1697 7587/2687/1697 7586/2680/1697
f 7586/2680/1697 7585/2688/1697 7584/2689/1697
f 7584/2689/1697 7583/2690/1697 7586/2680/1697
f 7583/2690/1697 7582/2681/1697 7586/2680/1697
f 7602/2679/1697 7598/2680/1697 7594/2681/1697
f 7594/2681/1697 7593/2682/1697 7592/2683/1697
f 7592/2683/1697 7603/2684/1697 7594/2681/1697
f 7603/2684/1697 7602/2679/1697 7594/2681/1697
f 7602/2679/1697 7601/2685/1697 7598/2680/1697
f 7601/2685/1697 7600/2686/1697 7598/2680/1697
f 7600/2686/1697 7599/2687/1697 7598/2680/1697
f 7598/2680/1697 7597/2688/1697 7596/2689/1697
f 7596/2689/1697 7595/2690/1697 7598/2680/1697
f 7595/2690/1697 7594/2681/1697 7598/2680/1697
f 7614/2679/1697 7610/2680/1697 7606/2681/1697
f 7606/2681/1697 7605/2682/1697 7604/2683/1697
f 7604/2683/1697 7615/2684/1697 7606/2681/1697
f 7615/2684/1697 7614/2679/1697 7606/2681/1697
f 7614/2679/1697 7613/2685/1697 7610/2680/1697
f 7613/2685/1697 7612/2686/1697 7610/2680/1697
f 7612/2686/1697 7611/2687/1697 7610/2680/1697
f 7610/2680/1697 7609/2688/1697 7608/2689/1697
f 7608/2689/1697 7607/2690/1697 7610/2680/1697
f 7607/2690/1697 7606/2681/1697 7610/2680/1697
f 7626/2679/1697 7622/2680/1697 7618/2681/1697
f 7618/2681/1697 7617/2682/1697 7616/2683/1697
f 7616/2683/1697 7627/2684/1697 7618/2681/1697
f 7627/2684/1697 7626/2679/1697 7618/2681/1697
f 7626/2679/1697 7625/2685/1697 7622/2680/1697
f 7625/2685/1697 7624/2686/1697 7622/2680/1697
f 7624/2686/1697 7623/2687/1697 7622/2680/1697
f 7622/2680/1697 7621/2688/1697 7620/2689/1697
f 7620/2689/1697 7619/2690/1697 7622/2680/1697
f 7619/2690/1697 7618/2681/1697 7622/2680/1697
f 7638/2679/1697 7634/2680/1697 7630/2681/1697
f 7630/2681/1697 7629/2682/1697 7628/2683/1697
f 7628/2683/1697 7639/2684/1697 7630/2681/1697
f 7639/2684/1697 7638/2679/1697 7630/2681/1697
f 7638/2679/1697 7637/2685/1697 7634/2680/1697
f 7637/2685/1697 7636/2686/1697 7634/2680/1697
f 7636/2686/1697 7635/2687/1697 7634/2680/1697
f 7634/2680/1697 7633/2688/1697 7632/2689/1697
f 7632/2689/1697 7631/2690/1697 7634/2680/1697
f 7631/2690/1697 7630/2681/1697 7634/2680/1697
f 7650/2679/1697 7646/2680/1697 7642/2681/1697
f 7642/2681/1697 7641/2682/1697 7640/2683/1697
f 7640/2683/1697 7651/2684/1697 7642/2681/1697
f 7651/2684/1697 7650/2679/1697 7642/2681/1697
f 7650/2679/1697 7649/2685/1697 7646/2680/1697
f 7649/2685/1697 7648/2686/1697 7646/2680/1697
f 7648/2686/1697 7647/2687/1697 7646/2680/1697
f 7646/2680/1697 7645/2688/1697 7644/2689/1697
f 7644/2689/1697 7643/2690/1697 7646/2680/1697
f 7643/2690/1697 7642/2681/1697 7646/2680/1697
f 7662/2679/1697 7658/2680/1697 7654/2681/1697
f 7654/2681/1697 7653/2682/1697 7652/2683/1697
f 7652/2683/1697 7663/2684/1697 7654/2681/1697
f 7663/2684/1697 7662/2679/1697 7654/2681/1697
f 7662/2679/1697 7661/2685/1697 7658/2680/1697
f 7661/2685/1697 7660/2686/1697 7658/2680/1697
f 7660/2686/1697 7659/2687/1697 7658/2680/1697
f 7658/2680/1697 7657/2688/1697 7656/2689/1697
f 7656/2689/1697 7655/2690/1697 7658/2680/1697
f 7655/2690/1697 7654/2681/1697 7658/2680/1697
f 7674/2679/1697 7670/2680/1697 7666/2681/1697
f 7666/2681/1697 7665/2682/1697 7664/2683/1697
f 7664/2683/1697 7675/2684/1697 7666/2681/1697
f 7675/2684/1697 7674/2679/1697 7666/2681/1697
f 7674/2679/1697 7673/2685/1697 7670/2680/1697
f 7673/2685/1697 7672/2686/1697 7670/2680/1697
f 7672/2686/1697 7671/2687/1697 7670/2680/1697
f 7670/2680/1697 7669/2688/1697 7668/2689/1697
f 7668/2689/1697 7667/2690/1697 7670/2680/1697
f 7667/2690/1697 7666/2681/1697 7670/2680/1697
f 7686/2679/1697 7682/2680/1697 7678/2681/1697
f 7678/2681/1697 7677/2682/1697 7676/2683/1697
f 7676/2683/1697 7687/2684/1697 7678/2681/1697
f 7687/2684/1697 7686/2679/1697 7678/2681/1697
f 7686/2679/1697 7685/2685/1697 7682/2680/1697
f 7685/2685/1697 7684/2686/1697 7682/2680/1697
f 7684/2686/1697 7683/2687/1697 7682/2680/1697
f 7682/2680/1697 7681/2688/1697 7680/2689/1697
f 7680/2689/1697 7679/2690/1697 7682/2680/1697
f 7679/2690/1697 7678/2681/1697 7682/2680/1697
f 7698/2679/1697 7694/2680/1697 7690/2681/1697
f 7690/2681/1697 7689/2682/1697 7688/2683/1697
f 7688/2683/1697 7699/2684/1697 7690/2681/1697
f 7699/2684/1697 7698/2679/1697 7690/2681/1697
f 7698/2679/1697 7697/2685/1697 7694/2680/1697
f 7697/2685/1697 7696/2686/1697 7694/2680/1697
f 7696/2686/1697 7695/2687/1697 7694/2680/1697
f 7694/2680/1697 7693/2688/1697 7692/2689/1697
f 7692/2689/1697 7691/2690/1697 7694/2680/1697
f 7691/2690/1697 7690/2681/1697 7694/2680/1697
f 7710/2679/1697 7706/2680/1697 7702/2681/1697
f 7702/2681/1697 7701/2682/1697 7700/2683/1697
f 7700/2683/1697 7711/2684/1697 7702/2681/1697
f 7711/2684/1697 7710/2679/1697 7702/2681/1697
f 7710/2679/1697 7709/2685/1697 7706/2680/1697
f 7709/2685/1697 7708/2686/1697 7706/2680/1697
f 7708/2686/1697 7707/2687/1697 7706/2680/1697
f 7706/2680/1697 7705/2688/1697 7704/2689/1697
f 7704/2689/1697 7703/2690/1697 7706/2680/1697
f 7703/2690/1697 7702/2681/1697 7706/2680/1697
f 7722/2679/1697 7718/2680/1697 7714/2681/1697
f 7714/2681/1697 7713/2682/1697 7712/2683/1697
f 7712/2683/1697 7723/2684/1697 7714/2681/1697
f 7723/2684/1697 7722/2679/1697 7714/2681/1697
f 7722/2679/1697 7721/2685/1697 7718/2680/1697
f 7721/2685/1697 7720/2686/1697 7718/2680/1697
f 7720/2686/1697 7719/2687/1697 7718/2680/1697
f 7718/2680/1697 7717/2688/1697 7716/2689/1697
f 7716/2689/1697 7715/2690/1697 7718/2680/1697
f 7715/2690/1697 7714/2681/1697 7718/2680/1697
f 7734/2679/1697 7730/2680/1697 7726/2681/1697
f 7726/2681/1697 7725/2682/1697 7724/2683/1697
f 7724/2683/1697 7735/2684/1697 7726/2681/1697
f 7735/2684/1697 7734/2679/1697 7726/2681/1697
f 7734/2679/1697 7733/2685/1697 7730/2680/1697
f 7733/2685/1697 7732/2686/1697 7730/2680/1697
f 7732/2686/1697 7731/2687/1697 7730/2680/1697
f 7730/2680/1697 7729/2688/1697 7728/2689/1697
f 7728/2689/1697 7727/2690/1697 7730/2680/1697
f 7727/2690/1697 7726/2681/1697 7730/2680/1697
f 7746/2679/1697 7742/2680/1697 7738/2681/1697
f 7738/2681/1697 7737/2682/1697 7736/2683/1697
f 7736/2683/1697 7747/2684/1697 7738/2681/1697
f 7747/2684/1697 7746/2679/1697 7738/2681/1697
f 7746/2679/1697 7745/2685/1697 7742/2680/1697
f 7745/2685/1697 7744/2686/1697 7742/2680/1697
f 7744/2686/1697 7743/2687/1697 7742/2680/1697
f 7742/2680/1697 7741/2688/1697 7740/2689/1697
f 7740/2689/1697 7739/2690/1697 7742/2680/1697
f 7739/2690/1697 7738/2681/1697 7742/2680/1697
f 7758/2679/1697 7754/2680/1697 7750/2681/1697
f 7750/2681/1697 7749/2682/1697 7748/2683/1697
f 7748/2683/1697 7759/2684/1697 7750/2681/1697
f 7759/2684/1697 7758/2679/1697 7750/2681/1697
f 7758/2679/1697 7757/2685/1697 7754/2680/1697
f 7757/2685/1697 7756/2686/1697 7754/2680/1697
f 7756/2686/1697 7755/2687/1697 7754/2680/1697
f 7754/2680/1697 7753/2688/1697 7752/2689/1697
f 7752/2689/1697 7751/2690/1697 7754/2680/1697
f 7751/2690/1697 7750/2681/1697 7754/2680/1697
f 7770/2679/1697 7766/2680/1697 7762/2681/1697
f 7762/2681/1697 7761/2682/1697 7760/2683/1697
f 7760/2683/1697 7771/2684/1697 7762/2681/1697
f 7771/2684/1697 7770/2679/1697 7762/2681/1697
f 7770/2679/1697 7769/2685/1697 7766/2680/1697
f 7769/2685/1697 7768/2686/1697 7766/2680/1697
f 7768/2686/1697 7767/2687/1697 7766/2680/1697
f 7766/2680/1697 7765/2688/1697 7764/2689/1697
f 7764/2689/1697 7763/2690/1697 7766/2680/1697
f 7763/2690/1697 7762/2681/1697 7766/2680/1697
f 7782/2679/1697 7778/2680/1697 7774/2681/1697
f 7774/2681/1697 7773/2682/1697 7772/2683/1697
f 7772/2683/1697 7783/2684/1697 7774/2681/1697
f 7783/2684/1697 7782/2679/1697 7774/2681/1697
f 7782/2679/1697 7781/2685/1697 7778/2680/1697
f 7781/2685/1697 7780/2686/1697 7778/2680/1697
f 7780/2686/1697 7779/2687/1697 7778/2680/1697
f 7778/2680/1697 7777/2688/1697 7776/2689/1697
f 7776/2689/1697 7775/2690/1697 7778/2680/1697
f 7775/2690/1697 7774/2681/1697 7778/2680/1697
f 7794/2679/1697 7790/2680/1697 7786/2681/1697
f 7786/2681/1697 7785/2682/1697 7784/2683/1697
f 7784/2683/1697 7795/2684/1697 7786/2681/1697
f 7795/2684/1697 7794/2679/1697 7786/2681/1697
f 7794/2679/1697 7793/2685/1697 7790/2680/1697
f 7793/2685/1697 7792/2686/1697 7790/2680/1697
f 7792/2686/1697 7791/2687/1697 7790/2680/1697
f 7790/2680/1697 7789/2688/1697 7788/2689/1697
f 7788/2689/1697 7787/2690/1697 7790/2680/1697
f 7787/2690/1697 7786/2681/1697 7790/2680/1697
f 7806/2679/1697 7802/2680/1697 7798/2681/1697
f 7798/2681/1697 7797/2682/1697 7796/2683/1697
f 7796/2683/1697 7807/2684/1697 7798/2681/1697
f 7807/2684/1697 7806/2679/1697 7798/2681/1697
f 7806/2679/1697 7805/2685/1697 7802/2680/1697
f 7805/2685/1697 7804/2686/1697 7802/2680/1697
f 7804/2686/1697 7803/2687/1697 7802/2680/1697
f 7802/2680/1697 7801/2688/1697 7800/2689/1697
f 7800/2689/1697 7799/2690/1697 7802/2680/1697
f 7799/2690/1697 7798/2681/1697 7802/2680/1697
f 7818/2679/1697 7814/2680/1697 7810/2681/1697
f 7810/2681/1697 7809/2682/1697 7808/2683/1697
f 7808/2683/1697 7819/2684/1697 7810/2681/1697
f 7819/2684/1697 7818/2679/1697 7810/2681/1697
f 7818/2679/1697 7817/2685/1697 7814/2680/1697
f 7817/2685/1697 7816/2686/1697 7814/2680/1697
f 7816/2686/1697 7815/2687/1697 7814/2680/1697
f 7814/2680/1697 7813/2688/1697 7812/2689/1697
f 7812/2689/1697 7811/2690/1697 7814/2680/1697
f 7811/2690/1697 7810/2681/1697 7814/2680/1697
f 7830/2679/1697 7826/2680/1697 7822/2681/1697
f 7822/2681/1697 7821/2682/1697 7820/2683/1697
f 7820/2683/1697 7831/2684/1697 7822/2681/1697
f 7831/2684/1697 7830/2679/1697 7822/2681/1697
f 7830/2679/1697 7829/2685/1697 7826/2680/1697
f 7829/2685/1697 7828/2686/1697 7826/2680/1697
f 7828/2686/1697 7827/2687/1697 7826/2680/1697
f 7826/2680/1697 7825/2688/1697 7824/2689/1697
f 7824/2689/1697 7823/2690/1697 7826/2680/1697
f 7823/2690/1697 7822/2681/1697 7826/2680/1697
f 1394/1731/1017 1396/1734/1018 1395/1732/1018
f 1396/1734/1018 1398/1736/1019 1397/1735/1019
f 1398/1736/1019 1400/1738/1020 1399/1737/1020
f 1400/1738/1020 1402/1777/1021 1401/1739/1021
f 1401/1739/1021 1402/1777/1021 1404/1740/1022
f 1404/1740/1022 1406/1743/1023 1405/1742/1023
f 1406/1743/1023 1408/1775/1024 1407/1744/1024
f 1407/1744/1024 1408/1775/1024 1410/1745/1025
f 1398/1749/1026 1396/2691/1026 1394/1778/1026
f 1394/1778/1026 1412/2692/1026 1410/1747/1026
f 1410/1747/1026 1408/2693/1026 1402/1748/1026
f 1408/2693/1026 1406/1774/1026 1402/1748/1026
f 1406/1774/1026 1404/2694/1026 1402/1748/1026
f 1402/1748/1026 1400/1780/1026 1398/1749/1026
f 1398/1749/1026 1394/1778/1026 1410/1747/1026
f 1410/1745/1025 1412/1776/1027 1411/1750/1027
f 1412/1751/1027 1394/1731/1017 1393/1733/1017
f 1414/1753/1028 1416/2035/1028 1415/1754/1028
f 1416/1756/1029 1418/2695/1029 1417/1757/1029
f 1418/1759/1030 1420/2038/1030 1419/1760/1030
f 1419/1762/1031 1420/2039/1031 1422/1763/1031
f 1418/1767/1026 1416/2696/1026 1422/1765/1026
f 1416/2696/1026 1414/1779/1026 1422/1765/1026
f 1414/1779/1026 1424/2697/1026 1422/1765/1026
f 1422/1768/1032 1424/2036/1032 1423/1769/1032
f 1423/1771/1033 1424/2037/1033 1414/1772/1033
f 1426/1731/1017 1428/1734/1018 1427/1732/1018
f 1428/1734/1018 1430/1736/1019 1429/1735/1019
f 1430/1736/1019 1432/1738/1020 1431/1737/1020
f 1432/1738/1020 1434/1777/1021 1433/1739/1021
f 1433/1739/1021 1434/1777/1021 1436/1740/1022
f 1436/1740/1022 1438/1743/1023 1437/1742/1023
f 1438/1743/1023 1440/1775/1024 1439/1744/1024
f 1439/1744/1024 1440/1775/1024 1442/1745/1025
f 1430/1749/1026 1428/2691/1026 1426/1778/1026
f 1426/1778/1026 1444/2692/1026 1442/1747/1026
f 1442/1747/1026 1440/2693/1026 1438/1774/1026
f 1438/1774/1026 1436/2694/1026 1434/1748/1026
f 1434/1748/1026 1432/1780/1026 1442/1747/1026
f 1432/1780/1026 1430/1749/1026 1442/1747/1026
f 1430/1749/1026 1426/1778/1026 1442/1747/1026
f 1442/1745/1025 1444/1776/1027 1443/1750/1027
f 1444/1751/1027 1426/1731/1017 1425/1733/1017
f 1446/1753/1028 1448/2035/1028 1447/1754/1028
f 1448/1756/1029 1450/2695/1029 1449/1757/1029
f 1450/1759/1030 1452/2038/1030 1451/1760/1030
f 1451/1762/1031 1452/2039/1031 1454/1763/1031
f 1450/1767/1026 1448/2696/1026 1454/1765/1026
f 1448/2696/1026 1446/1779/1026 1454/1765/1026
f 1446/1779/1026 1456/2697/1026 1454/1765/1026
f 1454/1768/1032 1456/2036/1032 1455/1769/1032
f 1455/1771/1033 1456/2037/1033 1446/1772/1033
f 1458/1731/1017 1460/1734/1018 1459/1732/1018
f 1460/1734/1018 1462/1736/1019 1461/1735/1019
f 1462/1736/1019 1464/1738/1020 1463/1737/1020
f 1464/1738/1020 1466/1777/1021 1465/1739/1021
f 1465/1739/1021 1466/1777/1021 1468/1740/1022
f 1468/1740/1022 1470/1743/1023 1469/1742/1023
f 1470/1743/1023 1472/1775/1024 1471/1744/1024
f 1471/1744/1024 1472/1775/1024 1474/1745/1025
f 1462/1749/1026 1460/2691/1026 1458/1778/1026
f 1458/1778/1026 1476/2692/1026 1462/1749/1026
f 1476/2692/1026 1474/1747/1026 1462/1749/1026
f 1474/1747/1026 1472/2693/1026 1470/1774/1026
f 1470/1774/1026 1468/2694/1026 1466/1748/1026
f 1466/1748/1026 1464/1780/1026 1474/1747/1026
f 1464/1780/1026 1462/1749/1026 1474/1747/1026
f 1474/1745/1025 1476/1776/1027 1475/1750/1027
f 1476/1751/1027 1458/1731/1017 1457/1733/1017
f 1478/1753/1028 1480/2035/1028 1479/1754/1028
f 1480/1756/1029 1482/2695/1029 1481/1757/1029
f 1482/1759/1030 1484/2038/1030 1483/1760/1030
f 1483/1762/1031 1484/2039/1031 1486/1763/1031
f 1482/1767/1026 1480/2696/1026 1486/1765/1026
f 1480/2696/1026 1478/1779/1026 1486/1765/1026
f 1478/1779/1026 1488/2697/1026 1486/1765/1026
f 1486/1768/1032 1488/2036/1032 1487/1769/1032
f 1487/1771/1033 1488/2037/1033 1478/1772/1033
f 1490/1731/1017 1492/1734/1018 1491/1732/1018
f 1492/1734/1018 1494/1736/1019 1493/1735/1019
f 1494/1736/1019 1496/1738/1020 1495/1737/1020
f 1496/1738/1020 1498/1777/1021 1497/1739/1021
f 1497/1739/1021 1498/1777/1021 1500/1740/1022
f 1500/1740/1022 1502/1743/1023 1501/1742/1023
f 1502/1743/1023 1504/1775/1024 1503/1744/1024
f 1503/1744/1024 1504/1775/1024 1506/1745/1025
f 1494/1749/1026 1492/2691/1026 1490/1778/1026
f 1490/1778/1026 1508/2692/1026 1494/1749/1026
f 1508/2692/1026 1506/1747/1026 1494/1749/1026
f 1506/1747/1026 1504/2693/1026 1502/1774/1026
f 1502/1774/1026 1500/2694/1026 1498/1748/1026
f 1498/1748/1026 1496/1780/1026 1506/1747/1026
f 1496/1780/1026 1494/1749/1026 1506/1747/1026
f 1506/1745/1025 1508/1776/1027 1507/1750/1027
f 1508/1751/1027 1490/1731/1017 1489/1733/1017
f 1510/1753/1028 1512/2035/1028 1511/1754/1028
f 1512/1756/1029 1514/2695/1029 1513/1757/1029
f 1514/1759/1030 1516/2038/1030 1515/1760/1030
f 1515/1762/1031 1516/2039/1031 1518/1763/1031
f 1514/1767/1026 1512/2696/1026 1518/1765/1026
f 1512/2696/1026 1510/1779/1026 1518/1765/1026
f 1510/1779/1026 1520/2697/1026 1518/1765/1026
f 1518/1768/1032 1520/2036/1032 1519/1769/1032
f 1519/1771/1033 1520/2037/1033 1510/1772/1033
f 1522/1731/1017 1524/1734/1018 1523/1732/1018
f 1524/1734/1018 1526/1736/1019 1525/1735/1019
f 1526/1736/1019 1528/1738/1020 1527/1737/1020
f 1528/1738/1020 1530/1777/1021 1529/1739/1021
f 1529/1739/1021 1530/1777/1021 1532/1740/1022
f 1532/1740/1022 1534/1743/1023 1533/1742/1023
f 1533/1742/1023 1534/1743/1023 1536/1775/1024
f 1535/1744/1024 1536/1775/1024 1538/1745/1025
f 1526/1749/1026 1524/2691/1026 1522/1778/1026
f 1522/1778/1026 1540/2692/1026 1538/1747/1026
f 1538/1747/1026 1536/2693/1026 1534/1774/1026
f 1534/1774/1026 1532/2694/1026 1530/1748/1026
f 1530/1748/1026 1528/1780/1026 1526/1749/1026
f 1526/1749/1026 1522/1778/1026 1530/1748/1026
f 1522/1778/1026 1538/1747/1026 1530/1748/1026
f 1537/1746/1025 1538/1745/1025 1540/1776/1027
f 1540/1751/1027 1522/1731/1017 1521/1733/1017
f 1542/1753/1028 1544/2035/1028 1543/1754/1028
f 1544/1756/1029 1546/2695/1029 1545/1757/1029
f 1546/1759/1030 1548/2038/1030 1547/1760/1030
f 1547/1762/1031 1548/2039/1031 1550/1763/1031
f 1546/1767/1026 1544/2696/1026 1542/1779/1026
f 1542/1779/1026 1552/2697/1026 1546/1767/1026
f 1552/2697/1026 1550/1765/1026 1546/1767/1026
f 1550/1768/1032 1552/2036/1032 1551/1769/1032
f 1551/1771/1033 1552/2037/1033 1542/1772/1033
f 1554/1731/1017 1556/1734/1018 1555/1732/1018
f 1556/1734/1018 1558/1736/1019 1557/1735/1019
f 1558/1736/1019 1560/1738/1020 1559/1737/1020
f 1560/1738/1020 1562/1777/1021 1561/1739/1021
f 1561/1739/1021 1562/1777/1021 1564/1740/1022
f 1564/1740/1022 1566/1743/1023 1565/1742/1023
f 1565/1742/1023 1566/1743/1023 1568/1775/1024
f 1567/1744/1024 1568/1775/1024 1570/1745/1025
f 1558/1749/1026 1556/2691/1026 1554/1778/1026
f 1554/1778/1026 1572/2692/1026 1570/1747/1026
f 1570/1747/1026 1568/2693/1026 1566/1774/1026
f 1566/1774/1026 1564/2694/1026 1562/1748/1026
f 1562/1748/1026 1560/1780/1026 1558/1749/1026
f 1558/1749/1026 1554/1778/1026 1562/1748/1026
f 1554/1778/1026 1570/1747/1026 1562/1748/1026
f 1569/1746/1025 1570/1745/1025 1572/1776/1027
f 1572/1751/1027 1554/1731/1017 1553/1733/1017
f 1574/1753/1028 1576/2035/1028 1575/1754/1028
f 1576/1756/1029 1578/2695/1029 1577/1757/1029
f 1578/1759/1030 1580/2038/1030 1579/1760/1030
f 1579/1762/1031 1580/2039/1031 1582/1763/1031
f 1578/1767/1026 1576/2696/1026 1574/1779/1026
f 1574/1779/1026 1584/2697/1026 1578/1767/1026
f 1584/2697/1026 1582/1765/1026 1578/1767/1026
f 1582/1768/1032 1584/2036/1032 1583/1769/1032
f 1583/1771/1033 1584/2037/1033 1574/1772/1033
f 1586/1731/1017 1588/1734/1018 1587/1732/1018
f 1588/1734/1018 1590/1736/1019 1589/1735/1019
f 1590/1736/1019 1592/1738/1020 1591/1737/1020
f 1592/1738/1020 1594/1777/1021 1593/1739/1021
f 1593/1739/1021 1594/1777/1021 1596/1740/1022
f 1596/1740/1022 1598/1743/1023 1597/1742/1023
f 1597/1742/1023 1598/1743/1023 1600/1775/1024
f 1599/1744/1024 1600/1775/1024 1602/1745/1025
f 1590/1749/1026 1588/2691/1026 1586/1778/1026
f 1586/1778/1026 1604/2692/1026 1602/1747/1026
f 1602/1747/1026 1600/2693/1026 1598/1774/1026
f 1598/1774/1026 1596/2694/1026 1594/1748/1026
f 1594/1748/1026 1592/1780/1026 1590/1749/1026
f 1590/1749/1026 1586/1778/1026 1594/1748/1026
f 1586/1778/1026 1602/1747/1026 1594/1748/1026
f 1601/1746/1025 1602/1745/1025 1604/1776/1027
f 1604/1751/1027 1586/1731/1017 1585/1733/1017
f 1606/1753/1028 1608/2035/1028 1607/1754/1028
f 1608/1756/1029 1610/2695/1029 1609/1757/1029
f 1610/1759/1030 1612/2038/1030 1611/1760/1030
f 1611/1762/1031 1612/2039/1031 1614/1763/1031
f 1610/1767/1026 1608/2696/1026 1606/1779/1026
f 1606/1779/1026 1616/2697/1026 1610/1767/1026
f 1616/2697/1026 1614/1765/1026 1610/1767/1026
f 1614/1768/1032 1616/2036/1032 1615/1769/1032
f 1615/1771/1033 1616/2037/1033 1606/1772/1033
f 1618/1731/1017 1620/1734/1018 1619/1732/1018
f 1620/1734/1018 1622/1736/1019 1621/1735/1019
f 1622/1736/1019 1624/1738/1020 1623/1737/1020
f 1624/1738/1020 1626/1777/1021 1625/1739/1021
f 1625/1739/1021 1626/1777/1021 1628/1740/1022
f 1628/1740/1022 1630/1743/1023 1629/1742/1023
f 1629/1742/1023 1630/1743/1023 1632/1775/1024
f 1631/1744/1024 1632/1775/1024 1634/1745/1025
f 1622/1749/1026 1620/2691/1026 1618/1778/1026
f 1618/1778/1026 1636/2692/1026 1634/1747/1026
f 1634/1747/1026 1632/2693/1026 1630/1774/1026
f 1630/1774/1026 1628/2694/1026 1626/1748/1026
f 1626/1748/1026 1624/1780/1026 1622/1749/1026
f 1622/1749/1026 1618/1778/1026 1626/1748/1026
f 1618/1778/1026 1634/1747/1026 1626/1748/1026
f 1633/1746/1025 1634/1745/1025 1636/1776/1027
f 1636/1751/1027 1618/1731/1017 1617/1733/1017
f 1638/1753/1028 1640/2035/1028 1639/1754/1028
f 1640/1756/1029 1642/2695/1029 1641/1757/1029
f 1642/1759/1030 1644/2038/1030 1643/1760/1030
f 1643/1762/1031 1644/2039/1031 1646/1763/1031
f 1642/1767/1026 1640/2696/1026 1638/1779/1026
f 1638/1779/1026 1648/2697/1026 1642/1767/1026
f 1648/2697/1026 1646/1765/1026 1642/1767/1026
f 1646/1768/1032 1648/2036/1032 1647/1769/1032
f 1647/1771/1033 1648/2037/1033 1638/1772/1033
f 1649/1733/1017 1650/1731/1017 1652/1734/1018
f 1652/1734/1018 1654/1736/1019 1653/1735/1019
f 1654/1736/1019 1656/1738/1020 1655/1737/1020
f 1656/1738/1020 1658/1777/1021 1657/1739/1021
f 1658/1777/1021 1660/1740/1022 1659/1741/1022
f 1660/1740/1022 1662/1743/1023 1661/1742/1023
f 1662/1743/1023 1664/1775/1024 1663/1744/1024
f 1663/1744/1024 1664/1775/1024 1666/1745/1025
f 1654/1749/1026 1652/2691/1026 1650/1778/1026
f 1650/1778/1026 1668/2692/1026 1666/1747/1026
f 1666/1747/1026 1664/2693/1026 1662/1774/1026
f 1662/1774/1026 1660/2694/1026 1666/1747/1026
f 1660/2694/1026 1658/1748/1026 1666/1747/1026
f 1658/1748/1026 1656/1780/1026 1654/1749/1026
f 1654/1749/1026 1650/1778/1026 1658/1748/1026
f 1666/1745/1025 1668/1776/1027 1667/1750/1027
f 1668/1751/1027 1650/1731/1017 1649/1733/1017
f 1670/1753/1028 1672/2035/1028 1671/1754/1028
f 1672/1756/1029 1674/2695/1029 1673/1757/1029
f 1674/1759/1030 1676/2038/1030 1675/1760/1030
f 1675/1762/1031 1676/2039/1031 1678/1763/1031
f 1674/1767/1026 1672/2696/1026 1678/1765/1026
f 1672/2696/1026 1670/1779/1026 1678/1765/1026
f 1670/1779/1026 1680/2697/1026 1678/1765/1026
f 1678/1768/1032 1680/2036/1032 1679/1769/1032
f 1679/1771/1033 1680/2037/1033 1670/1772/1033
f 1681/1733/1017 1682/1731/1017 1684/1734/1018
f 1684/1734/1018 1686/1736/1019 1685/1735/1019
f 1686/1736/1019 1688/1738/1020 1687/1737/1020
f 1688/1738/1020 1690/1777/1021 1689/1739/1021
f 1690/1777/1021 1692/1740/1022 1691/1741/1022
f 1692/1740/1022 1694/1743/1023 1693/1742/1023
f 1694/1743/1023 1696/1775/1024 1695/1744/1024
f 1695/1744/1024 1696/1775/1024 1698/1745/1025
f 1686/1749/1026 1684/2691/1026 1682/1778/1026
f 1682/1778/1026 1700/2692/1026 1698/1747/1026
f 1698/1747/1026 1696/2693/1026 1694/1774/1026
f 1694/1774/1026 1692/2694/1026 1698/1747/1026
f 1692/2694/1026 1690/1748/1026 1698/1747/1026
f 1690/1748/1026 1688/1780/1026 1686/1749/1026
f 1686/1749/1026 1682/1778/1026 1690/1748/1026
f 1698/1745/1025 1700/1776/1027 1699/1750/1027
f 1700/1751/1027 1682/1731/1017 1681/1733/1017
f 1702/1753/1028 1704/2035/1028 1703/1754/1028
f 1704/1756/1029 1706/2695/1029 1705/1757/1029
f 1706/1759/1030 1708/2038/1030 1707/1760/1030
f 1707/1762/1031 1708/2039/1031 1710/1763/1031
f 1706/1767/1026 1704/2696/1026 1710/1765/1026
f 1704/2696/1026 1702/1779/1026 1710/1765/1026
f 1702/1779/1026 1712/2697/1026 1710/1765/1026
f 1710/1768/1032 1712/2036/1032 1711/1769/1032
f 1711/1771/1033 1712/2037/1033 1702/1772/1033
f 1714/1731/1017 1716/1734/1018 1715/1732/1018
f 1715/1732/1018 1716/1734/1018 1718/1736/1019
f 1717/1735/1019 1718/1736/1019 1720/1738/1020
f 1720/1738/1020 1722/1777/1021 1721/1739/1021
f 1721/1739/1021 1722/1777/1021 1724/1740/1022
f 1724/1740/1022 1726/1743/1023 1725/1742/1023
f 1726/1743/1023 1728/1775/1024 1727/1744/1024
f 1728/1775/1024 1730/1745/1025 1729/1746/1025
f 1718/1749/1026 1716/2691/1026 1714/1778/1026
f 1714/1778/1026 1732/2692/1026 1730/1747/1026
f 1730/1747/1026 1728/2693/1026 1726/1774/1026
f 1726/1774/1026 1724/2694/1026 1722/1748/1026
f 1722/1748/1026 1720/1780/1026 1718/1749/1026
f 1718/1749/1026 1714/1778/1026 1722/1748/1026
f 1714/1778/1026 1730/1747/1026 1722/1748/1026
f 1730/1745/1025 1732/1776/1027 1731/1750/1027
f 1732/1751/1027 1714/1731/1017 1713/1733/1017
f 1734/1753/1028 1736/2035/1028 1735/1754/1028
f 1736/1756/1029 1738/2695/1029 1737/1757/1029
f 1738/1759/1030 1740/2038/1030 1739/1760/1030
f 1739/1762/1031 1740/2039/1031 1742/1763/1031
f 1738/1767/1026 1736/2696/1026 1742/1765/1026
f 1736/2696/1026 1734/1779/1026 1742/1765/1026
f 1734/1779/1026 1744/2697/1026 1742/1765/1026
f 1742/1768/1032 1744/2036/1032 1743/1769/1032
f 1743/1771/1033 1744/2037/1033 1734/1772/1033
f 1746/1731/1017 1748/1734/1018 1747/1732/1018
f 1748/1734/1018 1750/1736/1019 1749/1735/1019
f 1749/1735/1019 1750/1736/1019 1752/1738/1020
f 1751/1737/1020 1752/1738/1020 1754/1777/1021
f 1753/1739/1021 1754/1777/1021 1756/1740/1022
f 1756/1740/1022 1758/1743/1023 1757/1742/1023
f 1758/1743/1023 1760/1775/1024 1759/1744/1024
f 1760/1775/1024 1762/1745/1025 1761/1746/1025
f 1750/1749/1026 1748/2691/1026 1746/1778/1026
f 1746/1778/1026 1764/2692/1026 1750/1749/1026
f 1764/2692/1026 1762/1747/1026 1750/1749/1026
f 1762/1747/1026 1760/2693/1026 1754/1748/1026
f 1760/2693/1026 1758/1774/1026 1754/1748/1026
f 1758/1774/1026 1756/2694/1026 1754/1748/1026
f 1754/1748/1026 1752/1780/1026 1750/1749/1026
f 1762/1745/1025 1764/1776/1027 1763/1750/1027
f 1764/1751/1027 1746/1731/1017 1745/1733/1017
f 1766/1753/1028 1768/2035/1028 1767/1754/1028
f 1768/1756/1029 1770/2695/1029 1769/1757/1029
f 1770/1759/1030 1772/2038/1030 1771/1760/1030
f 1771/1762/1031 1772/2039/1031 1774/1763/1031
f 1770/1767/1026 1768/2696/1026 1766/1779/1026
f 1766/1779/1026 1776/2697/1026 1774/1765/1026
f 1774/1765/1026 1772/1766/1026 1770/1767/1026
f 1774/1768/1032 1776/2036/1032 1775/1769/1032
f 1775/1771/1033 1776/2037/1033 1766/1772/1033
f 1778/1731/1017 1780/1734/1018 1779/1732/1018
f 1780/1734/1018 1782/1736/1019 1781/1735/1019
f 1781/1735/1019 1782/1736/1019 1784/1738/1020
f 1783/1737/1020 1784/1738/1020 1786/1777/1021
f 1785/1739/1021 1786/1777/1021 1788/1740/1022
f 1788/1740/1022 1790/1743/1023 1789/1742/1023
f 1790/1743/1023 1792/1775/1024 1791/1744/1024
f 1792/1775/1024 1794/1745/1025 1793/1746/1025
f 1782/1749/1026 1780/2691/1026 1778/1778/1026
f 1778/1778/1026 1796/2692/1026 1782/1749/1026
f 1796/2692/1026 1794/1747/1026 1782/1749/1026
f 1794/1747/1026 1792/2693/1026 1786/1748/1026
f 1792/2693/1026 1790/1774/1026 1786/1748/1026
f 1790/1774/1026 1788/2694/1026 1786/1748/1026
f 1786/1748/1026 1784/1780/1026 1794/1747/1026
f 1794/1745/1025 1796/1776/1027 1795/1750/1027
f 1796/1751/1027 1778/1731/1017 1777/1733/1017
f 1798/1753/1028 1800/2035/1028 1799/1754/1028
f 1800/1756/1029 1802/2695/1029 1801/1757/1029
f 1802/1759/1030 1804/2038/1030 1803/1760/1030
f 1803/1762/1031 1804/2039/1031 1806/1763/1031
f 1802/1767/1026 1800/2696/1026 1798/1779/1026
f 1798/1779/1026 1808/2697/1026 1802/1767/1026
f 1808/2697/1026 1806/1765/1026 1802/1767/1026
f 1806/1768/1032 1808/2036/1032 1807/1769/1032
f 1807/1771/1033 1808/2037/1033 1798/1772/1033
f 1810/1731/1017 1812/1734/1018 1811/1732/1018
f 1812/1734/1018 1814/1736/1019 1813/1735/1019
f 1813/1735/1019 1814/1736/1019 1816/1738/1020
f 1815/1737/1020 1816/1738/1020 1818/1777/1021
f 1817/1739/1021 1818/1777/1021 1820/1740/1022
f 1820/1740/1022 1822/1743/1023 1821/1742/1023
f 1822/1743/1023 1824/1775/1024 1823/1744/1024
f 1824/1775/1024 1826/1745/1025 1825/1746/1025
f 1814/1749/1026 1812/2691/1026 1810/1778/1026
f 1810/1778/1026 1828/2692/1026 1814/1749/1026
f 1828/2692/1026 1826/1747/1026 1814/1749/1026
f 1826/1747/1026 1824/2693/1026 1822/1774/1026
f 1822/1774/1026 1820/2694/1026 1818/1748/1026
f 1818/1748/1026 1816/1780/1026 1814/1749/1026
f 1826/1747/1026 1822/1774/1026 1814/1749/1026
f 1826/1745/1025 1828/1776/1027 1827/1750/1027
f 1828/1751/1027 1810/1731/1017 1809/1733/1017
f 1830/1753/1028 1832/2035/1028 1831/1754/1028
f 1832/1756/1029 1834/2695/1029 1833/1757/1029
f 1834/1759/1030 1836/2038/1030 1835/1760/1030
f 1835/1762/1031 1836/2039/1031 1838/1763/1031
f 1834/1767/1026 1832/2696/1026 1838/1765/1026
f 1832/2696/1026 1830/1779/1026 1838/1765/1026
f 1830/1779/1026 1840/2697/1026 1838/1765/1026
f 1838/1768/1032 1840/2036/1032 1839/1769/1032
f 1839/1771/1033 1840/2037/1033 1830/1772/1033
f 1842/1731/1017 1844/1734/1018 1843/1732/1018
f 1844/1734/1018 1846/1736/1019 1845/1735/1019
f 1845/1735/1019 1846/1736/1019 1848/1738/1020
f 1847/1737/1020 1848/1738/1020 1850/1777/1021
f 1849/1739/1021 1850/1777/1021 1852/1740/1022
f 1852/1740/1022 1854/1743/1023 1853/1742/1023
f 1854/1743/1023 1856/1775/1024 1855/1744/1024
f 1856/1775/1024 1858/1745/1025 1857/1746/1025
f 1846/1749/1026 1844/2691/1026 1842/1778/1026
f 1842/1778/1026 1860/2692/1026 1858/1747/1026
f 1858/1747/1026 1856/2693/1026 1854/1774/1026
f 1854/1774/1026 1852/2694/1026 1850/1748/1026
f 1850/1748/1026 1848/1780/1026 1846/1749/1026
f 1846/1749/1026 1842/1778/1026 1850/1748/1026
f 1842/1778/1026 1858/1747/1026 1850/1748/1026
f 1858/1745/1025 1860/1776/1027 1859/1750/1027
f 1860/1751/1027 1842/1731/1017 1841/1733/1017
f 1862/1753/1028 1864/2035/1028 1863/1754/1028
f 1864/1756/1029 1866/2695/1029 1865/1757/1029
f 1866/1759/1030 1868/2038/1030 1867/1760/1030
f 1867/1762/1031 1868/2039/1031 1870/1763/1031
f 1866/1767/1026 1864/2696/1026 1862/1779/1026
f 1862/1779/1026 1872/2697/1026 1870/1765/1026
f 1870/1765/1026 1868/1766/1026 1862/1779/1026
f 1870/1768/1032 1872/2036/1032 1871/1769/1032
f 1871/1771/1033 1872/2037/1033 1862/1772/1033
f 1874/1731/1017 1876/1734/1018 1875/1732/1018
f 1876/1734/1018 1878/1736/1019 1877/1735/1019
f 1877/1735/1019 1878/1736/1019 1880/1738/1020
f 1879/1737/1020 1880/1738/1020 1882/1777/1021
f 1881/1739/1021 1882/1777/1021 1884/1740/1022
f 1884/1740/1022 1886/1743/1023 1885/1742/1023
f 1886/1743/1023 1888/1775/1024 1887/1744/1024
f 1888/1775/1024 1890/1745/1025 1889/1746/1025
f 1878/1749/1026 1876/2691/1026 1874/1778/1026
f 1874/1778/1026 1892/2692/1026 1890/1747/1026
f 1890/1747/1026 1888/2693/1026 1886/1774/1026
f 1886/1774/1026 1884/2694/1026 1882/1748/1026
f 1882/1748/1026 1880/1780/1026 1878/1749/1026
f 1878/1749/1026 1874/1778/1026 1882/1748/1026
f 1874/1778/1026 1890/1747/1026 1882/1748/1026
f 1890/1745/1025 1892/1776/1027 1891/1750/1027
f 1892/1751/1027 1874/1731/1017 1873/1733/1017
f 1894/1753/1028 1896/2035/1028 1895/1754/1028
f 1896/1756/1029 1898/2695/1029 1897/1757/1029
f 1898/1759/1030 1900/2038/1030 1899/1760/1030
f 1899/1762/1031 1900/2039/1031 1902/1763/1031
f 1898/1767/1026 1896/2696/1026 1894/1779/1026
f 1894/1779/1026 1904/2697/1026 1902/1765/1026
f 1902/1765/1026 1900/1766/1026 1894/1779/1026
f 1902/1768/1032 1904/2036/1032 1903/1769/1032
f 1903/1771/1033 1904/2037/1033 1894/1772/1033
f 1906/1731/1017 1908/1734/1018 1907/1732/1018
f 1908/1734/1018 1910/1736/1019 1909/1735/1019
f 1909/1735/1019 1910/1736/1019 1912/1738/1020
f 1911/1737/1020 1912/1738/1020 1914/1777/1021
f 1913/1739/1021 1914/1777/1021 1916/1740/1022
f 1916/1740/1022 1918/1743/1023 1917/1742/1023
f 1918/1743/1023 1920/1775/1024 1919/1744/1024
f 1920/1775/1024 1922/1745/1025 1921/1746/1025
f 1910/1749/1026 1908/2691/1026 1906/1778/1026
f 1906/1778/1026 1924/2692/1026 1922/1747/1026
f 1922/1747/1026 1920/2693/1026 1918/1774/1026
f 1918/1774/1026 1916/2694/1026 1914/1748/1026
f 1914/1748/1026 1912/1780/1026 1910/1749/1026
f 1910/1749/1026 1906/1778/1026 1914/1748/1026
f 1906/1778/1026 1922/1747/1026 1914/1748/1026
f 1922/1745/1025 1924/1776/1027 1923/1750/1027
f 1924/1751/1027 1906/1731/1017 1905/1733/1017
f 1926/1753/1028 1928/2035/1028 1927/1754/1028
f 1928/1756/1029 1930/2695/1029 1929/1757/1029
f 1930/1759/1030 1932/2038/1030 1931/1760/1030
f 1931/1762/1031 1932/2039/1031 1934/1763/1031
f 1930/1767/1026 1928/2696/1026 1926/1779/1026
f 1926/1779/1026 1936/2697/1026 1934/1765/1026
f 1934/1765/1026 1932/1766/1026 1926/1779/1026
f 1934/1768/1032 1936/2036/1032 1935/1769/1032
f 1935/1771/1033 1936/2037/1033 1926/1772/1033
f 1938/1731/1017 1940/1734/1018 1939/1732/1018
f 1940/1734/1018 1942/1736/1019 1941/1735/1019
f 1941/1735/1019 1942/1736/1019 1944/1738/1020
f 1943/1737/1020 1944/1738/1020 1946/1777/1021
f 1945/1739/1021 1946/1777/1021 1948/1740/1022
f 1948/1740/1022 1950/1743/1023 1949/1742/1023
f 1950/1743/1023 1952/1775/1024 1951/1744/1024
f 1952/1775/1024 1954/1745/1025 1953/1746/1025
f 1942/1749/1026 1940/2691/1026 1938/1778/1026
f 1938/1778/1026 1956/2692/1026 1954/1747/1026
f 1954/1747/1026 1952/2693/1026 1950/1774/1026
f 1950/1774/1026 1948/2694/1026 1946/1748/1026
f 1946/1748/1026 1944/1780/1026 1942/1749/1026
f 1942/1749/1026 1938/1778/1026 1946/1748/1026
f 1938/1778/1026 1954/1747/1026 1946/1748/1026
f 1954/1745/1025 1956/1776/1027 1955/1750/1027
f 1956/1751/1027 1938/1731/1017 1937/1733/1017
f 1958/1753/1028 1960/2035/1028 1959/1754/1028
f 1960/1756/1029 1962/2695/1029 1961/1757/1029
f 1962/1759/1030 1964/2038/1030 1963/1760/1030
f 1963/1762/1031 1964/2039/1031 1966/1763/1031
f 1962/1767/1026 1960/2696/1026 1958/1779/1026
f 1958/1779/1026 1968/2697/1026 1966/1765/1026
f 1966/1765/1026 1964/1766/1026 1958/1779/1026
f 1966/1768/1032 1968/2036/1032 1967/1769/1032
f 1967/1771/1033 1968/2037/1033 1958/1772/1033
f 1969/1733/1017 1970/1731/1017 1972/1734/1018
f 1971/1732/1018 1972/1734/1018 1974/1736/1019
f 1973/1735/1019 1974/1736/1019 1976/1738/1020
f 1976/1738/1020 1978/1777/1021 1977/1739/1021
f 1978/1777/1021 1980/1740/1022 1979/1741/1022
f 1980/1740/1022 1982/1743/1023 1981/1742/1023
f 1982/1743/1023 1984/1775/1024 1983/1744/1024
f 1984/1775/1024 1986/1745/1025 1985/1746/1025
f 1974/1749/1026 1972/2691/1026 1970/1778/1026
f 1970/1778/1026 1988/2692/1026 1986/1747/1026
f 1986/1747/1026 1984/2693/1026 1982/1774/1026
f 1982/1774/1026 1980/2694/1026 1986/1747/1026
f 1980/2694/1026 1978/1748/1026 1986/1747/1026
f 1978/1748/1026 1976/1780/1026 1974/1749/1026
f 1974/1749/1026 1970/1778/1026 1978/1748/1026
f 1986/1745/1025 1988/1776/1027 1987/1750/1027
f 1988/1751/1027 1970/1731/1017 1969/1733/1017
f 1990/1753/1028 1992/2035/1028 1991/1754/1028
f 1992/1756/1029 1994/2695/1029 1993/1757/1029
f 1994/1759/1030 1996/2038/1030 1995/1760/1030
f 1995/1762/1031 1996/2039/1031 1998/1763/1031
f 1994/1767/1026 1992/2696/1026 1990/1779/1026
f 1990/1779/1026 2000/2697/1026 1994/1767/1026
f 2000/2697/1026 1998/1765/1026 1994/1767/1026
f 1998/1768/1032 2000/2036/1032 1999/1769/1032
f 1999/1771/1033 2000/2037/1033 1990/1772/1033
f 2001/1733/1017 2002/1731/1017 2004/1734/1018
f 2003/1732/1018 2004/1734/1018 2006/1736/1019
f 2005/1735/1019 2006/1736/1019 2008/1738/1020
f 2008/1738/1020 2010/1777/1021 2009/1739/1021
f 2010/1777/1021 2012/1740/1022 2011/1741/1022
f 2012/1740/1022 2014/1743/1023 2013/1742/1023
f 2014/1743/1023 2016/1775/1024 2015/1744/1024
f 2016/1775/1024 2018/1745/1025 2017/1746/1025
f 2006/1749/1026 2004/2691/1026 2002/1778/1026
f 2002/1778/1026 2020/2692/1026 2018/1747/1026
f 2018/1747/1026 2016/2693/1026 2014/1774/1026
f 2014/1774/1026 2012/2694/1026 2018/1747/1026
f 2012/2694/1026 2010/1748/1026 2018/1747/1026
f 2010/1748/1026 2008/1780/1026 2006/1749/1026
f 2006/1749/1026 2002/1778/1026 2010/1748/1026
f 2018/1745/1025 2020/1776/1027 2019/1750/1027
f 2020/1751/1027 2002/1731/1017 2001/1733/1017
f 2022/1753/1028 2024/2035/1028 2023/1754/1028
f 2024/1756/1029 2026/2695/1029 2025/1757/1029
f 2026/1759/1030 2028/2038/1030 2027/1760/1030
f 2027/1762/1031 2028/2039/1031 2030/1763/1031
f 2026/1767/1026 2024/2696/1026 2022/1779/1026
f 2022/1779/1026 2032/2697/1026 2026/1767/1026
f 2032/2697/1026 2030/1765/1026 2026/1767/1026
f 2030/1768/1032 2032/2036/1032 2031/1769/1032
f 2031/1771/1033 2032/2037/1033 2022/1772/1033
f 2057/1781/1035 2069/1785/1035 2070/1782/1035
f 2059/1784/1035 2071/1787/1035 2069/1785/1035
f 2060/1786/1035 2072/1789/1035 2071/1787/1035
f 2061/1788/1035 2073/1791/1035 2072/1789/1035
f 2061/1788/1035 2062/1793/1035 2074/1790/1035
f 2063/1792/1035 2075/1795/1035 2074/1790/1035
f 2063/1792/1035 2064/1797/1035 2076/1794/1035
f 2065/1796/1035 2077/1799/1035 2076/1794/1035
f 2065/1796/1035 2066/1800/1035 2078/1798/1035
f 2066/1800/1035 2067/1802/1035 2079/1801/1035
f 2067/1802/1035 2068/1804/1035 2080/1803/1035
f 2068/1804/1035 2058/1783/1035 2070/1782/1035
f 2053/1805/1036 2065/1818/1036 2064/1806/1037
f 2044/1808/1038 2043/1853/1039 2079/1809/1039
f 2046/1811/1040 2045/1821/1041 2057/1812/1041
f 2036/1814/1029 2072/1854/1029 2073/1815/1042
f 2054/1817/1029 2066/1826/1029 2065/1818/1036
f 2033/1819/1043 2044/1808/1038 2080/1810/1038
f 2045/1821/1041 2047/1827/1044 2059/1822/1044
f 2037/1816/1042 2073/1815/1042 2074/1823/1045
f 2055/1825/1042 2067/1832/1042 2066/1826/1029
f 2047/1827/1044 2048/1833/1032 2060/1828/1032
f 2038/1824/1045 2074/1823/1045 2075/1829/1040
f 2056/1831/1045 2068/1838/1045 2067/1832/1042
f 2048/1833/1032 2049/1839/1039 2061/1834/1039
f 2040/1835/1041 2039/1830/1040 2075/1829/1040
f 2046/1837/1040 2058/1855/1040 2068/1838/1045
f 2049/1839/1039 2050/1846/1038 2062/1840/1038
f 2041/1841/1044 2040/1835/1041 2076/1836/1041
f 2033/1843/1043 2070/2698/1043 2069/1844/1037
f 2050/1846/1038 2051/1852/1043 2063/1847/1043
f 2042/1848/1032 2041/1841/1044 2077/1842/1044
f 2034/1845/1037 2069/1844/1037 2071/1850/1036
f 2052/1807/1037 2064/1806/1037 2063/1847/1043
f 2043/1853/1039 2042/1848/1032 2078/1849/1032
f 2035/1851/1036 2071/1850/1036 2072/1854/1029
f 2106/1783/1035 2105/1781/1035 2117/1785/1035
f 2107/1784/1035 2119/1787/1035 2117/1785/1035
f 2108/1786/1035 2120/1789/1035 2119/1787/1035
f 2109/1788/1035 2121/1791/1035 2120/1789/1035
f 2109/1788/1035 2110/1793/1035 2122/1790/1035
f 2111/1792/1035 2123/1795/1035 2122/1790/1035
f 2111/1792/1035 2112/1797/1035 2124/1794/1035
f 2113/1796/1035 2125/1799/1035 2124/1794/1035
f 2113/1796/1035 2114/1800/1035 2126/1798/1035
f 2114/1800/1035 2115/1802/1035 2127/1801/1035
f 2115/1802/1035 2116/1804/1035 2128/1803/1035
f 2116/1804/1035 2106/1783/1035 2118/1782/1035
f 2101/1805/1036 2113/1818/1036 2112/1806/1037
f 2092/1808/1038 2091/1853/1039 2127/1809/1039
f 2094/1811/1040 2093/1821/1041 2105/1812/1041
f 2084/1814/1029 2120/1854/1029 2121/1815/1042
f 2102/1817/1029 2114/1826/1029 2113/1818/1036
f 2081/1819/1043 2092/1808/1038 2128/1810/1038
f 2093/1821/1041 2095/1827/1044 2107/1822/1044
f 2085/1816/1042 2121/1815/1042 2122/1823/1045
f 2103/1825/1042 2115/1832/1042 2114/1826/1029
f 2095/1827/1044 2096/1833/1032 2108/1828/1032
f 2086/1824/1045 2122/1823/1045 2123/1829/1040
f 2104/1831/1045 2116/1838/1045 2115/1832/1042
f 2096/1833/1032 2097/1839/1039 2109/1834/1039
f 2088/1835/1041 2087/1830/1040 2123/1829/1040
f 2094/1837/1040 2106/1855/1040 2116/1838/1045
f 2097/1839/1039 2098/1846/1038 2110/1840/1038
f 2089/1841/1044 2088/1835/1041 2124/1836/1041
f 2081/1843/1043 2118/2698/1043 2117/1844/1037
f 2098/1846/1038 2099/1852/1043 2111/1847/1043
f 2090/1848/1032 2089/1841/1044 2125/1842/1044
f 2082/1845/1037 2117/1844/1037 2119/1850/1036
f 2100/1807/1037 2112/1806/1037 2111/1847/1043
f 2091/1853/1039 2090/1848/1032 2126/1849/1032
f 2083/1851/1036 2119/1850/1036 2120/1854/1029
f 2154/1783/1035 2153/1781/1035 2165/1785/1035
f 2153/1781/1035 2155/1784/1035 2167/1787/1035
f 2155/1784/1035 2156/1786/1035 2168/1789/1035
f 2157/1788/1035 2169/1791/1035 2168/1789/1035
f 2158/1793/1035 2170/1790/1035 2169/1791/1035
f 2159/1792/1035 2171/1795/1035 2170/1790/1035
f 2159/1792/1035 2160/1797/1035 2172/1794/1035
f 2160/1797/1035 2161/1796/1035 2173/1799/1035
f 2161/1796/1035 2162/1800/1035 2174/1798/1035
f 2162/1800/1035 2163/1802/1035 2175/1801/1035
f 2164/1804/1035 2176/1803/1035 2175/1801/1035
f 2154/1783/1035 2166/1782/1035 2176/1803/1035
f 2149/1805/1036 2161/1818/1036 2160/1806/1037
f 2140/1808/1038 2139/1853/1039 2175/1809/1039
f 2142/1811/1040 2141/1821/1041 2153/1812/1041
f 2132/1814/1029 2168/1854/1029 2169/1815/1042
f 2150/1817/1029 2162/1826/1029 2161/1818/1036
f 2129/1819/1043 2140/1808/1038 2176/1810/1038
f 2141/1821/1041 2143/1827/1044 2155/1822/1044
f 2133/1816/1042 2169/1815/1042 2170/1823/1045
f 2151/1825/1042 2163/1832/1042 2162/1826/1029
f 2143/1827/1044 2144/1833/1032 2156/1828/1032
f 2134/1824/1045 2170/1823/1045 2171/1829/1040
f 2152/1831/1045 2164/1838/1045 2163/1832/1042
f 2144/1833/1032 2145/1839/1039 2157/1834/1039
f 2136/1835/1041 2135/1830/1040 2171/1829/1040
f 2142/1837/1040 2154/1855/1040 2164/1838/1045
f 2145/1839/1039 2146/1846/1038 2158/1840/1038
f 2137/1841/1044 2136/1835/1041 2172/1836/1041
f 2129/1843/1043 2166/2698/1043 2165/1844/1037
f 2146/1846/1038 2147/1852/1043 2159/1847/1043
f 2138/1848/1032 2137/1841/1044 2173/1842/1044
f 2130/1845/1037 2165/1844/1037 2167/1850/1036
f 2148/1807/1037 2160/1806/1037 2159/1847/1043
f 2139/1853/1039 2138/1848/1032 2174/1849/1032
f 2131/1851/1036 2167/1850/1036 2168/1854/1029
f 2202/1783/1035 2201/1781/1035 2213/1785/1035
f 2201/1781/1035 2203/1784/1035 2215/1787/1035
f 2203/1784/1035 2204/1786/1035 2216/1789/1035
f 2205/1788/1035 2217/1791/1035 2216/1789/1035
f 2206/1793/1035 2218/1790/1035 2217/1791/1035
f 2207/1792/1035 2219/1795/1035 2218/1790/1035
f 2207/1792/1035 2208/1797/1035 2220/1794/1035
f 2208/1797/1035 2209/1796/1035 2221/1799/1035
f 2209/1796/1035 2210/1800/1035 2222/1798/1035
f 2211/1802/1035 2223/1801/1035 2222/1798/1035
f 2212/1804/1035 2224/1803/1035 2223/1801/1035
f 2202/1783/1035 2214/1782/1035 2224/1803/1035
f 2197/1805/1036 2209/1818/1036 2208/1806/1037
f 2188/1808/1038 2187/1853/1039 2223/1809/1039
f 2190/1811/1040 2189/1821/1041 2201/1812/1041
f 2180/1814/1029 2216/1854/1029 2217/1815/1042
f 2198/1817/1029 2210/1826/1029 2209/1818/1036
f 2177/1819/1043 2188/1808/1038 2224/1810/1038
f 2189/1821/1041 2191/1827/1044 2203/1822/1044
f 2181/1816/1042 2217/1815/1042 2218/1823/1045
f 2199/1825/1042 2211/1832/1042 2210/1826/1029
f 2191/1827/1044 2192/1833/1032 2204/1828/1032
f 2182/1824/1045 2218/1823/1045 2219/1829/1040
f 2200/1831/1045 2212/1838/1045 2211/1832/1042
f 2192/1833/1032 2193/1839/1039 2205/1834/1039
f 2184/1835/1041 2183/1830/1040 2219/1829/1040
f 2190/1837/1040 2202/1855/1040 2212/1838/1045
f 2193/1839/1039 2194/1846/1038 2206/1840/1038
f 2185/1841/1044 2184/1835/1041 2220/1836/1041
f 2177/1843/1043 2214/2698/1043 2213/1844/1037
f 2194/1846/1038 2195/1852/1043 2207/1847/1043
f 2186/1848/1032 2185/1841/1044 2221/1842/1044
f 2178/1845/1037 2213/1844/1037 2215/1850/1036
f 2196/1807/1037 2208/1806/1037 2207/1847/1043
f 2187/1853/1039 2186/1848/1032 2222/1849/1032
f 2179/1851/1036 2215/1850/1036 2216/1854/1029
f 2250/1783/1035 2249/1781/1035 2261/1785/1035
f 2249/1781/1035 2251/1784/1035 2263/1787/1035
f 2252/1786/1035 2264/1789/1035 2263/1787/1035
f 2252/1786/1035 2253/1788/1035 2265/1791/1035
f 2254/1793/1035 2266/1790/1035 2265/1791/1035
f 2255/1792/1035 2267/1795/1035 2266/1790/1035
f 2255/1792/1035 2256/1797/1035 2268/1794/1035
f 2257/1796/1035 2269/1799/1035 2268/1794/1035
f 2257/1796/1035 2258/1800/1035 2270/1798/1035
f 2258/1800/1035 2259/1802/1035 2271/1801/1035
f 2259/1802/1035 2260/1804/1035 2272/1803/1035
f 2250/1783/1035 2262/1782/1035 2272/1803/1035
f 2245/1805/1036 2257/1818/1036 2256/1806/1037
f 2236/1808/1038 2235/1853/1039 2271/1809/1039
f 2238/1811/1040 2237/1821/1041 2249/1812/1041
f 2228/1814/1029 2264/1854/1029 2265/1815/1042
f 2246/1817/1029 2258/1826/1029 2257/1818/1036
f 2225/1819/1043 2236/1808/1038 2272/1810/1038
f 2237/1821/1041 2239/1827/1044 2251/1822/1044
f 2229/1816/1042 2265/1815/1042 2266/1823/1045
f 2247/1825/1042 2259/1832/1042 2258/1826/1029
f 2239/1827/1044 2240/1833/1032 2252/1828/1032
f 2230/1824/1045 2266/1823/1045 2267/1829/1040
f 2248/1831/1045 2260/1838/1045 2259/1832/1042
f 2240/1833/1032 2241/1839/1039 2253/1834/1039
f 2232/1835/1041 2231/1830/1040 2267/1829/1040
f 2238/1837/1040 2250/1855/1040 2260/1838/1045
f 2241/1839/1039 2242/1846/1038 2254/1840/1038
f 2233/1841/1044 2232/1835/1041 2268/1836/1041
f 2225/1843/1043 2262/2698/1043 2261/1844/1037
f 2242/1846/1038 2243/1852/1043 2255/1847/1043
f 2234/1848/1032 2233/1841/1044 2269/1842/1044
f 2226/1845/1037 2261/1844/1037 2263/1850/1036
f 2244/1807/1037 2256/1806/1037 2255/1847/1043
f 2235/1853/1039 2234/1848/1032 2270/1849/1032
f 2227/1851/1036 2263/1850/1036 2264/1854/1029
f 2298/1783/1035 2297/1781/1035 2309/1785/1035
f 2297/1781/1035 2299/1784/1035 2311/1787/1035
f 2300/1786/1035 2312/1789/1035 2311/1787/1035
f 2300/1786/1035 2301/1788/1035 2313/1791/1035
f 2302/1793/1035 2314/1790/1035 2313/1791/1035
f 2303/1792/1035 2315/1795/1035 2314/1790/1035
f 2303/1792/1035 2304/1797/1035 2316/1794/1035
f 2305/1796/1035 2317/1799/1035 2316/1794/1035
f 2306/1800/1035 2318/1798/1035 2317/1799/1035
f 2306/1800/1035 2307/1802/1035 2319/1801/1035
f 2307/1802/1035 2308/1804/1035 2320/1803/1035
f 2298/1783/1035 2310/1782/1035 2320/1803/1035
f 2293/1805/1036 2305/1818/1036 2304/1806/1037
f 2284/1808/1038 2283/1853/1039 2319/1809/1039
f 2286/1811/1040 2285/1821/1041 2297/1812/1041
f 2276/1814/1029 2312/1854/1029 2313/1815/1042
f 2294/1817/1029 2306/1826/1029 2305/1818/1036
f 2273/1819/1043 2284/1808/1038 2320/1810/1038
f 2285/1821/1041 2287/1827/1044 2299/1822/1044
f 2277/1816/1042 2313/1815/1042 2314/1823/1045
f 2295/1825/1042 2307/1832/1042 2306/1826/1029
f 2287/1827/1044 2288/1833/1032 2300/1828/1032
f 2278/1824/1045 2314/1823/1045 2315/1829/1040
f 2296/1831/1045 2308/1838/1045 2307/1832/1042
f 2288/1833/1032 2289/1839/1039 2301/1834/1039
f 2280/1835/1041 2279/1830/1040 2315/1829/1040
f 2286/1837/1040 2298/1855/1040 2308/1838/1045
f 2289/1839/1039 2290/1846/1038 2302/1840/1038
f 2281/1841/1044 2280/1835/1041 2316/1836/1041
f 2273/1843/1043 2310/2698/1043 2309/1844/1037
f 2290/1846/1038 2291/1852/1043 2303/1847/1043
f 2282/1848/1032 2281/1841/1044 2317/1842/1044
f 2274/1845/1037 2309/1844/1037 2311/1850/1036
f 2292/1807/1037 2304/1806/1037 2303/1847/1043
f 2283/1853/1039 2282/1848/1032 2318/1849/1032
f 2275/1851/1036 2311/1850/1036 2312/1854/1029
f 2346/1783/1035 2345/1781/1035 2357/1785/1035
f 2345/1781/1035 2347/1784/1035 2359/1787/1035
f 2348/1786/1035 2360/1789/1035 2359/1787/1035
f 2348/1786/1035 2349/1788/1035 2361/1791/1035
f 2350/1793/1035 2362/1790/1035 2361/1791/1035
f 2351/1792/1035 2363/1795/1035 2362/1790/1035
f 2351/1792/1035 2352/1797/1035 2364/1794/1035
f 2353/1796/1035 2365/1799/1035 2364/1794/1035
f 2354/1800/1035 2366/1798/1035 2365/1799/1035
f 2354/1800/1035 2355/1802/1035 2367/1801/1035
f 2355/1802/1035 2356/1804/1035 2368/1803/1035
f 2346/1783/1035 2358/1782/1035 2368/1803/1035
f 2341/1805/1036 2353/1818/1036 2352/1806/1037
f 2332/1808/1038 2331/1853/1039 2367/1809/1039
f 2334/1811/1040 2333/1821/1041 2345/1812/1041
f 2324/1814/1029 2360/1854/1029 2361/1815/1042
f 2342/1817/1029 2354/1826/1029 2353/1818/1036
f 2321/1819/1043 2332/1808/1038 2368/1810/1038
f 2333/1821/1041 2335/1827/1044 2347/1822/1044
f 2325/1816/1042 2361/1815/1042 2362/1823/1045
f 2343/1825/1042 2355/1832/1042 2354/1826/1029
f 2335/1827/1044 2336/1833/1032 2348/1828/1032
f 2326/1824/1045 2362/1823/1045 2363/1829/1040
f 2344/1831/1045 2356/1838/1045 2355/1832/1042
f 2336/1833/1032 2337/1839/1039 2349/1834/1039
f 2328/1835/1041 2327/1830/1040 2363/1829/1040
f 2334/1837/1040 2346/1855/1040 2356/1838/1045
f 2337/1839/1039 2338/1846/1038 2350/1840/1038
f 2329/1841/1044 2328/1835/1041 2364/1836/1041
f 2321/1843/1043 2358/2698/1043 2357/1844/1037
f 2338/1846/1038 2339/1852/1043 2351/1847/1043
f 2330/1848/1032 2329/1841/1044 2365/1842/1044
f 2322/1845/1037 2357/1844/1037 2359/1850/1036
f 2340/1807/1037 2352/1806/1037 2351/1847/1043
f 2331/1853/1039 2330/1848/1032 2366/1849/1032
f 2323/1851/1036 2359/1850/1036 2360/1854/1029
f 2394/1783/1035 2393/1781/1035 2405/1785/1035
f 2393/1781/1035 2395/1784/1035 2407/1787/1035
f 2396/1786/1035 2408/1789/1035 2407/1787/1035
f 2396/1786/1035 2397/1788/1035 2409/1791/1035
f 2398/1793/1035 2410/1790/1035 2409/1791/1035
f 2399/1792/1035 2411/1795/1035 2410/1790/1035
f 2399/1792/1035 2400/1797/1035 2412/1794/1035
f 2401/1796/1035 2413/1799/1035 2412/1794/1035
f 2402/1800/1035 2414/1798/1035 2413/1799/1035
f 2402/1800/1035 2403/1802/1035 2415/1801/1035
f 2403/1802/1035 2404/1804/1035 2416/1803/1035
f 2394/1783/1035 2406/1782/1035 2416/1803/1035
f 2389/1805/1036 2401/1818/1036 2400/1806/1037
f 2380/1808/1038 2379/1853/1039 2415/1809/1039
f 2382/1811/1040 2381/1821/1041 2393/1812/1041
f 2372/1814/1029 2408/1854/1029 2409/1815/1042
f 2390/1817/1029 2402/1826/1029 2401/1818/1036
f 2369/1819/1043 2380/1808/1038 2416/1810/1038
f 2381/1821/1041 2383/1827/1044 2395/1822/1044
f 2373/1816/1042 2409/1815/1042 2410/1823/1045
f 2391/1825/1042 2403/1832/1042 2402/1826/1029
f 2383/1827/1044 2384/1833/1032 2396/1828/1032
f 2374/1824/1045 2410/1823/1045 2411/1829/1040
f 2392/1831/1045 2404/1838/1045 2403/1832/1042
f 2384/1833/1032 2385/1839/1039 2397/1834/1039
f 2376/1835/1041 2375/1830/1040 2411/1829/1040
f 2382/1837/1040 2394/1855/1040 2404/1838/1045
f 2385/1839/1039 2386/1846/1038 2398/1840/1038
f 2377/1841/1044 2376/1835/1041 2412/1836/1041
f 2369/1843/1043 2406/2698/1043 2405/1844/1037
f 2386/1846/1038 2387/1852/1043 2399/1847/1043
f 2378/1848/1032 2377/1841/1044 2413/1842/1044
f 2370/1845/1037 2405/1844/1037 2407/1850/1036
f 2388/1807/1037 2400/1806/1037 2399/1847/1043
f 2379/1853/1039 2378/1848/1032 2414/1849/1032
f 2371/1851/1036 2407/1850/1036 2408/1854/1029
f 2442/1783/1035 2441/1781/1035 2453/1785/1035
f 2441/1781/1035 2443/1784/1035 2455/1787/1035
f 2443/1784/1035 2444/1786/1035 2456/1789/1035
f 2445/1788/1035 2457/1791/1035 2456/1789/1035
f 2446/1793/1035 2458/1790/1035 2457/1791/1035
f 2447/1792/1035 2459/1795/1035 2458/1790/1035
f 2447/1792/1035 2448/1797/1035 2460/1794/1035
f 2448/1797/1035 2449/1796/1035 2461/1799/1035
f 2449/1796/1035 2450/1800/1035 2462/1798/1035
f 2451/1802/1035 2463/1801/1035 2462/1798/1035
f 2452/1804/1035 2464/1803/1035 2463/1801/1035
f 2442/1783/1035 2454/1782/1035 2464/1803/1035
f 2437/1805/1036 2449/1818/1036 2448/1806/1037
f 2428/1808/1038 2427/1853/1039 2463/1809/1039
f 2430/1811/1040 2429/1821/1041 2441/1812/1041
f 2420/1814/1029 2456/1854/1029 2457/1815/1042
f 2438/1817/1029 2450/1826/1029 2449/1818/1036
f 2417/1819/1043 2428/1808/1038 2464/1810/1038
f 2429/1821/1041 2431/1827/1044 2443/1822/1044
f 2421/1816/1042 2457/1815/1042 2458/1823/1045
f 2439/1825/1042 2451/1832/1042 2450/1826/1029
f 2431/1827/1044 2432/1833/1032 2444/1828/1032
f 2422/1824/1045 2458/1823/1045 2459/1829/1040
f 2440/1831/1045 2452/1838/1045 2451/1832/1042
f 2432/1833/1032 2433/1839/1039 2445/1834/1039
f 2424/1835/1041 2423/1830/1040 2459/1829/1040
f 2430/1837/1040 2442/1855/1040 2452/1838/1045
f 2433/1839/1039 2434/1846/1038 2446/1840/1038
f 2425/1841/1044 2424/1835/1041 2460/1836/1041
f 2417/1843/1043 2454/2698/1043 2453/1844/1037
f 2434/1846/1038 2435/1852/1043 2447/1847/1043
f 2426/1848/1032 2425/1841/1044 2461/1842/1044
f 2418/1845/1037 2453/1844/1037 2455/1850/1036
f 2436/1807/1037 2448/1806/1037 2447/1847/1043
f 2427/1853/1039 2426/1848/1032 2462/1849/1032
f 2419/1851/1036 2455/1850/1036 2456/1854/1029
f 2490/1783/1035 2489/1781/1035 2501/1785/1035
f 2489/1781/1035 2491/1784/1035 2503/1787/1035
f 2491/1784/1035 2492/1786/1035 2504/1789/1035
f 2493/1788/1035 2505/1791/1035 2504/1789/1035
f 2494/1793/1035 2506/1790/1035 2505/1791/1035
f 2495/1792/1035 2507/1795/1035 2506/1790/1035
f 2495/1792/1035 2496/1797/1035 2508/1794/1035
f 2496/1797/1035 2497/1796/1035 2509/1799/1035
f 2497/1796/1035 2498/1800/1035 2510/1798/1035
f 2499/1802/1035 2511/1801/1035 2510/1798/1035
f 2500/1804/1035 2512/1803/1035 2511/1801/1035
f 2490/1783/1035 2502/1782/1035 2512/1803/1035
f 2485/1805/1036 2497/1818/1036 2496/1806/1037
f 2476/1808/1038 2475/1853/1039 2511/1809/1039
f 2478/1811/1040 2477/1821/1041 2489/1812/1041
f 2468/1814/1029 2504/1854/1029 2505/1815/1042
f 2486/1817/1029 2498/1826/1029 2497/1818/1036
f 2465/1819/1043 2476/1808/1038 2512/1810/1038
f 2477/1821/1041 2479/1827/1044 2491/1822/1044
f 2469/1816/1042 2505/1815/1042 2506/1823/1045
f 2487/1825/1042 2499/1832/1042 2498/1826/1029
f 2479/1827/1044 2480/1833/1032 2492/1828/1032
f 2470/1824/1045 2506/1823/1045 2507/1829/1040
f 2488/1831/1045 2500/1838/1045 2499/1832/1042
f 2480/1833/1032 2481/1839/1039 2493/1834/1039
f 2472/1835/1041 2471/1830/1040 2507/1829/1040
f 2478/1837/1040 2490/1855/1040 2500/1838/1045
f 2481/1839/1039 2482/1846/1038 2494/1840/1038
f 2473/1841/1044 2472/1835/1041 2508/1836/1041
f 2465/1843/1043 2502/2698/1043 2501/1844/1037
f 2482/1846/1038 2483/1852/1043 2495/1847/1043
f 2474/1848/1032 2473/1841/1044 2509/1842/1044
f 2466/1845/1037 2501/1844/1037 2503/1850/1036
f 2484/1807/1037 2496/1806/1037 2495/1847/1043
f 2475/1853/1039 2474/1848/1032 2510/1849/1032
f 2467/1851/1036 2503/1850/1036 2504/1854/1029
f 2538/1783/1035 2537/1781/1035 2549/1785/1035
f 2539/1784/1035 2551/1787/1035 2549/1785/1035
f 2539/1784/1035 2540/1786/1035 2552/1789/1035
f 2541/1788/1035 2553/1791/1035 2552/1789/1035
f 2542/1793/1035 2554/1790/1035 2553/1791/1035
f 2542/1793/1035 2543/1792/1035 2555/1795/1035
f 2544/1797/1035 2556/1794/1035 2555/1795/1035
f 2544/1797/1035 2545/1796/1035 2557/1799/1035
f 2545/1796/1035 2546/1800/1035 2558/1798/1035
f 2547/1802/1035 2559/1801/1035 2558/1798/1035
f 2547/1802/1035 2548/1804/1035 2560/1803/1035
f 2538/1783/1035 2550/1782/1035 2560/1803/1035
f 2533/1805/1036 2545/1818/1036 2544/1806/1037
f 2524/1808/1038 2523/1853/1039 2559/1809/1039
f 2526/1811/1040 2525/1821/1041 2537/1812/1041
f 2516/1814/1029 2552/1854/1029 2553/1815/1042
f 2534/1817/1029 2546/1826/1029 2545/1818/1036
f 2524/1808/1038 2560/1810/1038 2550/1820/1043
f 2525/1821/1041 2527/1827/1044 2539/1822/1044
f 2517/1816/1042 2553/1815/1042 2554/1823/1045
f 2535/1825/1042 2547/1832/1042 2546/1826/1029
f 2527/1827/1044 2528/1833/1032 2540/1828/1032
f 2518/1824/1045 2554/1823/1045 2555/1829/1040
f 2536/1831/1045 2548/1838/1045 2547/1832/1042
f 2528/1833/1032 2529/1839/1039 2541/1834/1039
f 2519/1830/1040 2555/1829/1040 2556/1836/1041
f 2526/1837/1040 2538/1855/1040 2548/1838/1045
f 2529/1839/1039 2530/1846/1038 2542/1840/1038
f 2521/1841/1044 2520/1835/1041 2556/1836/1041
f 2513/1843/1043 2550/2698/1043 2549/1844/1037
f 2530/1846/1038 2531/1852/1043 2543/1847/1043
f 2522/1848/1032 2521/1841/1044 2557/1842/1044
f 2514/1845/1037 2549/1844/1037 2551/1850/1036
f 2532/1807/1037 2544/1806/1037 2543/1847/1043
f 2523/1853/1039 2522/1848/1032 2558/1849/1032
f 2515/1851/1036 2551/1850/1036 2552/1854/1029
f 2586/1783/1035 2585/1781/1035 2597/1785/1035
f 2587/1784/1035 2599/1787/1035 2597/1785/1035
f 2588/1786/1035 2600/1789/1035 2599/1787/1035
f 2589/1788/1035 2601/1791/1035 2600/1789/1035
f 2590/1793/1035 2602/1790/1035 2601/1791/1035
f 2591/1792/1035 2603/1795/1035 2602/1790/1035
f 2592/1797/1035 2604/1794/1035 2603/1795/1035
f 2592/1797/1035 2593/1796/1035 2605/1799/1035
f 2593/1796/1035 2594/1800/1035 2606/1798/1035
f 2595/1802/1035 2607/1801/1035 2606/1798/1035
f 2595/1802/1035 2596/1804/1035 2608/1803/1035
f 2586/1783/1035 2598/1782/1035 2608/1803/1035
f 2581/1805/1036 2593/1818/1036 2592/1806/1037
f 2572/1808/1038 2571/1853/1039 2607/1809/1039
f 2574/1811/1040 2573/1821/1041 2585/1812/1041
f 2564/1814/1029 2600/1854/1029 2601/1815/1042
f 2582/1817/1029 2594/1826/1029 2593/1818/1036
f 2572/1808/1038 2608/1810/1038 2598/1820/1043
f 2573/1821/1041 2575/1827/1044 2587/1822/1044
f 2565/1816/1042 2601/1815/1042 2602/1823/1045
f 2583/1825/1042 2595/1832/1042 2594/1826/1029
f 2575/1827/1044 2576/1833/1032 2588/1828/1032
f 2566/1824/1045 2602/1823/1045 2603/1829/1040
f 2584/1831/1045 2596/1838/1045 2595/1832/1042
f 2576/1833/1032 2577/1839/1039 2589/1834/1039
f 2567/1830/1040 2603/1829/1040 2604/1836/1041
f 2574/1837/1040 2586/1855/1040 2596/1838/1045
f 2577/1839/1039 2578/1846/1038 2590/1840/1038
f 2569/1841/1044 2568/1835/1041 2604/1836/1041
f 2561/1843/1043 2598/2698/1043 2597/1844/1037
f 2578/1846/1038 2579/1852/1043 2591/1847/1043
f 2570/1848/1032 2569/1841/1044 2605/1842/1044
f 2562/1845/1037 2597/1844/1037 2599/1850/1036
f 2580/1807/1037 2592/1806/1037 2591/1847/1043
f 2571/1853/1039 2570/1848/1032 2606/1849/1032
f 2563/1851/1036 2599/1850/1036 2600/1854/1029
f 2634/1783/1035 2633/1781/1035 2645/1785/1035
f 2633/1781/1035 2635/1784/1035 2647/1787/1035
f 2635/1784/1035 2636/1786/1035 2648/1789/1035
f 2637/1788/1035 2649/1791/1035 2648/1789/1035
f 2638/1793/1035 2650/1790/1035 2649/1791/1035
f 2639/1792/1035 2651/1795/1035 2650/1790/1035
f 2639/1792/1035 2640/1797/1035 2652/1794/1035
f 2640/1797/1035 2641/1796/1035 2653/1799/1035
f 2641/1796/1035 2642/1800/1035 2654/1798/1035
f 2643/1802/1035 2655/1801/1035 2654/1798/1035
f 2644/1804/1035 2656/1803/1035 2655/1801/1035
f 2634/1783/1035 2646/1782/1035 2656/1803/1035
f 2629/1805/1036 2641/1818/1036 2640/1806/1037
f 2620/1808/1038 2619/1853/1039 2655/1809/1039
f 2622/1811/1040 2621/1821/1041 2633/1812/1041
f 2612/1814/1029 2648/1854/1029 2649/1815/1042
f 2630/1817/1029 2642/1826/1029 2641/1818/1036
f 2620/1808/1038 2656/1810/1038 2646/1820/1043
f 2621/1821/1041 2623/1827/1044 2635/1822/1044
f 2613/1816/1042 2649/1815/1042 2650/1823/1045
f 2631/1825/1042 2643/1832/1042 2642/1826/1029
f 2623/1827/1044 2624/1833/1032 2636/1828/1032
f 2614/1824/1045 2650/1823/1045 2651/1829/1040
f 2632/1831/1045 2644/1838/1045 2643/1832/1042
f 2624/1833/1032 2625/1839/1039 2637/1834/1039
f 2615/1830/1040 2651/1829/1040 2652/1836/1041
f 2622/1837/1040 2634/1855/1040 2644/1838/1045
f 2625/1839/1039 2626/1846/1038 2638/1840/1038
f 2617/1841/1044 2616/1835/1041 2652/1836/1041
f 2609/1843/1043 2646/2698/1043 2645/1844/1037
f 2626/1846/1038 2627/1852/1043 2639/1847/1043
f 2618/1848/1032 2617/1841/1044 2653/1842/1044
f 2610/1845/1037 2645/1844/1037 2647/1850/1036
f 2628/1807/1037 2640/1806/1037 2639/1847/1043
f 2619/1853/1039 2618/1848/1032 2654/1849/1032
f 2611/1851/1036 2647/1850/1036 2648/1854/1029
f 2682/1783/1035 2681/1781/1035 2693/1785/1035
f 2681/1781/1035 2683/1784/1035 2695/1787/1035
f 2683/1784/1035 2684/1786/1035 2696/1789/1035
f 2685/1788/1035 2697/1791/1035 2696/1789/1035
f 2686/1793/1035 2698/1790/1035 2697/1791/1035
f 2687/1792/1035 2699/1795/1035 2698/1790/1035
f 2687/1792/1035 2688/1797/1035 2700/1794/1035
f 2688/1797/1035 2689/1796/1035 2701/1799/1035
f 2689/1796/1035 2690/1800/1035 2702/1798/1035
f 2691/1802/1035 2703/1801/1035 2702/1798/1035
f 2692/1804/1035 2704/1803/1035 2703/1801/1035
f 2682/1783/1035 2694/1782/1035 2704/1803/1035
f 2677/1805/1036 2689/1818/1036 2688/1806/1037
f 2668/1808/1038 2667/1853/1039 2703/1809/1039
f 2670/1811/1040 2669/1821/1041 2681/1812/1041
f 2660/1814/1029 2696/1854/1029 2697/1815/1042
f 2678/1817/1029 2690/1826/1029 2689/1818/1036
f 2668/1808/1038 2704/1810/1038 2694/1820/1043
f 2669/1821/1041 2671/1827/1044 2683/1822/1044
f 2661/1816/1042 2697/1815/1042 2698/1823/1045
f 2679/1825/1042 2691/1832/1042 2690/1826/1029
f 2671/1827/1044 2672/1833/1032 2684/1828/1032
f 2662/1824/1045 2698/1823/1045 2699/1829/1040
f 2680/1831/1045 2692/1838/1045 2691/1832/1042
f 2672/1833/1032 2673/1839/1039 2685/1834/1039
f 2663/1830/1040 2699/1829/1040 2700/1836/1041
f 2670/1837/1040 2682/1855/1040 2692/1838/1045
f 2673/1839/1039 2674/1846/1038 2686/1840/1038
f 2665/1841/1044 2664/1835/1041 2700/1836/1041
f 2657/1843/1043 2694/2698/1043 2693/1844/1037
f 2674/1846/1038 2675/1852/1043 2687/1847/1043
f 2666/1848/1032 2665/1841/1044 2701/1842/1044
f 2658/1845/1037 2693/1844/1037 2695/1850/1036
f 2676/1807/1037 2688/1806/1037 2687/1847/1043
f 2667/1853/1039 2666/1848/1032 2702/1849/1032
f 2659/1851/1036 2695/1850/1036 2696/1854/1029
f 2730/1783/1035 2729/1781/1035 2741/1785/1035
f 2729/1781/1035 2731/1784/1035 2743/1787/1035
f 2732/1786/1035 2744/1789/1035 2743/1787/1035
f 2732/1786/1035 2733/1788/1035 2745/1791/1035
f 2734/1793/1035 2746/1790/1035 2745/1791/1035
f 2735/1792/1035 2747/1795/1035 2746/1790/1035
f 2735/1792/1035 2736/1797/1035 2748/1794/1035
f 2737/1796/1035 2749/1799/1035 2748/1794/1035
f 2737/1796/1035 2738/1800/1035 2750/1798/1035
f 2739/1802/1035 2751/1801/1035 2750/1798/1035
f 2739/1802/1035 2740/1804/1035 2752/1803/1035
f 2730/1783/1035 2742/1782/1035 2752/1803/1035
f 2725/1805/1036 2737/1818/1036 2736/1806/1037
f 2716/1808/1038 2715/1853/1039 2751/1809/1039
f 2718/1811/1040 2717/1821/1041 2729/1812/1041
f 2708/1814/1029 2744/1854/1029 2745/1815/1042
f 2726/1817/1029 2738/1826/1029 2737/1818/1036
f 2716/1808/1038 2752/1810/1038 2742/1820/1043
f 2717/1821/1041 2719/1827/1044 2731/1822/1044
f 2709/1816/1042 2745/1815/1042 2746/1823/1045
f 2727/1825/1042 2739/1832/1042 2738/1826/1029
f 2719/1827/1044 2720/1833/1032 2732/1828/1032
f 2710/1824/1045 2746/1823/1045 2747/1829/1040
f 2728/1831/1045 2740/1838/1045 2739/1832/1042
f 2720/1833/1032 2721/1839/1039 2733/1834/1039
f 2711/1830/1040 2747/1829/1040 2748/1836/1041
f 2718/1837/1040 2730/1855/1040 2740/1838/1045
f 2721/1839/1039 2722/1846/1038 2734/1840/1038
f 2713/1841/1044 2712/1835/1041 2748/1836/1041
f 2705/1843/1043 2742/2698/1043 2741/1844/1037
f 2722/1846/1038 2723/1852/1043 2735/1847/1043
f 2714/1848/1032 2713/1841/1044 2749/1842/1044
f 2706/1845/1037 2741/1844/1037 2743/1850/1036
f 2724/1807/1037 2736/1806/1037 2735/1847/1043
f 2715/1853/1039 2714/1848/1032 2750/1849/1032
f 2707/1851/1036 2743/1850/1036 2744/1854/1029
f 2778/1783/1035 2777/1781/1035 2789/1785/1035
f 2777/1781/1035 2779/1784/1035 2791/1787/1035
f 2780/1786/1035 2792/1789/1035 2791/1787/1035
f 2780/1786/1035 2781/1788/1035 2793/1791/1035
f 2782/1793/1035 2794/1790/1035 2793/1791/1035
f 2783/1792/1035 2795/1795/1035 2794/1790/1035
f 2783/1792/1035 2784/1797/1035 2796/1794/1035
f 2785/1796/1035 2797/1799/1035 2796/1794/1035
f 2786/1800/1035 2798/1798/1035 2797/1799/1035
f 2786/1800/1035 2787/1802/1035 2799/1801/1035
f 2787/1802/1035 2788/1804/1035 2800/1803/1035
f 2778/1783/1035 2790/1782/1035 2800/1803/1035
f 2773/1805/1036 2785/1818/1036 2784/1806/1037
f 2764/1808/1038 2763/1853/1039 2799/1809/1039
f 2766/1811/1040 2765/1821/1041 2777/1812/1041
f 2756/1814/1029 2792/1854/1029 2793/1815/1042
f 2774/1817/1029 2786/1826/1029 2785/1818/1036
f 2764/1808/1038 2800/1810/1038 2790/1820/1043
f 2765/1821/1041 2767/1827/1044 2779/1822/1044
f 2757/1816/1042 2793/1815/1042 2794/1823/1045
f 2775/1825/1042 2787/1832/1042 2786/1826/1029
f 2767/1827/1044 2768/1833/1032 2780/1828/1032
f 2758/1824/1045 2794/1823/1045 2795/1829/1040
f 2776/1831/1045 2788/1838/1045 2787/1832/1042
f 2768/1833/1032 2769/1839/1039 2781/1834/1039
f 2759/1830/1040 2795/1829/1040 2796/1836/1041
f 2766/1837/1040 2778/1855/1040 2788/1838/1045
f 2769/1839/1039 2770/1846/1038 2782/1840/1038
f 2761/1841/1044 2760/1835/1041 2796/1836/1041
f 2753/1843/1043 2790/2698/1043 2789/1844/1037
f 2770/1846/1038 2771/1852/1043 2783/1847/1043
f 2762/1848/1032 2761/1841/1044 2797/1842/1044
f 2754/1845/1037 2789/1844/1037 2791/1850/1036
f 2772/1807/1037 2784/1806/1037 2783/1847/1043
f 2763/1853/1039 2762/1848/1032 2798/1849/1032
f 2755/1851/1036 2791/1850/1036 2792/1854/1029
f 2826/1783/1035 2825/1781/1035 2837/1785/1035
f 2825/1781/1035 2827/1784/1035 2839/1787/1035
f 2828/1786/1035 2840/1789/1035 2839/1787/1035
f 2828/1786/1035 2829/1788/1035 2841/1791/1035
f 2830/1793/1035 2842/1790/1035 2841/1791/1035
f 2831/1792/1035 2843/1795/1035 2842/1790/1035
f 2831/1792/1035 2832/1797/1035 2844/1794/1035
f 2833/1796/1035 2845/1799/1035 2844/1794/1035
f 2834/1800/1035 2846/1798/1035 2845/1799/1035
f 2834/1800/1035 2835/1802/1035 2847/1801/1035
f 2835/1802/1035 2836/1804/1035 2848/1803/1035
f 2826/1783/1035 2838/1782/1035 2848/1803/1035
f 2821/1805/1036 2833/1818/1036 2832/1806/1037
f 2812/1808/1038 2811/1853/1039 2847/1809/1039
f 2814/1811/1040 2813/1821/1041 2825/1812/1041
f 2804/1814/1029 2840/1854/1029 2841/1815/1042
f 2822/1817/1029 2834/1826/1029 2833/1818/1036
f 2812/1808/1038 2848/1810/1038 2838/1820/1043
f 2813/1821/1041 2815/1827/1044 2827/1822/1044
f 2805/1816/1042 2841/1815/1042 2842/1823/1045
f 2823/1825/1042 2835/1832/1042 2834/1826/1029
f 2815/1827/1044 2816/1833/1032 2828/1828/1032
f 2806/1824/1045 2842/1823/1045 2843/1829/1040
f 2824/1831/1045 2836/1838/1045 2835/1832/1042
f 2816/1833/1032 2817/1839/1039 2829/1834/1039
f 2807/1830/1040 2843/1829/1040 2844/1836/1041
f 2814/1837/1040 2826/1855/1040 2836/1838/1045
f 2817/1839/1039 2818/1846/1038 2830/1840/1038
f 2809/1841/1044 2808/1835/1041 2844/1836/1041
f 2801/1843/1043 2838/2698/1043 2837/1844/1037
f 2818/1846/1038 2819/1852/1043 2831/1847/1043
f 2810/1848/1032 2809/1841/1044 2845/1842/1044
f 2802/1845/1037 2837/1844/1037 2839/1850/1036
f 2820/1807/1037 2832/1806/1037 2831/1847/1043
f 2811/1853/1039 2810/1848/1032 2846/1849/1032
f 2803/1851/1036 2839/1850/1036 2840/1854/1029
f 2874/1783/1035 2873/1781/1035 2885/1785/1035
f 2873/1781/1035 2875/1784/1035 2887/1787/1035
f 2876/1786/1035 2888/1789/1035 2887/1787/1035
f 2876/1786/1035 2877/1788/1035 2889/1791/1035
f 2878/1793/1035 2890/1790/1035 2889/1791/1035
f 2879/1792/1035 2891/1795/1035 2890/1790/1035
f 2879/1792/1035 2880/1797/1035 2892/1794/1035
f 2881/1796/1035 2893/1799/1035 2892/1794/1035
f 2882/1800/1035 2894/1798/1035 2893/1799/1035
f 2882/1800/1035 2883/1802/1035 2895/1801/1035
f 2883/1802/1035 2884/1804/1035 2896/1803/1035
f 2874/1783/1035 2886/1782/1035 2896/1803/1035
f 2869/1805/1036 2881/1818/1036 2880/1806/1037
f 2860/1808/1038 2859/1853/1039 2895/1809/1039
f 2862/1811/1040 2861/1821/1041 2873/1812/1041
f 2852/1814/1029 2888/1854/1029 2889/1815/1042
f 2870/1817/1029 2882/1826/1029 2881/1818/1036
f 2860/1808/1038 2896/1810/1038 2886/1820/1043
f 2861/1821/1041 2863/1827/1044 2875/1822/1044
f 2853/1816/1042 2889/1815/1042 2890/1823/1045
f 2871/1825/1042 2883/1832/1042 2882/1826/1029
f 2863/1827/1044 2864/1833/1032 2876/1828/1032
f 2854/1824/1045 2890/1823/1045 2891/1829/1040
f 2872/1831/1045 2884/1838/1045 2883/1832/1042
f 2864/1833/1032 2865/1839/1039 2877/1834/1039
f 2855/1830/1040 2891/1829/1040 2892/1836/1041
f 2862/1837/1040 2874/1855/1040 2884/1838/1045
f 2865/1839/1039 2866/1846/1038 2878/1840/1038
f 2857/1841/1044 2856/1835/1041 2892/1836/1041
f 2849/1843/1043 2886/2698/1043 2885/1844/1037
f 2866/1846/1038 2867/1852/1043 2879/1847/1043
f 2858/1848/1032 2857/1841/1044 2893/1842/1044
f 2850/1845/1037 2885/1844/1037 2887/1850/1036
f 2868/1807/1037 2880/1806/1037 2879/1847/1043
f 2859/1853/1039 2858/1848/1032 2894/1849/1032
f 2851/1851/1036 2887/1850/1036 2888/1854/1029
f 2922/1783/1035 2921/1781/1035 2933/1785/1035
f 2921/1781/1035 2923/1784/1035 2935/1787/1035
f 2923/1784/1035 2924/1786/1035 2936/1789/1035
f 2925/1788/1035 2937/1791/1035 2936/1789/1035
f 2926/1793/1035 2938/1790/1035 2937/1791/1035
f 2927/1792/1035 2939/1795/1035 2938/1790/1035
f 2927/1792/1035 2928/1797/1035 2940/1794/1035
f 2928/1797/1035 2929/1796/1035 2941/1799/1035
f 2929/1796/1035 2930/1800/1035 2942/1798/1035
f 2931/1802/1035 2943/1801/1035 2942/1798/1035
f 2932/1804/1035 2944/1803/1035 2943/1801/1035
f 2922/1783/1035 2934/1782/1035 2944/1803/1035
f 2917/1805/1036 2929/1818/1036 2928/1806/1037
f 2908/1808/1038 2907/1853/1039 2943/1809/1039
f 2910/1811/1040 2909/1821/1041 2921/1812/1041
f 2900/1814/1029 2936/1854/1029 2937/1815/1042
f 2918/1817/1029 2930/1826/1029 2929/1818/1036
f 2908/1808/1038 2944/1810/1038 2934/1820/1043
f 2909/1821/1041 2911/1827/1044 2923/1822/1044
f 2901/1816/1042 2937/1815/1042 2938/1823/1045
f 2919/1825/1042 2931/1832/1042 2930/1826/1029
f 2911/1827/1044 2912/1833/1032 2924/1828/1032
f 2902/1824/1045 2938/1823/1045 2939/1829/1040
f 2920/1831/1045 2932/1838/1045 2931/1832/1042
f 2912/1833/1032 2913/1839/1039 2925/1834/1039
f 2903/1830/1040 2939/1829/1040 2940/1836/1041
f 2910/1837/1040 2922/1855/1040 2932/1838/1045
f 2913/1839/1039 2914/1846/1038 2926/1840/1038
f 2905/1841/1044 2904/1835/1041 2940/1836/1041
f 2897/1843/1043 2934/2698/1043 2933/1844/1037
f 2914/1846/1038 2915/1852/1043 2927/1847/1043
f 2906/1848/1032 2905/1841/1044 2941/1842/1044
f 2898/1845/1037 2933/1844/1037 2935/1850/1036
f 2916/1807/1037 2928/1806/1037 2927/1847/1043
f 2907/1853/1039 2906/1848/1032 2942/1849/1032
f 2899/1851/1036 2935/1850/1036 2936/1854/1029
f 2970/1783/1035 2969/1781/1035 2981/1785/1035
f 2969/1781/1035 2971/1784/1035 2983/1787/1035
f 2971/1784/1035 2972/1786/1035 2984/1789/1035
f 2973/1788/1035 2985/1791/1035 2984/1789/1035
f 2974/1793/1035 2986/1790/1035 2985/1791/1035
f 2975/1792/1035 2987/1795/1035 2986/1790/1035
f 2975/1792/1035 2976/1797/1035 2988/1794/1035
f 2976/1797/1035 2977/1796/1035 2989/1799/1035
f 2977/1796/1035 2978/1800/1035 2990/1798/1035
f 2979/1802/1035 2991/1801/1035 2990/1798/1035
f 2980/1804/1035 2992/1803/1035 2991/1801/1035
f 2970/1783/1035 2982/1782/1035 2992/1803/1035
f 2965/1805/1036 2977/1818/1036 2976/1806/1037
f 2956/1808/1038 2955/1853/1039 2991/1809/1039
f 2958/1811/1040 2957/1821/1041 2969/1812/1041
f 2948/1814/1029 2984/1854/1029 2985/1815/1042
f 2966/1817/1029 2978/1826/1029 2977/1818/1036
f 2956/1808/1038 2992/1810/1038 2982/1820/1043
f 2957/1821/1041 2959/1827/1044 2971/1822/1044
f 2949/1816/1042 2985/1815/1042 2986/1823/1045
f 2967/1825/1042 2979/1832/1042 2978/1826/1029
f 2959/1827/1044 2960/1833/1032 2972/1828/1032
f 2950/1824/1045 2986/1823/1045 2987/1829/1040
f 2968/1831/1045 2980/1838/1045 2979/1832/1042
f 2960/1833/1032 2961/1839/1039 2973/1834/1039
f 2951/1830/1040 2987/1829/1040 2988/1836/1041
f 2958/1837/1040 2970/1855/1040 2980/1838/1045
f 2961/1839/1039 2962/1846/1038 2974/1840/1038
f 2953/1841/1044 2952/1835/1041 2988/1836/1041
f 2945/1843/1043 2982/2698/1043 2981/1844/1037
f 2962/1846/1038 2963/1852/1043 2975/1847/1043
f 2954/1848/1032 2953/1841/1044 2989/1842/1044
f 2946/1845/1037 2981/1844/1037 2983/1850/1036
f 2964/1807/1037 2976/1806/1037 2975/1847/1043
f 2955/1853/1039 2954/1848/1032 2990/1849/1032
f 2947/1851/1036 2983/1850/1036 2984/1854/1029
f 3018/1783/1046 3017/1781/1046 3029/1785/1046
f 3017/1781/1046 3019/1784/1046 3031/1787/1046
f 3020/1786/1046 3032/1789/1046 3031/1787/1046
f 3020/1786/1046 3021/1788/1046 3033/1791/1046
f 3022/1793/1046 3034/1790/1046 3033/1791/1046
f 3023/1792/1046 3035/1795/1046 3034/1790/1046
f 3023/1792/1046 3024/1797/1046 3036/1794/1046
f 3024/1797/1046 3025/1796/1046 3037/1799/1046
f 3026/1800/1046 3038/1798/1046 3037/1799/1046
f 3026/1800/1046 3027/1802/1046 3039/1801/1046
f 3028/1804/1046 3040/1803/1046 3039/1801/1046
f 3018/1783/1046 3030/1782/1046 3040/1803/1046
f 3013/1805/1047 3025/1818/1047 3024/1806/1048
f 3004/1808/1050 3003/1853/1051 3039/1809/1051
f 3006/1811/1052 3005/1821/1053 3017/1812/1053
f 2996/1814/1029 3032/1854/1029 3033/1815/1054
f 3014/1817/1029 3026/1826/1029 3025/1818/1047
f 2993/1819/1055 3004/1808/1050 3040/1810/1050
f 3005/1821/1053 3007/1827/1056 3019/1822/1056
f 2998/1824/1057 2997/1816/1054 3033/1815/1054
f 3015/1825/1054 3027/1832/1054 3026/1826/1029
f 3007/1827/1056 3008/1833/1032 3020/1828/1032
f 2999/1830/1052 2998/1824/1057 3034/1823/1058
f 3016/1831/1057 3028/1838/1057 3027/1832/1054
f 3008/1833/1032 3009/1839/1051 3021/1834/1051
f 2999/1830/1052 3035/1829/1052 3036/1836/1059
f 3006/1837/1052 3018/1855/1052 3028/1838/1057
f 3009/1839/1051 3010/1846/1050 3022/1840/1060
f 3000/1835/1053 3036/1836/1059 3037/1842/1056
f 2993/1843/1055 3030/2698/1055 3029/1844/1049
f 3010/1846/1050 3011/1852/1055 3023/1847/1055
f 3002/1848/1032 3001/1841/1056 3037/1842/1056
f 2994/1845/1049 3029/1844/1049 3031/1850/1047
f 3012/1807/1049 3024/1806/1048 3023/1847/1055
f 3003/1853/1051 3002/1848/1032 3038/1849/1032
f 2995/1851/1047 3031/1850/1047 3032/1854/1029
f 3066/1783/1046 3065/1781/1046 3077/1785/1046
f 3065/1781/1046 3067/1784/1046 3079/1787/1046
f 3067/1784/1046 3068/1786/1046 3080/1789/1046
f 3069/1788/1046 3081/1791/1046 3080/1789/1046
f 3070/1793/1046 3082/1790/1046 3081/1791/1046
f 3071/1792/1046 3083/1795/1046 3082/1790/1046
f 3071/1792/1046 3072/1797/1046 3084/1794/1046
f 3072/1797/1046 3073/1796/1046 3085/1799/1046
f 3074/1800/1046 3086/1798/1046 3085/1799/1046
f 3074/1800/1046 3075/1802/1046 3087/1801/1046
f 3076/1804/1046 3088/1803/1046 3087/1801/1046
f 3066/1783/1046 3078/1782/1046 3088/1803/1046
f 3061/1805/1047 3073/1818/1047 3072/1806/1049
f 3052/1808/1050 3051/1853/1051 3087/1809/1051
f 3054/1811/1052 3053/1821/1053 3065/1812/1053
f 3044/1814/1029 3080/1854/1029 3081/1815/1054
f 3062/1817/1029 3074/1826/1029 3073/1818/1047
f 3041/1819/1055 3052/1808/1050 3088/1810/1050
f 3053/1821/1053 3055/1827/1056 3067/1822/1056
f 3046/1824/1057 3045/1816/1054 3081/1815/1054
f 3063/1825/1054 3075/1832/1054 3074/1826/1029
f 3055/1827/1056 3056/1833/1032 3068/1828/1032
f 3047/1830/1052 3046/1824/1057 3082/1823/1058
f 3064/1831/1057 3076/1838/1057 3075/1832/1054
f 3056/1833/1032 3057/1839/1051 3069/1834/1051
f 3047/1830/1052 3083/1829/1052 3084/1836/1059
f 3054/1837/1052 3066/1855/1052 3076/1838/1057
f 3057/1839/1051 3058/1846/1050 3070/1840/1060
f 3048/1835/1053 3084/1836/1059 3085/1842/1056
f 3041/1843/1055 3078/2698/1055 3077/1844/1049
f 3058/1846/1050 3059/1852/1055 3071/1847/1055
f 3050/1848/1032 3049/1841/1056 3085/1842/1056
f 3042/1845/1049 3077/1844/1049 3079/1850/1047
f 3060/1807/1049 3072/1806/1049 3071/1847/1055
f 3051/1853/1051 3050/1848/1032 3086/1849/1032
f 3043/1851/1047 3079/1850/1047 3080/1854/1029
f 3114/1783/1046 3113/1781/1046 3125/1785/1046
f 3113/1781/1046 3115/1784/1046 3127/1787/1046
f 3116/1786/1046 3128/1789/1046 3127/1787/1046
f 3116/1786/1046 3117/1788/1046 3129/1791/1046
f 3118/1793/1046 3130/1790/1046 3129/1791/1046
f 3119/1792/1046 3131/1795/1046 3130/1790/1046
f 3119/1792/1046 3120/1797/1046 3132/1794/1046
f 3120/1797/1046 3121/1796/1046 3133/1799/1046
f 3121/1796/1046 3122/1800/1046 3134/1798/1046
f 3122/1800/1046 3123/1802/1046 3135/1801/1046
f 3124/1804/1046 3136/1803/1046 3135/1801/1046
f 3114/1783/1046 3126/1782/1046 3136/1803/1046
f 3109/1805/1047 3121/1818/1047 3120/1806/1048
f 3100/1808/1050 3099/1853/1051 3135/1809/1051
f 3102/1811/1052 3101/1821/1053 3113/1812/1053
f 3092/1814/1029 3128/1854/1029 3129/1815/1054
f 3110/1817/1029 3122/1826/1029 3121/1818/1047
f 3089/1819/1055 3100/1808/1050 3136/1810/1050
f 3101/1821/1053 3103/1827/1056 3115/1822/1056
f 3094/1824/1057 3093/1816/1054 3129/1815/1054
f 3111/1825/1054 3123/1832/1054 3122/1826/1029
f 3103/1827/1056 3104/1833/1032 3116/1828/1032
f 3095/1830/1052 3094/1824/1057 3130/1823/1058
f 3112/1831/1057 3124/1838/1057 3123/1832/1054
f 3104/1833/1032 3105/1839/1051 3117/1834/1051
f 3095/1830/1052 3131/1829/1052 3132/1836/1059
f 3102/1837/1052 3114/1855/1052 3124/1838/1057
f 3105/1839/1051 3106/1846/1050 3118/1840/1050
f 3096/1835/1053 3132/1836/1059 3133/1842/1056
f 3089/1843/1055 3126/2698/1055 3125/1844/1049
f 3106/1846/1050 3107/1852/1055 3119/1847/1055
f 3098/1848/1032 3097/1841/1056 3133/1842/1056
f 3090/1845/1049 3125/1844/1049 3127/1850/1047
f 3108/1807/1049 3120/1806/1048 3119/1847/1055
f 3099/1853/1051 3098/1848/1032 3134/1849/1032
f 3091/1851/1047 3127/1850/1047 3128/1854/1029
f 3162/1783/1046 3161/1781/1046 3173/1785/1046
f 3161/1781/1046 3163/1784/1046 3175/1787/1046
f 3163/1784/1046 3164/1786/1046 3176/1789/1046
f 3165/1788/1046 3177/1791/1046 3176/1789/1046
f 3166/1793/1046 3178/1790/1046 3177/1791/1046
f 3167/1792/1046 3179/1795/1046 3178/1790/1046
f 3167/1792/1046 3168/1797/1046 3180/1794/1046
f 3168/1797/1046 3169/1796/1046 3181/1799/1046
f 3169/1796/1046 3170/1800/1046 3182/1798/1046
f 3170/1800/1046 3171/1802/1046 3183/1801/1046
f 3172/1804/1046 3184/1803/1046 3183/1801/1046
f 3162/1783/1046 3174/1782/1046 3184/1803/1046
f 3157/1805/1047 3169/1818/1047 3168/1806/1048
f 3148/1808/1050 3147/1853/1051 3183/1809/1051
f 3150/1811/1052 3149/1821/1053 3161/1812/1053
f 3140/1814/1029 3176/1854/1029 3177/1815/1054
f 3158/1817/1029 3170/1826/1029 3169/1818/1047
f 3137/1819/1055 3148/1808/1050 3184/1810/1050
f 3149/1821/1053 3151/1827/1056 3163/1822/1056
f 3142/1824/1057 3141/1816/1054 3177/1815/1054
f 3159/1825/1054 3171/1832/1054 3170/1826/1029
f 3151/1827/1056 3152/1833/1032 3164/1828/1032
f 3143/1830/1052 3142/1824/1057 3178/1823/1058
f 3160/1831/1057 3172/1838/1057 3171/1832/1054
f 3152/1833/1032 3153/1839/1051 3165/1834/1051
f 3143/1830/1052 3179/1829/1052 3180/1836/1059
f 3150/1837/1052 3162/1855/1052 3172/1838/1057
f 3153/1839/1051 3154/1846/1050 3166/1840/1060
f 3144/1835/1053 3180/1836/1059 3181/1842/1056
f 3137/1843/1055 3174/2698/1055 3173/1844/1049
f 3154/1846/1050 3155/1852/1055 3167/1847/1055
f 3146/1848/1032 3145/1841/1056 3181/1842/1056
f 3138/1845/1049 3173/1844/1049 3175/1850/1047
f 3156/1807/1049 3168/1806/1048 3167/1847/1055
f 3147/1853/1051 3146/1848/1032 3182/1849/1032
f 3139/1851/1047 3175/1850/1047 3176/1854/1029
f 3210/1783/1046 3209/1781/1046 3221/1785/1046
f 3209/1781/1046 3211/1784/1046 3223/1787/1046
f 3211/1784/1046 3212/1786/1046 3224/1789/1046
f 3213/1788/1046 3225/1791/1046 3224/1789/1046
f 3214/1793/1046 3226/1790/1046 3225/1791/1046
f 3215/1792/1046 3227/1795/1046 3226/1790/1046
f 3215/1792/1046 3216/1797/1046 3228/1794/1046
f 3216/1797/1046 3217/1796/1046 3229/1799/1046
f 3218/1800/1046 3230/1798/1046 3229/1799/1046
f 3218/1800/1046 3219/1802/1046 3231/1801/1046
f 3220/1804/1046 3232/1803/1046 3231/1801/1046
f 3210/1783/1046 3222/1782/1046 3232/1803/1046
f 3205/1805/1047 3217/1818/1047 3216/1806/1049
f 3196/1808/1050 3195/1853/1051 3231/1809/1051
f 3198/1811/1052 3197/1821/1053 3209/1812/1053
f 3188/1814/1029 3224/1854/1029 3225/1815/1054
f 3206/1817/1029 3218/1826/1029 3217/1818/1047
f 3185/1819/1055 3196/1808/1050 3232/1810/1050
f 3197/1821/1053 3199/1827/1056 3211/1822/1056
f 3190/1824/1057 3189/1816/1054 3225/1815/1054
f 3207/1825/1054 3219/1832/1054 3218/1826/1029
f 3199/1827/1056 3200/1833/1032 3212/1828/1032
f 3191/1830/1052 3190/1824/1057 3226/1823/1058
f 3208/1831/1057 3220/1838/1057 3219/1832/1054
f 3200/1833/1032 3201/1839/1051 3213/1834/1051
f 3191/1830/1052 3227/1829/1052 3228/1836/1059
f 3198/1837/1052 3210/1855/1052 3220/1838/1057
f 3201/1839/1051 3202/1846/1050 3214/1840/1050
f 3192/1835/1053 3228/1836/1059 3229/1842/1056
f 3185/1843/1055 3222/2698/1055 3221/1844/1049
f 3202/1846/1050 3203/1852/1055 3215/1847/1055
f 3194/1848/1032 3193/1841/1056 3229/1842/1056
f 3186/1845/1049 3221/1844/1049 3223/1850/1047
f 3204/1807/1049 3216/1806/1049 3215/1847/1055
f 3195/1853/1051 3194/1848/1032 3230/1849/1032
f 3187/1851/1047 3223/1850/1047 3224/1854/1029
f 3258/1783/1046 3257/1781/1046 3269/1785/1046
f 3257/1781/1046 3259/1784/1046 3271/1787/1046
f 3260/1786/1046 3272/1789/1046 3271/1787/1046
f 3260/1786/1046 3261/1788/1046 3273/1791/1046
f 3261/1788/1046 3262/1793/1046 3274/1790/1046
f 3263/1792/1046 3275/1795/1046 3274/1790/1046
f 3263/1792/1046 3264/1797/1046 3276/1794/1046
f 3265/1796/1046 3277/1799/1046 3276/1794/1046
f 3266/1800/1046 3278/1798/1046 3277/1799/1046
f 3266/1800/1046 3267/1802/1046 3279/1801/1046
f 3268/1804/1046 3280/1803/1046 3279/1801/1046
f 3258/1783/1046 3270/1782/1046 3280/1803/1046
f 3253/1805/1047 3265/1818/1047 3264/1806/1049
f 3244/1808/1050 3243/1853/1051 3279/1809/1051
f 3245/1821/1053 3257/1812/1053 3258/1813/1052
f 3237/1816/1054 3236/1814/1029 3272/1854/1029
f 3254/1817/1029 3266/1826/1029 3265/1818/1047
f 3233/1819/1055 3244/1808/1050 3280/1810/1050
f 3247/1827/1056 3259/1822/1056 3257/1812/1053
f 3238/1824/1057 3237/1816/1054 3273/1815/1054
f 3254/1817/1029 3255/1825/1054 3267/1832/1054
f 3248/1833/1032 3260/1828/1032 3259/1822/1056
f 3238/1824/1057 3274/1823/1057 3275/1829/1052
f 3255/1825/1054 3256/1831/1057 3268/1838/1057
f 3248/1833/1032 3249/1839/1051 3261/1834/1051
f 3240/1835/1053 3239/1830/1052 3275/1829/1052
f 3256/1831/1057 3246/1837/1052 3258/1855/1052
f 3249/1839/1051 3250/1846/1050 3262/1840/1050
f 3240/1835/1053 3276/1836/1053 3277/1842/1056
f 3233/1843/1055 3270/2698/1055 3269/1844/1049
f 3250/1846/1050 3251/1852/1055 3263/1847/1055
f 3241/1841/1056 3277/1842/1056 3278/1849/1032
f 3234/1845/1049 3269/1844/1049 3271/1850/1047
f 3252/1807/1049 3264/1806/1049 3263/1847/1055
f 3243/1853/1051 3242/1848/1032 3278/1849/1032
f 3235/1851/1047 3271/1850/1047 3272/1854/1029
f 3306/1783/1046 3305/1781/1046 3317/1785/1046
f 3305/1781/1046 3307/1784/1046 3319/1787/1046
f 3307/1784/1046 3308/1786/1046 3320/1789/1046
f 3309/1788/1046 3321/1791/1046 3320/1789/1046
f 3309/1788/1046 3310/1793/1046 3322/1790/1046
f 3311/1792/1046 3323/1795/1046 3322/1790/1046
f 3311/1792/1046 3312/1797/1046 3324/1794/1046
f 3312/1797/1046 3313/1796/1046 3325/1799/1046
f 3314/1800/1046 3326/1798/1046 3325/1799/1046
f 3314/1800/1046 3315/1802/1046 3327/1801/1046
f 3316/1804/1046 3328/1803/1046 3327/1801/1046
f 3316/1804/1046 3306/1783/1046 3318/1782/1046
f 3301/1805/1047 3313/1818/1047 3312/1806/1049
f 3292/1808/1050 3291/1853/1051 3327/1809/1051
f 3293/1821/1053 3305/1812/1053 3306/1813/1052
f 3285/1816/1054 3284/1814/1029 3320/1854/1029
f 3302/1817/1029 3314/1826/1029 3313/1818/1047
f 3281/1819/1055 3292/1808/1050 3328/1810/1050
f 3295/1827/1056 3307/1822/1056 3305/1812/1053
f 3286/1824/1057 3285/1816/1054 3321/1815/1054
f 3302/1817/1029 3303/1825/1054 3315/1832/1054
f 3296/1833/1032 3308/1828/1032 3307/1822/1056
f 3286/1824/1057 3322/1823/1057 3323/1829/1052
f 3303/1825/1054 3304/1831/1057 3316/1838/1057
f 3296/1833/1032 3297/1839/1051 3309/1834/1051
f 3288/1835/1053 3287/1830/1052 3323/1829/1052
f 3304/1831/1057 3294/1837/1052 3306/1855/1052
f 3297/1839/1051 3298/1846/1050 3310/1840/1050
f 3288/1835/1053 3324/1836/1053 3325/1842/1056
f 3281/1843/1055 3318/2698/1055 3317/1844/1049
f 3298/1846/1050 3299/1852/1055 3311/1847/1055
f 3289/1841/1056 3325/1842/1056 3326/1849/1032
f 3282/1845/1049 3317/1844/1049 3319/1850/1047
f 3300/1807/1049 3312/1806/1049 3311/1847/1055
f 3291/1853/1051 3290/1848/1032 3326/1849/1032
f 3283/1851/1047 3319/1850/1047 3320/1854/1029
f 3353/1781/1046 3365/1785/1046 3366/1782/1046
f 3353/1781/1046 3355/1784/1046 3367/1787/1046
f 3356/1786/1046 3368/1789/1046 3367/1787/1046
f 3356/1786/1046 3357/1788/1046 3369/1791/1046
f 3358/1793/1046 3370/1790/1046 3369/1791/1046
f 3359/1792/1046 3371/1795/1046 3370/1790/1046
f 3359/1792/1046 3360/1797/1046 3372/1794/1046
f 3361/1796/1046 3373/1799/1046 3372/1794/1046
f 3361/1796/1046 3362/1800/1046 3374/1798/1046
f 3363/1802/1046 3375/1801/1046 3374/1798/1046
f 3364/1804/1046 3376/1803/1046 3375/1801/1046
f 3354/1783/1046 3366/1782/1046 3376/1803/1046
f 3349/1805/1047 3361/1818/1047 3360/1806/1049
f 3340/1808/1050 3339/1853/1051 3375/1809/1051
f 3341/1821/1053 3353/1812/1053 3354/1813/1052
f 3333/1816/1054 3332/1814/1029 3368/1854/1029
f 3350/1817/1029 3362/1826/1029 3361/1818/1047
f 3329/1819/1055 3340/1808/1050 3376/1810/1050
f 3343/1827/1056 3355/1822/1056 3353/1812/1053
f 3334/1824/1057 3333/1816/1054 3369/1815/1054
f 3350/1817/1029 3351/1825/1054 3363/1832/1054
f 3344/1833/1032 3356/1828/1032 3355/1822/1056
f 3334/1824/1057 3370/1823/1057 3371/1829/1052
f 3351/1825/1054 3352/1831/1057 3364/1838/1057
f 3344/1833/1032 3345/1839/1051 3357/1834/1051
f 3336/1835/1053 3335/1830/1052 3371/1829/1052
f 3352/1831/1057 3342/1837/1052 3354/1855/1052
f 3345/1839/1051 3346/1846/1050 3358/1840/1050
f 3336/1835/1053 3372/1836/1053 3373/1842/1056
f 3329/1843/1055 3366/2698/1055 3365/1844/1049
f 3346/1846/1050 3347/1852/1055 3359/1847/1055
f 3337/1841/1056 3373/1842/1056 3374/1849/1032
f 3330/1845/1049 3365/1844/1049 3367/1850/1047
f 3348/1807/1049 3360/1806/1049 3359/1847/1055
f 3339/1853/1051 3338/1848/1032 3374/1849/1032
f 3331/1851/1047 3367/1850/1047 3368/1854/1029
f 3402/1783/1046 3401/1781/1046 3413/1785/1046
f 3401/1781/1046 3403/1784/1046 3415/1787/1046
f 3403/1784/1046 3404/1786/1046 3416/1789/1046
f 3405/1788/1046 3417/1791/1046 3416/1789/1046
f 3405/1788/1046 3406/1793/1046 3418/1790/1046
f 3407/1792/1046 3419/1795/1046 3418/1790/1046
f 3407/1792/1046 3408/1797/1046 3420/1794/1046
f 3409/1796/1046 3421/1799/1046 3420/1794/1046
f 3409/1796/1046 3410/1800/1046 3422/1798/1046
f 3411/1802/1046 3423/1801/1046 3422/1798/1046
f 3412/1804/1046 3424/1803/1046 3423/1801/1046
f 3402/1783/1046 3414/1782/1046 3424/1803/1046
f 3397/1805/1047 3409/1818/1047 3408/1806/1049
f 3388/1808/1050 3387/1853/1051 3423/1809/1051
f 3389/1821/1053 3401/1812/1053 3402/1813/1052
f 3381/1816/1054 3380/1814/1029 3416/1854/1029
f 3398/1817/1029 3410/1826/1029 3409/1818/1047
f 3377/1819/1055 3388/1808/1050 3424/1810/1050
f 3391/1827/1056 3403/1822/1056 3401/1812/1053
f 3382/1824/1057 3381/1816/1054 3417/1815/1054
f 3398/1817/1029 3399/1825/1054 3411/1832/1054
f 3392/1833/1032 3404/1828/1032 3403/1822/1056
f 3382/1824/1057 3418/1823/1057 3419/1829/1052
f 3399/1825/1054 3400/1831/1057 3412/1838/1057
f 3392/1833/1032 3393/1839/1051 3405/1834/1051
f 3384/1835/1053 3383/1830/1052 3419/1829/1052
f 3400/1831/1057 3390/1837/1052 3402/1855/1052
f 3393/1839/1051 3394/1846/1050 3406/1840/1050
f 3384/1835/1053 3420/1836/1053 3421/1842/1056
f 3377/1843/1055 3414/2698/1055 3413/1844/1049
f 3394/1846/1050 3395/1852/1055 3407/1847/1055
f 3385/1841/1056 3421/1842/1056 3422/1849/1032
f 3378/1845/1049 3413/1844/1049 3415/1850/1047
f 3396/1807/1049 3408/1806/1049 3407/1847/1055
f 3387/1853/1051 3386/1848/1032 3422/1849/1032
f 3379/1851/1047 3415/1850/1047 3416/1854/1029
f 3449/1781/1046 3461/1785/1046 3462/1782/1046
f 3449/1781/1046 3451/1784/1046 3463/1787/1046
f 3451/1784/1046 3452/1786/1046 3464/1789/1046
f 3453/1788/1046 3465/1791/1046 3464/1789/1046
f 3453/1788/1046 3454/1793/1046 3466/1790/1046
f 3455/1792/1046 3467/1795/1046 3466/1790/1046
f 3455/1792/1046 3456/1797/1046 3468/1794/1046
f 3456/1797/1046 3457/1796/1046 3469/1799/1046
f 3458/1800/1046 3470/1798/1046 3469/1799/1046
f 3458/1800/1046 3459/1802/1046 3471/1801/1046
f 3460/1804/1046 3472/1803/1046 3471/1801/1046
f 3450/1783/1046 3462/1782/1046 3472/1803/1046
f 3445/1805/1047 3457/1818/1047 3456/1806/1049
f 3436/1808/1050 3435/1853/1051 3471/1809/1051
f 3437/1821/1053 3449/1812/1053 3450/1813/1052
f 3429/1816/1054 3428/1814/1029 3464/1854/1029
f 3446/1817/1029 3458/1826/1029 3457/1818/1047
f 3425/1819/1055 3436/1808/1050 3472/1810/1050
f 3439/1827/1056 3451/1822/1056 3449/1812/1053
f 3430/1824/1057 3429/1816/1054 3465/1815/1054
f 3446/1817/1029 3447/1825/1054 3459/1832/1054
f 3440/1833/1032 3452/1828/1032 3451/1822/1056
f 3430/1824/1057 3466/1823/1057 3467/1829/1052
f 3447/1825/1054 3448/1831/1057 3460/1838/1057
f 3440/1833/1032 3441/1839/1051 3453/1834/1051
f 3432/1835/1053 3431/1830/1052 3467/1829/1052
f 3448/1831/1057 3438/1837/1052 3450/1855/1052
f 3441/1839/1051 3442/1846/1050 3454/1840/1050
f 3432/1835/1053 3468/1836/1053 3469/1842/1056
f 3425/1843/1055 3462/2698/1055 3461/1844/1049
f 3442/1846/1050 3443/1852/1055 3455/1847/1055
f 3433/1841/1056 3469/1842/1056 3470/1849/1032
f 3426/1845/1049 3461/1844/1049 3463/1850/1047
f 3444/1807/1049 3456/1806/1049 3455/1847/1055
f 3435/1853/1051 3434/1848/1032 3470/1849/1032
f 3427/1851/1047 3463/1850/1047 3464/1854/1029
f 3498/1783/1046 3497/1781/1046 3509/1785/1046
f 3499/1784/1046 3511/1787/1046 3509/1785/1046
f 3500/1786/1046 3512/1789/1046 3511/1787/1046
f 3500/1786/1046 3501/1788/1046 3513/1791/1046
f 3502/1793/1046 3514/1790/1046 3513/1791/1046
f 3503/1792/1046 3515/1795/1046 3514/1790/1046
f 3503/1792/1046 3504/1797/1046 3516/1794/1046
f 3504/1797/1046 3505/1796/1046 3517/1799/1046
f 3506/1800/1046 3518/1798/1046 3517/1799/1046
f 3506/1800/1046 3507/1802/1046 3519/1801/1046
f 3507/1802/1046 3508/1804/1046 3520/1803/1046
f 3498/1783/1046 3510/1782/1046 3520/1803/1046
f 3493/1805/1047 3505/1818/1047 3504/1806/1049
f 3484/1808/1050 3483/1853/1051 3519/1809/1051
f 3486/1811/1052 3485/1821/1053 3497/1812/1053
f 3476/1814/1029 3512/1854/1029 3513/1815/1054
f 3494/1817/1029 3506/1826/1029 3505/1818/1047
f 3473/1819/1055 3484/1808/1050 3520/1810/1050
f 3485/1821/1053 3487/1827/1056 3499/1822/1056
f 3477/1816/1054 3513/1815/1054 3514/1823/1057
f 3495/1825/1054 3507/1832/1054 3506/1826/1029
f 3487/1827/1056 3488/1833/1032 3500/1828/1032
f 3478/1824/1057 3514/1823/1057 3515/1829/1052
f 3496/1831/1057 3508/1838/1057 3507/1832/1054
f 3488/1833/1032 3489/1839/1051 3501/1834/1051
f 3480/1835/1053 3479/1830/1052 3515/1829/1052
f 3486/1837/1052 3498/1855/1052 3508/1838/1057
f 3489/1839/1051 3490/1846/1050 3502/1840/1050
f 3481/1841/1056 3480/1835/1053 3516/1836/1053
f 3473/1843/1055 3510/2698/1055 3509/1844/1049
f 3490/1846/1050 3491/1852/1055 3503/1847/1055
f 3482/1848/1032 3481/1841/1056 3517/1842/1056
f 3474/1845/1049 3509/1844/1049 3511/1850/1047
f 3492/1807/1049 3504/1806/1049 3503/1847/1055
f 3483/1853/1051 3482/1848/1032 3518/1849/1032
f 3475/1851/1047 3511/1850/1047 3512/1854/1029
f 3546/1783/1046 3545/1781/1046 3557/1785/1046
f 3547/1784/1046 3559/1787/1046 3557/1785/1046
f 3547/1784/1046 3548/1786/1046 3560/1789/1046
f 3549/1788/1046 3561/1791/1046 3560/1789/1046
f 3550/1793/1046 3562/1790/1046 3561/1791/1046
f 3551/1792/1046 3563/1795/1046 3562/1790/1046
f 3552/1797/1046 3564/1794/1046 3563/1795/1046
f 3552/1797/1046 3553/1796/1046 3565/1799/1046
f 3554/1800/1046 3566/1798/1046 3565/1799/1046
f 3554/1800/1046 3555/1802/1046 3567/1801/1046
f 3556/1804/1046 3568/1803/1046 3567/1801/1046
f 3556/1804/1046 3546/1783/1046 3558/1782/1046
f 3541/1805/1047 3553/1818/1047 3552/1806/1049
f 3532/1808/1050 3531/1853/1051 3567/1809/1051
f 3534/1811/1052 3533/1821/1053 3545/1812/1053
f 3524/1814/1029 3560/1854/1029 3561/1815/1054
f 3542/1817/1029 3554/1826/1029 3553/1818/1047
f 3521/1819/1055 3532/1808/1050 3568/1810/1050
f 3533/1821/1053 3535/1827/1056 3547/1822/1056
f 3525/1816/1054 3561/1815/1054 3562/1823/1057
f 3543/1825/1054 3555/1832/1054 3554/1826/1029
f 3535/1827/1056 3536/1833/1032 3548/1828/1032
f 3526/1824/1057 3562/1823/1057 3563/1829/1052
f 3544/1831/1057 3556/1838/1057 3555/1832/1054
f 3536/1833/1032 3537/1839/1051 3549/1834/1051
f 3528/1835/1053 3527/1830/1052 3563/1829/1052
f 3534/1837/1052 3546/1855/1052 3556/1838/1057
f 3537/1839/1051 3538/1846/1050 3550/1840/1050
f 3529/1841/1056 3528/1835/1053 3564/1836/1053
f 3521/1843/1055 3558/2698/1055 3557/1844/1049
f 3538/1846/1050 3539/1852/1055 3551/1847/1055
f 3530/1848/1032 3529/1841/1056 3565/1842/1056
f 3522/1845/1049 3557/1844/1049 3559/1850/1047
f 3540/1807/1049 3552/1806/1049 3551/1847/1055
f 3531/1853/1051 3530/1848/1032 3566/1849/1032
f 3523/1851/1047 3559/1850/1047 3560/1854/1029
f 3593/1781/1046 3605/1785/1046 3606/1782/1046
f 3593/1781/1046 3595/1784/1046 3607/1787/1046
f 3596/1786/1046 3608/1789/1046 3607/1787/1046
f 3596/1786/1046 3597/1788/1046 3609/1791/1046
f 3598/1793/1046 3610/1790/1046 3609/1791/1046
f 3598/1793/1046 3599/1792/1046 3611/1795/1046
f 3599/1792/1046 3600/1797/1046 3612/1794/1046
f 3600/1797/1046 3601/1796/1046 3613/1799/1046
f 3601/1796/1046 3602/1800/1046 3614/1798/1046
f 3602/1800/1046 3603/1802/1046 3615/1801/1046
f 3603/1802/1046 3604/1804/1046 3616/1803/1046
f 3594/1783/1046 3606/1782/1046 3616/1803/1046
f 3589/1805/1047 3601/1818/1047 3600/1806/1049
f 3580/1808/1050 3579/1853/1051 3615/1809/1051
f 3582/1811/1052 3581/1821/1053 3593/1812/1053
f 3572/1814/1029 3608/1854/1029 3609/1815/1054
f 3590/1817/1029 3602/1826/1029 3601/1818/1047
f 3569/1819/1055 3580/1808/1050 3616/1810/1050
f 3581/1821/1053 3583/1827/1056 3595/1822/1056
f 3573/1816/1054 3609/1815/1054 3610/1823/1057
f 3591/1825/1054 3603/1832/1054 3602/1826/1029
f 3583/1827/1056 3584/1833/1032 3596/1828/1032
f 3574/1824/1057 3610/1823/1057 3611/1829/1052
f 3592/1831/1057 3604/1838/1057 3603/1832/1054
f 3584/1833/1032 3585/1839/1051 3597/1834/1051
f 3576/1835/1053 3575/1830/1052 3611/1829/1052
f 3582/1837/1052 3594/1855/1052 3604/1838/1057
f 3585/1839/1051 3586/1846/1050 3598/1840/1050
f 3577/1841/1056 3576/1835/1053 3612/1836/1053
f 3569/1843/1055 3606/2698/1055 3605/1844/1049
f 3586/1846/1050 3587/1852/1055 3599/1847/1055
f 3578/1848/1032 3577/1841/1056 3613/1842/1056
f 3570/1845/1049 3605/1844/1049 3607/1850/1047
f 3588/1807/1049 3600/1806/1049 3599/1847/1055
f 3579/1853/1051 3578/1848/1032 3614/1849/1032
f 3571/1851/1047 3607/1850/1047 3608/1854/1029
f 3642/1783/1046 3641/1781/1046 3653/1785/1046
f 3643/1784/1046 3655/1787/1046 3653/1785/1046
f 3643/1784/1046 3644/1786/1046 3656/1789/1046
f 3645/1788/1046 3657/1791/1046 3656/1789/1046
f 3646/1793/1046 3658/1790/1046 3657/1791/1046
f 3647/1792/1046 3659/1795/1046 3658/1790/1046
f 3647/1792/1046 3648/1797/1046 3660/1794/1046
f 3648/1797/1046 3649/1796/1046 3661/1799/1046
f 3649/1796/1046 3650/1800/1046 3662/1798/1046
f 3650/1800/1046 3651/1802/1046 3663/1801/1046
f 3651/1802/1046 3652/1804/1046 3664/1803/1046
f 3642/1783/1046 3654/1782/1046 3664/1803/1046
f 3637/1805/1047 3649/1818/1047 3648/1806/1049
f 3628/1808/1050 3627/1853/1051 3663/1809/1051
f 3630/1811/1052 3629/1821/1053 3641/1812/1053
f 3620/1814/1029 3656/1854/1029 3657/1815/1054
f 3638/1817/1029 3650/1826/1029 3649/1818/1047
f 3617/1819/1055 3628/1808/1050 3664/1810/1050
f 3629/1821/1053 3631/1827/1056 3643/1822/1056
f 3621/1816/1054 3657/1815/1054 3658/1823/1057
f 3639/1825/1054 3651/1832/1054 3650/1826/1029
f 3631/1827/1056 3632/1833/1032 3644/1828/1032
f 3622/1824/1057 3658/1823/1057 3659/1829/1052
f 3640/1831/1057 3652/1838/1057 3651/1832/1054
f 3632/1833/1032 3633/1839/1051 3645/1834/1051
f 3624/1835/1053 3623/1830/1052 3659/1829/1052
f 3630/1837/1052 3642/1855/1052 3652/1838/1057
f 3633/1839/1051 3634/1846/1050 3646/1840/1050
f 3625/1841/1056 3624/1835/1053 3660/1836/1053
f 3617/1843/1055 3654/2698/1055 3653/1844/1049
f 3634/1846/1050 3635/1852/1055 3647/1847/1055
f 3626/1848/1032 3625/1841/1056 3661/1842/1056
f 3618/1845/1049 3653/1844/1049 3655/1850/1047
f 3636/1807/1049 3648/1806/1049 3647/1847/1055
f 3627/1853/1051 3626/1848/1032 3662/1849/1032
f 3619/1851/1047 3655/1850/1047 3656/1854/1029
f 3689/1781/1046 3701/1785/1046 3702/1782/1046
f 3691/1784/1046 3703/1787/1046 3701/1785/1046
f 3691/1784/1046 3692/1786/1046 3704/1789/1046
f 3693/1788/1046 3705/1791/1046 3704/1789/1046
f 3694/1793/1046 3706/1790/1046 3705/1791/1046
f 3694/1793/1046 3695/1792/1046 3707/1795/1046
f 3695/1792/1046 3696/1797/1046 3708/1794/1046
f 3696/1797/1046 3697/1796/1046 3709/1799/1046
f 3698/1800/1046 3710/1798/1046 3709/1799/1046
f 3698/1800/1046 3699/1802/1046 3711/1801/1046
f 3700/1804/1046 3712/1803/1046 3711/1801/1046
f 3690/1783/1046 3702/1782/1046 3712/1803/1046
f 3685/1805/1047 3697/1818/1047 3696/1806/1049
f 3676/1808/1050 3675/1853/1051 3711/1809/1051
f 3678/1811/1052 3677/1821/1053 3689/1812/1053
f 3668/1814/1029 3704/1854/1029 3705/1815/1054
f 3686/1817/1029 3698/1826/1029 3697/1818/1047
f 3665/1819/1055 3676/1808/1050 3712/1810/1050
f 3677/1821/1053 3679/1827/1056 3691/1822/1056
f 3669/1816/1054 3705/1815/1054 3706/1823/1057
f 3687/1825/1054 3699/1832/1054 3698/1826/1029
f 3679/1827/1056 3680/1833/1032 3692/1828/1032
f 3670/1824/1057 3706/1823/1057 3707/1829/1052
f 3688/1831/1057 3700/1838/1057 3699/1832/1054
f 3680/1833/1032 3681/1839/1051 3693/1834/1051
f 3672/1835/1053 3671/1830/1052 3707/1829/1052
f 3678/1837/1052 3690/1855/1052 3700/1838/1057
f 3681/1839/1051 3682/1846/1050 3694/1840/1050
f 3673/1841/1056 3672/1835/1053 3708/1836/1053
f 3665/1843/1055 3702/2698/1055 3701/1844/1049
f 3682/1846/1050 3683/1852/1055 3695/1847/1055
f 3674/1848/1032 3673/1841/1056 3709/1842/1056
f 3666/1845/1049 3701/1844/1049 3703/1850/1047
f 3684/1807/1049 3696/1806/1049 3695/1847/1055
f 3675/1853/1051 3674/1848/1032 3710/1849/1032
f 3667/1851/1047 3703/1850/1047 3704/1854/1029
f 3714/1856/1043 3716/1859/1061 3715/1857/1061
f 3716/1859/1061 3718/1861/1062 3717/1860/1062
f 3718/1861/1062 3720/1863/1063 3719/1862/1063
f 3720/1863/1063 3722/1886/1064 3721/1864/1064
f 3721/1864/1064 3722/1886/1064 3724/1865/1040
f 3724/1867/1040 3726/1884/1065 3725/1868/1065
f 3725/1868/1065 3726/1884/1065 3728/1870/1066
f 3727/1871/1066 3728/1870/1066 3730/1872/1067
f 3728/1870/1068 3726/1884/1069 3739/1874/1069
f 3729/1873/1067 3730/1872/1067 3732/1876/1070
f 3731/1877/1070 3732/1876/1070 3714/1856/1043
f 3731/2674/1071 3713/2699/1071 3715/1878/1071
f 3715/1878/1071 3717/2700/1071 3719/1879/1071
f 3719/1879/1071 3721/2701/1071 3727/1880/1071
f 3721/2701/1071 3723/2673/1071 3727/1880/1071
f 3723/2673/1071 3725/2702/1071 3727/1880/1071
f 3727/1880/1071 3729/2675/1071 3731/2674/1071
f 3731/2674/1071 3715/1878/1071 3727/1880/1071
f 3734/1881/1072 3742/1898/1086 3762/1882/1073
f 3726/1884/1069 3724/1867/1075 3738/1885/1075
f 3722/1886/1076 3737/1888/1076 3738/1887/1075
f 3720/1863/1077 3736/1890/1077 3737/1888/1076
f 3714/1856/1078 3734/1893/1078 3733/1889/1079
f 3718/1861/1080 3735/1891/1080 3736/1890/1077
f 3716/1859/1079 3733/1889/1079 3735/1891/1080
f 3714/1856/1078 3732/1876/1081 3742/1892/1081
f 3732/1876/1081 3730/1872/1082 3741/1894/1082
f 3730/1872/1082 3728/1870/1068 3740/1875/1068
f 3733/1895/1083 3744/1903/1091 3748/1896/1084
f 3742/1898/1086 3741/1910/1098 3760/1899/1087
f 3738/1900/1088 3754/2676/1099 3756/1901/1089
f 3734/1881/1072 3745/1883/1074 3744/1903/1091
f 3740/1904/1092 3739/1902/1090 3756/1901/1089
f 3736/1906/1094 3750/1909/1097 3752/1907/1095
f 3735/1897/1085 3748/1896/1084 3750/1909/1097
f 3741/1910/1098 3740/1904/1092 3758/1905/1093
f 3737/1908/1096 3752/1907/1095 3754/1911/1099
f 3745/1913/1074 3746/1932/1109 3743/1914/1100
f 3748/1916/1084 3744/1915/1091 3743/1914/1100
f 3750/1918/1097 3748/1916/1084 3747/1917/1101
f 3752/1920/1095 3750/1918/1097 3749/1919/1102
f 3754/1922/1099 3752/1920/1095 3751/1921/1103
f 3754/1922/1099 3753/1923/1104 3755/1924/1105
f 3756/1925/1089 3755/1924/1105 3757/1926/1106
f 3758/1927/1093 3757/1926/1106 3759/1928/1107
f 3760/1929/1087 3759/1928/1107 3761/1930/1108
f 3745/1913/1074 3762/1931/1073 3761/1930/1108
f 3747/1917/1101 3743/1914/1100 3746/1932/1109
f 3746/1932/1109 3761/1930/1108 3759/1928/1107
f 3759/1928/1107 3757/1926/1106 3755/1924/1105
f 3755/1924/1105 3753/1923/1104 3759/1928/1107
f 3753/1923/1104 3751/1921/1103 3759/1928/1107
f 3751/1921/1103 3749/1919/1102 3747/1917/1101
f 3747/1917/1101 3746/1932/1109 3751/1921/1103
f 3779/1933/1110 3804/2009/1110 3795/1934/1111
f 3780/1936/1035 3822/1965/1035 3826/1937/1035
f 3784/1939/1035 3823/1967/1035 3816/1940/1035
f 3763/1942/1035 3768/1958/1035 3818/1943/1035
f 3764/1945/1035 3811/1995/1035 3820/1946/1035
f 3765/1948/1035 3813/1951/1035 3812/1949/1035
f 3765/1948/1035 3763/1942/1035 3814/1944/1035
f 3817/1952/1112 3777/1981/1128 3775/1953/1113
f 3770/1955/1035 3769/1996/1035 3815/1956/1035
f 3770/1955/1035 3817/1957/1035 3818/1943/1035
f 3821/1959/1115 3789/1984/1130 3787/1960/1116
f 3782/1962/1035 3781/1982/1035 3819/1963/1035
f 3782/1962/1035 3821/1964/1035 3822/1965/1035
f 3786/1966/1035 3824/1969/1035 3823/1967/1035
f 3785/1968/1035 3825/1970/1035 3824/1969/1035
f 3785/1968/1035 3783/1938/1035 3826/1937/1035
f 3813/1971/1118 3774/1975/1122 3773/1972/1119
f 3813/1971/1118 3814/2034/1156 3772/1974/1121
f 3815/1976/1123 3816/2703/1134 3776/1977/1124
f 3822/1961/1117 3787/1960/1116 3792/1979/1126
f 3817/1952/1112 3815/1976/1123 3778/1978/1125
f 3781/1982/1035 3779/1947/1035 3820/1946/1035
f 3821/1959/1115 3819/1998/1141 3790/1983/1129
f 3824/1985/1131 3793/1997/1140 3791/1986/1132
f 3816/1988/1134 3823/1987/1133 3791/1986/1132
f 3825/1990/1135 3826/1980/1127 3792/1979/1126
f 3788/1992/1137 3820/2704/1698 3811/1993/1138
f 3766/1950/1035 3812/1949/1035 3811/1995/1035
f 3769/1996/1035 3767/1941/1035 3816/1940/1035
f 3825/1990/1135 3794/1991/1136 3793/1997/1140
f 3819/1998/1141 3820/2705/1698 3788/1999/1137
f 3795/2002/1035 3804/2706/1035 3807/2707/1035
f 3804/2706/1035 3803/2708/1035 3806/2709/1035
f 3803/2708/1035 3805/2710/1035 3806/2709/1035
f 3806/2709/1035 3810/2711/1035 3807/2707/1035
f 3810/2711/1035 3809/2712/1035 3808/2713/1035
f 3807/2707/1035 3810/2711/1035 3808/2713/1035
f 3807/2707/1035 3800/2000/1035 3795/2002/1035
f 3800/2000/1035 3799/2714/1035 3802/2001/1035
f 3799/2714/1035 3801/2715/1035 3802/2001/1035
f 3802/2001/1035 3798/2716/1035 3795/2002/1035
f 3798/2716/1035 3797/2717/1035 3796/2718/1035
f 3795/2002/1035 3798/2716/1035 3796/2718/1035
f 3804/2706/1035 3806/2709/1035 3807/2707/1035
f 3768/2003/1142 3802/2007/1142 3801/2004/1143
f 3763/2006/1144 3798/2026/1144 3802/2007/1142
f 3781/2008/1145 3803/2015/1145 3804/2009/1110
f 3780/2011/1146 3783/2032/1147 3810/2012/1147
f 3782/2014/1148 3805/2021/1148 3803/2015/1145
f 3766/2016/1149 3764/1935/1111 3795/1934/1111
f 3767/2018/1150 3800/2031/1150 3807/2019/1151
f 3780/2011/1146 3806/2013/1146 3805/2021/1148
f 3765/2022/1152 3766/2016/1149 3796/2017/1149
f 3784/2020/1151 3807/2019/1151 3808/2024/1153
f 3763/2006/1144 3765/2022/1152 3797/2023/1152
f 3785/2027/1154 3786/2025/1153 3808/2024/1153
f 3767/2029/1150 3769/2033/1155 3799/2030/1155
f 3783/2032/1147 3785/2027/1154 3809/2028/1154
f 3770/2005/1143 3801/2004/1143 3799/2030/1155
f 3814/2034/1156 3818/1954/1114 3775/1953/1113
f 3812/1973/1120 3773/1972/1119 3771/1994/1139
f 3827/1733/1157 3828/1731/1157 3830/1734/1158
f 3829/1732/1158 3830/1734/1158 3832/1736/1159
f 3832/1736/1159 3834/1738/1160 3833/1737/1160
f 3834/1738/1160 3836/1777/1161 3835/1739/1161
f 3836/1777/1161 3838/1740/1162 3837/1741/1162
f 3837/1741/1162 3838/1740/1162 3840/1743/1163
f 3839/1742/1163 3840/1743/1163 3842/1775/1164
f 3841/1744/1164 3842/1775/1164 3844/1745/1165
f 3832/1749/1166 3830/2691/1166 3844/1747/1166
f 3830/2691/1166 3828/1778/1166 3844/1747/1166
f 3828/1778/1166 3846/2692/1699 3844/1747/1166
f 3844/1747/1166 3842/2693/1166 3840/1774/1166
f 3840/1774/1166 3838/2694/1166 3844/1747/1166
f 3838/2694/1166 3836/1748/1166 3844/1747/1166
f 3836/1748/1166 3834/1780/1166 3844/1747/1166
f 3844/1745/1165 3846/1776/1167 3845/1750/1167
f 3846/1751/1167 3828/1731/1157 3827/1733/1157
f 3847/1755/1168 3848/1753/1168 3850/2035/1168
f 3850/1756/1029 3852/2695/1029 3851/1757/1029
f 3852/1759/1169 3854/2038/1169 3853/1760/1169
f 3853/1762/1170 3854/2039/1170 3856/1763/1170
f 3852/1767/1166 3850/2696/1166 3856/1765/1166
f 3850/2696/1166 3848/1779/1166 3856/1765/1166
f 3848/1779/1166 3858/2697/1166 3856/1765/1166
f 3855/1770/1032 3856/1768/1032 3858/2036/1032
f 3858/2037/1171 3848/1772/1171 3847/1773/1171
f 3859/1733/1157 3860/1731/1157 3862/1734/1158
f 3861/1732/1158 3862/1734/1158 3864/1736/1159
f 3864/1736/1159 3866/1738/1160 3865/1737/1160
f 3866/1738/1160 3868/1777/1161 3867/1739/1161
f 3868/1777/1161 3870/1740/1162 3869/1741/1162
f 3869/1741/1162 3870/1740/1162 3872/1743/1163
f 3871/1742/1163 3872/1743/1163 3874/1775/1164
f 3873/1744/1164 3874/1775/1164 3876/1745/1165
f 3864/1749/1166 3862/2691/1166 3876/1747/1166
f 3862/2691/1166 3860/1778/1166 3876/1747/1166
f 3860/1778/1166 3878/2692/1699 3876/1747/1166
f 3876/1747/1166 3874/2693/1166 3872/1774/1166
f 3872/1774/1166 3870/2694/1166 3876/1747/1166
f 3870/2694/1166 3868/1748/1166 3876/1747/1166
f 3868/1748/1166 3866/1780/1166 3876/1747/1166
f 3876/1745/1165 3878/1776/1167 3877/1750/1167
f 3878/1751/1167 3860/1731/1157 3859/1733/1157
f 3879/1755/1168 3880/1753/1168 3882/2035/1168
f 3882/1756/1029 3884/2695/1029 3883/1757/1029
f 3884/1759/1169 3886/2038/1169 3885/1760/1169
f 3885/1762/1170 3886/2039/1170 3888/1763/1170
f 3884/1767/1166 3882/2696/1166 3888/1765/1166
f 3882/2696/1166 3880/1779/1166 3888/1765/1166
f 3880/1779/1166 3890/2697/1166 3888/1765/1166
f 3887/1770/1032 3888/1768/1032 3890/2036/1032
f 3890/2037/1171 3880/1772/1171 3879/1773/1171
f 3891/1733/1157 3892/1731/1157 3894/1734/1158
f 3893/1732/1158 3894/1734/1158 3896/1736/1159
f 3896/1736/1159 3898/1738/1160 3897/1737/1160
f 3898/1738/1160 3900/1777/1161 3899/1739/1161
f 3900/1777/1161 3902/1740/1162 3901/1741/1162
f 3901/1741/1162 3902/1740/1162 3904/1743/1163
f 3903/1742/1163 3904/1743/1163 3906/1775/1164
f 3905/1744/1164 3906/1775/1164 3908/1745/1165
f 3896/1749/1166 3894/2691/1166 3892/1778/1166
f 3892/1778/1166 3910/2692/1166 3908/1747/1166
f 3908/1747/1166 3906/2693/1166 3900/1748/1166
f 3906/2693/1166 3904/1774/1166 3900/1748/1166
f 3904/1774/1166 3902/2694/1166 3900/1748/1166
f 3900/1748/1166 3898/1780/1166 3896/1749/1166
f 3896/1749/1166 3892/1778/1166 3900/1748/1166
f 3908/1745/1165 3910/1776/1167 3909/1750/1167
f 3910/1751/1167 3892/1731/1157 3891/1733/1157
f 3911/1755/1168 3912/1753/1168 3914/2035/1168
f 3914/1756/1029 3916/2695/1029 3915/1757/1029
f 3916/1759/1169 3918/2038/1169 3917/1760/1169
f 3917/1762/1170 3918/2039/1170 3920/1763/1170
f 3916/1767/1166 3914/2696/1166 3912/1779/1166
f 3912/1779/1166 3922/2697/1166 3916/1767/1166
f 3922/2697/1166 3920/1765/1166 3916/1767/1166
f 3919/1770/1032 3920/1768/1032 3922/2036/1032
f 3922/2037/1171 3912/1772/1171 3911/1773/1171
f 3923/1733/1157 3924/1731/1157 3926/1734/1158
f 3925/1732/1158 3926/1734/1158 3928/1736/1159
f 3928/1736/1159 3930/1738/1160 3929/1737/1160
f 3930/1738/1160 3932/1777/1161 3931/1739/1161
f 3932/1777/1161 3934/1740/1162 3933/1741/1162
f 3933/1741/1162 3934/1740/1162 3936/1743/1163
f 3935/1742/1163 3936/1743/1163 3938/1775/1164
f 3937/1744/1164 3938/1775/1164 3940/1745/1165
f 3928/1749/1166 3926/2691/1699 3924/1778/1166
f 3924/1778/1166 3942/2692/1166 3928/1749/1166
f 3942/2692/1166 3940/1747/1166 3928/1749/1166
f 3940/1747/1166 3938/2693/1166 3936/1774/1166
f 3936/1774/1166 3934/2694/1166 3940/1747/1166
f 3934/2694/1166 3932/1748/1166 3940/1747/1166
f 3932/1748/1166 3930/1780/1166 3940/1747/1166
f 3940/1745/1165 3942/1776/1167 3941/1750/1167
f 3942/1751/1167 3924/1731/1157 3923/1733/1157
f 3943/1755/1168 3944/1753/1168 3946/2035/1168
f 3946/1756/1029 3948/2695/1029 3947/1757/1029
f 3948/1759/1169 3950/2038/1169 3949/1760/1169
f 3949/1762/1170 3950/2039/1170 3952/1763/1170
f 3948/1767/1166 3946/2696/1166 3952/1765/1166
f 3946/2696/1166 3944/1779/1166 3952/1765/1166
f 3944/1779/1166 3954/2697/1166 3952/1765/1166
f 3951/1770/1032 3952/1768/1032 3954/2036/1032
f 3954/2037/1171 3944/1772/1171 3943/1773/1171
f 3955/1733/1157 3956/1731/1157 3958/1734/1158
f 3957/1732/1158 3958/1734/1158 3960/1736/1159
f 3960/1736/1159 3962/1738/1160 3961/1737/1160
f 3962/1738/1160 3964/1777/1161 3963/1739/1161
f 3964/1777/1161 3966/1740/1162 3965/1741/1162
f 3965/1741/1162 3966/1740/1162 3968/1743/1163
f 3967/1742/1163 3968/1743/1163 3970/1775/1164
f 3969/1744/1164 3970/1775/1164 3972/1745/1165
f 3960/1749/1166 3958/2691/1699 3956/1778/1166
f 3956/1778/1166 3974/2692/1166 3960/1749/1166
f 3974/2692/1166 3972/1747/1166 3960/1749/1166
f 3972/1747/1166 3970/2693/1166 3968/1774/1166
f 3968/1774/1166 3966/2694/1166 3972/1747/1166
f 3966/2694/1166 3964/1748/1166 3972/1747/1166
f 3964/1748/1166 3962/1780/1166 3972/1747/1166
f 3972/1745/1165 3974/1776/1167 3973/1750/1167
f 3974/1751/1167 3956/1731/1157 3955/1733/1157
f 3975/1755/1168 3976/1753/1168 3978/2035/1168
f 3978/1756/1029 3980/2695/1029 3979/1757/1029
f 3980/1759/1169 3982/2038/1169 3981/1760/1169
f 3981/1762/1170 3982/2039/1170 3984/1763/1170
f 3980/1767/1166 3978/2696/1166 3976/1779/1166
f 3976/1779/1166 3986/2697/1166 3984/1765/1166
f 3984/1765/1166 3982/1766/1166 3980/1767/1166
f 3983/1770/1032 3984/1768/1032 3986/2036/1032
f 3986/2037/1171 3976/1772/1171 3975/1773/1171
f 3988/1731/1157 3990/1734/1158 3989/1732/1158
f 3989/1732/1158 3990/1734/1158 3992/1736/1159
f 3991/1735/1159 3992/1736/1159 3994/1738/1160
f 3993/1737/1160 3994/1738/1160 3996/1777/1161
f 3996/1777/1161 3998/1740/1162 3997/1741/1162
f 3997/1741/1162 3998/1740/1162 4000/1743/1163
f 4000/1743/1163 4002/1775/1164 4001/1744/1164
f 4002/1775/1164 4004/1745/1165 4003/1746/1165
f 3992/1749/1166 3990/2691/1166 3988/1778/1166
f 3988/1778/1166 4006/2692/1166 4004/1747/1166
f 4004/1747/1166 4002/2693/1166 3996/1748/1166
f 4002/2693/1166 4000/1774/1166 3996/1748/1166
f 4000/1774/1166 3998/2694/1166 3996/1748/1166
f 3996/1748/1166 3994/1780/1166 3992/1749/1166
f 3992/1749/1166 3988/1778/1166 3996/1748/1166
f 4004/1745/1165 4006/1776/1167 4005/1750/1167
f 4005/1752/1167 4006/1751/1167 3988/1731/1157
f 4008/1753/1168 4010/2035/1168 4009/1754/1168
f 4010/1756/1029 4012/2695/1029 4011/1757/1029
f 4011/1761/1169 4012/1759/1169 4014/2038/1169
f 4014/2039/1170 4016/1763/1170 4015/1764/1170
f 4012/1767/1166 4010/2696/1166 4008/1779/1166
f 4008/1779/1166 4018/2697/1166 4016/1765/1166
f 4016/1765/1166 4014/1766/1166 4008/1779/1166
f 4015/1770/1032 4016/1768/1032 4018/2036/1032
f 4017/1771/1171 4018/2037/1171 4008/1772/1171
f 4020/1731/1157 4022/1734/1158 4021/1732/1158
f 4021/1732/1158 4022/1734/1158 4024/1736/1159
f 4023/1735/1159 4024/1736/1159 4026/1738/1160
f 4025/1737/1160 4026/1738/1160 4028/1777/1161
f 4028/1777/1161 4030/1740/1162 4029/1741/1162
f 4029/1741/1162 4030/1740/1162 4032/1743/1163
f 4032/1743/1163 4034/1775/1164 4033/1744/1164
f 4034/1775/1164 4036/1745/1165 4035/1746/1165
f 4024/1749/1166 4022/2691/1166 4020/1778/1166
f 4020/1778/1166 4038/2692/1166 4036/1747/1166
f 4036/1747/1166 4034/2693/1166 4032/1774/1166
f 4032/1774/1166 4030/2694/1166 4028/1748/1166
f 4028/1748/1166 4026/1780/1166 4024/1749/1166
f 4024/1749/1166 4020/1778/1166 4028/1748/1166
f 4020/1778/1166 4036/1747/1166 4028/1748/1166
f 4036/1745/1165 4038/1776/1167 4037/1750/1167
f 4037/1752/1167 4038/1751/1167 4020/1731/1157
f 4040/1753/1168 4042/2035/1168 4041/1754/1168
f 4042/1756/1029 4044/2695/1029 4043/1757/1029
f 4043/1761/1169 4044/1759/1169 4046/2038/1169
f 4046/2039/1170 4048/1763/1170 4047/1764/1170
f 4044/1767/1166 4042/2696/1166 4040/1779/1166
f 4040/1779/1166 4050/2697/1166 4044/1767/1166
f 4050/2697/1166 4048/1765/1166 4044/1767/1166
f 4047/1770/1032 4048/1768/1032 4050/2036/1032
f 4049/1771/1171 4050/2037/1171 4040/1772/1171
f 4052/1731/1157 4054/1734/1158 4053/1732/1158
f 4053/1732/1158 4054/1734/1158 4056/1736/1159
f 4055/1735/1159 4056/1736/1159 4058/1738/1160
f 4057/1737/1160 4058/1738/1160 4060/1777/1161
f 4060/1777/1161 4062/1740/1162 4061/1741/1162
f 4061/1741/1162 4062/1740/1162 4064/1743/1163
f 4064/1743/1163 4066/1775/1164 4065/1744/1164
f 4066/1775/1164 4068/1745/1165 4067/1746/1165
f 4056/1749/1166 4054/2691/1166 4052/1778/1166
f 4052/1778/1166 4070/2692/1166 4068/1747/1166
f 4068/1747/1166 4066/2693/1166 4064/1774/1166
f 4064/1774/1166 4062/2694/1166 4068/1747/1166
f 4062/2694/1166 4060/1748/1166 4068/1747/1166
f 4060/1748/1166 4058/1780/1166 4068/1747/1166
f 4058/1780/1166 4056/1749/1166 4068/1747/1166
f 4068/1745/1165 4070/1776/1167 4069/1750/1167
f 4069/1752/1167 4070/1751/1167 4052/1731/1157
f 4072/1753/1168 4074/2035/1168 4073/1754/1168
f 4074/1756/1029 4076/2695/1029 4075/1757/1029
f 4075/1761/1169 4076/1759/1169 4078/2038/1169
f 4078/2039/1170 4080/1763/1170 4079/1764/1170
f 4076/1767/1166 4074/2696/1166 4072/1779/1166
f 4072/1779/1166 4082/2697/1166 4080/1765/1166
f 4080/1765/1166 4078/1766/1166 4072/1779/1166
f 4079/1770/1032 4080/1768/1032 4082/2036/1032
f 4081/1771/1171 4082/2037/1171 4072/1772/1171
f 4084/1731/1157 4086/1734/1158 4085/1732/1158
f 4085/1732/1158 4086/1734/1158 4088/1736/1159
f 4087/1735/1159 4088/1736/1159 4090/1738/1160
f 4089/1737/1160 4090/1738/1160 4092/1777/1161
f 4092/1777/1161 4094/1740/1162 4093/1741/1162
f 4093/1741/1162 4094/1740/1162 4096/1743/1163
f 4096/1743/1163 4098/1775/1164 4097/1744/1164
f 4098/1775/1164 4100/1745/1165 4099/1746/1165
f 4088/1749/1166 4086/2691/1166 4084/1778/1166
f 4084/1778/1166 4102/2692/1166 4100/1747/1166
f 4100/1747/1166 4098/2693/1166 4096/1774/1166
f 4096/1774/1166 4094/2694/1166 4100/1747/1166
f 4094/2694/1166 4092/1748/1166 4100/1747/1166
f 4092/1748/1166 4090/1780/1166 4100/1747/1166
f 4090/1780/1166 4088/1749/1166 4100/1747/1166
f 4100/1745/1165 4102/1776/1167 4101/1750/1167
f 4101/1752/1167 4102/1751/1167 4084/1731/1157
f 4104/1753/1168 4106/2035/1168 4105/1754/1168
f 4106/1756/1029 4108/2695/1029 4107/1757/1029
f 4107/1761/1169 4108/1759/1169 4110/2038/1169
f 4110/2039/1170 4112/1763/1170 4111/1764/1170
f 4108/1767/1166 4106/2696/1166 4104/1779/1166
f 4104/1779/1166 4114/2697/1166 4112/1765/1166
f 4112/1765/1166 4110/1766/1166 4104/1779/1166
f 4111/1770/1032 4112/1768/1032 4114/2036/1032
f 4113/1771/1171 4114/2037/1171 4104/1772/1171
f 4116/1731/1157 4118/1734/1158 4117/1732/1158
f 4117/1732/1158 4118/1734/1158 4120/1736/1159
f 4119/1735/1159 4120/1736/1159 4122/1738/1160
f 4121/1737/1160 4122/1738/1160 4124/1777/1161
f 4124/1777/1161 4126/1740/1162 4125/1741/1162
f 4125/1741/1162 4126/1740/1162 4128/1743/1163
f 4128/1743/1163 4130/1775/1164 4129/1744/1164
f 4130/1775/1164 4132/1745/1165 4131/1746/1165
f 4120/1749/1166 4118/2691/1166 4116/1778/1166
f 4116/1778/1166 4134/2692/1166 4132/1747/1166
f 4132/1747/1166 4130/2693/1166 4128/1774/1166
f 4128/1774/1166 4126/2694/1166 4132/1747/1166
f 4126/2694/1166 4124/1748/1166 4132/1747/1166
f 4124/1748/1166 4122/1780/1166 4132/1747/1166
f 4122/1780/1166 4120/1749/1166 4132/1747/1166
f 4132/1745/1165 4134/1776/1167 4133/1750/1167
f 4133/1752/1167 4134/1751/1167 4116/1731/1157
f 4136/1753/1168 4138/2035/1168 4137/1754/1168
f 4138/1756/1029 4140/2695/1029 4139/1757/1029
f 4139/1761/1169 4140/1759/1169 4142/2038/1169
f 4142/2039/1170 4144/1763/1170 4143/1764/1170
f 4140/1767/1166 4138/2696/1166 4136/1779/1166
f 4136/1779/1166 4146/2697/1166 4144/1765/1166
f 4144/1765/1166 4142/1766/1166 4140/1767/1166
f 4143/1770/1032 4144/1768/1032 4146/2036/1032
f 4145/1771/1171 4146/2037/1171 4136/1772/1171
f 4148/2040/1172 4150/2063/1173 4149/2041/1173
f 4149/2041/1173 4150/2063/1173 4152/2043/1174
f 4152/2043/1174 4154/2064/1175 4153/2045/1175
f 4153/2045/1175 4154/2064/1175 4156/2046/1176
f 4156/2046/1176 4158/2065/1177 4157/2048/1177
f 4157/2048/1177 4158/2065/1177 4160/2049/1178
f 4160/2049/1178 4162/2066/1179 4161/2051/1179
f 4161/2051/1179 4162/2066/1179 4164/2052/1180
f 4152/2055/1181 4150/2719/1181 4148/2062/1181
f 4148/2062/1181 4166/2720/1181 4152/2055/1181
f 4166/2720/1181 4164/2056/1181 4152/2055/1181
f 4164/2056/1181 4162/2721/1181 4160/2060/1181
f 4160/2060/1181 4158/2722/1181 4164/2056/1181
f 4158/2722/1181 4156/2061/1181 4164/2056/1181
f 4156/2061/1181 4154/2054/1181 4164/2056/1181
f 4164/2052/1180 4166/2067/1182 4165/2057/1182
f 4165/2057/1182 4166/2067/1182 4148/2058/1172
f 4168/2040/1172 4170/2063/1173 4169/2041/1173
f 4169/2041/1173 4170/2063/1173 4172/2043/1174
f 4172/2043/1174 4174/2064/1175 4173/2045/1175
f 4173/2045/1175 4174/2064/1175 4176/2046/1176
f 4176/2046/1176 4178/2065/1177 4177/2048/1177
f 4177/2048/1177 4178/2065/1177 4180/2049/1178
f 4180/2049/1178 4182/2066/1179 4181/2051/1179
f 4181/2051/1179 4182/2066/1179 4184/2052/1180
f 4172/2055/1181 4170/2719/1181 4168/2062/1181
f 4168/2062/1181 4186/2720/1181 4184/2056/1181
f 4184/2056/1181 4182/2721/1181 4180/2060/1181
f 4180/2060/1181 4178/2722/1181 4176/2061/1181
f 4176/2061/1181 4174/2054/1181 4172/2055/1181
f 4172/2055/1181 4168/2062/1181 4176/2061/1181
f 4168/2062/1181 4184/2056/1181 4176/2061/1181
f 4184/2052/1180 4186/2067/1182 4185/2057/1182
f 4185/2057/1182 4186/2067/1182 4168/2058/1172
f 4188/2040/1172 4190/2063/1173 4189/2041/1173
f 4189/2041/1173 4190/2063/1173 4192/2043/1174
f 4192/2043/1174 4194/2064/1175 4193/2045/1175
f 4193/2045/1175 4194/2064/1175 4196/2046/1176
f 4196/2046/1176 4198/2065/1177 4197/2048/1177
f 4197/2048/1177 4198/2065/1177 4200/2049/1178
f 4200/2049/1178 4202/2066/1179 4201/2051/1179
f 4201/2051/1179 4202/2066/1179 4204/2052/1180
f 4192/2055/1181 4190/2719/1181 4188/2062/1181
f 4188/2062/1181 4206/2720/1181 4192/2055/1181
f 4206/2720/1181 4204/2056/1181 4192/2055/1181
f 4204/2056/1181 4202/2721/1181 4200/2060/1181
f 4200/2060/1181 4198/2722/1181 4204/2056/1181
f 4198/2722/1181 4196/2061/1181 4204/2056/1181
f 4196/2061/1181 4194/2054/1181 4204/2056/1181
f 4204/2052/1180 4206/2067/1182 4205/2057/1182
f 4205/2057/1182 4206/2067/1182 4188/2058/1172
f 4208/2040/1172 4210/2063/1173 4209/2041/1173
f 4209/2041/1173 4210/2063/1173 4212/2043/1174
f 4212/2043/1174 4214/2064/1175 4213/2045/1175
f 4213/2045/1175 4214/2064/1175 4216/2046/1176
f 4216/2046/1176 4218/2065/1177 4217/2048/1177
f 4217/2048/1177 4218/2065/1177 4220/2049/1178
f 4220/2049/1178 4222/2066/1179 4221/2051/1179
f 4221/2051/1179 4222/2066/1179 4224/2052/1180
f 4212/2055/1181 4210/2719/1181 4208/2062/1181
f 4208/2062/1181 4226/2720/1181 4224/2056/1181
f 4224/2056/1181 4222/2721/1181 4220/2060/1181
f 4220/2060/1181 4218/2722/1181 4224/2056/1181
f 4218/2722/1181 4216/2061/1181 4224/2056/1181
f 4216/2061/1181 4214/2054/1181 4224/2056/1181
f 4214/2054/1181 4212/2055/1181 4224/2056/1181
f 4224/2052/1180 4226/2067/1182 4225/2057/1182
f 4225/2057/1182 4226/2067/1182 4208/2058/1172
f 4228/2040/1172 4230/2063/1173 4229/2041/1173
f 4229/2041/1173 4230/2063/1173 4232/2043/1174
f 4232/2043/1174 4234/2064/1175 4233/2045/1175
f 4233/2045/1175 4234/2064/1175 4236/2046/1176
f 4236/2046/1176 4238/2065/1177 4237/2048/1177
f 4237/2048/1177 4238/2065/1177 4240/2049/1178
f 4240/2049/1178 4242/2066/1179 4241/2051/1179
f 4241/2051/1179 4242/2066/1179 4244/2052/1180
f 4232/2055/1181 4230/2719/1181 4228/2062/1181
f 4228/2062/1181 4246/2720/1181 4244/2056/1181
f 4244/2056/1181 4242/2721/1181 4240/2060/1181
f 4240/2060/1181 4238/2722/1181 4244/2056/1181
f 4238/2722/1181 4236/2061/1181 4244/2056/1181
f 4236/2061/1181 4234/2054/1181 4244/2056/1181
f 4234/2054/1181 4232/2055/1181 4244/2056/1181
f 4244/2052/1180 4246/2067/1182 4245/2057/1182
f 4245/2057/1182 4246/2067/1182 4228/2058/1172
f 4248/2040/1172 4250/2063/1173 4249/2041/1173
f 4249/2041/1173 4250/2063/1173 4252/2043/1174
f 4252/2043/1174 4254/2064/1175 4253/2045/1175
f 4253/2045/1175 4254/2064/1175 4256/2046/1176
f 4256/2046/1176 4258/2065/1177 4257/2048/1177
f 4257/2048/1177 4258/2065/1177 4260/2049/1178
f 4260/2049/1178 4262/2066/1179 4261/2051/1179
f 4261/2051/1179 4262/2066/1179 4264/2052/1180
f 4252/2055/1181 4250/2719/1181 4248/2062/1181
f 4248/2062/1181 4266/2720/1181 4264/2056/1181
f 4264/2056/1181 4262/2721/1181 4260/2060/1181
f 4260/2060/1181 4258/2722/1181 4264/2056/1181
f 4258/2722/1181 4256/2061/1181 4264/2056/1181
f 4256/2061/1181 4254/2054/1181 4252/2055/1181
f 4252/2055/1181 4248/2062/1181 4256/2061/1181
f 4264/2052/1180 4266/2067/1182 4265/2057/1182
f 4265/2057/1182 4266/2067/1182 4248/2058/1172
f 4268/2040/1172 4270/2063/1173 4269/2041/1173
f 4269/2041/1173 4270/2063/1173 4272/2043/1174
f 4272/2043/1174 4274/2064/1175 4273/2045/1175
f 4273/2045/1175 4274/2064/1175 4276/2046/1176
f 4276/2046/1176 4278/2065/1177 4277/2048/1177
f 4277/2048/1177 4278/2065/1177 4280/2049/1178
f 4280/2049/1178 4282/2066/1179 4281/2051/1179
f 4281/2051/1179 4282/2066/1179 4284/2052/1180
f 4272/2055/1181 4270/2719/1181 4268/2062/1181
f 4268/2062/1181 4286/2720/1181 4284/2056/1181
f 4284/2056/1181 4282/2721/1181 4280/2060/1181
f 4280/2060/1181 4278/2722/1181 4276/2061/1181
f 4276/2061/1181 4274/2054/1181 4272/2055/1181
f 4272/2055/1181 4268/2062/1181 4276/2061/1181
f 4268/2062/1181 4284/2056/1181 4276/2061/1181
f 4284/2052/1180 4286/2067/1182 4285/2057/1182
f 4285/2057/1182 4286/2067/1182 4268/2058/1172
f 4288/2040/1172 4290/2063/1173 4289/2041/1173
f 4289/2041/1173 4290/2063/1173 4292/2043/1174
f 4292/2043/1174 4294/2064/1175 4293/2045/1175
f 4293/2045/1175 4294/2064/1175 4296/2046/1176
f 4296/2046/1176 4298/2065/1177 4297/2048/1177
f 4297/2048/1177 4298/2065/1177 4300/2049/1178
f 4300/2049/1178 4302/2066/1179 4301/2051/1179
f 4301/2051/1179 4302/2066/1179 4304/2052/1180
f 4292/2055/1181 4290/2719/1181 4288/2062/1181
f 4288/2062/1181 4306/2720/1181 4304/2056/1181
f 4304/2056/1181 4302/2721/1181 4300/2060/1181
f 4300/2060/1181 4298/2722/1181 4304/2056/1181
f 4298/2722/1181 4296/2061/1181 4304/2056/1181
f 4296/2061/1181 4294/2054/1181 4304/2056/1181
f 4294/2054/1181 4292/2055/1181 4304/2056/1181
f 4304/2052/1180 4306/2067/1182 4305/2057/1182
f 4305/2057/1182 4306/2067/1182 4288/2058/1172
f 4308/2040/1172 4310/2063/1173 4309/2041/1173
f 4309/2041/1173 4310/2063/1173 4312/2043/1174
f 4312/2043/1174 4314/2064/1175 4313/2045/1175
f 4313/2045/1175 4314/2064/1175 4316/2046/1176
f 4316/2046/1176 4318/2065/1177 4317/2048/1177
f 4317/2048/1177 4318/2065/1177 4320/2049/1178
f 4320/2049/1178 4322/2066/1179 4321/2051/1179
f 4321/2051/1179 4322/2066/1179 4324/2052/1180
f 4312/2055/1181 4310/2719/1181 4308/2062/1181
f 4308/2062/1181 4326/2720/1181 4324/2056/1181
f 4324/2056/1181 4322/2721/1181 4320/2060/1181
f 4320/2060/1181 4318/2722/1181 4316/2061/1181
f 4316/2061/1181 4314/2054/1181 4312/2055/1181
f 4312/2055/1181 4308/2062/1181 4316/2061/1181
f 4308/2062/1181 4324/2056/1181 4316/2061/1181
f 4324/2052/1180 4326/2067/1182 4325/2057/1182
f 4325/2057/1182 4326/2067/1182 4308/2058/1172
f 4328/2040/1172 4330/2063/1173 4329/2041/1173
f 4329/2041/1173 4330/2063/1173 4332/2043/1174
f 4332/2043/1174 4334/2064/1175 4333/2045/1175
f 4333/2045/1175 4334/2064/1175 4336/2046/1176
f 4336/2046/1176 4338/2065/1177 4337/2048/1177
f 4337/2048/1177 4338/2065/1177 4340/2049/1178
f 4340/2049/1178 4342/2066/1179 4341/2051/1179
f 4341/2051/1179 4342/2066/1179 4344/2052/1180
f 4332/2055/1181 4330/2719/1181 4328/2062/1181
f 4328/2062/1181 4346/2720/1181 4344/2056/1181
f 4344/2056/1181 4342/2721/1181 4340/2060/1181
f 4340/2060/1181 4338/2722/1181 4336/2061/1181
f 4336/2061/1181 4334/2054/1181 4332/2055/1181
f 4332/2055/1181 4328/2062/1181 4336/2061/1181
f 4328/2062/1181 4344/2056/1181 4336/2061/1181
f 4344/2052/1180 4346/2067/1182 4345/2057/1182
f 4345/2057/1182 4346/2067/1182 4328/2058/1172
f 4348/2040/1172 4350/2063/1173 4349/2041/1173
f 4350/2063/1173 4352/2043/1174 4351/2044/1174
f 4351/2044/1174 4352/2043/1174 4354/2064/1175
f 4354/2064/1175 4356/2046/1176 4355/2047/1176
f 4355/2047/1176 4356/2046/1176 4358/2065/1177
f 4358/2065/1177 4360/2049/1178 4359/2050/1178
f 4359/2050/1178 4360/2049/1178 4362/2066/1179
f 4362/2066/1179 4364/2052/1180 4363/2053/1180
f 4352/2055/1181 4350/2719/1700 4348/2062/1181
f 4348/2062/1181 4366/2720/1181 4352/2055/1181
f 4366/2720/1181 4364/2056/1181 4352/2055/1181
f 4364/2056/1181 4362/2721/1181 4356/2061/1181
f 4362/2721/1181 4360/2060/1181 4356/2061/1181
f 4360/2060/1181 4358/2722/1181 4356/2061/1181
f 4356/2061/1181 4354/2054/1181 4364/2056/1181
f 4363/2053/1180 4364/2052/1180 4366/2067/1182
f 4365/2057/1182 4366/2067/1182 4348/2058/1172
f 4368/2040/1172 4370/2063/1173 4369/2041/1173
f 4370/2063/1173 4372/2043/1174 4371/2044/1174
f 4371/2044/1174 4372/2043/1174 4374/2064/1175
f 4374/2064/1175 4376/2046/1176 4375/2047/1176
f 4375/2047/1176 4376/2046/1176 4378/2065/1177
f 4378/2065/1177 4380/2049/1178 4379/2050/1178
f 4379/2050/1178 4380/2049/1178 4382/2066/1179
f 4382/2066/1179 4384/2052/1180 4383/2053/1180
f 4372/2055/1181 4370/2719/1700 4368/2062/1181
f 4368/2062/1181 4386/2720/1181 4384/2056/1181
f 4384/2056/1181 4382/2721/1181 4376/2061/1181
f 4382/2721/1181 4380/2060/1181 4376/2061/1181
f 4380/2060/1181 4378/2722/1181 4376/2061/1181
f 4376/2061/1181 4374/2054/1181 4384/2056/1181
f 4374/2054/1181 4372/2055/1181 4384/2056/1181
f 4383/2053/1180 4384/2052/1180 4386/2067/1182
f 4385/2057/1182 4386/2067/1182 4368/2058/1172
f 4388/2040/1172 4390/2063/1173 4389/2041/1173
f 4390/2063/1173 4392/2043/1174 4391/2044/1174
f 4391/2044/1174 4392/2043/1174 4394/2064/1175
f 4394/2064/1175 4396/2046/1176 4395/2047/1176
f 4395/2047/1176 4396/2046/1176 4398/2065/1177
f 4398/2065/1177 4400/2049/1178 4399/2050/1178
f 4399/2050/1178 4400/2049/1178 4402/2066/1179
f 4402/2066/1179 4404/2052/1180 4403/2053/1180
f 4392/2055/1181 4390/2719/1700 4388/2062/1181
f 4388/2062/1181 4406/2720/1181 4404/2056/1181
f 4404/2056/1181 4402/2721/1181 4400/2060/1181
f 4400/2060/1181 4398/2722/1181 4396/2061/1181
f 4396/2061/1181 4394/2054/1181 4392/2055/1181
f 4392/2055/1181 4388/2062/1181 4396/2061/1181
f 4388/2062/1181 4404/2056/1181 4396/2061/1181
f 4403/2053/1180 4404/2052/1180 4406/2067/1182
f 4405/2057/1182 4406/2067/1182 4388/2058/1172
f 4408/2040/1172 4410/2063/1173 4409/2041/1173
f 4410/2063/1173 4412/2043/1174 4411/2044/1174
f 4411/2044/1174 4412/2043/1174 4414/2064/1175
f 4414/2064/1175 4416/2046/1176 4415/2047/1176
f 4415/2047/1176 4416/2046/1176 4418/2065/1177
f 4418/2065/1177 4420/2049/1178 4419/2050/1178
f 4419/2050/1178 4420/2049/1178 4422/2066/1179
f 4422/2066/1179 4424/2052/1180 4423/2053/1180
f 4412/2055/1181 4410/2719/1181 4408/2062/1181
f 4408/2062/1181 4426/2720/1181 4424/2056/1181
f 4424/2056/1181 4422/2721/1181 4420/2060/1181
f 4420/2060/1181 4418/2722/1181 4416/2061/1181
f 4416/2061/1181 4414/2054/1181 4412/2055/1181
f 4412/2055/1181 4408/2062/1181 4416/2061/1181
f 4408/2062/1181 4424/2056/1181 4416/2061/1181
f 4423/2053/1180 4424/2052/1180 4426/2067/1182
f 4425/2057/1182 4426/2067/1182 4408/2058/1172
f 4428/2040/1172 4430/2063/1173 4429/2041/1173
f 4430/2063/1173 4432/2043/1174 4431/2044/1174
f 4431/2044/1174 4432/2043/1174 4434/2064/1175
f 4434/2064/1175 4436/2046/1176 4435/2047/1176
f 4435/2047/1176 4436/2046/1176 4438/2065/1177
f 4438/2065/1177 4440/2049/1178 4439/2050/1178
f 4439/2050/1178 4440/2049/1178 4442/2066/1179
f 4442/2066/1179 4444/2052/1180 4443/2053/1180
f 4432/2055/1181 4430/2719/1181 4428/2062/1181
f 4428/2062/1181 4446/2720/1181 4432/2055/1181
f 4446/2720/1181 4444/2056/1181 4432/2055/1181
f 4444/2056/1181 4442/2721/1181 4440/2060/1181
f 4440/2060/1181 4438/2722/1181 4436/2061/1181
f 4436/2061/1181 4434/2054/1181 4432/2055/1181
f 4444/2056/1181 4440/2060/1181 4436/2061/1181
f 4443/2053/1180 4444/2052/1180 4446/2067/1182
f 4445/2057/1182 4446/2067/1182 4428/2058/1172
f 4448/2040/1172 4450/2063/1173 4449/2041/1173
f 4450/2063/1173 4452/2043/1174 4451/2044/1174
f 4451/2044/1174 4452/2043/1174 4454/2064/1175
f 4454/2064/1175 4456/2046/1176 4455/2047/1176
f 4455/2047/1176 4456/2046/1176 4458/2065/1177
f 4458/2065/1177 4460/2049/1178 4459/2050/1178
f 4459/2050/1178 4460/2049/1178 4462/2066/1179
f 4462/2066/1179 4464/2052/1180 4463/2053/1180
f 4452/2055/1181 4450/2719/1181 4448/2062/1181
f 4448/2062/1181 4466/2720/1181 4464/2056/1181
f 4464/2056/1181 4462/2721/1181 4460/2060/1181
f 4460/2060/1181 4458/2722/1181 4464/2056/1181
f 4458/2722/1181 4456/2061/1181 4464/2056/1181
f 4456/2061/1181 4454/2054/1181 4464/2056/1181
f 4454/2054/1181 4452/2055/1181 4464/2056/1181
f 4463/2053/1180 4464/2052/1180 4466/2067/1182
f 4465/2057/1182 4466/2067/1182 4448/2058/1172
f 4468/2040/1172 4470/2063/1173 4469/2041/1173
f 4470/2063/1173 4472/2043/1174 4471/2044/1174
f 4471/2044/1174 4472/2043/1174 4474/2064/1175
f 4474/2064/1175 4476/2046/1176 4475/2047/1176
f 4475/2047/1176 4476/2046/1176 4478/2065/1177
f 4478/2065/1177 4480/2049/1178 4479/2050/1178
f 4479/2050/1178 4480/2049/1178 4482/2066/1179
f 4482/2066/1179 4484/2052/1180 4483/2053/1180
f 4472/2055/1181 4470/2719/1700 4468/2062/1181
f 4468/2062/1181 4486/2720/1700 4484/2056/1181
f 4484/2056/1181 4482/2721/1181 4480/2060/1181
f 4480/2060/1181 4478/2722/1181 4476/2061/1181
f 4476/2061/1181 4474/2054/1181 4472/2055/1181
f 4472/2055/1181 4468/2062/1181 4476/2061/1181
f 4468/2062/1181 4484/2056/1181 4476/2061/1181
f 4483/2053/1180 4484/2052/1180 4486/2067/1182
f 4485/2057/1182 4486/2067/1182 4468/2058/1172
f 4488/2040/1172 4490/2063/1173 4489/2041/1173
f 4490/2063/1173 4492/2043/1174 4491/2044/1174
f 4491/2044/1174 4492/2043/1174 4494/2064/1175
f 4494/2064/1175 4496/2046/1176 4495/2047/1176
f 4495/2047/1176 4496/2046/1176 4498/2065/1177
f 4498/2065/1177 4500/2049/1178 4499/2050/1178
f 4499/2050/1178 4500/2049/1178 4502/2066/1179
f 4502/2066/1179 4504/2052/1180 4503/2053/1180
f 4492/2055/1181 4490/2719/1700 4488/2062/1181
f 4488/2062/1181 4506/2720/1700 4504/2056/1181
f 4504/2056/1181 4502/2721/1181 4496/2061/1181
f 4502/2721/1181 4500/2060/1181 4496/2061/1181
f 4500/2060/1181 4498/2722/1181 4496/2061/1181
f 4496/2061/1181 4494/2054/1181 4504/2056/1181
f 4494/2054/1181 4492/2055/1181 4504/2056/1181
f 4503/2053/1180 4504/2052/1180 4506/2067/1182
f 4505/2057/1182 4506/2067/1182 4488/2058/1172
f 4508/2040/1172 4510/2063/1173 4509/2041/1173
f 4510/2063/1173 4512/2043/1174 4511/2044/1174
f 4511/2044/1174 4512/2043/1174 4514/2064/1175
f 4514/2064/1175 4516/2046/1176 4515/2047/1176
f 4515/2047/1176 4516/2046/1176 4518/2065/1177
f 4518/2065/1177 4520/2049/1178 4519/2050/1178
f 4519/2050/1178 4520/2049/1178 4522/2066/1179
f 4522/2066/1179 4524/2052/1180 4523/2053/1180
f 4512/2055/1181 4510/2719/1700 4508/2062/1181
f 4508/2062/1181 4526/2720/1700 4524/2056/1181
f 4524/2056/1181 4522/2721/1181 4520/2060/1181
f 4520/2060/1181 4518/2722/1181 4524/2056/1181
f 4518/2722/1181 4516/2061/1181 4524/2056/1181
f 4516/2061/1181 4514/2054/1181 4524/2056/1181
f 4514/2054/1181 4512/2055/1181 4524/2056/1181
f 4523/2053/1180 4524/2052/1180 4526/2067/1182
f 4525/2057/1182 4526/2067/1182 4508/2058/1172
f 4528/2040/1172 4530/2063/1173 4529/2041/1173
f 4530/2063/1173 4532/2043/1174 4531/2044/1174
f 4531/2044/1174 4532/2043/1174 4534/2064/1175
f 4534/2064/1175 4536/2046/1176 4535/2047/1176
f 4535/2047/1176 4536/2046/1176 4538/2065/1177
f 4538/2065/1177 4540/2049/1178 4539/2050/1178
f 4539/2050/1178 4540/2049/1178 4542/2066/1179
f 4542/2066/1179 4544/2052/1180 4543/2053/1180
f 4532/2055/1181 4530/2719/1700 4528/2062/1181
f 4528/2062/1181 4546/2720/1700 4544/2056/1181
f 4544/2056/1181 4542/2721/1181 4540/2060/1181
f 4540/2060/1181 4538/2722/1181 4536/2061/1181
f 4536/2061/1181 4534/2054/1181 4532/2055/1181
f 4532/2055/1181 4528/2062/1181 4536/2061/1181
f 4528/2062/1181 4544/2056/1181 4536/2061/1181
f 4543/2053/1180 4544/2052/1180 4546/2067/1182
f 4545/2057/1182 4546/2067/1182 4528/2058/1172
f 4570/2068/1183 4559/2094/1184 4547/2069/1184
f 4549/2071/1185 4561/2090/1185 4562/2072/1186
f 4550/2073/1186 4562/2072/1186 4563/2074/1187
f 4563/2074/1187 4564/2077/1189 4552/2076/1188
f 4564/2077/1189 4565/2671/1190 4553/2078/1190
f 4553/2078/1190 4565/2671/1190 4566/2079/1191
f 4554/2080/1192 4566/2079/1191 4567/2081/1193
f 4567/2081/1193 4568/2084/1194 4556/2083/1194
f 4568/2084/1194 4569/2086/1195 4557/2085/1195
f 4569/2086/1195 4570/2068/1183 4558/2070/1183
f 4547/2087/1184 4559/2095/1184 4560/2088/1196
f 4548/2089/1197 4560/2088/1196 4561/2090/1185
f 4559/2093/1198 4570/2723/1198 4567/2096/1198
f 4570/2723/1198 4569/2724/1198 4567/2096/1198
f 4569/2724/1198 4568/2725/1198 4567/2096/1198
f 4567/2096/1198 4566/2726/1198 4565/2091/1198
f 4565/2091/1198 4564/2727/1198 4563/2092/1198
f 4563/2092/1198 4562/2728/1198 4561/2672/1198
f 4561/2672/1198 4560/2729/1198 4563/2092/1198
f 4560/2729/1198 4559/2093/1198 4563/2092/1198
f 4567/2096/1198 4565/2091/1198 4559/2093/1198
f 4582/2070/1183 4594/2068/1200 4583/2094/1184
f 4573/2071/1185 4585/2090/1185 4586/2072/1186
f 4574/2073/1186 4586/2072/1186 4587/2074/1187
f 4575/2075/1187 4587/2074/1187 4588/2077/1189
f 4588/2077/1189 4589/2671/1190 4577/2078/1190
f 4577/2078/1190 4589/2671/1190 4590/2079/1191
f 4590/2079/1191 4591/2081/1193 4579/2082/1193
f 4591/2081/1193 4592/2084/1199 4580/2083/1199
f 4592/2084/1199 4593/2086/1195 4581/2085/1195
f 4581/2085/1195 4593/2086/1195 4594/2068/1200
f 4583/2095/1184 4584/2088/1201 4572/2089/1196
f 4584/2088/1201 4585/2090/1185 4573/2071/1185
f 4583/2093/1198 4594/2723/1198 4593/2724/1198
f 4593/2724/1198 4592/2725/1198 4591/2096/1198
f 4591/2096/1198 4590/2726/1198 4589/2091/1198
f 4589/2091/1198 4588/2727/1198 4591/2096/1198
f 4588/2727/1198 4587/2092/1198 4591/2096/1198
f 4587/2092/1198 4586/2728/1198 4585/2672/1198
f 4585/2672/1198 4584/2729/1198 4583/2093/1198
f 4583/2093/1198 4593/2724/1198 4591/2096/1198
f 4587/2092/1198 4585/2672/1198 4583/2093/1198
f 4606/2070/1202 4618/2068/1183 4607/2094/1184
f 4597/2071/1185 4609/2090/1185 4610/2072/1203
f 4598/2073/1186 4610/2072/1203 4611/2074/1187
f 4599/2075/1187 4611/2074/1187 4612/2077/1189
f 4612/2077/1189 4613/2671/1190 4601/2078/1190
f 4601/2078/1190 4613/2671/1190 4614/2079/1191
f 4602/2080/1192 4614/2079/1191 4615/2081/1193
f 4615/2081/1193 4616/2084/1199 4604/2083/1194
f 4616/2084/1199 4617/2086/1195 4605/2085/1195
f 4617/2086/1195 4618/2068/1183 4606/2070/1202
f 4607/2095/1184 4608/2088/1201 4596/2089/1196
f 4608/2088/1201 4609/2090/1185 4597/2071/1185
f 4607/2093/1198 4618/2723/1198 4615/2096/1198
f 4618/2723/1198 4617/2724/1198 4615/2096/1198
f 4617/2724/1198 4616/2725/1198 4615/2096/1198
f 4615/2096/1198 4614/2726/1198 4613/2091/1198
f 4613/2091/1198 4612/2727/1701 4611/2092/1198
f 4611/2092/1198 4610/2728/1198 4607/2093/1198
f 4610/2728/1198 4609/2672/1198 4607/2093/1198
f 4609/2672/1198 4608/2729/1198 4607/2093/1198
f 4615/2096/1198 4613/2091/1198 4607/2093/1198
f 4628/2097/1204 4643/2117/1204 4636/2098/1205
f 4625/2100/1206 4623/2678/1223 4640/2101/1207
f 4645/2103/1208 4630/2677/1208 4629/2104/1209
f 4638/2106/1210 4637/2130/1211 4622/2107/1211
f 4624/2109/1212 4626/2118/1213 4641/2110/1213
f 4640/2101/1207 4623/2678/1223 4620/2112/1214
f 4624/2114/1212 4639/2730/1212 4648/2115/1215
f 4628/2097/1204 4630/2677/1208 4645/2103/1208
f 4626/2118/1213 4625/2100/1206 4642/2102/1206
f 4646/2105/1209 4629/2104/1209 4627/2119/1216
f 4634/2121/1218 4649/2125/1218 4647/2122/1219
f 4627/2119/1216 4632/2123/1219 4647/2122/1219
f 4633/2124/1220 4650/2126/1220 4649/2125/1218
f 4631/2116/1215 4648/2115/1215 4650/2126/1220
f 4619/2099/1205 4636/2098/1205 4638/2106/1210
f 4637/2731/1221 4638/2732/1702 4636/2129/1222
f 4636/2129/1222 4643/2733/1221 4644/2127/1221
f 4643/2733/1221 4645/2734/1222 4644/2127/1221
f 4645/2734/1222 4646/2735/1703 4644/2127/1221
f 4644/2127/1221 4647/2736/1222 4640/2737/1221
f 4647/2736/1222 4649/2738/1221 4648/2739/1221
f 4640/2737/1221 4647/2736/1222 4648/2739/1221
f 4649/2738/1221 4650/2740/1704 4648/2739/1221
f 4648/2739/1221 4639/2741/1228 4640/2737/1221
f 4639/2741/1228 4641/2742/1221 4640/2737/1221
f 4641/2742/1221 4642/2743/1705 4640/2737/1221
f 4640/2737/1221 4635/2128/1221 4644/2127/1221
f 4635/2128/1221 4637/2731/1221 4636/2129/1222
f 4637/2130/1211 4635/2113/1214 4620/2112/1214
f 4660/2097/1204 4675/2117/1204 4668/2098/1205
f 4657/2100/1206 4655/2678/1223 4672/2101/1223
f 4677/2103/1208 4662/2677/1208 4661/2104/1209
f 4670/2106/1210 4669/2130/1211 4654/2107/1211
f 4656/2109/1212 4658/2118/1213 4673/2110/1213
f 4672/2101/1223 4655/2678/1223 4652/2112/1224
f 4656/2114/1212 4671/2730/1212 4680/2115/1215
f 4660/2097/1204 4662/2677/1208 4677/2103/1208
f 4658/2118/1213 4657/2100/1206 4674/2102/1206
f 4678/2105/1209 4661/2104/1209 4659/2119/1216
f 4666/2121/1218 4681/2125/1218 4679/2122/1219
f 4659/2119/1216 4664/2123/1225 4679/2122/1219
f 4665/2124/1220 4682/2126/1220 4681/2125/1218
f 4663/2116/1215 4680/2115/1215 4682/2126/1220
f 4651/2099/1205 4668/2098/1205 4670/2106/1210
f 4669/2731/1221 4670/2732/1706 4668/2129/1221
f 4668/2129/1221 4675/2733/1221 4676/2127/1221
f 4675/2733/1221 4677/2734/1222 4676/2127/1221
f 4677/2734/1222 4678/2735/1703 4676/2127/1221
f 4676/2127/1221 4679/2736/1222 4672/2737/1221
f 4679/2736/1222 4681/2738/1221 4680/2739/1221
f 4672/2737/1221 4679/2736/1222 4680/2739/1221
f 4681/2738/1221 4682/2740/1707 4680/2739/1221
f 4680/2739/1221 4671/2741/1222 4672/2737/1221
f 4671/2741/1222 4673/2742/1221 4672/2737/1221
f 4673/2742/1221 4674/2743/1706 4672/2737/1221
f 4672/2737/1221 4667/2128/1221 4676/2127/1221
f 4667/2128/1221 4669/2731/1221 4668/2129/1221
f 4669/2130/1211 4667/2113/1214 4652/2112/1224
f 4692/2097/1204 4707/2117/1204 4700/2098/1205
f 4689/2100/1206 4687/2678/1223 4704/2101/1207
f 4709/2103/1208 4694/2677/1208 4693/2104/1209
f 4702/2106/1210 4701/2130/1211 4686/2107/1211
f 4688/2109/1226 4690/2118/1213 4705/2110/1213
f 4704/2101/1207 4687/2678/1223 4684/2112/1214
f 4688/2114/1226 4703/2730/1227 4712/2115/1215
f 4692/2097/1204 4694/2677/1208 4709/2103/1208
f 4690/2118/1213 4689/2100/1206 4706/2102/1206
f 4710/2105/1209 4693/2104/1209 4691/2119/1216
f 4698/2121/1218 4713/2125/1218 4711/2122/1219
f 4691/2119/1216 4696/2123/1225 4711/2122/1219
f 4697/2124/1220 4714/2126/1220 4713/2125/1218
f 4695/2116/1215 4712/2115/1215 4714/2126/1220
f 4683/2099/1205 4700/2098/1205 4702/2106/1210
f 4701/2731/1221 4702/2732/1702 4700/2129/1222
f 4700/2129/1222 4707/2733/1221 4708/2127/1221
f 4707/2733/1221 4709/2734/1228 4708/2127/1221
f 4709/2734/1228 4710/2735/1703 4708/2127/1221
f 4708/2127/1221 4711/2736/1228 4704/2737/1228
f 4711/2736/1228 4713/2738/1221 4712/2739/1221
f 4704/2737/1228 4711/2736/1228 4712/2739/1221
f 4713/2738/1221 4714/2740/1708 4712/2739/1221
f 4712/2739/1221 4703/2741/1222 4704/2737/1228
f 4703/2741/1222 4705/2742/1221 4704/2737/1228
f 4705/2742/1221 4706/2743/1706 4704/2737/1228
f 4704/2737/1228 4699/2128/1228 4708/2127/1221
f 4699/2128/1228 4701/2731/1221 4700/2129/1222
f 4701/2130/1211 4699/2113/1214 4684/2112/1214
f 4724/2097/1204 4739/2117/1204 4732/2098/1205
f 4721/2100/1206 4719/2678/1223 4736/2101/1207
f 4741/2103/1208 4726/2677/1208 4725/2104/1209
f 4734/2106/1210 4733/2130/1211 4718/2107/1211
f 4720/2109/1212 4722/2118/1213 4737/2110/1213
f 4736/2101/1207 4719/2678/1223 4716/2112/1224
f 4720/2114/1212 4735/2730/1227 4744/2115/1215
f 4724/2097/1204 4726/2677/1208 4741/2103/1208
f 4722/2118/1213 4721/2100/1206 4738/2102/1206
f 4742/2105/1209 4725/2104/1209 4723/2119/1216
f 4730/2121/1218 4745/2125/1218 4743/2122/1219
f 4723/2119/1216 4728/2123/1225 4743/2122/1219
f 4729/2124/1220 4746/2126/1220 4745/2125/1218
f 4727/2116/1215 4744/2115/1215 4746/2126/1220
f 4715/2099/1205 4732/2098/1205 4734/2106/1210
f 4733/2731/1221 4734/2732/1702 4732/2129/1222
f 4732/2129/1222 4739/2733/1221 4740/2127/1221
f 4739/2733/1221 4741/2734/1222 4740/2127/1221
f 4741/2734/1222 4742/2735/1703 4740/2127/1221
f 4740/2127/1221 4743/2736/1222 4736/2737/1221
f 4743/2736/1222 4745/2738/1221 4744/2739/1221
f 4736/2737/1221 4743/2736/1222 4744/2739/1221
f 4745/2738/1221 4746/2740/1707 4744/2739/1221
f 4744/2739/1221 4735/2741/1228 4736/2737/1221
f 4735/2741/1228 4737/2742/1221 4736/2737/1221
f 4737/2742/1221 4738/2743/1706 4736/2737/1221
f 4736/2737/1221 4731/2128/1221 4740/2127/1221
f 4731/2128/1221 4733/2731/1221 4732/2129/1222
f 4733/2130/1211 4731/2113/1214 4716/2112/1224
f 4756/2097/1204 4771/2117/1204 4764/2098/1205
f 4753/2100/1206 4751/2678/1223 4768/2101/1207
f 4773/2103/1208 4758/2677/1208 4757/2104/1209
f 4766/2106/1210 4765/2130/1211 4750/2107/1211
f 4752/2109/1226 4754/2118/1213 4769/2110/1213
f 4768/2101/1207 4751/2678/1223 4748/2112/1224
f 4752/2114/1226 4767/2730/1212 4776/2115/1215
f 4756/2097/1204 4758/2677/1208 4773/2103/1208
f 4754/2118/1213 4753/2100/1206 4770/2102/1206
f 4774/2105/1209 4757/2104/1209 4755/2119/1216
f 4762/2121/1218 4777/2125/1218 4775/2122/1219
f 4755/2119/1216 4760/2123/1225 4775/2122/1219
f 4761/2124/1220 4778/2126/1220 4777/2125/1218
f 4759/2116/1215 4776/2115/1215 4778/2126/1220
f 4747/2099/1205 4764/2098/1205 4766/2106/1210
f 4765/2731/1221 4766/2732/1702 4764/2129/1222
f 4764/2129/1222 4771/2733/1221 4772/2127/1221
f 4771/2733/1221 4773/2734/1222 4772/2127/1221
f 4773/2734/1222 4774/2735/1703 4772/2127/1221
f 4772/2127/1221 4775/2736/1222 4768/2737/1221
f 4775/2736/1222 4777/2738/1221 4776/2739/1221
f 4768/2737/1221 4775/2736/1222 4776/2739/1221
f 4777/2738/1221 4778/2740/1707 4776/2739/1221
f 4776/2739/1221 4767/2741/1228 4768/2737/1221
f 4767/2741/1228 4769/2742/1221 4768/2737/1221
f 4769/2742/1221 4770/2743/1706 4768/2737/1221
f 4768/2737/1221 4763/2128/1221 4772/2127/1221
f 4763/2128/1221 4765/2731/1221 4764/2129/1222
f 4765/2130/1211 4763/2113/1214 4748/2112/1224
f 4780/2131/1029 4823/2744/1029 4827/2132/1029
f 4782/2134/1229 4824/2140/1229 4823/2135/1229
f 4824/2745/1032 4782/2746/1032 4825/2139/1032
f 4782/2746/1032 4781/2137/1032 4825/2139/1032
f 4779/2140/1230 4827/2134/1230 4826/2141/1230
f 4779/2143/1231 4781/2747/1231 4782/2144/1231
f 4808/2146/1232 4789/2161/1242 4783/2147/1233
f 4814/2149/1235 4818/2174/1235 4809/2150/1236
f 4809/2748/1231 4818/2749/1231 4825/2750/1231
f 4818/2749/1231 4820/2751/1231 4819/2752/1231
f 4825/2750/1231 4818/2749/1231 4824/2153/1231
f 4820/2751/1231 4821/2753/1709 4822/2754/1231
f 4822/2754/1231 4819/2752/1231 4820/2751/1231
f 4819/2752/1231 4798/2154/1231 4824/2153/1231
f 4798/2154/1231 4800/2755/1709 4801/2756/1231
f 4801/2756/1231 4802/2757/1231 4799/2758/1231
f 4799/2758/1231 4788/2188/1231 4827/2759/1231
f 4799/2758/1231 4827/2759/1231 4823/2152/1231
f 4798/2154/1231 4801/2756/1231 4799/2758/1231
f 4819/2752/1231 4824/2153/1231 4818/2749/1231
f 4799/2758/1231 4823/2152/1231 4798/2154/1231
f 4788/2155/1238 4799/2173/1249 4793/2156/1239
f 4798/2158/1240 4819/2180/1241 4813/2159/1241
f 4789/2161/1242 4792/2760/1710 4785/2162/1243
f 4785/2162/1243 4792/2760/1710 4791/2163/1244
f 4786/2164/1244 4791/2163/1244 4790/2165/1245
f 4787/2166/1245 4790/2165/1245 4788/2155/1238
f 4798/2167/1240 4794/2761/1240 4797/2168/1246
f 4797/2168/1246 4796/2762/1247 4801/2170/1247
f 4801/2170/1247 4796/2762/1247 4795/2171/1248
f 4795/2171/1248 4793/2156/1239 4799/2173/1249
f 4818/2174/1235 4814/2149/1235 4817/2175/1250
f 4817/2175/1250 4816/2763/1251 4821/2177/1251
f 4821/2177/1251 4816/2763/1251 4815/2178/1252
f 4815/2178/1252 4813/2159/1241 4819/2180/1241
f 4808/2181/1232 4804/2764/1234 4807/2182/1253
f 4807/2182/1253 4806/2185/1254 4811/2184/1254
f 4806/2185/1254 4805/2187/1255 4812/2186/1255
f 4805/2187/1255 4803/2151/1237 4809/2150/1236
f 4812/2765/1231 4809/2748/1231 4808/2766/1231
f 4809/2748/1231 4825/2750/1231 4826/2767/1231
f 4826/2767/1231 4827/2759/1231 4789/2230/1231
f 4827/2759/1231 4788/2188/1231 4789/2230/1231
f 4809/2748/1231 4826/2767/1231 4808/2766/1231
f 4810/2768/1231 4811/2769/1709 4812/2765/1231
f 4789/2230/1231 4808/2766/1231 4826/2767/1231
f 4808/2766/1231 4810/2768/1231 4812/2765/1231
f 4791/2190/1231 4792/2770/1231 4788/2188/1231
f 4792/2770/1231 4789/2230/1231 4788/2188/1231
f 4836/2191/1032 4845/2771/1032 4831/2192/1032
f 4831/2194/1230 4835/2214/1230 4834/2195/1230
f 4846/2197/1029 4855/2772/1029 4833/2198/1029
f 4833/2198/1229 4829/2222/1229 4828/2200/1229
f 4841/2201/1257 4829/2773/1258 4833/2202/1258
f 4831/2204/1260 4845/2207/1261 4851/2205/1261
f 4845/2207/1261 4844/2209/1263 4852/2208/1263
f 4844/2209/1263 4843/2211/1231 4853/2210/1231
f 4843/2211/1231 4842/2213/1265 4854/2212/1264
f 4842/2213/1265 4841/2201/1257 4855/2203/1259
f 4835/2214/1029 4851/2774/1029 4850/2215/1029
f 4850/2215/1029 4851/2774/1029 4852/2216/1029
f 4849/2217/1029 4852/2216/1029 4853/2218/1029
f 4853/2218/1029 4854/2221/1029 4847/2220/1029
f 4854/2221/1029 4855/2772/1029 4846/2197/1029
f 4829/2222/1032 4841/2775/1032 4840/2223/1032
f 4840/2223/1032 4841/2775/1032 4842/2224/1032
f 4839/2225/1032 4842/2224/1032 4843/2226/1032
f 4843/2226/1032 4844/2229/1032 4837/2228/1032
f 4844/2229/1032 4845/2771/1032 4836/2191/1032
f 4857/2131/1029 4900/2744/1029 4904/2132/1029
f 4859/2134/1229 4901/2140/1229 4900/2135/1229
f 4901/2745/1032 4859/2746/1032 4902/2139/1032
f 4859/2746/1032 4858/2137/1032 4902/2139/1032
f 4856/2140/1230 4904/2134/1230 4903/2141/1230
f 4856/2143/1231 4858/2747/1231 4859/2144/1231
f 4885/2146/1232 4866/2161/1233 4860/2147/1233
f 4891/2149/1235 4895/2174/1235 4886/2150/1236
f 4886/2748/1231 4895/2749/1231 4902/2750/1231
f 4895/2749/1231 4897/2751/1256 4896/2752/1231
f 4902/2750/1231 4895/2749/1231 4901/2153/1231
f 4897/2751/1256 4898/2753/1231 4899/2754/1231
f 4899/2754/1231 4896/2752/1231 4897/2751/1256
f 4896/2752/1231 4875/2154/1231 4901/2153/1231
f 4875/2154/1231 4877/2755/1709 4878/2756/1231
f 4878/2756/1231 4879/2757/1231 4875/2154/1231
f 4879/2757/1231 4876/2758/1231 4875/2154/1231
f 4876/2758/1231 4865/2188/1231 4904/2759/1231
f 4876/2758/1231 4904/2759/1231 4900/2152/1231
f 4896/2752/1231 4901/2153/1231 4895/2749/1231
f 4876/2758/1231 4900/2152/1231 4875/2154/1231
f 4865/2155/1238 4876/2173/1239 4870/2156/1239
f 4875/2158/1240 4896/2180/1241 4890/2159/1241
f 4866/2161/1233 4869/2760/1243 4862/2162/1243
f 4862/2162/1243 4869/2760/1243 4868/2163/1244
f 4863/2164/1244 4868/2163/1244 4867/2165/1245
f 4864/2166/1245 4867/2165/1245 4865/2155/1238
f 4875/2167/1240 4871/2761/1240 4874/2168/1246
f 4874/2168/1246 4873/2762/1247 4878/2170/1247
f 4878/2170/1247 4873/2762/1247 4872/2171/1248
f 4872/2171/1248 4870/2156/1239 4876/2173/1239
f 4895/2174/1235 4891/2149/1235 4894/2175/1250
f 4894/2175/1250 4893/2763/1251 4898/2177/1251
f 4898/2177/1251 4893/2763/1251 4892/2178/1252
f 4892/2178/1252 4890/2159/1241 4896/2180/1241
f 4885/2181/1232 4881/2764/1234 4884/2182/1253
f 4884/2182/1253 4883/2185/1254 4888/2184/1254
f 4883/2185/1254 4882/2187/1255 4889/2186/1255
f 4882/2187/1255 4880/2151/1237 4886/2150/1236
f 4889/2765/1256 4886/2748/1231 4885/2766/1231
f 4886/2748/1231 4902/2750/1231 4903/2767/1231
f 4903/2767/1231 4904/2759/1231 4866/2230/1231
f 4904/2759/1231 4865/2188/1231 4866/2230/1231
f 4886/2748/1231 4903/2767/1231 4885/2766/1231
f 4887/2768/1231 4888/2769/1256 4889/2765/1256
f 4866/2230/1231 4885/2766/1231 4903/2767/1231
f 4885/2766/1231 4887/2768/1231 4889/2765/1256
f 4868/2190/1231 4869/2770/1711 4866/2230/1231
f 4865/2188/1231 4867/2189/1231 4866/2230/1231
f 4913/2191/1032 4922/2771/1032 4908/2192/1032
f 4908/2194/1230 4912/2214/1230 4911/2195/1230
f 4923/2197/1029 4932/2772/1029 4910/2198/1029
f 4910/2198/1229 4906/2222/1229 4905/2200/1229
f 4918/2201/1257 4906/2773/1258 4910/2202/1258
f 4908/2204/1260 4922/2207/1261 4928/2205/1261
f 4922/2207/1261 4921/2209/1263 4929/2208/1263
f 4921/2209/1263 4920/2211/1231 4930/2210/1231
f 4920/2211/1231 4919/2213/1265 4931/2212/1265
f 4919/2213/1265 4918/2201/1257 4932/2203/1257
f 4912/2214/1029 4928/2774/1029 4927/2215/1029
f 4927/2215/1029 4928/2774/1029 4929/2216/1029
f 4926/2217/1029 4929/2216/1029 4930/2218/1029
f 4930/2218/1029 4931/2221/1029 4924/2220/1029
f 4931/2221/1029 4932/2772/1029 4923/2197/1029
f 4906/2222/1032 4918/2775/1032 4917/2223/1032
f 4917/2223/1032 4918/2775/1032 4919/2224/1032
f 4916/2225/1032 4919/2224/1032 4920/2226/1032
f 4920/2226/1032 4921/2229/1032 4914/2228/1032
f 4921/2229/1032 4922/2771/1032 4913/2191/1032
f 4934/2131/1029 4977/2744/1029 4981/2132/1029
f 4936/2134/1229 4978/2140/1229 4977/2135/1229
f 4978/2745/1032 4936/2746/1032 4979/2139/1032
f 4936/2746/1032 4935/2137/1032 4979/2139/1032
f 4933/2140/1230 4981/2134/1230 4980/2141/1230
f 4933/2143/1231 4935/2747/1231 4936/2144/1231
f 4962/2146/1232 4943/2161/1233 4937/2147/1233
f 4968/2149/1235 4972/2174/1235 4963/2150/1237
f 4963/2748/1231 4972/2749/1231 4979/2750/1231
f 4972/2749/1231 4974/2751/1231 4973/2752/1231
f 4979/2750/1231 4972/2749/1231 4978/2153/1231
f 4974/2751/1231 4975/2753/1231 4976/2754/1231
f 4976/2754/1231 4973/2752/1231 4974/2751/1231
f 4973/2752/1231 4952/2154/1231 4978/2153/1231
f 4952/2154/1231 4954/2755/1709 4955/2756/1231
f 4955/2756/1231 4956/2757/1231 4953/2758/1231
f 4953/2758/1231 4942/2188/1231 4977/2152/1231
f 4942/2188/1231 4981/2759/1231 4977/2152/1231
f 4952/2154/1231 4955/2756/1231 4953/2758/1231
f 4973/2752/1231 4978/2153/1231 4972/2749/1231
f 4953/2758/1231 4977/2152/1231 4952/2154/1231
f 4942/2155/1238 4953/2173/1239 4947/2156/1239
f 4952/2158/1240 4973/2180/1241 4967/2159/1267
f 4943/2161/1233 4946/2760/1243 4939/2162/1243
f 4939/2162/1243 4946/2760/1243 4945/2163/1244
f 4940/2164/1244 4945/2163/1244 4944/2165/1245
f 4941/2166/1245 4944/2165/1245 4942/2155/1238
f 4952/2167/1240 4948/2761/1240 4951/2168/1246
f 4951/2168/1246 4950/2762/1247 4955/2170/1247
f 4955/2170/1247 4950/2762/1247 4949/2171/1248
f 4949/2171/1248 4947/2156/1239 4953/2173/1239
f 4972/2174/1235 4968/2149/1235 4971/2175/1250
f 4971/2175/1250 4970/2763/1251 4975/2177/1251
f 4975/2177/1251 4970/2763/1251 4969/2178/1252
f 4969/2178/1252 4967/2159/1267 4973/2180/1241
f 4962/2181/1232 4958/2764/1234 4961/2182/1253
f 4961/2182/1253 4960/2185/1254 4965/2184/1254
f 4960/2185/1254 4959/2187/1255 4966/2186/1255
f 4959/2187/1255 4957/2151/1237 4963/2150/1237
f 4966/2765/1231 4963/2748/1231 4962/2766/1231
f 4963/2748/1231 4979/2750/1231 4980/2767/1231
f 4980/2767/1231 4981/2759/1231 4943/2230/1231
f 4981/2759/1231 4942/2188/1231 4943/2230/1231
f 4963/2748/1231 4980/2767/1231 4962/2766/1231
f 4964/2768/1231 4965/2769/1256 4966/2765/1231
f 4943/2230/1231 4962/2766/1231 4980/2767/1231
f 4962/2766/1231 4964/2768/1231 4966/2765/1231
f 4945/2190/1231 4946/2770/1231 4942/2188/1231
f 4946/2770/1231 4943/2230/1231 4942/2188/1231
f 4990/2191/1032 4999/2771/1032 4985/2192/1032
f 4985/2194/1230 4989/2214/1230 4988/2195/1230
f 5000/2197/1029 5009/2772/1029 4987/2198/1029
f 4987/2198/1229 4983/2222/1229 4982/2200/1229
f 4995/2201/1257 4983/2773/1258 4987/2202/1258
f 4985/2204/1260 4999/2207/1261 5005/2205/1261
f 4999/2207/1261 4998/2209/1263 5006/2208/1263
f 4998/2209/1263 4997/2211/1231 5007/2210/1231
f 4997/2211/1231 4996/2213/1265 5008/2212/1264
f 4996/2213/1265 4995/2201/1257 5009/2203/1257
f 4989/2214/1029 5005/2774/1029 5004/2215/1029
f 5004/2215/1029 5005/2774/1029 5006/2216/1029
f 5003/2217/1029 5006/2216/1029 5007/2218/1029
f 5007/2218/1029 5008/2221/1029 5001/2220/1029
f 5008/2221/1029 5009/2772/1029 5000/2197/1029
f 4983/2222/1032 4995/2775/1032 4994/2223/1032
f 4994/2223/1032 4995/2775/1032 4996/2224/1032
f 4993/2225/1032 4996/2224/1032 4997/2226/1032
f 4997/2226/1032 4998/2229/1032 4991/2228/1032
f 4998/2229/1032 4999/2771/1032 4990/2191/1032
f 5011/2131/1029 5054/2744/1029 5058/2132/1029
f 5013/2134/1229 5055/2140/1229 5054/2135/1229
f 5055/2745/1032 5013/2746/1032 5056/2139/1032
f 5013/2746/1032 5012/2137/1032 5056/2139/1032
f 5010/2140/1230 5058/2134/1230 5057/2141/1230
f 5010/2143/1231 5012/2747/1231 5013/2144/1231
f 5039/2146/1232 5020/2161/1242 5014/2147/1233
f 5045/2149/1235 5049/2174/1235 5040/2150/1237
f 5040/2748/1231 5049/2749/1231 5056/2750/1231
f 5049/2749/1231 5051/2751/1231 5050/2752/1231
f 5056/2750/1231 5049/2749/1231 5055/2153/1231
f 5051/2751/1231 5052/2753/1231 5053/2754/1231
f 5053/2754/1231 5050/2752/1231 5051/2751/1231
f 5050/2752/1231 5029/2154/1231 5055/2153/1231
f 5029/2154/1231 5031/2755/1231 5030/2758/1231
f 5031/2755/1231 5032/2756/1709 5030/2758/1231
f 5032/2756/1709 5033/2757/1256 5030/2758/1231
f 5030/2758/1231 5019/2188/1231 5058/2759/1231
f 5030/2758/1231 5058/2759/1231 5054/2152/1231
f 5050/2752/1231 5055/2153/1231 5049/2749/1231
f 5030/2758/1231 5054/2152/1231 5029/2154/1231
f 5019/2155/1238 5030/2173/1239 5024/2156/1239
f 5029/2158/1240 5050/2180/1267 5044/2159/1241
f 5020/2161/1242 5023/2760/1243 5016/2162/1243
f 5016/2162/1243 5023/2760/1243 5022/2163/1244
f 5017/2164/1244 5022/2163/1244 5021/2165/1245
f 5018/2166/1245 5021/2165/1245 5019/2155/1238
f 5029/2167/1240 5025/2761/1240 5028/2168/1268
f 5028/2168/1268 5027/2762/1247 5032/2170/1247
f 5032/2170/1247 5027/2762/1247 5026/2171/1248
f 5026/2171/1248 5024/2156/1239 5030/2173/1239
f 5049/2174/1235 5045/2149/1235 5048/2175/1250
f 5048/2175/1250 5047/2763/1251 5052/2177/1251
f 5052/2177/1251 5047/2763/1251 5046/2178/1269
f 5046/2178/1269 5044/2159/1241 5050/2180/1267
f 5039/2181/1232 5035/2764/1234 5038/2182/1253
f 5038/2182/1253 5037/2185/1254 5042/2184/1254
f 5037/2185/1254 5036/2187/1255 5043/2186/1255
f 5036/2187/1255 5034/2151/1237 5040/2150/1237
f 5043/2765/1231 5040/2748/1231 5039/2766/1231
f 5040/2748/1231 5056/2750/1231 5057/2767/1231
f 5057/2767/1231 5058/2759/1231 5020/2230/1231
f 5058/2759/1231 5019/2188/1231 5020/2230/1231
f 5040/2748/1231 5057/2767/1231 5039/2766/1231
f 5041/2768/1231 5042/2769/1231 5043/2765/1231
f 5020/2230/1231 5039/2766/1231 5057/2767/1231
f 5039/2766/1231 5041/2768/1231 5043/2765/1231
f 5022/2190/1256 5023/2770/1231 5020/2230/1231
f 5019/2188/1231 5021/2189/1256 5020/2230/1231
f 5067/2191/1032 5076/2771/1032 5062/2192/1032
f 5062/2194/1230 5066/2214/1230 5065/2195/1230
f 5077/2197/1029 5086/2772/1029 5064/2198/1029
f 5064/2198/1229 5060/2222/1229 5059/2200/1229
f 5072/2201/1257 5060/2773/1258 5064/2202/1258
f 5062/2204/1260 5076/2207/1261 5082/2205/1261
f 5076/2207/1261 5075/2209/1270 5083/2208/1263
f 5075/2209/1270 5074/2211/1231 5084/2210/1231
f 5074/2211/1231 5073/2213/1265 5085/2212/1264
f 5073/2213/1265 5072/2201/1257 5086/2203/1257
f 5066/2214/1029 5082/2774/1029 5081/2215/1029
f 5081/2215/1029 5082/2774/1029 5083/2216/1029
f 5080/2217/1029 5083/2216/1029 5084/2218/1029
f 5084/2218/1029 5085/2221/1029 5078/2220/1029
f 5085/2221/1029 5086/2772/1029 5077/2197/1029
f 5060/2222/1032 5072/2775/1032 5071/2223/1032
f 5071/2223/1032 5072/2775/1032 5073/2224/1032
f 5070/2225/1032 5073/2224/1032 5074/2226/1032
f 5074/2226/1032 5075/2229/1032 5068/2228/1032
f 5075/2229/1032 5076/2771/1032 5067/2191/1032
f 5088/2131/1029 5131/2744/1029 5135/2132/1029
f 5090/2134/1229 5132/2140/1229 5131/2135/1229
f 5132/2745/1032 5090/2746/1032 5133/2139/1032
f 5090/2746/1032 5089/2137/1032 5133/2139/1032
f 5087/2140/1230 5135/2134/1230 5134/2141/1230
f 5087/2143/1231 5089/2747/1231 5090/2144/1231
f 5116/2146/1232 5097/2161/1242 5091/2147/1242
f 5122/2149/1235 5126/2174/1235 5117/2150/1237
f 5117/2748/1231 5126/2749/1231 5133/2750/1231
f 5126/2749/1231 5128/2751/1231 5127/2752/1231
f 5133/2750/1231 5126/2749/1231 5132/2153/1231
f 5128/2751/1231 5129/2753/1231 5130/2754/1231
f 5130/2754/1231 5127/2752/1231 5128/2751/1231
f 5127/2752/1231 5106/2154/1231 5132/2153/1231
f 5106/2154/1231 5108/2755/1709 5109/2756/1709
f 5109/2756/1709 5110/2757/1231 5106/2154/1231
f 5110/2757/1231 5107/2758/1231 5106/2154/1231
f 5107/2758/1231 5096/2188/1231 5131/2152/1231
f 5096/2188/1231 5135/2759/1231 5131/2152/1231
f 5127/2752/1231 5132/2153/1231 5126/2749/1231
f 5107/2758/1231 5131/2152/1231 5106/2154/1231
f 5096/2155/1238 5107/2173/1249 5101/2156/1239
f 5106/2158/1240 5127/2180/1241 5121/2159/1241
f 5097/2161/1242 5100/2760/1710 5093/2162/1243
f 5093/2162/1243 5100/2760/1710 5099/2163/1244
f 5094/2164/1244 5099/2163/1244 5098/2165/1245
f 5095/2166/1245 5098/2165/1245 5096/2155/1238
f 5106/2167/1240 5102/2761/1240 5105/2168/1246
f 5105/2168/1246 5104/2762/1247 5109/2170/1247
f 5109/2170/1247 5104/2762/1247 5103/2171/1248
f 5103/2171/1248 5101/2156/1239 5107/2173/1249
f 5126/2174/1235 5122/2149/1235 5125/2175/1250
f 5125/2175/1250 5124/2763/1251 5129/2177/1251
f 5129/2177/1251 5124/2763/1251 5123/2178/1269
f 5123/2178/1269 5121/2159/1241 5127/2180/1241
f 5116/2181/1232 5112/2764/1234 5115/2182/1253
f 5115/2182/1253 5114/2185/1254 5119/2184/1254
f 5114/2185/1254 5113/2187/1255 5120/2186/1255
f 5113/2187/1255 5111/2151/1237 5117/2150/1237
f 5120/2765/1231 5117/2748/1231 5116/2766/1231
f 5117/2748/1231 5133/2750/1231 5134/2767/1231
f 5134/2767/1231 5135/2759/1231 5097/2230/1231
f 5135/2759/1231 5096/2188/1231 5097/2230/1231
f 5117/2748/1231 5134/2767/1231 5116/2766/1231
f 5118/2768/1231 5119/2769/1231 5120/2765/1231
f 5097/2230/1231 5116/2766/1231 5134/2767/1231
f 5116/2766/1231 5118/2768/1231 5120/2765/1231
f 5099/2190/1256 5100/2770/1709 5097/2230/1231
f 5096/2188/1231 5098/2189/1256 5097/2230/1231
f 5144/2191/1032 5153/2771/1032 5139/2192/1032
f 5139/2194/1230 5143/2214/1230 5142/2195/1230
f 5154/2197/1029 5163/2772/1029 5141/2198/1029
f 5141/2198/1229 5137/2222/1229 5136/2200/1229
f 5149/2201/1257 5137/2773/1258 5141/2202/1258
f 5139/2204/1260 5153/2207/1261 5159/2205/1261
f 5153/2207/1261 5152/2209/1263 5160/2208/1263
f 5152/2209/1263 5151/2211/1231 5161/2210/1231
f 5151/2211/1231 5150/2213/1265 5162/2212/1264
f 5150/2213/1265 5149/2201/1257 5163/2203/1257
f 5143/2214/1029 5159/2774/1029 5158/2215/1029
f 5158/2215/1029 5159/2774/1029 5160/2216/1029
f 5157/2217/1029 5160/2216/1029 5161/2218/1029
f 5161/2218/1029 5162/2221/1029 5155/2220/1029
f 5162/2221/1029 5163/2772/1029 5154/2197/1029
f 5137/2222/1032 5149/2775/1032 5148/2223/1032
f 5148/2223/1032 5149/2775/1032 5150/2224/1032
f 5147/2225/1032 5150/2224/1032 5151/2226/1032
f 5151/2226/1032 5152/2229/1032 5145/2228/1032
f 5152/2229/1032 5153/2771/1032 5144/2191/1032
f 5170/2231/1271 5175/2241/1281 5169/2232/1272
f 5171/2234/1274 5170/2231/1271 5164/2233/1273
f 5166/2236/1276 5172/2238/1278 5171/2234/1274
f 5167/2237/1277 5173/2240/1280 5172/2238/1278
f 5168/2239/1279 5174/2246/1285 5173/2240/1280
f 5175/2241/1281 5174/2249/1285 5168/2242/1279
f 5176/2243/1282 5181/2248/1287 5175/2241/1281
f 5177/2244/1283 5176/2243/1282 5170/2231/1271
f 5172/2238/1278 5178/2245/1284 5177/2244/1283
f 5173/2240/1280 5179/2247/1286 5178/2245/1284
f 5174/2246/1285 5180/2253/1291 5179/2247/1286
f 5181/2248/1287 5180/2256/1291 5174/2249/1285
f 5182/2250/1288 5187/2255/1293 5181/2248/1287
f 5183/2251/1289 5182/2250/1288 5176/2243/1282
f 5178/2245/1284 5184/2252/1290 5183/2251/1289
f 5179/2247/1286 5185/2254/1292 5184/2252/1290
f 5180/2253/1291 5186/2260/1297 5185/2254/1292
f 5187/2255/1293 5186/2263/1297 5180/2256/1291
f 5188/2257/1294 5193/2262/1299 5187/2255/1293
f 5189/2258/1295 5188/2257/1294 5182/2250/1288
f 5184/2252/1290 5190/2259/1296 5189/2258/1295
f 5185/2254/1292 5191/2261/1298 5190/2259/1296
f 5186/2260/1297 5192/2267/1303 5191/2261/1298
f 5193/2262/1299 5192/2270/1303 5186/2263/1297
f 5194/2264/1300 5199/2269/1305 5193/2262/1299
f 5195/2265/1301 5194/2264/1300 5188/2257/1294
f 5190/2259/1296 5196/2266/1302 5195/2265/1301
f 5191/2261/1298 5197/2268/1304 5196/2266/1302
f 5192/2267/1303 5198/2274/1309 5197/2268/1304
f 5199/2269/1305 5198/2277/1309 5192/2270/1303
f 5200/2271/1306 5205/2276/1311 5199/2269/1305
f 5201/2272/1307 5200/2271/1306 5194/2264/1300
f 5196/2266/1302 5202/2273/1308 5201/2272/1307
f 5197/2268/1304 5203/2275/1310 5202/2273/1308
f 5198/2274/1309 5204/2281/1315 5203/2275/1310
f 5205/2276/1311 5204/2284/1315 5198/2277/1309
f 5206/2278/1312 5211/2283/1317 5205/2276/1311
f 5207/2279/1313 5206/2278/1312 5200/2271/1306
f 5202/2273/1308 5208/2280/1314 5207/2279/1313
f 5203/2275/1310 5209/2282/1316 5208/2280/1314
f 5204/2281/1315 5210/2776/1321 5209/2282/1316
f 5211/2283/1317 5210/2777/1321 5204/2284/1315
f 5212/2285/1318 5217/2298/1325 5211/2286/1317
f 5213/2288/1319 5212/2285/1318 5206/2287/1312
f 5214/2290/1320 5213/2288/1319 5207/2289/1313
f 5209/2292/1316 5215/2294/1322 5214/2290/1320
f 5210/2293/1321 5216/2301/1323 5215/2294/1322
f 5211/2286/1317 5217/2298/1325 5216/2295/1323
f 5218/2297/1324 5223/2305/1331 5217/2298/1325
f 5219/2299/1326 5218/2297/1324 5212/2285/1318
f 5220/2300/1327 5219/2299/1326 5213/2288/1319
f 5215/2294/1322 5221/2302/1328 5220/2300/1327
f 5216/2301/1323 5222/2310/1329 5221/2302/1328
f 5217/2298/1325 5223/2305/1331 5222/2303/1329
f 5218/2297/1324 5224/2306/1332 5229/2304/1330
f 5219/2299/1326 5225/2307/1333 5224/2306/1332
f 5220/2300/1327 5226/2313/1338 5225/2307/1333
f 5227/2308/1334 5226/2313/1338 5220/2300/1327
f 5228/2309/1335 5227/2308/1334 5221/2302/1328
f 5229/2304/1330 5228/2317/1335 5222/2303/1329
f 5224/2306/1332 5230/2312/1337 5235/2311/1336
f 5225/2307/1333 5231/2314/1339 5230/2312/1337
f 5226/2313/1338 5232/2321/1345 5231/2314/1339
f 5233/2315/1340 5232/2321/1345 5226/2313/1338
f 5234/2316/1341 5233/2315/1340 5227/2308/1334
f 5235/2311/1336 5234/2324/1341 5228/2317/1335
f 5236/2318/1342 5241/2326/1349 5235/2311/1336
f 5237/2319/1343 5236/2318/1342 5230/2312/1337
f 5238/2320/1344 5237/2319/1343 5231/2314/1339
f 5233/2315/1340 5239/2322/1346 5238/2320/1344
f 5234/2316/1341 5240/2329/1347 5239/2322/1346
f 5235/2311/1336 5241/2326/1349 5240/2323/1347
f 5242/2325/1348 5247/2333/1355 5241/2326/1349
f 5243/2327/1350 5242/2325/1348 5236/2318/1342
f 5244/2328/1351 5243/2327/1350 5237/2319/1343
f 5239/2322/1346 5245/2330/1352 5244/2328/1351
f 5240/2329/1347 5246/2336/1353 5245/2330/1352
f 5241/2326/1349 5247/2333/1355 5246/2331/1353
f 5248/2332/1354 5253/2778/1361 5247/2333/1355
f 5249/2334/1356 5248/2332/1354 5242/2325/1348
f 5250/2335/1357 5249/2334/1356 5243/2327/1350
f 5245/2330/1352 5251/2337/1358 5250/2335/1357
f 5246/2336/1353 5252/2779/1359 5251/2337/1358
f 5247/2333/1355 5253/2778/1361 5252/2338/1359
f 5254/2339/1360 5259/2352/1367 5253/2340/1361
f 5255/2342/1362 5254/2339/1360 5248/2341/1354
f 5256/2344/1363 5255/2342/1362 5249/2343/1356
f 5251/2346/1358 5257/2348/1364 5256/2344/1363
f 5252/2347/1359 5258/2355/1365 5257/2348/1364
f 5253/2340/1361 5259/2352/1367 5258/2349/1365
f 5260/2351/1366 5265/2359/1373 5259/2352/1367
f 5261/2353/1368 5260/2351/1366 5254/2339/1360
f 5262/2354/1369 5261/2353/1368 5255/2342/1362
f 5257/2348/1364 5263/2356/1370 5262/2354/1369
f 5258/2355/1365 5264/2362/1371 5263/2356/1370
f 5259/2352/1367 5265/2359/1373 5264/2357/1371
f 5266/2358/1372 5271/2366/1379 5265/2359/1373
f 5267/2360/1374 5266/2358/1372 5260/2351/1366
f 5268/2361/1375 5267/2360/1374 5261/2353/1368
f 5263/2356/1370 5269/2363/1376 5268/2361/1375
f 5264/2362/1371 5270/2369/1377 5269/2363/1376
f 5265/2359/1373 5271/2366/1379 5270/2364/1377
f 5272/2365/1378 5277/2373/1385 5271/2366/1379
f 5273/2367/1380 5272/2365/1378 5266/2358/1372
f 5274/2368/1381 5273/2367/1380 5267/2360/1374
f 5269/2363/1376 5275/2370/1382 5274/2368/1381
f 5270/2369/1377 5276/2376/1383 5275/2370/1382
f 5271/2366/1379 5277/2373/1385 5276/2371/1383
f 5278/2372/1384 5283/2380/1391 5277/2373/1385
f 5279/2374/1386 5278/2372/1384 5272/2365/1378
f 5280/2375/1387 5279/2374/1386 5273/2367/1380
f 5275/2370/1382 5281/2377/1388 5280/2375/1387
f 5276/2376/1383 5282/2383/1389 5281/2377/1388
f 5277/2373/1385 5283/2380/1391 5282/2378/1389
f 5284/2379/1390 5289/2387/1397 5283/2380/1391
f 5285/2381/1392 5284/2379/1390 5278/2372/1384
f 5286/2382/1393 5285/2381/1392 5279/2374/1386
f 5281/2377/1388 5287/2384/1394 5286/2382/1393
f 5282/2383/1389 5288/2390/1395 5287/2384/1394
f 5283/2380/1391 5289/2387/1397 5288/2385/1395
f 5290/2386/1396 5295/2394/1403 5289/2387/1397
f 5291/2388/1398 5290/2386/1396 5284/2379/1390
f 5292/2389/1399 5291/2388/1398 5285/2381/1392
f 5287/2384/1394 5293/2391/1400 5292/2389/1399
f 5288/2390/1395 5294/2399/1401 5293/2391/1400
f 5289/2387/1397 5295/2394/1403 5294/2392/1401
f 5290/2386/1396 5296/2395/1404 5301/2393/1402
f 5291/2388/1398 5297/2396/1405 5296/2395/1404
f 5292/2389/1399 5298/2402/1410 5297/2396/1405
f 5299/2397/1406 5298/2402/1410 5292/2389/1399
f 5300/2398/1407 5299/2397/1406 5293/2391/1400
f 5301/2393/1402 5300/2406/1407 5294/2392/1401
f 5296/2395/1404 5302/2401/1409 5307/2400/1408
f 5297/2396/1405 5303/2403/1411 5302/2401/1409
f 5298/2402/1410 5304/2409/1416 5303/2403/1411
f 5305/2404/1412 5304/2409/1416 5298/2402/1410
f 5306/2405/1413 5305/2404/1412 5299/2397/1406
f 5307/2400/1408 5306/2413/1413 5300/2406/1407
f 5302/2401/1409 5308/2408/1415 5313/2407/1414
f 5303/2403/1411 5309/2410/1417 5308/2408/1415
f 5304/2409/1416 5310/2780/1422 5309/2410/1417
f 5311/2411/1418 5310/2780/1422 5304/2409/1416
f 5312/2412/1419 5311/2411/1418 5305/2404/1412
f 5313/2407/1414 5312/2781/1419 5306/2413/1413
f 5308/2414/1415 5314/2418/1421 5319/2415/1420
f 5309/2417/1417 5315/2420/1423 5314/2418/1421
f 5310/2419/1422 5316/2429/1429 5315/2420/1423
f 5317/2421/1424 5316/2429/1429 5310/2419/1422
f 5318/2423/1425 5317/2421/1424 5311/2422/1418
f 5319/2415/1420 5318/2433/1425 5312/2425/1419
f 5314/2418/1421 5320/2427/1427 5325/2426/1426
f 5315/2420/1423 5321/2435/1433 5320/2427/1427
f 5322/2428/1428 5321/2435/1433 5315/2420/1423
f 5323/2430/1430 5322/2428/1428 5316/2429/1429
f 5324/2431/1431 5323/2430/1430 5317/2421/1424
f 5319/2415/1420 5325/2426/1426 5324/2432/1431
f 5320/2427/1427 5326/2436/1434 5331/2434/1432
f 5321/2435/1433 5327/2442/1439 5326/2436/1434
f 5328/2437/1435 5327/2442/1439 5321/2435/1433
f 5329/2438/1436 5328/2437/1435 5322/2428/1428
f 5330/2439/1437 5329/2438/1436 5323/2430/1430
f 5325/2426/1426 5331/2434/1432 5330/2440/1437
f 5326/2436/1434 5332/2443/1440 5337/2441/1438
f 5327/2442/1439 5333/2449/1445 5332/2443/1440
f 5334/2444/1441 5333/2449/1445 5327/2442/1439
f 5335/2445/1442 5334/2444/1441 5328/2437/1435
f 5336/2446/1443 5335/2445/1442 5329/2438/1436
f 5331/2434/1432 5337/2441/1438 5336/2447/1443
f 5332/2443/1440 5338/2450/1446 5343/2448/1444
f 5333/2449/1445 5339/2456/1451 5338/2450/1446
f 5340/2451/1447 5339/2456/1451 5333/2449/1445
f 5341/2452/1448 5340/2451/1447 5334/2444/1441
f 5342/2453/1449 5341/2452/1448 5335/2445/1442
f 5337/2441/1438 5343/2448/1444 5342/2454/1449
f 5338/2450/1446 5344/2457/1452 5349/2455/1450
f 5339/2456/1451 5345/2782/1712 5344/2457/1452
f 5346/2458/1453 5345/2782/1712 5339/2456/1451
f 5347/2459/1454 5346/2458/1453 5340/2451/1447
f 5348/2460/1455 5347/2459/1454 5341/2452/1448
f 5343/2448/1444 5349/2455/1450 5348/2461/1455
f 5356/2462/1456 5361/2472/1466 5355/2463/1457
f 5357/2465/1459 5356/2462/1456 5350/2464/1458
f 5352/2467/1461 5358/2469/1463 5357/2465/1459
f 5353/2468/1462 5359/2471/1465 5358/2469/1463
f 5354/2470/1464 5360/2477/1470 5359/2471/1465
f 5361/2472/1466 5360/2480/1470 5354/2473/1464
f 5362/2474/1467 5367/2479/1472 5361/2472/1466
f 5363/2475/1468 5362/2474/1467 5356/2462/1456
f 5358/2469/1463 5364/2476/1469 5363/2475/1468
f 5359/2471/1465 5365/2478/1471 5364/2476/1469
f 5360/2477/1470 5366/2484/1476 5365/2478/1471
f 5367/2479/1472 5366/2487/1476 5360/2480/1470
f 5368/2481/1473 5373/2486/1478 5367/2479/1472
f 5369/2482/1474 5368/2481/1473 5362/2474/1467
f 5364/2476/1469 5370/2483/1475 5369/2482/1474
f 5365/2478/1471 5371/2485/1477 5370/2483/1475
f 5366/2484/1476 5372/2783/1483 5371/2485/1477
f 5373/2486/1478 5372/2784/1483 5366/2487/1476
f 5369/2488/1474 5375/2492/1480 5374/2489/1479
f 5370/2491/1475 5376/2494/1481 5375/2492/1480
f 5371/2493/1477 5377/2503/1488 5376/2494/1481
f 5378/2495/1482 5377/2503/1488 5371/2493/1477
f 5379/2497/1484 5378/2506/1482 5372/2498/1483
f 5380/2500/1485 5385/2785/1492 5379/2497/1484
f 5381/2501/1486 5380/2500/1485 5374/2489/1479
f 5382/2502/1487 5381/2501/1486 5375/2492/1480
f 5377/2503/1488 5383/2504/1489 5382/2502/1487
f 5378/2495/1482 5384/2786/1490 5383/2504/1489
f 5379/2497/1484 5385/2785/1492 5384/2505/1490
f 5386/2507/1491 5391/2517/1496 5385/2508/1492
f 5387/2510/1493 5386/2507/1491 5380/2509/1485
f 5382/2512/1487 5388/2514/1494 5387/2510/1493
f 5383/2513/1489 5389/2516/1495 5388/2514/1494
f 5384/2515/1490 5390/2522/1500 5389/2516/1495
f 5391/2517/1496 5390/2525/1500 5384/2518/1490
f 5392/2519/1497 5397/2527/1504 5391/2517/1496
f 5393/2520/1498 5392/2519/1497 5386/2507/1491
f 5394/2521/1499 5393/2520/1498 5387/2510/1493
f 5389/2516/1495 5395/2523/1501 5394/2521/1499
f 5390/2522/1500 5396/2531/1502 5395/2523/1501
f 5391/2517/1496 5397/2527/1504 5396/2524/1502
f 5392/2519/1497 5398/2533/1509 5403/2526/1503
f 5399/2528/1505 5398/2533/1509 5392/2519/1497
f 5400/2529/1506 5399/2528/1505 5393/2520/1498
f 5401/2530/1507 5400/2529/1506 5394/2521/1499
f 5396/2531/1502 5402/2539/1508 5401/2530/1507
f 5397/2527/1504 5403/2526/1503 5402/2532/1508
f 5398/2533/1509 5404/2535/1511 5409/2534/1510
f 5399/2528/1505 5405/2542/1516 5404/2535/1511
f 5406/2536/1512 5405/2542/1516 5399/2528/1505
f 5407/2537/1513 5406/2536/1512 5400/2529/1506
f 5408/2538/1514 5407/2537/1513 5401/2530/1507
f 5403/2526/1503 5409/2534/1510 5408/2540/1514
f 5404/2535/1511 5410/2543/1517 5415/2541/1515
f 5405/2542/1516 5411/2544/1518 5410/2543/1517
f 5406/2536/1512 5412/2549/1523 5411/2544/1518
f 5413/2545/1519 5412/2549/1523 5406/2536/1512
f 5414/2546/1520 5413/2545/1519 5407/2537/1513
f 5415/2541/1515 5414/2553/1520 5408/2540/1514
f 5410/2543/1517 5416/2548/1522 5421/2547/1521
f 5411/2544/1518 5417/2550/1524 5416/2548/1522
f 5412/2549/1523 5418/2787/1529 5417/2550/1524
f 5419/2551/1525 5418/2787/1529 5412/2549/1523
f 5420/2552/1526 5419/2551/1525 5413/2545/1519
f 5421/2547/1521 5420/2788/1526 5414/2553/1520
f 5416/2554/1522 5422/2558/1528 5427/2555/1527
f 5417/2557/1524 5423/2560/1530 5422/2558/1528
f 5418/2559/1529 5424/2569/1536 5423/2560/1530
f 5425/2561/1531 5424/2569/1536 5418/2559/1529
f 5426/2563/1532 5425/2561/1531 5419/2562/1525
f 5427/2555/1527 5426/2573/1532 5420/2565/1526
f 5422/2558/1528 5428/2567/1534 5433/2566/1533
f 5423/2560/1530 5429/2575/1540 5428/2567/1534
f 5430/2568/1535 5429/2575/1540 5423/2560/1530
f 5431/2570/1537 5430/2568/1535 5424/2569/1536
f 5432/2571/1538 5431/2570/1537 5425/2561/1531
f 5427/2555/1527 5433/2566/1533 5432/2572/1538
f 5428/2567/1534 5434/2576/1541 5439/2574/1539
f 5429/2575/1540 5435/2582/1546 5434/2576/1541
f 5436/2577/1542 5435/2582/1546 5429/2575/1540
f 5437/2578/1543 5436/2577/1542 5430/2568/1535
f 5438/2579/1544 5437/2578/1543 5431/2570/1537
f 5433/2566/1533 5439/2574/1539 5438/2580/1544
f 5434/2576/1541 5440/2583/1547 5445/2581/1545
f 5435/2582/1546 5441/2589/1552 5440/2583/1547
f 5442/2584/1548 5441/2589/1552 5435/2582/1546
f 5443/2585/1549 5442/2584/1548 5436/2577/1542
f 5444/2586/1550 5443/2585/1549 5437/2578/1543
f 5439/2574/1539 5445/2581/1545 5444/2587/1550
f 5440/2583/1547 5446/2590/1553 5451/2588/1551
f 5441/2589/1552 5447/2596/1558 5446/2590/1553
f 5448/2591/1554 5447/2596/1558 5441/2589/1552
f 5449/2592/1555 5448/2591/1554 5442/2584/1548
f 5450/2593/1556 5449/2592/1555 5443/2585/1549
f 5445/2581/1545 5451/2588/1551 5450/2594/1556
f 5446/2590/1553 5452/2597/1559 5457/2595/1557
f 5447/2596/1558 5453/2789/1713 5452/2597/1559
f 5454/2598/1560 5453/2789/1713 5447/2596/1558
f 5455/2599/1561 5454/2598/1560 5448/2591/1554
f 5456/2600/1562 5455/2599/1561 5449/2592/1555
f 5451/2588/1551 5457/2595/1557 5456/2601/1562
f 5374/2489/1479 5379/2497/1484 5373/2499/1478
f 5459/2602/1563 5461/2605/1564 5460/2603/1564
f 5461/2605/1564 5463/2640/1565 5462/2606/1565
f 5462/2606/1565 5463/2640/1565 5465/2607/1566
f 5464/2608/1566 5465/2607/1566 5467/2609/1567
f 5467/2609/1567 5469/2641/1568 5468/2611/1568
f 5468/2611/1568 5469/2641/1568 5471/2612/1569
f 5471/2612/1569 5473/2615/1570 5472/2614/1570
f 5473/2615/1570 5475/2647/1571 5474/2616/1571
f 5463/2618/1572 5461/2790/1572 5475/2619/1572
f 5461/2790/1572 5459/2642/1572 5475/2619/1572
f 5459/2642/1572 5477/2791/1572 5475/2619/1572
f 5475/2619/1572 5473/2792/1572 5467/2643/1572
f 5473/2792/1572 5471/2793/1572 5467/2643/1572
f 5471/2793/1572 5469/2794/1572 5467/2643/1572
f 5467/2643/1572 5465/2617/1572 5475/2619/1572
f 5474/2616/1571 5475/2647/1571 5477/2620/1573
f 5476/2622/1573 5477/2644/1573 5459/2602/1563
f 5478/2623/1574 5479/2649/1574 5481/2624/1574
f 5480/2626/1029 5481/2645/1029 5483/2627/1029
f 5482/2629/1575 5483/2651/1575 5485/2630/1575
f 5485/2631/1576 5487/2650/1576 5486/2632/1576
f 5483/2635/1572 5481/2795/1572 5479/2636/1572
f 5479/2636/1572 5489/2666/1572 5487/2646/1572
f 5487/2646/1572 5485/2634/1572 5479/2636/1572
f 5487/2627/1032 5489/2645/1032 5488/2629/1032
f 5489/2637/1577 5479/2648/1577 5478/2638/1577
f 5491/2602/1578 5493/2605/1579 5492/2603/1579
f 5492/2603/1579 5493/2605/1579 5495/2640/1580
f 5494/2606/1580 5495/2640/1580 5497/2607/1581
f 5496/2608/1581 5497/2607/1581 5499/2609/1582
f 5499/2609/1582 5501/2641/1583 5500/2611/1583
f 5501/2641/1583 5503/2612/1584 5502/2613/1584
f 5503/2612/1584 5505/2615/1585 5504/2614/1585
f 5505/2615/1585 5507/2647/1586 5506/2616/1586
f 5495/2618/1587 5493/2790/1587 5491/2642/1587
f 5491/2642/1587 5509/2791/1587 5507/2619/1587
f 5507/2619/1587 5505/2792/1587 5499/2643/1587
f 5505/2792/1587 5503/2793/1587 5499/2643/1587
f 5503/2793/1587 5501/2794/1587 5499/2643/1587
f 5499/2643/1587 5497/2617/1587 5495/2618/1587
f 5495/2618/1587 5491/2642/1587 5499/2643/1587
f 5506/2616/1586 5507/2647/1586 5509/2620/1588
f 5509/2644/1588 5491/2602/1578 5490/2604/1578
f 5510/2623/1589 5511/2649/1589 5513/2624/1589
f 5513/2645/1037 5515/2627/1037 5514/2628/1037
f 5514/2629/1590 5515/2651/1590 5517/2630/1590
f 5517/2631/1591 5519/2650/1591 5518/2632/1591
f 5515/2635/1587 5513/2795/1587 5511/2636/1587
f 5511/2636/1587 5521/2666/1587 5515/2635/1587
f 5521/2666/1587 5519/2646/1587 5515/2635/1587
f 5519/2627/1041 5521/2645/1041 5520/2629/1041
f 5521/2637/1592 5511/2648/1592 5510/2638/1592
f 5523/2602/1593 5525/2605/1594 5524/2603/1594
f 5525/2605/1594 5527/2640/1595 5526/2606/1595
f 5527/2640/1595 5529/2607/1596 5528/2608/1596
f 5528/2608/1596 5529/2607/1596 5531/2609/1597
f 5530/2610/1597 5531/2609/1597 5533/2641/1598
f 5533/2641/1598 5535/2612/1599 5534/2613/1599
f 5535/2612/1599 5537/2615/1600 5536/2614/1600
f 5536/2614/1600 5537/2615/1600 5539/2647/1601
f 5527/2618/1602 5525/2790/1602 5523/2642/1602
f 5523/2642/1602 5541/2791/1602 5527/2618/1602
f 5541/2791/1602 5539/2619/1602 5527/2618/1602
f 5539/2619/1602 5537/2792/1602 5531/2643/1602
f 5537/2792/1602 5535/2793/1602 5531/2643/1602
f 5535/2793/1602 5533/2794/1602 5531/2643/1602
f 5531/2643/1602 5529/2617/1602 5527/2618/1602
f 5539/2647/1601 5541/2620/1603 5540/2621/1603
f 5541/2644/1603 5523/2602/1593 5522/2604/1593
f 5542/2623/1592 5543/2649/1592 5545/2624/1592
f 5544/2626/1038 5545/2645/1038 5547/2627/1038
f 5546/2629/1604 5547/2651/1604 5549/2630/1604
f 5549/2631/1590 5551/2650/1590 5550/2632/1590
f 5547/2635/1602 5545/2795/1602 5543/2636/1602
f 5543/2636/1602 5553/2666/1602 5547/2635/1602
f 5553/2666/1602 5551/2646/1602 5547/2635/1602
f 5550/2624/1045 5551/2627/1045 5553/2645/1045
f 5552/2639/1605 5553/2637/1605 5543/2648/1605
f 5554/2604/1606 5555/2602/1606 5557/2605/1607
f 5556/2603/1607 5557/2605/1607 5559/2640/1608
f 5558/2606/1608 5559/2640/1608 5561/2607/1609
f 5560/2608/1609 5561/2607/1609 5563/2609/1610
f 5562/2610/1610 5563/2609/1610 5565/2641/1611
f 5565/2641/1611 5567/2612/1612 5566/2613/1612
f 5566/2613/1612 5567/2612/1612 5569/2615/1613
f 5568/2614/1613 5569/2615/1613 5571/2647/1614
f 5559/2618/1615 5557/2790/1615 5555/2642/1615
f 5555/2642/1615 5573/2791/1615 5559/2618/1615
f 5573/2791/1615 5571/2619/1615 5559/2618/1615
f 5571/2619/1615 5569/2792/1615 5567/2793/1615
f 5567/2793/1615 5565/2794/1615 5571/2619/1615
f 5565/2794/1615 5563/2643/1615 5571/2619/1615
f 5563/2643/1615 5561/2617/1615 5571/2619/1615
f 5570/2616/1614 5571/2647/1614 5573/2620/1616
f 5572/2622/1616 5573/2644/1616 5555/2602/1606
f 5575/2649/1617 5577/2624/1617 5576/2625/1617
f 5576/2626/1032 5577/2645/1032 5579/2627/1032
f 5578/2629/1618 5579/2651/1618 5581/2630/1618
f 5580/2633/1619 5581/2631/1619 5583/2650/1619
f 5579/2635/1615 5577/2795/1615 5575/2636/1615
f 5575/2636/1615 5585/2666/1615 5579/2635/1615
f 5585/2666/1615 5583/2646/1615 5579/2635/1615
f 5583/2627/1029 5585/2645/1029 5584/2629/1029
f 5585/2637/1620 5575/2648/1620 5574/2638/1620
f 5586/2604/1621 5587/2602/1621 5589/2605/1622
f 5588/2603/1622 5589/2605/1622 5591/2640/1623
f 5590/2606/1623 5591/2640/1623 5593/2607/1624
f 5592/2608/1624 5593/2607/1624 5595/2609/1625
f 5594/2610/1625 5595/2609/1625 5597/2641/1626
f 5596/2611/1626 5597/2641/1626 5599/2612/1627
f 5599/2612/1627 5601/2615/1628 5600/2614/1628
f 5600/2614/1628 5601/2615/1628 5603/2647/1629
f 5591/2618/1630 5589/2790/1630 5587/2642/1630
f 5587/2642/1630 5605/2791/1630 5603/2619/1630
f 5603/2619/1630 5601/2792/1630 5599/2793/1630
f 5599/2793/1630 5597/2794/1630 5603/2619/1630
f 5597/2794/1630 5595/2643/1630 5603/2619/1630
f 5595/2643/1630 5593/2617/1630 5591/2618/1630
f 5591/2618/1630 5587/2642/1630 5603/2619/1630
f 5602/2616/1629 5603/2647/1629 5605/2620/1631
f 5604/2622/1631 5605/2644/1631 5587/2602/1621
f 5607/2649/1632 5609/2624/1632 5608/2625/1632
f 5609/2645/1041 5611/2627/1041 5610/2628/1041
f 5611/2651/1633 5613/2630/1633 5612/2624/1633
f 5613/2631/1634 5615/2650/1634 5614/2632/1634
f 5611/2635/1630 5609/2795/1630 5607/2636/1630
f 5607/2636/1630 5617/2666/1630 5615/2646/1630
f 5615/2646/1630 5613/2634/1630 5607/2636/1630
f 5615/2627/1037 5617/2645/1037 5616/2629/1037
f 5616/2639/1635 5617/2637/1635 5607/2648/1635
f 5618/2604/1636 5619/2602/1636 5621/2605/1637
f 5621/2605/1637 5623/2640/1638 5622/2606/1638
f 5623/2640/1638 5625/2607/1639 5624/2608/1639
f 5624/2608/1639 5625/2607/1639 5627/2609/1640
f 5627/2609/1640 5629/2641/1641 5628/2611/1641
f 5628/2611/1641 5629/2641/1641 5631/2612/1642
f 5631/2612/1642 5633/2615/1643 5632/2614/1643
f 5633/2615/1643 5635/2647/1644 5634/2616/1644
f 5623/2618/1645 5621/2790/1645 5619/2642/1645
f 5619/2642/1645 5637/2791/1645 5635/2619/1645
f 5635/2619/1645 5633/2792/1645 5627/2643/1645
f 5633/2792/1645 5631/2793/1645 5627/2643/1645
f 5631/2793/1645 5629/2794/1645 5627/2643/1645
f 5627/2643/1645 5625/2617/1645 5623/2618/1645
f 5623/2618/1645 5619/2642/1645 5627/2643/1645
f 5635/2647/1644 5637/2620/1646 5636/2621/1646
f 5636/2622/1646 5637/2644/1646 5619/2602/1636
f 5639/2649/1635 5641/2624/1635 5640/2625/1635
f 5640/2626/1045 5641/2645/1045 5643/2627/1045
f 5642/2629/1647 5643/2651/1647 5645/2630/1647
f 5644/2633/1633 5645/2631/1633 5647/2650/1633
f 5643/2635/1645 5641/2795/1645 5639/2636/1645
f 5639/2636/1645 5649/2666/1645 5647/2646/1645
f 5647/2646/1645 5645/2634/1645 5639/2636/1645
f 5646/2624/1038 5647/2627/1038 5649/2645/1038
f 5648/2639/1648 5649/2637/1648 5639/2648/1648
f 5651/2652/1563 5653/2605/1564 5652/2603/1564
f 5652/2603/1564 5653/2605/1564 5655/2653/1565
f 5654/2606/1565 5655/2653/1565 5657/2654/1566
f 5657/2654/1566 5659/2656/1567 5658/2610/1567
f 5659/2656/1567 5661/2796/1568 5660/2611/1568
f 5660/2611/1568 5661/2796/1568 5663/2657/1569
f 5662/2658/1569 5663/2657/1569 5665/2659/1570
f 5665/2659/1570 5667/2663/1571 5666/2660/1571
f 5655/2662/1572 5653/2797/1572 5667/2661/1572
f 5653/2797/1572 5651/2642/1572 5667/2661/1572
f 5651/2642/1572 5669/2791/1572 5667/2661/1572
f 5667/2661/1572 5665/2798/1572 5659/2643/1572
f 5665/2798/1572 5663/2793/1572 5659/2643/1572
f 5663/2793/1572 5661/2794/1572 5659/2643/1572
f 5659/2643/1572 5657/2617/1572 5655/2662/1572
f 5667/2663/1571 5669/2669/1573 5668/2664/1573
f 5668/2622/1573 5669/2799/1573 5651/2652/1563
f 5671/2629/1574 5673/2624/1574 5672/2627/1574
f 5673/2624/1029 5675/2639/1029 5674/2650/1029
f 5675/2651/1575 5677/2625/1575 5676/2624/1575
f 5676/2624/1576 5677/2625/1576 5679/2665/1576
f 5675/2667/1572 5673/2800/1572 5671/2668/1572
f 5671/2668/1572 5681/2795/1572 5679/2636/1572
f 5679/2636/1572 5677/2666/1572 5671/2668/1572
f 5678/2650/1032 5679/2670/1032 5681/2628/1032
f 5680/2627/1577 5681/2628/1577 5671/2626/1577
f 5683/2652/1563 5685/2605/1564 5684/2603/1564
f 5685/2605/1564 5687/2653/1565 5686/2606/1565
f 5687/2653/1565 5689/2654/1566 5688/2655/1566
f 5689/2654/1566 5691/2656/1567 5690/2610/1567
f 5691/2656/1567 5693/2796/1568 5692/2611/1568
f 5692/2611/1568 5693/2796/1568 5695/2657/1569
f 5694/2658/1569 5695/2657/1569 5697/2659/1570
f 5696/2614/1570 5697/2659/1570 5699/2663/1571
f 5687/2662/1572 5685/2797/1572 5699/2661/1572
f 5685/2797/1572 5683/2642/1572 5699/2661/1572
f 5683/2642/1572 5701/2791/1572 5699/2661/1572
f 5699/2661/1572 5697/2798/1572 5691/2643/1572
f 5697/2798/1572 5695/2793/1572 5691/2643/1572
f 5695/2793/1572 5693/2794/1572 5691/2643/1572
f 5691/2643/1572 5689/2617/1572 5687/2662/1572
f 5698/2660/1571 5699/2663/1571 5701/2669/1573
f 5700/2622/1573 5701/2799/1573 5683/2652/1563
f 5703/2629/1574 5705/2624/1574 5704/2627/1574
f 5704/2627/1029 5705/2624/1029 5707/2639/1029
f 5706/2629/1575 5707/2651/1575 5709/2625/1575
f 5709/2625/1576 5711/2665/1576 5710/2639/1576
f 5707/2667/1572 5705/2800/1572 5711/2636/1572
f 5705/2800/1572 5703/2668/1572 5711/2636/1572
f 5703/2668/1572 5713/2795/1572 5711/2636/1572
f 5711/2670/1032 5713/2628/1032 5712/2627/1032
f 5712/2627/1577 5713/2628/1577 5703/2626/1577
f 5715/2652/1563 5717/2605/1564 5716/2603/1564
f 5717/2605/1564 5719/2653/1565 5718/2606/1565
f 5719/2653/1565 5721/2654/1566 5720/2655/1566
f 5721/2654/1566 5723/2656/1567 5722/2610/1567
f 5723/2656/1567 5725/2796/1568 5724/2611/1568
f 5724/2611/1568 5725/2796/1568 5727/2657/1569
f 5726/2658/1569 5727/2657/1569 5729/2659/1570
f 5728/2614/1570 5729/2659/1570 5731/2663/1571
f 5719/2662/1572 5717/2797/1572 5715/2642/1572
f 5715/2642/1572 5733/2791/1572 5731/2661/1572
f 5731/2661/1572 5729/2798/1572 5723/2643/1572
f 5729/2798/1572 5727/2793/1572 5723/2643/1572
f 5727/2793/1572 5725/2794/1572 5723/2643/1572
f 5723/2643/1572 5721/2617/1572 5719/2662/1572
f 5719/2662/1572 5715/2642/1572 5723/2643/1572
f 5730/2660/1571 5731/2663/1571 5733/2669/1573
f 5732/2622/1573 5733/2799/1573 5715/2652/1563
f 5734/2645/1574 5735/2629/1574 5737/2624/1574
f 5737/2624/1029 5739/2639/1029 5738/2650/1029
f 5739/2651/1575 5741/2625/1575 5740/2624/1575
f 5740/2624/1576 5741/2625/1576 5743/2665/1576
f 5739/2667/1572 5737/2800/1572 5735/2668/1572
f 5735/2668/1572 5745/2795/1572 5743/2636/1572
f 5743/2636/1572 5741/2666/1572 5735/2668/1572
f 5742/2650/1032 5743/2670/1032 5745/2628/1032
f 5745/2628/1577 5735/2626/1577 5734/2645/1577
f 5746/1733/1157 5747/1731/1157 5749/1734/1158
f 5748/1732/1158 5749/1734/1158 5751/1736/1159
f 5751/1736/1159 5753/1738/1160 5752/1737/1160
f 5753/1738/1160 5755/1777/1161 5754/1739/1161
f 5755/1777/1161 5757/1740/1162 5756/1741/1162
f 5756/1741/1162 5757/1740/1162 5759/1743/1163
f 5758/1742/1163 5759/1743/1163 5761/1775/1164
f 5760/1744/1164 5761/1775/1164 5763/1745/1165
f 5751/1749/1166 5749/2691/1699 5747/1778/1166
f 5747/1778/1166 5765/2692/1166 5751/1749/1166
f 5765/2692/1166 5763/1747/1166 5751/1749/1166
f 5763/1747/1166 5761/2693/1166 5759/1774/1166
f 5759/1774/1166 5757/2694/1166 5763/1747/1166
f 5757/2694/1166 5755/1748/1166 5763/1747/1166
f 5755/1748/1166 5753/1780/1166 5763/1747/1166
f 5763/1745/1165 5765/1776/1167 5764/1750/1167
f 5765/1751/1167 5747/1731/1157 5746/1733/1157
f 5766/1755/1168 5767/1753/1168 5769/2035/1168
f 5769/1756/1029 5771/2695/1029 5770/1757/1029
f 5771/1759/1169 5773/2038/1169 5772/1760/1169
f 5772/1762/1170 5773/2039/1170 5775/1763/1170
f 5771/1767/1166 5769/2696/1166 5775/1765/1166
f 5769/2696/1166 5767/1779/1166 5775/1765/1166
f 5767/1779/1166 5777/2697/1166 5775/1765/1166
f 5774/1770/1032 5775/1768/1032 5777/2036/1032
f 5777/2037/1171 5767/1772/1171 5766/1773/1171
f 5778/1733/1157 5779/1731/1157 5781/1734/1158
f 5780/1732/1158 5781/1734/1158 5783/1736/1159
f 5783/1736/1159 5785/1738/1160 5784/1737/1160
f 5785/1738/1160 5787/1777/1161 5786/1739/1161
f 5787/1777/1161 5789/1740/1162 5788/1741/1162
f 5788/1741/1162 5789/1740/1162 5791/1743/1163
f 5790/1742/1163 5791/1743/1163 5793/1775/1164
f 5792/1744/1164 5793/1775/1164 5795/1745/1165
f 5783/1749/1166 5781/2691/1166 5779/1778/1166
f 5779/1778/1166 5797/2692/1699 5795/1747/1166
f 5795/1747/1166 5793/2693/1166 5791/1774/1166
f 5791/1774/1166 5789/2694/1166 5795/1747/1166
f 5789/2694/1166 5787/1748/1166 5795/1747/1166
f 5787/1748/1166 5785/1780/1166 5795/1747/1166
f 5785/1780/1166 5783/1749/1166 5795/1747/1166
f 5795/1745/1165 5797/1776/1167 5796/1750/1167
f 5797/1751/1167 5779/1731/1157 5778/1733/1157
f 5798/1755/1168 5799/1753/1168 5801/2035/1168
f 5801/1756/1029 5803/2695/1029 5802/1757/1029
f 5803/1759/1169 5805/2038/1169 5804/1760/1169
f 5804/1762/1170 5805/2039/1170 5807/1763/1170
f 5803/1767/1166 5801/2696/1166 5799/1779/1166
f 5799/1779/1166 5809/2697/1166 5807/1765/1166
f 5807/1765/1166 5805/1766/1166 5803/1767/1166
f 5806/1770/1032 5807/1768/1032 5809/2036/1032
f 5809/2037/1171 5799/1772/1171 5798/1773/1171
f 5810/1733/1157 5811/1731/1157 5813/1734/1158
f 5812/1732/1158 5813/1734/1158 5815/1736/1159
f 5815/1736/1159 5817/1738/1160 5816/1737/1160
f 5817/1738/1160 5819/1777/1161 5818/1739/1161
f 5819/1777/1161 5821/1740/1162 5820/1741/1162
f 5820/1741/1162 5821/1740/1162 5823/1743/1163
f 5822/1742/1163 5823/1743/1163 5825/1775/1164
f 5824/1744/1164 5825/1775/1164 5827/1745/1165
f 5815/1749/1166 5813/2691/1166 5811/1778/1166
f 5811/1778/1166 5829/2692/1166 5815/1749/1166
f 5829/2692/1166 5827/1747/1166 5815/1749/1166
f 5827/1747/1166 5825/2693/1166 5823/1774/1166
f 5823/1774/1166 5821/2694/1166 5827/1747/1166
f 5821/2694/1166 5819/1748/1166 5827/1747/1166
f 5819/1748/1166 5817/1780/1166 5827/1747/1166
f 5827/1745/1165 5829/1776/1167 5828/1750/1167
f 5829/1751/1167 5811/1731/1157 5810/1733/1157
f 5830/1755/1168 5831/1753/1168 5833/2035/1168
f 5833/1756/1029 5835/2695/1029 5834/1757/1029
f 5835/1759/1169 5837/2038/1169 5836/1760/1169
f 5836/1762/1170 5837/2039/1170 5839/1763/1170
f 5835/1767/1166 5833/2696/1166 5831/1779/1166
f 5831/1779/1166 5841/2697/1166 5839/1765/1166
f 5839/1765/1166 5837/1766/1166 5835/1767/1166
f 5838/1770/1032 5839/1768/1032 5841/2036/1032
f 5841/2037/1171 5831/1772/1171 5830/1773/1171
f 5842/1733/1157 5843/1731/1157 5845/1734/1158
f 5844/1732/1158 5845/1734/1158 5847/1736/1159
f 5847/1736/1159 5849/1738/1160 5848/1737/1160
f 5849/1738/1160 5851/1777/1161 5850/1739/1161
f 5851/1777/1161 5853/1740/1162 5852/1741/1162
f 5852/1741/1162 5853/1740/1162 5855/1743/1163
f 5854/1742/1163 5855/1743/1163 5857/1775/1164
f 5856/1744/1164 5857/1775/1164 5859/1745/1165
f 5847/1749/1166 5845/2691/1166 5843/1778/1166
f 5843/1778/1166 5861/2692/1166 5847/1749/1166
f 5861/2692/1166 5859/1747/1166 5847/1749/1166
f 5859/1747/1166 5857/2693/1166 5851/1748/1166
f 5857/2693/1166 5855/1774/1166 5851/1748/1166
f 5855/1774/1166 5853/2694/1166 5851/1748/1166
f 5851/1748/1166 5849/1780/1166 5859/1747/1166
f 5859/1745/1165 5861/1776/1167 5860/1750/1167
f 5861/1751/1167 5843/1731/1157 5842/1733/1157
f 5862/1755/1168 5863/1753/1168 5865/2035/1168
f 5865/1756/1029 5867/2695/1029 5866/1757/1029
f 5867/1759/1169 5869/2038/1169 5868/1760/1169
f 5868/1762/1170 5869/2039/1170 5871/1763/1170
f 5867/1767/1166 5865/2696/1166 5871/1765/1166
f 5865/2696/1166 5863/1779/1166 5871/1765/1166
f 5863/1779/1166 5873/2697/1166 5871/1765/1166
f 5870/1770/1032 5871/1768/1032 5873/2036/1032
f 5873/2037/1171 5863/1772/1171 5862/1773/1171
f 5874/1733/1157 5875/1731/1157 5877/1734/1158
f 5876/1732/1158 5877/1734/1158 5879/1736/1159
f 5879/1736/1159 5881/1738/1160 5880/1737/1160
f 5881/1738/1160 5883/1777/1161 5882/1739/1161
f 5883/1777/1161 5885/1740/1162 5884/1741/1162
f 5884/1741/1162 5885/1740/1162 5887/1743/1163
f 5886/1742/1163 5887/1743/1163 5889/1775/1164
f 5888/1744/1164 5889/1775/1164 5891/1745/1165
f 5879/1749/1166 5877/2691/1699 5875/1778/1166
f 5875/1778/1166 5893/2692/1166 5879/1749/1166
f 5893/2692/1166 5891/1747/1166 5879/1749/1166
f 5891/1747/1166 5889/2693/1166 5887/1774/1166
f 5887/1774/1166 5885/2694/1699 5883/1748/1166
f 5883/1748/1166 5881/1780/1166 5879/1749/1166
f 5891/1747/1166 5887/1774/1166 5883/1748/1166
f 5891/1745/1165 5893/1776/1167 5892/1750/1167
f 5893/1751/1167 5875/1731/1157 5874/1733/1157
f 5894/1755/1168 5895/1753/1168 5897/2035/1168
f 5897/1756/1029 5899/2695/1029 5898/1757/1029
f 5899/1759/1169 5901/2038/1169 5900/1760/1169
f 5900/1762/1170 5901/2039/1170 5903/1763/1170
f 5899/1767/1166 5897/2696/1166 5903/1765/1166
f 5897/2696/1166 5895/1779/1166 5903/1765/1166
f 5895/1779/1166 5905/2697/1166 5903/1765/1166
f 5902/1770/1032 5903/1768/1032 5905/2036/1032
f 5905/2037/1171 5895/1772/1171 5894/1773/1171
f 5907/1731/1157 5909/1734/1158 5908/1732/1158
f 5908/1732/1158 5909/1734/1158 5911/1736/1159
f 5910/1735/1159 5911/1736/1159 5913/1738/1160
f 5912/1737/1160 5913/1738/1160 5915/1777/1161
f 5915/1777/1161 5917/1740/1162 5916/1741/1162
f 5916/1741/1162 5917/1740/1162 5919/1743/1163
f 5919/1743/1163 5921/1775/1164 5920/1744/1164
f 5921/1775/1164 5923/1745/1165 5922/1746/1165
f 5911/1749/1166 5909/2691/1166 5907/1778/1166
f 5907/1778/1166 5925/2692/1166 5923/1747/1166
f 5923/1747/1166 5921/2693/1166 5919/1774/1166
f 5919/1774/1166 5917/2694/1166 5923/1747/1166
f 5917/2694/1166 5915/1748/1166 5923/1747/1166
f 5915/1748/1166 5913/1780/1166 5911/1749/1166
f 5911/1749/1166 5907/1778/1166 5915/1748/1166
f 5923/1745/1165 5925/1776/1167 5924/1750/1167
f 5924/1752/1167 5925/1751/1167 5907/1731/1157
f 5927/1753/1168 5929/2035/1168 5928/1754/1168
f 5929/1756/1029 5931/2695/1029 5930/1757/1029
f 5930/1761/1169 5931/1759/1169 5933/2038/1169
f 5933/2039/1170 5935/1763/1170 5934/1764/1170
f 5931/1767/1166 5929/2696/1166 5927/1779/1166
f 5927/1779/1166 5937/2697/1166 5935/1765/1166
f 5935/1765/1166 5933/1766/1166 5927/1779/1166
f 5934/1770/1032 5935/1768/1032 5937/2036/1032
f 5936/1771/1171 5937/2037/1171 5927/1772/1171
f 5939/1731/1157 5941/1734/1158 5940/1732/1158
f 5940/1732/1158 5941/1734/1158 5943/1736/1159
f 5942/1735/1159 5943/1736/1159 5945/1738/1160
f 5944/1737/1160 5945/1738/1160 5947/1777/1161
f 5947/1777/1161 5949/1740/1162 5948/1741/1162
f 5948/1741/1162 5949/1740/1162 5951/1743/1163
f 5951/1743/1163 5953/1775/1164 5952/1744/1164
f 5953/1775/1164 5955/1745/1165 5954/1746/1165
f 5943/1749/1166 5941/2691/1166 5939/1778/1166
f 5939/1778/1166 5957/2692/1166 5955/1747/1166
f 5955/1747/1166 5953/2693/1166 5947/1748/1166
f 5953/2693/1166 5951/1774/1166 5947/1748/1166
f 5951/1774/1166 5949/2694/1699 5947/1748/1166
f 5947/1748/1166 5945/1780/1166 5955/1747/1166
f 5945/1780/1166 5943/1749/1166 5955/1747/1166
f 5955/1745/1165 5957/1776/1167 5956/1750/1167
f 5956/1752/1167 5957/1751/1167 5939/1731/1157
f 5959/1753/1168 5961/2035/1168 5960/1754/1168
f 5961/1756/1029 5963/2695/1029 5962/1757/1029
f 5962/1761/1169 5963/1759/1169 5965/2038/1169
f 5965/2039/1170 5967/1763/1170 5966/1764/1170
f 5963/1767/1166 5961/2696/1166 5959/1779/1166
f 5959/1779/1166 5969/2697/1166 5967/1765/1166
f 5967/1765/1166 5965/1766/1166 5959/1779/1166
f 5966/1770/1032 5967/1768/1032 5969/2036/1032
f 5968/1771/1171 5969/2037/1171 5959/1772/1171
f 5971/1731/1157 5973/1734/1158 5972/1732/1158
f 5972/1732/1158 5973/1734/1158 5975/1736/1159
f 5974/1735/1159 5975/1736/1159 5977/1738/1160
f 5976/1737/1160 5977/1738/1160 5979/1777/1161
f 5979/1777/1161 5981/1740/1162 5980/1741/1162
f 5980/1741/1162 5981/1740/1162 5983/1743/1163
f 5983/1743/1163 5985/1775/1164 5984/1744/1164
f 5985/1775/1164 5987/1745/1165 5986/1746/1165
f 5975/1749/1166 5973/2691/1166 5971/1778/1166
f 5971/1778/1166 5989/2692/1166 5987/1747/1166
f 5987/1747/1166 5985/2693/1166 5979/1748/1166
f 5985/2693/1166 5983/1774/1166 5979/1748/1166
f 5983/1774/1166 5981/2694/1166 5979/1748/1166
f 5979/1748/1166 5977/1780/1166 5987/1747/1166
f 5977/1780/1166 5975/1749/1166 5987/1747/1166
f 5987/1745/1165 5989/1776/1167 5988/1750/1167
f 5988/1752/1167 5989/1751/1167 5971/1731/1157
f 5991/1753/1168 5993/2035/1168 5992/1754/1168
f 5993/1756/1029 5995/2695/1029 5994/1757/1029
f 5994/1761/1169 5995/1759/1169 5997/2038/1169
f 5997/2039/1170 5999/1763/1170 5998/1764/1170
f 5995/1767/1166 5993/2696/1166 5999/1765/1166
f 5993/2696/1166 5991/1779/1166 5999/1765/1166
f 5991/1779/1166 6001/2697/1166 5999/1765/1166
f 5998/1770/1032 5999/1768/1032 6001/2036/1032
f 6000/1771/1171 6001/2037/1171 5991/1772/1171
f 6003/1731/1157 6005/1734/1158 6004/1732/1158
f 6004/1732/1158 6005/1734/1158 6007/1736/1159
f 6006/1735/1159 6007/1736/1159 6009/1738/1160
f 6008/1737/1160 6009/1738/1160 6011/1777/1161
f 6011/1777/1161 6013/1740/1162 6012/1741/1162
f 6012/1741/1162 6013/1740/1162 6015/1743/1163
f 6015/1743/1163 6017/1775/1164 6016/1744/1164
f 6017/1775/1164 6019/1745/1165 6018/1746/1165
f 6007/1749/1166 6005/2691/1166 6003/1778/1166
f 6003/1778/1166 6021/2692/1166 6007/1749/1166
f 6021/2692/1166 6019/1747/1166 6007/1749/1166
f 6019/1747/1166 6017/2693/1166 6015/1774/1166
f 6015/1774/1166 6013/2694/1166 6011/1748/1166
f 6011/1748/1166 6009/1780/1166 6007/1749/1166
f 6019/1747/1166 6015/1774/1166 6011/1748/1166
f 6019/1745/1165 6021/1776/1167 6020/1750/1167
f 6020/1752/1167 6021/1751/1167 6003/1731/1157
f 6023/1753/1168 6025/2035/1168 6024/1754/1168
f 6025/1756/1029 6027/2695/1029 6026/1757/1029
f 6026/1761/1169 6027/1759/1169 6029/2038/1169
f 6029/2039/1170 6031/1763/1170 6030/1764/1170
f 6027/1767/1166 6025/2696/1166 6023/1779/1166
f 6023/1779/1166 6033/2697/1166 6027/1767/1166
f 6033/2697/1166 6031/1765/1166 6027/1767/1166
f 6030/1770/1032 6031/1768/1032 6033/2036/1032
f 6032/1771/1171 6033/2037/1171 6023/1772/1171
f 6035/1731/1157 6037/1734/1158 6036/1732/1158
f 6036/1732/1158 6037/1734/1158 6039/1736/1159
f 6038/1735/1159 6039/1736/1159 6041/1738/1160
f 6040/1737/1160 6041/1738/1160 6043/1777/1161
f 6043/1777/1161 6045/1740/1162 6044/1741/1162
f 6044/1741/1162 6045/1740/1162 6047/1743/1163
f 6047/1743/1163 6049/1775/1164 6048/1744/1164
f 6049/1775/1164 6051/1745/1165 6050/1746/1165
f 6039/1749/1166 6037/2691/1166 6035/1778/1166
f 6035/1778/1166 6053/2692/1166 6039/1749/1166
f 6053/2692/1166 6051/1747/1166 6039/1749/1166
f 6051/1747/1166 6049/2693/1166 6047/1774/1166
f 6047/1774/1166 6045/2694/1166 6043/1748/1166
f 6043/1748/1166 6041/1780/1166 6039/1749/1166
f 6051/1747/1166 6047/1774/1166 6043/1748/1166
f 6051/1745/1165 6053/1776/1167 6052/1750/1167
f 6052/1752/1167 6053/1751/1167 6035/1731/1157
f 6055/1753/1168 6057/2035/1168 6056/1754/1168
f 6057/1756/1029 6059/2695/1029 6058/1757/1029
f 6058/1761/1169 6059/1759/1169 6061/2038/1169
f 6061/2039/1170 6063/1763/1170 6062/1764/1170
f 6059/1767/1166 6057/2696/1166 6063/1765/1166
f 6057/2696/1166 6055/1779/1166 6063/1765/1166
f 6055/1779/1166 6065/2697/1166 6063/1765/1166
f 6062/1770/1032 6063/1768/1032 6065/2036/1032
f 6064/1771/1171 6065/2037/1171 6055/1772/1171
f 6067/2040/1172 6069/2063/1173 6068/2041/1173
f 6068/2041/1173 6069/2063/1173 6071/2043/1174
f 6071/2043/1174 6073/2064/1175 6072/2045/1175
f 6072/2045/1175 6073/2064/1175 6075/2046/1176
f 6075/2046/1176 6077/2065/1177 6076/2048/1177
f 6076/2048/1177 6077/2065/1177 6079/2049/1178
f 6079/2049/1178 6081/2066/1179 6080/2051/1179
f 6080/2051/1179 6081/2066/1179 6083/2052/1180
f 6071/2055/1181 6069/2719/1181 6083/2056/1181
f 6069/2719/1181 6067/2062/1181 6083/2056/1181
f 6067/2062/1181 6085/2720/1181 6083/2056/1181
f 6083/2056/1181 6081/2721/1181 6079/2060/1181
f 6079/2060/1181 6077/2722/1181 6075/2061/1181
f 6075/2061/1181 6073/2054/1181 6071/2055/1181
f 6083/2056/1181 6079/2060/1181 6071/2055/1181
f 6083/2052/1180 6085/2067/1182 6084/2057/1182
f 6084/2057/1182 6085/2067/1182 6067/2058/1172
f 6087/2040/1172 6089/2063/1173 6088/2041/1173
f 6088/2041/1173 6089/2063/1173 6091/2043/1174
f 6091/2043/1174 6093/2064/1175 6092/2045/1175
f 6092/2045/1175 6093/2064/1175 6095/2046/1176
f 6095/2046/1176 6097/2065/1177 6096/2048/1177
f 6096/2048/1177 6097/2065/1177 6099/2049/1178
f 6099/2049/1178 6101/2066/1179 6100/2051/1179
f 6100/2051/1179 6101/2066/1179 6103/2052/1180
f 6091/2055/1181 6089/2719/1181 6103/2056/1181
f 6089/2719/1181 6087/2062/1181 6103/2056/1181
f 6087/2062/1181 6105/2720/1181 6103/2056/1181
f 6103/2056/1181 6101/2721/1181 6099/2060/1181
f 6099/2060/1181 6097/2722/1181 6103/2056/1181
f 6097/2722/1181 6095/2061/1181 6103/2056/1181
f 6095/2061/1181 6093/2054/1181 6103/2056/1181
f 6103/2052/1180 6105/2067/1182 6104/2057/1182
f 6104/2057/1182 6105/2067/1182 6087/2058/1172
f 6107/2040/1172 6109/2063/1173 6108/2041/1173
f 6108/2041/1173 6109/2063/1173 6111/2043/1174
f 6111/2043/1174 6113/2064/1175 6112/2045/1175
f 6112/2045/1175 6113/2064/1175 6115/2046/1176
f 6115/2046/1176 6117/2065/1177 6116/2048/1177
f 6116/2048/1177 6117/2065/1177 6119/2049/1178
f 6119/2049/1178 6121/2066/1179 6120/2051/1179
f 6120/2051/1179 6121/2066/1179 6123/2052/1180
f 6111/2055/1181 6109/2719/1181 6107/2062/1181
f 6107/2062/1181 6125/2720/1181 6123/2056/1181
f 6123/2056/1181 6121/2721/1181 6115/2061/1181
f 6121/2721/1181 6119/2060/1181 6115/2061/1181
f 6119/2060/1181 6117/2722/1181 6115/2061/1181
f 6115/2061/1181 6113/2054/1181 6123/2056/1181
f 6113/2054/1181 6111/2055/1181 6123/2056/1181
f 6123/2052/1180 6125/2067/1182 6124/2057/1182
f 6124/2057/1182 6125/2067/1182 6107/2058/1172
f 6127/2040/1172 6129/2063/1173 6128/2041/1173
f 6128/2041/1173 6129/2063/1173 6131/2043/1174
f 6131/2043/1174 6133/2064/1175 6132/2045/1175
f 6132/2045/1175 6133/2064/1175 6135/2046/1176
f 6135/2046/1176 6137/2065/1177 6136/2048/1177
f 6136/2048/1177 6137/2065/1177 6139/2049/1178
f 6139/2049/1178 6141/2066/1179 6140/2051/1179
f 6140/2051/1179 6141/2066/1179 6143/2052/1180
f 6131/2055/1181 6129/2719/1181 6127/2062/1181
f 6127/2062/1181 6145/2720/1181 6143/2056/1181
f 6143/2056/1181 6141/2721/1181 6135/2061/1181
f 6141/2721/1181 6139/2060/1181 6135/2061/1181
f 6139/2060/1181 6137/2722/1181 6135/2061/1181
f 6135/2061/1181 6133/2054/1181 6143/2056/1181
f 6133/2054/1181 6131/2055/1181 6143/2056/1181
f 6143/2052/1180 6145/2067/1182 6144/2057/1182
f 6144/2057/1182 6145/2067/1182 6127/2058/1172
f 6147/2040/1172 6149/2063/1173 6148/2041/1173
f 6148/2041/1173 6149/2063/1173 6151/2043/1174
f 6151/2043/1174 6153/2064/1175 6152/2045/1175
f 6152/2045/1175 6153/2064/1175 6155/2046/1176
f 6155/2046/1176 6157/2065/1177 6156/2048/1177
f 6156/2048/1177 6157/2065/1177 6159/2049/1178
f 6159/2049/1178 6161/2066/1179 6160/2051/1179
f 6160/2051/1179 6161/2066/1179 6163/2052/1180
f 6151/2055/1181 6149/2719/1181 6147/2062/1181
f 6147/2062/1181 6165/2720/1181 6163/2056/1181
f 6163/2056/1181 6161/2721/1181 6155/2061/1181
f 6161/2721/1181 6159/2060/1181 6155/2061/1181
f 6159/2060/1181 6157/2722/1714 6155/2061/1181
f 6155/2061/1181 6153/2054/1181 6163/2056/1181
f 6153/2054/1181 6151/2055/1181 6163/2056/1181
f 6163/2052/1180 6165/2067/1182 6164/2057/1182
f 6164/2057/1182 6165/2067/1182 6147/2058/1172
f 6167/2040/1172 6169/2063/1173 6168/2041/1173
f 6168/2041/1173 6169/2063/1173 6171/2043/1174
f 6171/2043/1174 6173/2064/1175 6172/2045/1175
f 6172/2045/1175 6173/2064/1175 6175/2046/1176
f 6175/2046/1176 6177/2065/1177 6176/2048/1177
f 6176/2048/1177 6177/2065/1177 6179/2049/1178
f 6179/2049/1178 6181/2066/1179 6180/2051/1179
f 6180/2051/1179 6181/2066/1179 6183/2052/1180
f 6171/2055/1181 6169/2719/1181 6167/2062/1181
f 6167/2062/1181 6185/2720/1181 6183/2056/1181
f 6183/2056/1181 6181/2721/1181 6179/2060/1181
f 6179/2060/1181 6177/2722/1181 6175/2061/1181
f 6175/2061/1181 6173/2054/1181 6171/2055/1181
f 6171/2055/1181 6167/2062/1181 6175/2061/1181
f 6167/2062/1181 6183/2056/1181 6175/2061/1181
f 6183/2052/1180 6185/2067/1182 6184/2057/1182
f 6184/2057/1182 6185/2067/1182 6167/2058/1172
f 6187/2040/1172 6189/2063/1173 6188/2041/1173
f 6188/2041/1173 6189/2063/1173 6191/2043/1174
f 6191/2043/1174 6193/2064/1175 6192/2045/1175
f 6192/2045/1175 6193/2064/1175 6195/2046/1176
f 6195/2046/1176 6197/2065/1177 6196/2048/1177
f 6196/2048/1177 6197/2065/1177 6199/2049/1178
f 6199/2049/1178 6201/2066/1179 6200/2051/1179
f 6200/2051/1179 6201/2066/1179 6203/2052/1180
f 6191/2055/1181 6189/2719/1181 6203/2056/1181
f 6189/2719/1181 6187/2062/1181 6203/2056/1181
f 6187/2062/1181 6205/2720/1181 6203/2056/1181
f 6203/2056/1181 6201/2721/1181 6195/2061/1181
f 6201/2721/1181 6199/2060/1181 6195/2061/1181
f 6199/2060/1181 6197/2722/1181 6195/2061/1181
f 6195/2061/1181 6193/2054/1181 6191/2055/1181
f 6203/2052/1180 6205/2067/1182 6204/2057/1182
f 6204/2057/1182 6205/2067/1182 6187/2058/1172
f 6207/2040/1172 6209/2063/1173 6208/2041/1173
f 6208/2041/1173 6209/2063/1173 6211/2043/1174
f 6211/2043/1174 6213/2064/1175 6212/2045/1175
f 6212/2045/1175 6213/2064/1175 6215/2046/1176
f 6215/2046/1176 6217/2065/1177 6216/2048/1177
f 6216/2048/1177 6217/2065/1177 6219/2049/1178
f 6219/2049/1178 6221/2066/1179 6220/2051/1179
f 6220/2051/1179 6221/2066/1179 6223/2052/1180
f 6211/2055/1181 6209/2719/1181 6223/2056/1181
f 6209/2719/1181 6207/2062/1181 6223/2056/1181
f 6207/2062/1181 6225/2720/1181 6223/2056/1181
f 6223/2056/1181 6221/2721/1181 6219/2060/1181
f 6219/2060/1181 6217/2722/1181 6223/2056/1181
f 6217/2722/1181 6215/2061/1181 6223/2056/1181
f 6215/2061/1181 6213/2054/1181 6223/2056/1181
f 6223/2052/1180 6225/2067/1182 6224/2057/1182
f 6224/2057/1182 6225/2067/1182 6207/2058/1172
f 6227/2040/1172 6229/2063/1173 6228/2041/1173
f 6228/2041/1173 6229/2063/1173 6231/2043/1174
f 6231/2043/1174 6233/2064/1175 6232/2045/1175
f 6232/2045/1175 6233/2064/1175 6235/2046/1176
f 6235/2046/1176 6237/2065/1177 6236/2048/1177
f 6236/2048/1177 6237/2065/1177 6239/2049/1178
f 6239/2049/1178 6241/2066/1179 6240/2051/1179
f 6240/2051/1179 6241/2066/1179 6243/2052/1180
f 6231/2055/1181 6229/2719/1181 6227/2062/1181
f 6227/2062/1181 6245/2720/1181 6231/2055/1181
f 6245/2720/1181 6243/2056/1181 6231/2055/1181
f 6243/2056/1181 6241/2721/1181 6239/2060/1181
f 6239/2060/1181 6237/2722/1181 6235/2061/1181
f 6235/2061/1181 6233/2054/1181 6231/2055/1181
f 6243/2056/1181 6239/2060/1181 6231/2055/1181
f 6243/2052/1180 6245/2067/1182 6244/2057/1182
f 6244/2057/1182 6245/2067/1182 6227/2058/1172
f 6247/2040/1172 6249/2063/1173 6248/2041/1173
f 6248/2041/1173 6249/2063/1173 6251/2043/1174
f 6251/2043/1174 6253/2064/1175 6252/2045/1175
f 6252/2045/1175 6253/2064/1175 6255/2046/1176
f 6255/2046/1176 6257/2065/1177 6256/2048/1177
f 6256/2048/1177 6257/2065/1177 6259/2049/1178
f 6259/2049/1178 6261/2066/1179 6260/2051/1179
f 6260/2051/1179 6261/2066/1179 6263/2052/1180
f 6251/2055/1181 6249/2719/1181 6247/2062/1181
f 6247/2062/1181 6265/2720/1181 6251/2055/1181
f 6265/2720/1181 6263/2056/1181 6251/2055/1181
f 6263/2056/1181 6261/2721/1181 6259/2060/1181
f 6259/2060/1181 6257/2722/1181 6255/2061/1181
f 6255/2061/1181 6253/2054/1181 6251/2055/1181
f 6263/2056/1181 6259/2060/1181 6251/2055/1181
f 6263/2052/1180 6265/2067/1182 6264/2057/1182
f 6264/2057/1182 6265/2067/1182 6247/2058/1172
f 6266/2042/1172 6267/2040/1172 6269/2063/1173
f 6269/2063/1173 6271/2043/1174 6270/2044/1174
f 6270/2044/1174 6271/2043/1174 6273/2064/1175
f 6273/2064/1175 6275/2046/1176 6274/2047/1176
f 6274/2047/1176 6275/2046/1176 6277/2065/1177
f 6277/2065/1177 6279/2049/1178 6278/2050/1178
f 6278/2050/1178 6279/2049/1178 6281/2066/1179
f 6281/2066/1179 6283/2052/1180 6282/2053/1180
f 6271/2055/1181 6269/2719/1714 6267/2062/1181
f 6267/2062/1181 6285/2720/1181 6271/2055/1181
f 6285/2720/1181 6283/2056/1181 6271/2055/1181
f 6283/2056/1181 6281/2721/1181 6279/2060/1181
f 6279/2060/1181 6277/2722/1700 6275/2061/1181
f 6275/2061/1181 6273/2054/1181 6271/2055/1181
f 6283/2056/1181 6279/2060/1181 6275/2061/1181
f 6282/2053/1180 6283/2052/1180 6285/2067/1182
f 6285/2067/1182 6267/2058/1172 6266/2059/1172
f 6286/2042/1172 6287/2040/1172 6289/2063/1173
f 6289/2063/1173 6291/2043/1174 6290/2044/1174
f 6290/2044/1174 6291/2043/1174 6293/2064/1175
f 6293/2064/1175 6295/2046/1176 6294/2047/1176
f 6294/2047/1176 6295/2046/1176 6297/2065/1177
f 6297/2065/1177 6299/2049/1178 6298/2050/1178
f 6298/2050/1178 6299/2049/1178 6301/2066/1179
f 6301/2066/1179 6303/2052/1180 6302/2053/1180
f 6291/2055/1181 6289/2719/1714 6287/2062/1181
f 6287/2062/1181 6305/2720/1181 6291/2055/1181
f 6305/2720/1181 6303/2056/1181 6291/2055/1181
f 6303/2056/1181 6301/2721/1181 6299/2060/1181
f 6299/2060/1181 6297/2722/1181 6295/2061/1181
f 6295/2061/1181 6293/2054/1181 6291/2055/1181
f 6303/2056/1181 6299/2060/1181 6295/2061/1181
f 6302/2053/1180 6303/2052/1180 6305/2067/1182
f 6305/2067/1182 6287/2058/1172 6286/2059/1172
f 6306/2042/1172 6307/2040/1172 6309/2063/1173
f 6309/2063/1173 6311/2043/1174 6310/2044/1174
f 6310/2044/1174 6311/2043/1174 6313/2064/1175
f 6313/2064/1175 6315/2046/1176 6314/2047/1176
f 6314/2047/1176 6315/2046/1176 6317/2065/1177
f 6317/2065/1177 6319/2049/1178 6318/2050/1178
f 6318/2050/1178 6319/2049/1178 6321/2066/1179
f 6321/2066/1179 6323/2052/1180 6322/2053/1180
f 6311/2055/1181 6309/2719/1181 6307/2062/1181
f 6307/2062/1181 6325/2720/1181 6311/2055/1181
f 6325/2720/1181 6323/2056/1181 6311/2055/1181
f 6323/2056/1181 6321/2721/1181 6315/2061/1181
f 6321/2721/1181 6319/2060/1181 6315/2061/1181
f 6319/2060/1181 6317/2722/1181 6315/2061/1181
f 6315/2061/1181 6313/2054/1181 6323/2056/1181
f 6322/2053/1180 6323/2052/1180 6325/2067/1182
f 6325/2067/1182 6307/2058/1172 6306/2059/1172
f 6326/2042/1172 6327/2040/1172 6329/2063/1173
f 6329/2063/1173 6331/2043/1174 6330/2044/1174
f 6330/2044/1174 6331/2043/1174 6333/2064/1175
f 6333/2064/1175 6335/2046/1176 6334/2047/1176
f 6334/2047/1176 6335/2046/1176 6337/2065/1177
f 6337/2065/1177 6339/2049/1178 6338/2050/1178
f 6338/2050/1178 6339/2049/1178 6341/2066/1179
f 6341/2066/1179 6343/2052/1180 6342/2053/1180
f 6331/2055/1181 6329/2719/1181 6343/2056/1181
f 6329/2719/1181 6327/2062/1181 6343/2056/1181
f 6327/2062/1181 6345/2720/1714 6343/2056/1181
f 6343/2056/1181 6341/2721/1181 6339/2060/1181
f 6339/2060/1181 6337/2722/1181 6335/2061/1181
f 6335/2061/1181 6333/2054/1181 6331/2055/1181
f 6343/2056/1181 6339/2060/1181 6335/2061/1181
f 6342/2053/1180 6343/2052/1180 6345/2067/1182
f 6345/2067/1182 6327/2058/1172 6326/2059/1172
f 6346/2042/1172 6347/2040/1172 6349/2063/1173
f 6349/2063/1173 6351/2043/1174 6350/2044/1174
f 6350/2044/1174 6351/2043/1174 6353/2064/1175
f 6353/2064/1175 6355/2046/1176 6354/2047/1176
f 6354/2047/1176 6355/2046/1176 6357/2065/1177
f 6357/2065/1177 6359/2049/1178 6358/2050/1178
f 6358/2050/1178 6359/2049/1178 6361/2066/1179
f 6361/2066/1179 6363/2052/1180 6362/2053/1180
f 6351/2055/1181 6349/2719/1181 6363/2056/1181
f 6349/2719/1181 6347/2062/1181 6363/2056/1181
f 6347/2062/1181 6365/2720/1714 6363/2056/1181
f 6363/2056/1181 6361/2721/1181 6359/2060/1181
f 6359/2060/1181 6357/2722/1181 6355/2061/1181
f 6355/2061/1181 6353/2054/1181 6363/2056/1181
f 6353/2054/1181 6351/2055/1181 6363/2056/1181
f 6362/2053/1180 6363/2052/1180 6365/2067/1182
f 6365/2067/1182 6347/2058/1172 6346/2059/1172
f 6367/1731/1563 6369/1734/1564 6368/1732/1564
f 6368/1732/1564 6369/1734/1564 6371/1736/1565
f 6370/1735/1565 6371/1736/1565 6373/1738/1566
f 6373/1738/1566 6375/1777/1567 6374/1739/1567
f 6375/1777/1567 6377/1740/1568 6376/1741/1568
f 6376/1741/1568 6377/1740/1568 6379/1743/1569
f 6378/1742/1569 6379/1743/1569 6381/1775/1570
f 6381/1775/1570 6383/1745/1571 6382/1746/1571
f 6371/1749/1572 6369/2691/1572 6383/1747/1572
f 6369/2691/1572 6367/1778/1572 6383/1747/1572
f 6367/1778/1572 6385/2692/1572 6383/1747/1572
f 6383/1747/1572 6381/2693/1572 6375/1748/1572
f 6381/2693/1572 6379/1774/1572 6375/1748/1572
f 6379/1774/1572 6377/2694/1572 6375/1748/1572
f 6375/1748/1572 6373/1780/1572 6383/1747/1572
f 6383/1745/1571 6385/1776/1573 6384/1750/1573
f 6384/1752/1573 6385/1751/1573 6367/1731/1563
f 6387/1753/1574 6389/2035/1574 6388/1754/1574
f 6389/1756/1029 6391/2695/1029 6390/1757/1029
f 6391/1759/1575 6393/2038/1575 6392/1760/1575
f 6392/1762/1576 6393/2039/1576 6395/1763/1576
f 6391/1767/1572 6389/2696/1572 6395/1765/1572
f 6389/2696/1572 6387/1779/1572 6395/1765/1572
f 6387/1779/1572 6397/2697/1572 6395/1765/1572
f 6394/1770/1032 6395/1768/1032 6397/2036/1032
f 6396/1771/1577 6397/2037/1577 6387/1772/1577
f 6399/1731/1563 6401/1734/1564 6400/1732/1564
f 6400/1732/1564 6401/1734/1564 6403/1736/1565
f 6402/1735/1565 6403/1736/1565 6405/1738/1566
f 6405/1738/1566 6407/1777/1567 6406/1739/1567
f 6407/1777/1567 6409/1740/1568 6408/1741/1568
f 6408/1741/1568 6409/1740/1568 6411/1743/1569
f 6410/1742/1569 6411/1743/1569 6413/1775/1570
f 6413/1775/1570 6415/1745/1571 6414/1746/1571
f 6403/1749/1572 6401/2691/1572 6415/1747/1572
f 6401/2691/1572 6399/1778/1572 6415/1747/1572
f 6399/1778/1572 6417/2692/1572 6415/1747/1572
f 6415/1747/1572 6413/2693/1572 6407/1748/1572
f 6413/2693/1572 6411/1774/1572 6407/1748/1572
f 6411/1774/1572 6409/2694/1572 6407/1748/1572
f 6407/1748/1572 6405/1780/1572 6415/1747/1572
f 6415/1745/1571 6417/1776/1573 6416/1750/1573
f 6416/1752/1573 6417/1751/1573 6399/1731/1563
f 6419/1753/1574 6421/2035/1574 6420/1754/1574
f 6421/1756/1029 6423/2695/1029 6422/1757/1029
f 6423/1759/1575 6425/2038/1575 6424/1760/1575
f 6424/1762/1576 6425/2039/1576 6427/1763/1576
f 6423/1767/1572 6421/2696/1572 6419/1779/1572
f 6419/1779/1572 6429/2697/1572 6427/1765/1572
f 6427/1765/1572 6425/1766/1572 6419/1779/1572
f 6426/1770/1032 6427/1768/1032 6429/2036/1032
f 6428/1771/1577 6429/2037/1577 6419/1772/1577
f 6431/1731/1563 6433/1734/1564 6432/1732/1564
f 6432/1732/1564 6433/1734/1564 6435/1736/1565
f 6434/1735/1565 6435/1736/1565 6437/1738/1566
f 6437/1738/1566 6439/1777/1567 6438/1739/1567
f 6439/1777/1567 6441/1740/1568 6440/1741/1568
f 6440/1741/1568 6441/1740/1568 6443/1743/1569
f 6442/1742/1569 6443/1743/1569 6445/1775/1570
f 6445/1775/1570 6447/1745/1571 6446/1746/1571
f 6435/1749/1572 6433/2691/1572 6431/1778/1572
f 6431/1778/1572 6449/2692/1572 6447/1747/1572
f 6447/1747/1572 6445/2693/1572 6439/1748/1572
f 6445/2693/1572 6443/1774/1572 6439/1748/1572
f 6443/1774/1572 6441/2694/1572 6439/1748/1572
f 6439/1748/1572 6437/1780/1572 6447/1747/1572
f 6437/1780/1572 6435/1749/1572 6447/1747/1572
f 6447/1745/1571 6449/1776/1573 6448/1750/1573
f 6448/1752/1573 6449/1751/1573 6431/1731/1563
f 6451/1753/1574 6453/2035/1574 6452/1754/1574
f 6453/1756/1029 6455/2695/1029 6454/1757/1029
f 6455/1759/1575 6457/2038/1575 6456/1760/1575
f 6456/1762/1576 6457/2039/1576 6459/1763/1576
f 6455/1767/1572 6453/2696/1572 6451/1779/1572
f 6451/1779/1572 6461/2697/1572 6459/1765/1572
f 6459/1765/1572 6457/1766/1572 6451/1779/1572
f 6458/1770/1032 6459/1768/1032 6461/2036/1032
f 6461/2037/1577 6451/1772/1577 6450/1773/1577
f 6463/1731/1563 6465/1734/1564 6464/1732/1564
f 6464/1732/1564 6465/1734/1564 6467/1736/1565
f 6466/1735/1565 6467/1736/1565 6469/1738/1566
f 6469/1738/1566 6471/1777/1567 6470/1739/1567
f 6471/1777/1567 6473/1740/1568 6472/1741/1568
f 6472/1741/1568 6473/1740/1568 6475/1743/1569
f 6474/1742/1569 6475/1743/1569 6477/1775/1570
f 6477/1775/1570 6479/1745/1571 6478/1746/1571
f 6467/1749/1572 6465/2691/1572 6479/1747/1572
f 6465/2691/1572 6463/1778/1572 6479/1747/1572
f 6463/1778/1572 6481/2692/1572 6479/1747/1572
f 6479/1747/1572 6477/2693/1572 6471/1748/1572
f 6477/2693/1572 6475/1774/1572 6471/1748/1572
f 6475/1774/1572 6473/2694/1572 6471/1748/1572
f 6471/1748/1572 6469/1780/1572 6479/1747/1572
f 6479/1745/1571 6481/1776/1573 6480/1750/1573
f 6480/1752/1573 6481/1751/1573 6463/1731/1563
f 6483/1753/1574 6485/2035/1574 6484/1754/1574
f 6485/1756/1029 6487/2695/1029 6486/1757/1029
f 6487/1759/1575 6489/2038/1575 6488/1760/1575
f 6488/1762/1576 6489/2039/1576 6491/1763/1576
f 6487/1767/1572 6485/2696/1572 6491/1765/1572
f 6485/2696/1572 6483/1779/1572 6491/1765/1572
f 6483/1779/1572 6493/2697/1572 6491/1765/1572
f 6490/1770/1032 6491/1768/1032 6493/2036/1032
f 6492/1771/1577 6493/2037/1577 6483/1772/1577
f 6495/1731/1563 6497/1734/1564 6496/1732/1564
f 6496/1732/1564 6497/1734/1564 6499/1736/1565
f 6498/1735/1565 6499/1736/1565 6501/1738/1566
f 6501/1738/1566 6503/1777/1567 6502/1739/1567
f 6503/1777/1567 6505/1740/1568 6504/1741/1568
f 6504/1741/1568 6505/1740/1568 6507/1743/1569
f 6506/1742/1569 6507/1743/1569 6509/1775/1570
f 6509/1775/1570 6511/1745/1571 6510/1746/1571
f 6499/1749/1572 6497/2691/1572 6511/1747/1572
f 6497/2691/1572 6495/1778/1572 6511/1747/1572
f 6495/1778/1572 6513/2692/1572 6511/1747/1572
f 6511/1747/1572 6509/2693/1572 6503/1748/1572
f 6509/2693/1572 6507/1774/1572 6503/1748/1572
f 6507/1774/1572 6505/2694/1572 6503/1748/1572
f 6503/1748/1572 6501/1780/1572 6511/1747/1572
f 6511/1745/1571 6513/1776/1573 6512/1750/1573
f 6512/1752/1573 6513/1751/1573 6495/1731/1563
f 6515/1753/1574 6517/2035/1574 6516/1754/1574
f 6517/1756/1029 6519/2695/1029 6518/1757/1029
f 6519/1759/1575 6521/2038/1575 6520/1760/1575
f 6520/1762/1576 6521/2039/1576 6523/1763/1576
f 6519/1767/1572 6517/2696/1572 6515/1779/1572
f 6515/1779/1572 6525/2697/1572 6519/1767/1572
f 6525/2697/1572 6523/1765/1572 6519/1767/1572
f 6522/1770/1032 6523/1768/1032 6525/2036/1032
f 6524/1771/1577 6525/2037/1577 6515/1772/1577
f 6527/1731/1563 6529/1734/1564 6528/1732/1564
f 6529/1734/1564 6531/1736/1565 6530/1735/1565
f 6531/1736/1565 6533/1738/1566 6532/1737/1566
f 6533/1738/1566 6535/1777/1567 6534/1739/1567
f 6535/1777/1567 6537/1740/1568 6536/1741/1568
f 6536/1741/1568 6537/1740/1568 6539/1743/1569
f 6538/1742/1569 6539/1743/1569 6541/1775/1570
f 6540/1744/1570 6541/1775/1570 6543/1745/1571
f 6531/1749/1572 6529/2691/1572 6527/1778/1572
f 6527/1778/1572 6545/2692/1572 6543/1747/1572
f 6543/1747/1572 6541/2693/1572 6535/1748/1572
f 6541/2693/1572 6539/1774/1572 6535/1748/1572
f 6539/1774/1572 6537/2694/1572 6535/1748/1572
f 6535/1748/1572 6533/1780/1572 6543/1747/1572
f 6533/1780/1572 6531/1749/1572 6543/1747/1572
f 6542/1746/1571 6543/1745/1571 6545/1776/1573
f 6544/1752/1573 6545/1751/1573 6527/1731/1563
f 6547/1753/1574 6549/2035/1574 6548/1754/1574
f 6549/1756/1029 6551/2695/1029 6550/1757/1029
f 6550/1761/1575 6551/1759/1575 6553/2038/1575
f 6553/2039/1576 6555/1763/1576 6554/1764/1576
f 6551/1767/1572 6549/2696/1572 6555/1765/1572
f 6549/2696/1572 6547/1779/1572 6555/1765/1572
f 6547/1779/1572 6557/2697/1572 6555/1765/1572
f 6554/1770/1032 6555/1768/1032 6557/2036/1032
f 6556/1771/1577 6557/2037/1577 6547/1772/1577
f 6559/1731/1563 6561/1734/1564 6560/1732/1564
f 6561/1734/1564 6563/1736/1565 6562/1735/1565
f 6563/1736/1565 6565/1738/1566 6564/1737/1566
f 6565/1738/1566 6567/1777/1567 6566/1739/1567
f 6567/1777/1567 6569/1740/1568 6568/1741/1568
f 6568/1741/1568 6569/1740/1568 6571/1743/1569
f 6570/1742/1569 6571/1743/1569 6573/1775/1570
f 6572/1744/1570 6573/1775/1570 6575/1745/1571
f 6563/1749/1572 6561/2691/1572 6559/1778/1572
f 6559/1778/1572 6577/2692/1572 6575/1747/1572
f 6575/1747/1572 6573/2693/1572 6567/1748/1572
f 6573/2693/1572 6571/1774/1572 6567/1748/1572
f 6571/1774/1572 6569/2694/1572 6567/1748/1572
f 6567/1748/1572 6565/1780/1572 6563/1749/1572
f 6563/1749/1572 6559/1778/1572 6567/1748/1572
f 6574/1746/1571 6575/1745/1571 6577/1776/1573
f 6576/1752/1573 6577/1751/1573 6559/1731/1563
f 6579/1753/1574 6581/2035/1574 6580/1754/1574
f 6581/1756/1029 6583/2695/1029 6582/1757/1029
f 6582/1761/1575 6583/1759/1575 6585/2038/1575
f 6585/2039/1576 6587/1763/1576 6586/1764/1576
f 6583/1767/1572 6581/2696/1572 6579/1779/1572
f 6579/1779/1572 6589/2697/1572 6587/1765/1572
f 6587/1765/1572 6585/1766/1572 6579/1779/1572
f 6586/1770/1032 6587/1768/1032 6589/2036/1032
f 6588/1771/1577 6589/2037/1577 6579/1772/1577
f 6591/1731/1563 6593/1734/1564 6592/1732/1564
f 6593/1734/1564 6595/1736/1565 6594/1735/1565
f 6595/1736/1565 6597/1738/1566 6596/1737/1566
f 6597/1738/1566 6599/1777/1567 6598/1739/1567
f 6599/1777/1567 6601/1740/1568 6600/1741/1568
f 6600/1741/1568 6601/1740/1568 6603/1743/1569
f 6602/1742/1569 6603/1743/1569 6605/1775/1570
f 6604/1744/1570 6605/1775/1570 6607/1745/1571
f 6595/1749/1572 6593/2691/1572 6591/1778/1572
f 6591/1778/1572 6609/2692/1572 6607/1747/1572
f 6607/1747/1572 6605/2693/1572 6599/1748/1572
f 6605/2693/1572 6603/1774/1572 6599/1748/1572
f 6603/1774/1572 6601/2694/1572 6599/1748/1572
f 6599/1748/1572 6597/1780/1572 6607/1747/1572
f 6597/1780/1572 6595/1749/1572 6607/1747/1572
f 6606/1746/1571 6607/1745/1571 6609/1776/1573
f 6608/1752/1573 6609/1751/1573 6591/1731/1563
f 6611/1753/1574 6613/2035/1574 6612/1754/1574
f 6613/1756/1029 6615/2695/1029 6614/1757/1029
f 6614/1761/1575 6615/1759/1575 6617/2038/1575
f 6617/2039/1576 6619/1763/1576 6618/1764/1576
f 6615/1767/1572 6613/2696/1572 6619/1765/1572
f 6613/2696/1572 6611/1779/1572 6619/1765/1572
f 6611/1779/1572 6621/2697/1572 6619/1765/1572
f 6618/1770/1032 6619/1768/1032 6621/2036/1032
f 6620/1771/1577 6621/2037/1577 6611/1772/1577
f 6623/1731/1563 6625/1734/1564 6624/1732/1564
f 6625/1734/1564 6627/1736/1565 6626/1735/1565
f 6627/1736/1565 6629/1738/1566 6628/1737/1566
f 6629/1738/1566 6631/1777/1567 6630/1739/1567
f 6631/1777/1567 6633/1740/1568 6632/1741/1568
f 6632/1741/1568 6633/1740/1568 6635/1743/1569
f 6634/1742/1569 6635/1743/1569 6637/1775/1570
f 6636/1744/1570 6637/1775/1570 6639/1745/1571
f 6627/1749/1572 6625/2691/1572 6623/1778/1572
f 6623/1778/1572 6641/2692/1572 6639/1747/1572
f 6639/1747/1572 6637/2693/1572 6631/1748/1572
f 6637/2693/1572 6635/1774/1572 6631/1748/1572
f 6635/1774/1572 6633/2694/1572 6631/1748/1572
f 6631/1748/1572 6629/1780/1572 6639/1747/1572
f 6629/1780/1572 6627/1749/1572 6639/1747/1572
f 6638/1746/1571 6639/1745/1571 6641/1776/1573
f 6640/1752/1573 6641/1751/1573 6623/1731/1563
f 6643/1753/1574 6645/2035/1574 6644/1754/1574
f 6645/1756/1029 6647/2695/1029 6646/1757/1029
f 6646/1761/1575 6647/1759/1575 6649/2038/1575
f 6649/2039/1576 6651/1763/1576 6650/1764/1576
f 6647/1767/1572 6645/2696/1572 6651/1765/1572
f 6645/2696/1572 6643/1779/1572 6651/1765/1572
f 6643/1779/1572 6653/2697/1572 6651/1765/1572
f 6650/1770/1032 6651/1768/1032 6653/2036/1032
f 6652/1771/1577 6653/2037/1577 6643/1772/1577
f 6655/1731/1563 6657/1734/1564 6656/1732/1564
f 6657/1734/1564 6659/1736/1565 6658/1735/1565
f 6659/1736/1565 6661/1738/1566 6660/1737/1566
f 6661/1738/1566 6663/1777/1567 6662/1739/1567
f 6663/1777/1567 6665/1740/1568 6664/1741/1568
f 6664/1741/1568 6665/1740/1568 6667/1743/1569
f 6666/1742/1569 6667/1743/1569 6669/1775/1570
f 6668/1744/1570 6669/1775/1570 6671/1745/1571
f 6659/1749/1572 6657/2691/1572 6655/1778/1572
f 6655/1778/1572 6673/2692/1572 6671/1747/1572
f 6671/1747/1572 6669/2693/1572 6663/1748/1572
f 6669/2693/1572 6667/1774/1572 6663/1748/1572
f 6667/1774/1572 6665/2694/1572 6663/1748/1572
f 6663/1748/1572 6661/1780/1572 6671/1747/1572
f 6661/1780/1572 6659/1749/1572 6671/1747/1572
f 6670/1746/1571 6671/1745/1571 6673/1776/1573
f 6672/1752/1573 6673/1751/1573 6655/1731/1563
f 6675/1753/1574 6677/2035/1574 6676/1754/1574
f 6677/1756/1029 6679/2695/1029 6678/1757/1029
f 6678/1761/1575 6679/1759/1575 6681/2038/1575
f 6681/2039/1576 6683/1763/1576 6682/1764/1576
f 6679/1767/1572 6677/2696/1572 6683/1765/1572
f 6677/2696/1572 6675/1779/1572 6683/1765/1572
f 6675/1779/1572 6685/2697/1572 6683/1765/1572
f 6682/1770/1032 6683/1768/1032 6685/2036/1032
f 6684/1771/1577 6685/2037/1577 6675/1772/1577
f 6709/2068/1649 6698/2094/1650 6686/2069/1650
f 6688/2071/1652 6700/2090/1666 6701/2072/1653
f 6701/2072/1653 6702/2074/1654 6690/2075/1654
f 6690/2075/1654 6702/2074/1654 6703/2077/1655
f 6691/2076/1656 6703/2077/1655 6704/2671/1657
f 6704/2671/1657 6705/2079/1658 6693/2080/1658
f 6693/2080/1658 6705/2079/1658 6706/2081/1659
f 6694/2082/1660 6706/2081/1659 6707/2084/1661
f 6707/2084/1661 6708/2086/1663 6696/2085/1662
f 6708/2086/1663 6709/2068/1649 6697/2070/1651
f 6686/2087/1650 6698/2095/1650 6699/2088/1664
f 6687/2089/1665 6699/2088/1664 6700/2090/1666
f 6698/2093/1035 6709/2723/1035 6706/2096/1035
f 6709/2723/1035 6708/2724/1035 6706/2096/1035
f 6708/2724/1035 6707/2725/1035 6706/2096/1035
f 6706/2096/1035 6705/2726/1035 6704/2091/1035
f 6704/2091/1035 6703/2727/1035 6702/2092/1035
f 6702/2092/1035 6701/2728/1035 6700/2672/1035
f 6700/2672/1035 6699/2729/1035 6698/2093/1035
f 6706/2096/1035 6704/2091/1035 6702/2092/1035
f 6702/2092/1035 6700/2672/1035 6706/2096/1035
f 6733/2068/1649 6722/2094/1650 6710/2069/1650
f 6712/2071/1652 6724/2090/1666 6725/2072/1653
f 6725/2072/1653 6726/2074/1667 6714/2075/1654
f 6726/2074/1667 6727/2077/1656 6715/2076/1655
f 6727/2077/1656 6728/2671/1657 6716/2078/1657
f 6728/2671/1657 6729/2079/1658 6717/2080/1658
f 6717/2080/1658 6729/2079/1658 6730/2081/1659
f 6718/2082/1660 6730/2081/1659 6731/2084/1661
f 6731/2084/1661 6732/2086/1663 6720/2085/1662
f 6732/2086/1663 6733/2068/1649 6721/2070/1649
f 6710/2087/1650 6722/2095/1650 6723/2088/1664
f 6711/2089/1664 6723/2088/1664 6724/2090/1666
f 6722/2093/1035 6733/2723/1035 6732/2724/1035
f 6732/2724/1035 6731/2725/1035 6730/2096/1035
f 6730/2096/1035 6729/2726/1035 6728/2091/1035
f 6728/2091/1035 6727/2727/1035 6730/2096/1035
f 6727/2727/1035 6726/2092/1035 6730/2096/1035
f 6726/2092/1035 6725/2728/1035 6724/2672/1035
f 6724/2672/1035 6723/2729/1035 6722/2093/1035
f 6722/2093/1035 6732/2724/1035 6730/2096/1035
f 6726/2092/1035 6724/2672/1035 6730/2096/1035
f 6757/2068/1649 6746/2094/1650 6734/2069/1650
f 6736/2071/1652 6748/2090/1666 6749/2072/1653
f 6737/2073/1653 6749/2072/1653 6750/2074/1654
f 6750/2074/1654 6751/2077/1656 6739/2076/1656
f 6739/2076/1656 6751/2077/1656 6752/2671/1657
f 6752/2671/1657 6753/2079/1658 6741/2080/1658
f 6741/2080/1658 6753/2079/1658 6754/2081/1660
f 6754/2081/1660 6755/2084/1661 6743/2083/1661
f 6755/2084/1661 6756/2086/1663 6744/2085/1662
f 6756/2086/1663 6757/2068/1649 6745/2070/1649
f 6734/2087/1650 6746/2095/1650 6747/2088/1664
f 6735/2089/1664 6747/2088/1664 6748/2090/1666
f 6746/2093/1035 6757/2723/1035 6756/2724/1035
f 6756/2724/1035 6755/2725/1035 6754/2096/1035
f 6754/2096/1035 6753/2726/1035 6752/2091/1035
f 6752/2091/1035 6751/2727/1035 6754/2096/1035
f 6751/2727/1035 6750/2092/1035 6754/2096/1035
f 6750/2092/1035 6749/2728/1035 6748/2672/1035
f 6748/2672/1035 6747/2729/1035 6746/2093/1035
f 6746/2093/1035 6756/2724/1035 6754/2096/1035
f 6750/2092/1035 6748/2672/1035 6754/2096/1035
f 6781/2068/1649 6770/2094/1650 6758/2069/1650
f 6760/2071/1652 6772/2090/1666 6773/2072/1653
f 6761/2073/1653 6773/2072/1653 6774/2074/1654
f 6762/2075/1667 6774/2074/1654 6775/2077/1655
f 6763/2076/1656 6775/2077/1655 6776/2671/1657
f 6776/2671/1657 6777/2079/1668 6765/2080/1658
f 6777/2079/1668 6778/2081/1660 6766/2082/1660
f 6778/2081/1660 6779/2084/1661 6767/2083/1661
f 6779/2084/1661 6780/2086/1663 6768/2085/1662
f 6780/2086/1663 6781/2068/1649 6769/2070/1649
f 6758/2087/1650 6770/2095/1650 6771/2088/1664
f 6759/2089/1664 6771/2088/1664 6772/2090/1666
f 6770/2093/1035 6781/2723/1035 6780/2724/1035
f 6780/2724/1035 6779/2725/1035 6778/2096/1035
f 6778/2096/1035 6777/2726/1035 6776/2091/1035
f 6776/2091/1035 6775/2727/1035 6774/2092/1035
f 6774/2092/1035 6773/2728/1035 6772/2672/1035
f 6772/2672/1035 6771/2729/1035 6774/2092/1035
f 6771/2729/1035 6770/2093/1035 6774/2092/1035
f 6770/2093/1035 6780/2724/1035 6774/2092/1035
f 6780/2724/1035 6778/2096/1035 6774/2092/1035
f 6782/1858/1043 6783/1856/1043 6785/1859/1061
f 6784/1857/1061 6785/1859/1061 6787/1861/1062
f 6787/1861/1062 6789/1863/1063 6788/1862/1063
f 6789/1863/1063 6791/1886/1064 6790/1864/1064
f 6791/1886/1064 6793/1865/1040 6792/1866/1040
f 6792/1869/1040 6793/1867/1040 6795/1884/1065
f 6794/1868/1065 6795/1884/1065 6797/1870/1066
f 6796/1871/1066 6797/1870/1066 6799/1872/1067
f 6797/1870/1068 6795/1884/1069 6808/1874/1069
f 6799/1872/1067 6801/1876/1070 6800/1877/1070
f 6801/1876/1070 6783/1856/1043 6782/1858/1043
f 6800/2674/1071 6782/2699/1071 6784/1878/1071
f 6784/1878/1071 6786/2700/1071 6788/1879/1071
f 6788/1879/1071 6790/2701/1071 6792/2673/1071
f 6792/2673/1071 6794/2702/1071 6796/1880/1071
f 6796/1880/1071 6798/2675/1071 6800/2674/1071
f 6800/2674/1071 6784/1878/1071 6788/1879/1071
f 6788/1879/1071 6792/2673/1071 6800/2674/1071
f 6803/1881/1072 6811/1898/1086 6831/1882/1073
f 6795/1884/1069 6793/1867/1075 6807/1885/1075
f 6791/1886/1076 6806/1888/1076 6807/1887/1075
f 6789/1863/1077 6805/1890/1077 6806/1888/1076
f 6783/1856/1078 6803/1893/1078 6802/1889/1079
f 6787/1861/1080 6804/1891/1080 6805/1890/1077
f 6785/1859/1079 6802/1889/1079 6804/1891/1080
f 6783/1856/1078 6801/1876/1081 6811/1892/1081
f 6801/1876/1081 6799/1872/1082 6810/1894/1082
f 6799/1872/1082 6797/1870/1068 6809/1875/1068
f 6802/1895/1083 6813/1903/1091 6817/1896/1084
f 6811/1898/1086 6810/1910/1098 6829/1899/1087
f 6807/1900/1088 6823/2676/1099 6825/1901/1089
f 6803/1881/1072 6814/1883/1074 6813/1903/1091
f 6809/1904/1092 6808/1902/1090 6825/1901/1089
f 6805/1906/1094 6819/1909/1097 6821/1907/1095
f 6804/1897/1085 6817/1896/1084 6819/1909/1097
f 6810/1910/1098 6809/1904/1092 6827/1905/1093
f 6806/1908/1096 6821/1907/1095 6823/1911/1099
f 6814/1913/1074 6815/1932/1109 6812/1914/1100
f 6813/1915/1091 6812/1914/1100 6816/1917/1669
f 6817/1916/1084 6816/1917/1669 6818/1919/1670
f 6821/1920/1095 6819/1918/1097 6818/1919/1670
f 6823/1922/1099 6821/1920/1095 6820/1921/1103
f 6823/1922/1099 6822/1923/1104 6824/1924/1671
f 6825/1925/1089 6824/1924/1671 6826/1926/1106
f 6829/1929/1087 6827/1927/1093 6826/1926/1106
f 6831/1931/1073 6829/1929/1087 6828/1928/1672
f 6814/1913/1074 6831/1931/1073 6830/1930/1108
f 6816/1917/1669 6812/1914/1100 6815/1932/1109
f 6815/1932/1109 6830/1930/1108 6828/1928/1672
f 6828/1928/1672 6826/1926/1106 6824/1924/1671
f 6824/1924/1671 6822/1923/1104 6828/1928/1672
f 6822/1923/1104 6820/1921/1103 6828/1928/1672
f 6820/1921/1103 6818/1919/1670 6816/1917/1669
f 6816/1917/1669 6815/1932/1109 6820/1921/1103
f 6832/1858/1043 6833/1856/1043 6835/1859/1061
f 6835/1859/1061 6837/1861/1062 6836/1860/1062
f 6837/1861/1062 6839/1863/1063 6838/1862/1063
f 6839/1863/1063 6841/1886/1064 6840/1864/1064
f 6841/1886/1064 6843/1865/1040 6842/1866/1040
f 6842/1869/1040 6843/1867/1040 6845/1884/1065
f 6844/1868/1065 6845/1884/1065 6847/1870/1066
f 6846/1871/1066 6847/1870/1066 6849/1872/1067
f 6847/1870/1068 6845/1884/1069 6858/1874/1069
f 6848/1873/1067 6849/1872/1067 6851/1876/1070
f 6851/1876/1070 6833/1856/1043 6832/1858/1043
f 6850/2674/1071 6832/2699/1071 6838/1879/1071
f 6832/2699/1071 6834/1878/1071 6838/1879/1071
f 6834/1878/1071 6836/2700/1071 6838/1879/1071
f 6838/1879/1071 6840/2701/1071 6846/1880/1071
f 6840/2701/1071 6842/2673/1071 6846/1880/1071
f 6842/2673/1071 6844/2702/1071 6846/1880/1071
f 6846/1880/1071 6848/2675/1071 6838/1879/1071
f 6853/1881/1072 6861/1898/1086 6881/1882/1073
f 6845/1884/1069 6843/1867/1075 6857/1885/1075
f 6841/1886/1076 6856/1888/1076 6857/1887/1075
f 6839/1863/1077 6855/1890/1077 6856/1888/1076
f 6833/1856/1078 6853/1893/1078 6852/1889/1079
f 6837/1861/1080 6854/1891/1080 6855/1890/1077
f 6835/1859/1079 6852/1889/1079 6854/1891/1080
f 6833/1856/1078 6851/1876/1081 6861/1892/1081
f 6851/1876/1081 6849/1872/1082 6860/1894/1082
f 6849/1872/1082 6847/1870/1068 6859/1875/1068
f 6852/1895/1083 6863/1903/1091 6867/1896/1084
f 6861/1898/1086 6860/1910/1098 6879/1899/1087
f 6858/1902/1090 6857/1900/1088 6873/2676/1099
f 6853/1881/1072 6864/1883/1074 6863/1903/1091
f 6859/1904/1092 6858/1902/1090 6875/1901/1673
f 6855/1906/1094 6869/1909/1097 6871/1907/1674
f 6854/1897/1085 6867/1896/1084 6869/1909/1097
f 6860/1910/1098 6859/1904/1092 6877/1905/1093
f 6856/1908/1096 6871/1907/1674 6873/1911/1099
f 6864/1913/1074 6865/1932/1677 6862/1914/1675
f 6863/1915/1091 6862/1914/1675 6866/1917/1669
f 6867/1916/1084 6866/1917/1669 6868/1919/1670
f 6869/1918/1097 6868/1919/1670 6870/1921/1103
f 6871/1920/1674 6870/1921/1103 6872/1923/1676
f 6875/1925/1673 6873/1922/1099 6872/1923/1676
f 6877/1927/1093 6875/1925/1673 6874/1924/1105
f 6879/1929/1087 6877/1927/1093 6876/1926/1106
f 6881/1931/1073 6879/1929/1087 6878/1928/1107
f 6864/1913/1074 6881/1931/1073 6880/1930/1108
f 6866/1917/1669 6862/1914/1675 6865/1932/1677
f 6865/1932/1677 6880/1930/1108 6878/1928/1107
f 6878/1928/1107 6876/1926/1106 6874/1924/1105
f 6874/1924/1105 6872/1923/1676 6870/1921/1103
f 6870/1921/1103 6868/1919/1670 6866/1917/1669
f 6866/1917/1669 6865/1932/1677 6870/1921/1103
f 6865/1932/1677 6878/1928/1107 6870/1921/1103
f 6883/1856/1043 6885/1859/1061 6884/1857/1061
f 6885/1859/1061 6887/1861/1062 6886/1860/1062
f 6887/1861/1062 6889/1863/1063 6888/1862/1063
f 6889/1863/1063 6891/1886/1064 6890/1864/1064
f 6891/1886/1064 6893/1865/1040 6892/1866/1040
f 6892/1869/1040 6893/1867/1040 6895/1884/1065
f 6894/1868/1065 6895/1884/1065 6897/1870/1066
f 6897/1870/1066 6899/1872/1067 6898/1873/1067
f 6897/1870/1068 6895/1884/1069 6908/1874/1069
f 6898/1873/1067 6899/1872/1067 6901/1876/1070
f 6900/1877/1070 6901/1876/1070 6883/1856/1043
f 6900/2674/1071 6882/2699/1071 6884/1878/1071
f 6884/1878/1071 6886/2700/1071 6888/1879/1071
f 6888/1879/1071 6890/2701/1071 6896/1880/1071
f 6890/2701/1071 6892/2673/1071 6896/1880/1071
f 6892/2673/1071 6894/2702/1071 6896/1880/1071
f 6896/1880/1071 6898/2675/1071 6900/2674/1071
f 6900/2674/1071 6884/1878/1071 6896/1880/1071
f 6903/1881/1072 6911/1898/1086 6931/1882/1073
f 6895/1884/1069 6893/1867/1075 6907/1885/1075
f 6891/1886/1076 6906/1888/1076 6907/1887/1075
f 6889/1863/1077 6905/1890/1077 6906/1888/1076
f 6883/1856/1078 6903/1893/1078 6902/1889/1079
f 6887/1861/1080 6904/1891/1080 6905/1890/1077
f 6885/1859/1079 6902/1889/1079 6904/1891/1080
f 6883/1856/1078 6901/1876/1081 6911/1892/1081
f 6901/1876/1081 6899/1872/1082 6910/1894/1082
f 6899/1872/1082 6897/1870/1068 6909/1875/1068
f 6902/1895/1083 6913/1903/1679 6917/1896/1084
f 6911/1898/1086 6910/1910/1098 6929/1899/1087
f 6907/1900/1088 6923/2676/1099 6925/1901/1673
f 6903/1881/1072 6914/1883/1678 6913/1903/1679
f 6909/1904/1092 6908/1902/1090 6925/1901/1673
f 6905/1906/1094 6919/1909/1097 6921/1907/1674
f 6904/1897/1085 6917/1896/1084 6919/1909/1097
f 6910/1910/1098 6909/1904/1092 6927/1905/1093
f 6906/1908/1096 6921/1907/1674 6923/1911/1099
f 6913/1915/1679 6914/1913/1678 6915/1932/1680
f 6917/1916/1084 6913/1915/1679 6912/1914/1100
f 6917/1916/1084 6916/1917/1101 6918/1919/1670
f 6919/1918/1097 6918/1919/1670 6920/1921/1103
f 6921/1920/1674 6920/1921/1103 6922/1923/1676
f 6925/1925/1673 6923/1922/1099 6922/1923/1676
f 6927/1927/1093 6925/1925/1673 6924/1924/1681
f 6929/1929/1087 6927/1927/1093 6926/1926/1106
f 6929/1929/1087 6928/1928/1107 6930/1930/1108
f 6931/1931/1073 6930/1930/1108 6915/1932/1680
f 6916/1917/1101 6912/1914/1100 6915/1932/1680
f 6915/1932/1680 6930/1930/1108 6928/1928/1107
f 6928/1928/1107 6926/1926/1106 6920/1921/1103
f 6926/1926/1106 6924/1924/1681 6920/1921/1103
f 6924/1924/1681 6922/1923/1676 6920/1921/1103
f 6920/1921/1103 6918/1919/1670 6928/1928/1107
f 6918/1919/1670 6916/1917/1101 6928/1928/1107
f 6941/2097/1682 6956/2117/1682 6949/2098/1683
f 6938/2100/1039 6936/2678/1684 6953/2101/1684
f 6943/2677/1045 6942/2104/1042 6959/2105/1042
f 6934/2108/1041 6951/2106/1041 6950/2130/1044
f 6937/2109/1685 6939/2118/1038 6954/2110/1038
f 6953/2101/1684 6936/2678/1684 6933/2112/1686
f 6937/2114/1685 6952/2730/1685 6961/2115/1687
f 6941/2097/1682 6943/2677/1045 6958/2103/1045
f 6954/2110/1038 6939/2118/1038 6938/2100/1039
f 6959/2105/1042 6942/2104/1042 6940/2119/1688
f 6947/2121/1036 6962/2125/1036 6960/2122/1689
f 6940/2119/1688 6945/2123/1689 6960/2122/1689
f 6963/2126/1037 6962/2125/1036 6947/2121/1036
f 6961/2115/1687 6963/2126/1037 6946/2124/1037
f 6949/2098/1683 6951/2106/1041 6934/2108/1041
f 6950/2731/1035 6951/2732/1035 6949/2129/1035
f 6949/2129/1035 6956/2733/1035 6957/2127/1035
f 6956/2733/1035 6958/2734/1035 6957/2127/1035
f 6958/2734/1035 6959/2735/1035 6957/2127/1035
f 6957/2127/1035 6960/2736/1035 6953/2737/1035
f 6960/2736/1035 6962/2738/1035 6961/2739/1035
f 6953/2737/1035 6960/2736/1035 6961/2739/1035
f 6962/2738/1035 6963/2740/1035 6961/2739/1035
f 6961/2739/1035 6952/2741/1035 6953/2737/1035
f 6952/2741/1035 6954/2742/1035 6953/2737/1035
f 6954/2742/1035 6955/2743/1035 6953/2737/1035
f 6953/2737/1035 6948/2128/1035 6957/2127/1035
f 6948/2128/1035 6950/2731/1035 6949/2129/1035
f 6950/2130/1044 6948/2113/1686 6933/2112/1686
f 6973/2097/1682 6988/2117/1682 6981/2098/1683
f 6970/2100/1039 6968/2678/1684 6985/2101/1684
f 6975/2677/1045 6974/2104/1042 6991/2105/1042
f 6966/2108/1041 6983/2106/1041 6982/2130/1044
f 6969/2109/1685 6971/2118/1038 6986/2110/1038
f 6985/2101/1684 6968/2678/1684 6965/2112/1686
f 6969/2114/1685 6984/2730/1685 6993/2115/1687
f 6973/2097/1682 6975/2677/1045 6990/2103/1045
f 6971/2118/1038 6970/2100/1039 6987/2102/1039
f 6991/2105/1042 6974/2104/1042 6972/2119/1688
f 6979/2121/1036 6994/2125/1036 6992/2122/1689
f 6972/2119/1688 6977/2123/1689 6992/2122/1689
f 6995/2126/1037 6994/2125/1036 6979/2121/1036
f 6993/2115/1687 6995/2126/1037 6978/2124/1037
f 6981/2098/1683 6983/2106/1041 6966/2108/1041
f 6982/2731/1035 6983/2732/1035 6981/2129/1035
f 6981/2129/1035 6988/2733/1035 6989/2127/1035
f 6988/2733/1035 6990/2734/1035 6989/2127/1035
f 6990/2734/1035 6991/2735/1035 6989/2127/1035
f 6989/2127/1035 6992/2736/1035 6985/2737/1035
f 6992/2736/1035 6994/2738/1035 6993/2739/1035
f 6985/2737/1035 6992/2736/1035 6993/2739/1035
f 6994/2738/1035 6995/2740/1035 6993/2739/1035
f 6993/2739/1035 6984/2741/1035 6985/2737/1035
f 6984/2741/1035 6986/2742/1035 6985/2737/1035
f 6986/2742/1035 6987/2743/1035 6985/2737/1035
f 6985/2737/1035 6980/2128/1035 6989/2127/1035
f 6980/2128/1035 6982/2731/1035 6981/2129/1035
f 6982/2130/1044 6980/2113/1686 6965/2112/1686
f 7005/2097/1682 7020/2117/1682 7013/2098/1683
f 7002/2100/1039 7000/2678/1684 7017/2101/1684
f 7007/2677/1045 7006/2104/1042 7023/2105/1042
f 6998/2108/1041 7015/2106/1041 7014/2130/1044
f 7001/2109/1685 7003/2118/1038 7018/2110/1038
f 7017/2101/1684 7000/2678/1684 6997/2112/1686
f 7001/2114/1685 7016/2730/1685 7025/2115/1687
f 7005/2097/1682 7007/2677/1045 7022/2103/1045
f 7018/2110/1038 7003/2118/1038 7002/2100/1039
f 7023/2105/1042 7006/2104/1042 7004/2119/1688
f 7011/2121/1036 7026/2125/1036 7024/2122/1689
f 7004/2119/1688 7009/2123/1689 7024/2122/1689
f 7027/2126/1037 7026/2125/1036 7011/2121/1036
f 7025/2115/1687 7027/2126/1037 7010/2124/1037
f 7013/2098/1683 7015/2106/1041 6998/2108/1041
f 7014/2731/1035 7015/2732/1035 7013/2129/1035
f 7013/2129/1035 7020/2733/1035 7021/2127/1035
f 7020/2733/1035 7022/2734/1035 7021/2127/1035
f 7022/2734/1035 7023/2735/1035 7021/2127/1035
f 7021/2127/1035 7024/2736/1035 7017/2737/1035
f 7024/2736/1035 7026/2738/1035 7025/2739/1035
f 7017/2737/1035 7024/2736/1035 7025/2739/1035
f 7026/2738/1035 7027/2740/1035 7025/2739/1035
f 7025/2739/1035 7016/2741/1035 7017/2737/1035
f 7016/2741/1035 7018/2742/1035 7017/2737/1035
f 7018/2742/1035 7019/2743/1035 7017/2737/1035
f 7017/2737/1035 7012/2128/1035 7021/2127/1035
f 7012/2128/1035 7014/2731/1035 7013/2129/1035
f 7014/2130/1044 7012/2113/1686 6997/2112/1686
f 7037/2097/1682 7052/2117/1682 7045/2098/1683
f 7034/2100/1039 7032/2678/1684 7049/2101/1684
f 7039/2677/1045 7038/2104/1042 7055/2105/1042
f 7030/2108/1041 7047/2106/1041 7046/2130/1044
f 7033/2109/1685 7035/2118/1038 7050/2110/1038
f 7049/2101/1684 7032/2678/1684 7029/2112/1686
f 7033/2114/1685 7048/2730/1685 7057/2115/1687
f 7037/2097/1682 7039/2677/1045 7054/2103/1045
f 7050/2110/1038 7035/2118/1038 7034/2100/1039
f 7055/2105/1042 7038/2104/1042 7036/2119/1688
f 7043/2121/1036 7058/2125/1036 7056/2122/1689
f 7036/2119/1688 7041/2123/1689 7056/2122/1689
f 7059/2126/1037 7058/2125/1036 7043/2121/1036
f 7057/2115/1687 7059/2126/1037 7042/2124/1037
f 7045/2098/1683 7047/2106/1041 7030/2108/1041
f 7046/2731/1035 7047/2732/1035 7045/2129/1035
f 7045/2129/1035 7052/2733/1035 7053/2127/1035
f 7052/2733/1035 7054/2734/1035 7053/2127/1035
f 7054/2734/1035 7055/2735/1035 7053/2127/1035
f 7053/2127/1035 7056/2736/1035 7049/2737/1035
f 7056/2736/1035 7058/2738/1035 7057/2739/1035
f 7049/2737/1035 7056/2736/1035 7057/2739/1035
f 7058/2738/1035 7059/2740/1035 7057/2739/1035
f 7057/2739/1035 7048/2741/1035 7049/2737/1035
f 7048/2741/1035 7050/2742/1035 7049/2737/1035
f 7050/2742/1035 7051/2743/1035 7049/2737/1035
f 7049/2737/1035 7044/2128/1035 7053/2127/1035
f 7044/2128/1035 7046/2731/1035 7045/2129/1035
f 7046/2130/1044 7044/2113/1686 7029/2112/1686
f 7069/2097/1682 7084/2117/1682 7077/2098/1683
f 7066/2100/1039 7064/2678/1684 7081/2101/1684
f 7071/2677/1045 7070/2104/1042 7087/2105/1042
f 7062/2108/1041 7079/2106/1041 7078/2130/1044
f 7065/2109/1685 7067/2118/1038 7082/2110/1038
f 7076/2113/1686 7081/2101/1684 7064/2678/1684
f 7065/2114/1685 7080/2730/1685 7089/2115/1687
f 7069/2097/1682 7071/2677/1045 7086/2103/1045
f 7082/2110/1038 7067/2118/1038 7066/2100/1039
f 7087/2105/1042 7070/2104/1042 7068/2119/1688
f 7075/2121/1036 7090/2125/1036 7088/2122/1689
f 7073/2123/1689 7088/2122/1689 7085/2120/1688
f 7091/2126/1037 7090/2125/1036 7075/2121/1036
f 7089/2115/1687 7091/2126/1037 7074/2124/1037
f 7077/2098/1683 7079/2106/1041 7062/2108/1041
f 7078/2731/1035 7079/2732/1035 7077/2129/1035
f 7077/2129/1035 7084/2733/1035 7085/2127/1035
f 7084/2733/1035 7086/2734/1035 7085/2127/1035
f 7086/2734/1035 7087/2735/1035 7085/2127/1035
f 7085/2127/1035 7088/2736/1035 7081/2737/1035
f 7088/2736/1035 7090/2738/1035 7089/2739/1035
f 7081/2737/1035 7088/2736/1035 7089/2739/1035
f 7090/2738/1035 7091/2740/1035 7089/2739/1035
f 7089/2739/1035 7080/2741/1035 7081/2737/1035
f 7080/2741/1035 7082/2742/1035 7081/2737/1035
f 7082/2742/1035 7083/2743/1035 7081/2737/1035
f 7081/2737/1035 7076/2128/1035 7085/2127/1035
f 7076/2128/1035 7078/2731/1035 7077/2129/1035
f 7078/2130/1044 7076/2113/1686 7061/2112/1686
f 7101/2097/1682 7116/2117/1682 7109/2098/1683
f 7098/2100/1039 7096/2678/1684 7113/2101/1684
f 7103/2677/1045 7102/2104/1042 7119/2105/1042
f 7094/2108/1041 7111/2106/1041 7110/2130/1044
f 7097/2109/1685 7099/2118/1038 7114/2110/1038
f 7108/2113/1686 7113/2101/1684 7096/2678/1684
f 7097/2114/1685 7112/2730/1685 7121/2115/1687
f 7101/2097/1682 7103/2677/1045 7118/2103/1045
f 7114/2110/1038 7099/2118/1038 7098/2100/1039
f 7119/2105/1042 7102/2104/1042 7100/2119/1688
f 7107/2121/1036 7122/2125/1036 7120/2122/1689
f 7105/2123/1689 7120/2122/1689 7117/2120/1688
f 7123/2126/1037 7122/2125/1036 7107/2121/1036
f 7121/2115/1687 7123/2126/1037 7106/2124/1037
f 7109/2098/1683 7111/2106/1041 7094/2108/1041
f 7110/2731/1035 7111/2732/1035 7109/2129/1035
f 7109/2129/1035 7116/2733/1035 7117/2127/1035
f 7116/2733/1035 7118/2734/1035 7117/2127/1035
f 7118/2734/1035 7119/2735/1035 7117/2127/1035
f 7117/2127/1035 7120/2736/1035 7113/2737/1035
f 7120/2736/1035 7122/2738/1035 7121/2739/1035
f 7113/2737/1035 7120/2736/1035 7121/2739/1035
f 7122/2738/1035 7123/2740/1035 7121/2739/1035
f 7121/2739/1035 7112/2741/1035 7113/2737/1035
f 7112/2741/1035 7114/2742/1035 7113/2737/1035
f 7114/2742/1035 7115/2743/1035 7113/2737/1035
f 7113/2737/1035 7108/2128/1035 7117/2127/1035
f 7108/2128/1035 7110/2731/1035 7109/2129/1035
f 7110/2130/1044 7108/2113/1686 7093/2112/1686
f 7133/2097/1682 7148/2117/1682 7141/2098/1683
f 7130/2100/1039 7128/2678/1684 7145/2101/1684
f 7135/2677/1045 7134/2104/1042 7151/2105/1042
f 7143/2106/1041 7142/2130/1044 7127/2107/1044
f 7129/2109/1685 7131/2118/1038 7146/2110/1038
f 7140/2113/1686 7145/2101/1684 7128/2678/1684
f 7129/2114/1685 7144/2730/1685 7153/2115/1687
f 7148/2117/1682 7133/2097/1682 7135/2677/1045
f 7131/2118/1038 7130/2100/1039 7147/2102/1039
f 7151/2105/1042 7134/2104/1042 7132/2119/1688
f 7139/2121/1036 7154/2125/1036 7152/2122/1689
f 7137/2123/1689 7152/2122/1689 7149/2120/1688
f 7155/2126/1037 7154/2125/1036 7139/2121/1036
f 7136/2116/1687 7153/2115/1687 7155/2126/1037
f 7141/2098/1683 7143/2106/1041 7126/2108/1041
f 7142/2731/1035 7143/2732/1035 7141/2129/1035
f 7141/2129/1035 7148/2733/1035 7149/2127/1035
f 7148/2733/1035 7150/2734/1035 7149/2127/1035
f 7150/2734/1035 7151/2735/1035 7149/2127/1035
f 7149/2127/1035 7152/2736/1035 7145/2737/1035
f 7152/2736/1035 7154/2738/1035 7153/2739/1035
f 7145/2737/1035 7152/2736/1035 7153/2739/1035
f 7154/2738/1035 7155/2740/1035 7153/2739/1035
f 7153/2739/1035 7144/2741/1035 7145/2737/1035
f 7144/2741/1035 7146/2742/1035 7145/2737/1035
f 7146/2742/1035 7147/2743/1035 7145/2737/1035
f 7145/2737/1035 7140/2128/1035 7149/2127/1035
f 7140/2128/1035 7142/2731/1035 7141/2129/1035
f 7142/2130/1044 7140/2113/1686 7125/2112/1686
f 7165/2097/1682 7180/2117/1682 7173/2098/1683
f 7162/2100/1039 7160/2678/1684 7177/2101/1684
f 7167/2677/1045 7166/2104/1042 7183/2105/1042
f 7158/2108/1041 7175/2106/1041 7174/2130/1044
f 7161/2109/1685 7163/2118/1038 7178/2110/1038
f 7172/2113/1686 7177/2101/1684 7160/2678/1684
f 7161/2114/1685 7176/2730/1685 7185/2115/1687
f 7165/2097/1682 7167/2677/1045 7182/2103/1045
f 7178/2110/1038 7163/2118/1038 7162/2100/1039
f 7183/2105/1042 7166/2104/1042 7164/2119/1688
f 7171/2121/1036 7186/2125/1036 7184/2122/1689
f 7169/2123/1689 7184/2122/1689 7181/2120/1688
f 7187/2126/1037 7186/2125/1036 7171/2121/1036
f 7185/2115/1687 7187/2126/1037 7170/2124/1037
f 7173/2098/1683 7175/2106/1041 7158/2108/1041
f 7174/2731/1035 7175/2732/1035 7173/2129/1035
f 7173/2129/1035 7180/2733/1035 7181/2127/1035
f 7180/2733/1035 7182/2734/1035 7181/2127/1035
f 7182/2734/1035 7183/2735/1035 7181/2127/1035
f 7181/2127/1035 7184/2736/1035 7177/2737/1035
f 7184/2736/1035 7186/2738/1035 7185/2739/1035
f 7177/2737/1035 7184/2736/1035 7185/2739/1035
f 7186/2738/1035 7187/2740/1035 7185/2739/1035
f 7185/2739/1035 7176/2741/1035 7177/2737/1035
f 7176/2741/1035 7178/2742/1035 7177/2737/1035
f 7178/2742/1035 7179/2743/1035 7177/2737/1035
f 7177/2737/1035 7172/2128/1035 7181/2127/1035
f 7172/2128/1035 7174/2731/1035 7173/2129/1035
f 7174/2130/1044 7172/2113/1686 7157/2112/1686
f 7197/2097/1682 7212/2117/1682 7205/2098/1683
f 7194/2100/1039 7192/2678/1684 7209/2101/1684
f 7199/2677/1045 7198/2104/1042 7215/2105/1042
f 7190/2108/1041 7207/2106/1041 7206/2130/1044
f 7193/2109/1685 7195/2118/1038 7210/2110/1038
f 7204/2113/1686 7209/2101/1684 7192/2678/1684
f 7193/2114/1685 7208/2730/1685 7217/2115/1687
f 7197/2097/1682 7199/2677/1045 7214/2103/1045
f 7210/2110/1038 7195/2118/1038 7194/2100/1039
f 7215/2105/1042 7198/2104/1042 7196/2119/1688
f 7203/2121/1036 7218/2125/1036 7216/2122/1689
f 7201/2123/1689 7216/2122/1689 7213/2120/1688
f 7219/2126/1037 7218/2125/1036 7203/2121/1036
f 7217/2115/1687 7219/2126/1037 7202/2124/1037
f 7205/2098/1683 7207/2106/1041 7190/2108/1041
f 7206/2731/1035 7207/2732/1035 7205/2129/1035
f 7205/2129/1035 7212/2733/1035 7213/2127/1035
f 7212/2733/1035 7214/2734/1035 7213/2127/1035
f 7214/2734/1035 7215/2735/1035 7213/2127/1035
f 7213/2127/1035 7216/2736/1035 7209/2737/1035
f 7216/2736/1035 7218/2738/1035 7217/2739/1035
f 7209/2737/1035 7216/2736/1035 7217/2739/1035
f 7218/2738/1035 7219/2740/1035 7217/2739/1035
f 7217/2739/1035 7208/2741/1035 7209/2737/1035
f 7208/2741/1035 7210/2742/1035 7209/2737/1035
f 7210/2742/1035 7211/2743/1035 7209/2737/1035
f 7209/2737/1035 7204/2128/1035 7213/2127/1035
f 7204/2128/1035 7206/2731/1035 7205/2129/1035
f 7206/2130/1044 7204/2113/1686 7189/2112/1686
f 7229/2097/1682 7244/2117/1682 7237/2098/1683
f 7226/2100/1039 7224/2678/1684 7241/2101/1684
f 7231/2677/1045 7230/2104/1042 7247/2105/1042
f 7239/2106/1041 7238/2130/1044 7223/2107/1044
f 7225/2109/1685 7227/2118/1038 7242/2110/1038
f 7236/2113/1686 7241/2101/1684 7224/2678/1684
f 7225/2114/1685 7240/2730/1685 7249/2115/1687
f 7244/2117/1682 7229/2097/1682 7231/2677/1045
f 7227/2118/1038 7226/2100/1039 7243/2102/1039
f 7247/2105/1042 7230/2104/1042 7228/2119/1688
f 7235/2121/1036 7250/2125/1036 7248/2122/1689
f 7233/2123/1689 7248/2122/1689 7245/2120/1688
f 7251/2126/1037 7250/2125/1036 7235/2121/1036
f 7232/2116/1687 7249/2115/1687 7251/2126/1037
f 7237/2098/1683 7239/2106/1041 7222/2108/1041
f 7238/2731/1035 7239/2732/1035 7237/2129/1035
f 7237/2129/1035 7244/2733/1035 7245/2127/1035
f 7244/2733/1035 7246/2734/1035 7245/2127/1035
f 7246/2734/1035 7247/2735/1035 7245/2127/1035
f 7245/2127/1035 7248/2736/1035 7241/2737/1035
f 7248/2736/1035 7250/2738/1035 7249/2739/1035
f 7241/2737/1035 7248/2736/1035 7249/2739/1035
f 7250/2738/1035 7251/2740/1035 7249/2739/1035
f 7249/2739/1035 7240/2741/1035 7241/2737/1035
f 7240/2741/1035 7242/2742/1035 7241/2737/1035
f 7242/2742/1035 7243/2743/1035 7241/2737/1035
f 7241/2737/1035 7236/2128/1035 7245/2127/1035
f 7236/2128/1035 7238/2731/1035 7237/2129/1035
f 7238/2130/1044 7236/2113/1686 7221/2112/1686
f 7261/2097/1682 7276/2117/1682 7269/2098/1683
f 7258/2100/1039 7256/2678/1684 7273/2101/1684
f 7263/2677/1045 7262/2104/1042 7279/2105/1042
f 7271/2106/1041 7270/2130/1044 7255/2107/1044
f 7257/2109/1685 7259/2118/1038 7274/2110/1038
f 7268/2113/1686 7273/2101/1684 7256/2678/1684
f 7257/2114/1685 7272/2730/1685 7281/2115/1687
f 7276/2117/1682 7261/2097/1682 7263/2677/1045
f 7259/2118/1038 7258/2100/1039 7275/2102/1039
f 7279/2105/1042 7262/2104/1042 7260/2119/1688
f 7267/2121/1036 7282/2125/1036 7280/2122/1689
f 7265/2123/1689 7280/2122/1689 7277/2120/1688
f 7283/2126/1037 7282/2125/1036 7267/2121/1036
f 7264/2116/1687 7281/2115/1687 7283/2126/1037
f 7269/2098/1683 7271/2106/1041 7254/2108/1041
f 7270/2731/1035 7271/2732/1035 7269/2129/1035
f 7269/2129/1035 7276/2733/1035 7277/2127/1035
f 7276/2733/1035 7278/2734/1035 7277/2127/1035
f 7278/2734/1035 7279/2735/1035 7277/2127/1035
f 7277/2127/1035 7280/2736/1035 7273/2737/1035
f 7280/2736/1035 7282/2738/1035 7281/2739/1035
f 7273/2737/1035 7280/2736/1035 7281/2739/1035
f 7282/2738/1035 7283/2740/1035 7281/2739/1035
f 7281/2739/1035 7272/2741/1035 7273/2737/1035
f 7272/2741/1035 7274/2742/1035 7273/2737/1035
f 7274/2742/1035 7275/2743/1035 7273/2737/1035
f 7273/2737/1035 7268/2128/1035 7277/2127/1035
f 7268/2128/1035 7270/2731/1035 7269/2129/1035
f 7270/2130/1044 7268/2113/1686 7253/2112/1686
f 7293/2097/1682 7308/2117/1682 7301/2098/1683
f 7290/2100/1690 7288/2678/1684 7305/2101/1684
f 7295/2677/1045 7294/2104/1042 7311/2105/1042
f 7303/2106/1041 7302/2130/1695 7287/2107/1692
f 7289/2109/1685 7291/2118/1038 7306/2110/1038
f 7300/2113/1686 7305/2101/1684 7288/2678/1684
f 7289/2114/1685 7304/2730/1685 7313/2115/1687
f 7308/2117/1682 7293/2097/1682 7295/2677/1045
f 7291/2118/1038 7290/2100/1690 7307/2102/1691
f 7311/2105/1042 7294/2104/1042 7292/2119/1688
f 7299/2121/1036 7314/2125/1036 7312/2122/1689
f 7297/2123/1694 7312/2122/1689 7309/2120/1693
f 7315/2126/1037 7314/2125/1036 7299/2121/1036
f 7296/2116/1687 7313/2115/1687 7315/2126/1037
f 7301/2098/1683 7303/2106/1041 7286/2108/1041
f 7302/2731/1035 7303/2732/1035 7301/2129/1035
f 7301/2129/1035 7308/2733/1035 7309/2127/1035
f 7308/2733/1035 7310/2734/1035 7309/2127/1035
f 7310/2734/1035 7311/2735/1035 7309/2127/1035
f 7309/2127/1035 7312/2736/1035 7305/2737/1035
f 7312/2736/1035 7314/2738/1035 7313/2739/1035
f 7305/2737/1035 7312/2736/1035 7313/2739/1035
f 7314/2738/1035 7315/2740/1035 7313/2739/1035
f 7313/2739/1035 7304/2741/1035 7305/2737/1035
f 7304/2741/1035 7306/2742/1035 7305/2737/1035
f 7306/2742/1035 7307/2743/1035 7305/2737/1035
f 7305/2737/1035 7300/2128/1035 7309/2127/1035
f 7300/2128/1035 7302/2731/1035 7301/2129/1035
f 7302/2130/1695 7300/2113/1686 7285/2112/1686
f 7325/2097/1682 7340/2117/1682 7333/2098/1683
f 7322/2100/1039 7320/2678/1684 7337/2101/1684
f 7342/2103/1045 7327/2677/1045 7326/2104/1042
f 7335/2106/1041 7334/2130/1044 7319/2107/1044
f 7321/2109/1685 7323/2118/1038 7338/2110/1038
f 7332/2113/1686 7337/2101/1684 7320/2678/1684
f 7321/2114/1685 7336/2730/1685 7345/2115/1687
f 7340/2117/1682 7325/2097/1682 7327/2677/1045
f 7323/2118/1038 7322/2100/1039 7339/2102/1039
f 7343/2105/1042 7326/2104/1042 7324/2119/1688
f 7331/2121/1036 7346/2125/1036 7344/2122/1689
f 7329/2123/1689 7344/2122/1689 7341/2120/1688
f 7330/2124/1037 7347/2126/1037 7346/2125/1036
f 7328/2116/1687 7345/2115/1687 7347/2126/1037
f 7333/2098/1683 7335/2106/1041 7318/2108/1041
f 7334/2731/1035 7335/2732/1035 7333/2129/1035
f 7333/2129/1035 7340/2733/1035 7341/2127/1035
f 7340/2733/1035 7342/2734/1035 7341/2127/1035
f 7342/2734/1035 7343/2735/1035 7341/2127/1035
f 7341/2127/1035 7344/2736/1035 7337/2737/1035
f 7344/2736/1035 7346/2738/1035 7345/2739/1035
f 7337/2737/1035 7344/2736/1035 7345/2739/1035
f 7346/2738/1035 7347/2740/1035 7345/2739/1035
f 7345/2739/1035 7336/2741/1035 7337/2737/1035
f 7336/2741/1035 7338/2742/1035 7337/2737/1035
f 7338/2742/1035 7339/2743/1035 7337/2737/1035
f 7337/2737/1035 7332/2128/1035 7341/2127/1035
f 7332/2128/1035 7334/2731/1035 7333/2129/1035
f 7334/2130/1044 7332/2113/1686 7317/2112/1686
f 7357/2097/1682 7372/2117/1682 7365/2098/1683
f 7371/2102/1039 7354/2100/1039 7352/2678/1684
f 7359/2677/1045 7358/2104/1042 7375/2105/1042
f 7350/2108/1041 7367/2106/1041 7366/2130/1044
f 7353/2109/1685 7355/2118/1038 7370/2110/1038
f 7364/2113/1686 7369/2101/1684 7352/2678/1684
f 7353/2114/1685 7368/2730/1685 7377/2115/1687
f 7357/2097/1682 7359/2677/1045 7374/2103/1045
f 7355/2118/1038 7354/2100/1039 7371/2102/1039
f 7375/2105/1042 7358/2104/1042 7356/2119/1688
f 7378/2125/1036 7376/2122/1689 7361/2123/1689
f 7361/2123/1689 7376/2122/1689 7373/2120/1688
f 7362/2124/1037 7379/2126/1037 7378/2125/1036
f 7377/2115/1687 7379/2126/1037 7362/2124/1037
f 7365/2098/1683 7367/2106/1041 7350/2108/1041
f 7366/2731/1035 7367/2732/1035 7365/2129/1035
f 7365/2129/1035 7372/2733/1035 7373/2127/1035
f 7372/2733/1035 7374/2734/1035 7373/2127/1035
f 7374/2734/1035 7375/2735/1035 7373/2127/1035
f 7373/2127/1035 7376/2736/1035 7369/2737/1035
f 7376/2736/1035 7378/2738/1035 7377/2739/1035
f 7369/2737/1035 7376/2736/1035 7377/2739/1035
f 7378/2738/1035 7379/2740/1035 7377/2739/1035
f 7377/2739/1035 7368/2741/1035 7369/2737/1035
f 7368/2741/1035 7370/2742/1035 7369/2737/1035
f 7370/2742/1035 7371/2743/1035 7369/2737/1035
f 7369/2737/1035 7364/2128/1035 7373/2127/1035
f 7364/2128/1035 7366/2731/1035 7365/2129/1035
f 7366/2130/1044 7364/2113/1686 7349/2112/1686
f 7389/2097/1682 7404/2117/1682 7397/2098/1683
f 7403/2102/1039 7386/2100/1039 7384/2678/1684
f 7406/2103/1045 7391/2677/1045 7390/2104/1042
f 7399/2106/1041 7398/2130/1044 7383/2107/1044
f 7400/2111/1685 7385/2109/1685 7387/2118/1038
f 7396/2113/1686 7401/2101/1684 7384/2678/1684
f 7385/2114/1685 7400/2730/1685 7409/2115/1687
f 7404/2117/1682 7389/2097/1682 7391/2677/1045
f 7402/2110/1038 7387/2118/1038 7386/2100/1039
f 7407/2105/1042 7390/2104/1042 7388/2119/1688
f 7410/2125/1036 7408/2122/1689 7393/2123/1689
f 7393/2123/1689 7408/2122/1689 7405/2120/1688
f 7411/2126/1037 7410/2125/1036 7395/2121/1036
f 7409/2115/1687 7411/2126/1037 7394/2124/1037
f 7397/2098/1683 7399/2106/1041 7382/2108/1041
f 7398/2731/1035 7399/2732/1035 7397/2129/1035
f 7397/2129/1035 7404/2733/1035 7405/2127/1035
f 7404/2733/1035 7406/2734/1035 7405/2127/1035
f 7406/2734/1035 7407/2735/1035 7405/2127/1035
f 7405/2127/1035 7408/2736/1035 7401/2737/1035
f 7408/2736/1035 7410/2738/1035 7409/2739/1035
f 7401/2737/1035 7408/2736/1035 7409/2739/1035
f 7410/2738/1035 7411/2740/1035 7409/2739/1035
f 7409/2739/1035 7400/2741/1035 7401/2737/1035
f 7400/2741/1035 7402/2742/1035 7401/2737/1035
f 7402/2742/1035 7403/2743/1035 7401/2737/1035
f 7401/2737/1035 7396/2128/1035 7405/2127/1035
f 7396/2128/1035 7398/2731/1035 7397/2129/1035
f 7398/2130/1044 7396/2113/1686 7381/2112/1686
